product_id,product_name,category_id,supplier_id,unit_price,reorder_level,shelf_life_days
PRD_0001,PrimePick Cheese Max 500g,CAT_001,SUP_130,90.03,82,10
PRD_0002,QuickNest Butter Classic 6pcs,CAT_001,SUP_185,129.79,94,12
PRD_0003,GoodStore Curd Premium 250g,CAT_001,SUP_164,92.54,101,8
PRD_0004,EliteOne Curd Plus 750g,CAT_001,SUP_130,204.1,62,9
PRD_0005,SmartLife Butter Plus 500g,CAT_001,SUP_042,73.4,44,13
PRD_0006,CarePlus Milk Daily 2kg,CAT_001,SUP_109,57.28,107,7
PRD_0007,SmartLife Cheese Value Pack 12pcs,CAT_001,SUP_030,95.67,82,12
PRD_0008,GlowCare Cream Classic 750g,CAT_001,SUP_191,67.92,104,7
PRD_0009,HealthySip Cheese Family Pack 750g,CAT_001,SUP_109,59.72,103,15
PRD_0010,HappyHome Paneer Value Pack 1L,CAT_001,SUP_155,53.99,105,14
PRD_0011,SwiftCart Yogurt Classic 6pcs,CAT_001,SUP_014,122.93,20,13
PRD_0012,MunchTime Cream Daily 100g,CAT_001,SUP_071,108.22,75,9
PRD_0013,PrimePick Yogurt Value Pack 200g,CAT_001,SUP_024,93.13,49,7
PRD_0014,KitchenPro Yogurt Family Pack 250g,CAT_001,SUP_155,32.13,49,14
PRD_0015,GoodStore Cream Fresh 1kg,CAT_001,SUP_196,139.55,20,9
PRD_0016,ValueMart Curd Max 750g,CAT_001,SUP_065,113.39,85,12
PRD_0017,PureLeaf Yogurt Premium 24pcs,CAT_001,SUP_185,110.95,113,12
PRD_0018,PrimePick Milk Family Pack 24pcs,CAT_001,SUP_001,174.24,23,7
PRD_0019,GoodStore Cream Premium 1kg,CAT_001,SUP_001,90.2,74,13
PRD_0020,QuickNest Milk Premium 500ml,CAT_001,SUP_185,171.88,29,9
PRD_0021,QuickNest Curd Plus 1L,CAT_001,SUP_071,150.58,116,13
PRD_0022,CarePlus Milk Classic 200ml,CAT_001,SUP_024,215.89,51,8
PRD_0023,CarePlus Cheese Premium 6pcs,CAT_001,SUP_185,194.06,27,7
PRD_0024,SmartLife Yogurt Plus 6pcs,CAT_001,SUP_073,132.59,86,14
PRD_0025,DailyDrop Paneer Value Pack 100g,CAT_001,SUP_114,63.24,91,12
PRD_0026,SwiftCart Milk Fresh 500g,CAT_001,SUP_155,91.16,120,9
PRD_0027,MunchTime Butter Fresh 1kg,CAT_001,SUP_086,198.05,111,14
PRD_0028,PrimePick Cheese Premium 2kg,CAT_001,SUP_114,44.39,115,14
PRD_0029,KitchenPro Cheese Classic 750g,CAT_001,SUP_071,165.84,65,10
PRD_0030,MunchTime Paneer Family Pack 200ml,CAT_001,SUP_071,209.16,73,11
PRD_0031,NutriMax Milk Regular 500ml,CAT_001,SUP_191,104.25,74,8
PRD_0032,QuickNest Butter Premium 500g,CAT_001,SUP_185,27.54,26,7
PRD_0033,HappyHome Milk Daily 6pcs,CAT_001,SUP_030,65.54,38,9
PRD_0034,PureLeaf Milk Lite 500g,CAT_001,SUP_176,138.69,79,8
PRD_0035,GoodStore Milk Daily 500g,CAT_001,SUP_176,199.07,66,11
PRD_0036,CarePlus Cream Lite 1kg,CAT_001,SUP_068,91.65,21,9
PRD_0037,PrimePick Curd Fresh 250g,CAT_001,SUP_130,140.11,31,10
PRD_0038,ValueMart Cream Classic 200g,CAT_001,SUP_155,146.71,57,15
PRD_0039,NutriMax Milk Family Pack 24pcs,CAT_001,SUP_024,110.04,63,9
PRD_0040,ValueMart Milk Classic 750g,CAT_001,SUP_155,209.95,105,14
PRD_0041,KitchenPro Yogurt Premium 500ml,CAT_001,SUP_142,47.28,49,14
PRD_0042,MunchTime Butter Regular 24pcs,CAT_001,SUP_196,217.15,106,7
PRD_0043,SwiftCart Cheese Fresh 200ml,CAT_001,SUP_163,119.53,100,15
PRD_0044,DailyDrop Cheese Fresh 12pcs,CAT_001,SUP_014,130.62,44,13
PRD_0045,FreshCo Butter Max 100g,CAT_001,SUP_001,67.51,41,10
PRD_0046,SwiftCart Butter Max 200ml,CAT_001,SUP_142,50.79,48,8
PRD_0047,PureLeaf Milk Lite 1L,CAT_001,SUP_142,78.1,94,12
PRD_0048,QuickNest Paneer Daily 1L,CAT_001,SUP_024,203.29,104,10
PRD_0049,ComfortLine Butter Value Pack 500ml,CAT_001,SUP_185,122.13,53,7
PRD_0050,ComfortLine Cheese Premium 2kg,CAT_001,SUP_073,104.02,95,13
PRD_0051,GoodStore Cream Family Pack 12pcs,CAT_001,SUP_034,45.78,105,11
PRD_0052,CarePlus Butter Regular 2kg,CAT_001,SUP_185,76.42,50,12
PRD_0053,KitchenPro Butter Premium 12pcs,CAT_001,SUP_024,167.78,117,15
PRD_0054,PureLeaf Butter Value Pack 6pcs,CAT_001,SUP_071,121.38,29,7
PRD_0055,HealthySip Paneer Premium 200g,CAT_001,SUP_040,106.66,111,8
PRD_0056,KitchenPro Milk Regular 200g,CAT_001,SUP_155,57.43,84,9
PRD_0057,DailyDrop Cheese Fresh 1L,CAT_001,SUP_186,42.62,45,11
PRD_0058,SwiftCart Yogurt Regular 2kg,CAT_001,SUP_034,188.23,30,10
PRD_0059,DailyDrop Cream Daily 750g,CAT_001,SUP_014,165.21,58,14
PRD_0060,SwiftCart Curd Fresh 1L,CAT_001,SUP_176,135.45,117,13
PRD_0061,HealthySip Paneer Premium 500g,CAT_001,SUP_109,154.42,41,11
PRD_0062,GoodStore Cream Premium 1kg,CAT_001,SUP_126,119.33,55,10
PRD_0063,CarePlus Cheese Plus 24pcs,CAT_001,SUP_030,56.59,100,8
PRD_0064,QuickNest Cheese Lite 100g,CAT_001,SUP_126,146.55,85,11
PRD_0065,SmartLife Yogurt Regular 1kg,CAT_001,SUP_068,92.15,59,7
PRD_0066,PrimePick Paneer Plus 1L,CAT_001,SUP_142,105.49,80,14
PRD_0067,FreshCo Paneer Fresh 200g,CAT_001,SUP_176,109.79,58,9
PRD_0068,KitchenPro Butter Regular 200ml,CAT_001,SUP_184,184.72,120,9
PRD_0069,SmartLife Curd Regular 12pcs,CAT_001,SUP_040,78.07,117,9
PRD_0070,PrimePick Milk Daily 250g,CAT_001,SUP_191,86.35,78,7
PRD_0071,UrbanBasket Yogurt Max 750g,CAT_001,SUP_034,51.68,93,15
PRD_0072,ComfortLine Butter Plus 200ml,CAT_001,SUP_126,111.97,66,14
PRD_0073,FamilyChoice Paneer Regular 200g,CAT_001,SUP_034,172.89,114,11
PRD_0074,SmartLife Milk Daily 6pcs,CAT_001,SUP_114,173.01,120,12
PRD_0075,SmartLife Cheese Family Pack 100g,CAT_001,SUP_001,149.26,91,15
PRD_0076,DailyDrop Cheese Family Pack 100g,CAT_001,SUP_014,201.16,31,15
PRD_0077,PrimePick Paneer Value Pack 24pcs,CAT_001,SUP_065,209.09,66,13
PRD_0078,SwiftCart Curd Max 100g,CAT_001,SUP_034,219.87,45,11
PRD_0079,PrimePick Paneer Fresh 2kg,CAT_001,SUP_163,117.28,26,11
PRD_0080,GoodStore Cheese Regular 6pcs,CAT_001,SUP_142,167.55,67,14
PRD_0081,DailyDrop Butter Classic 2kg,CAT_001,SUP_185,214.36,106,8
PRD_0082,PureLeaf Milk Plus 1L,CAT_001,SUP_001,170.29,58,9
PRD_0083,KitchenPro Yogurt Premium 750g,CAT_001,SUP_001,87.22,36,14
PRD_0084,PureLeaf Milk Daily 250g,CAT_001,SUP_185,69.85,79,8
PRD_0085,NutriMax Cream Plus 200g,CAT_001,SUP_070,197.57,62,14
PRD_0086,KitchenPro Paneer Plus 1L,CAT_001,SUP_040,111,106,13
PRD_0087,SmartLife Butter Regular 12pcs,CAT_001,SUP_163,86.48,23,12
PRD_0088,ValueMart Curd Fresh 200g,CAT_001,SUP_073,87.16,101,7
PRD_0089,FamilyChoice Cheese Regular 500g,CAT_001,SUP_109,197.77,61,8
PRD_0090,PrimePick Yogurt Premium 500g,CAT_001,SUP_054,29.76,61,8
PRD_0091,HappyHome Curd Daily 250g,CAT_001,SUP_054,29.15,32,8
PRD_0092,UrbanBasket Cream Max 250g,CAT_001,SUP_185,208.12,118,13
PRD_0093,EliteOne Cream Daily 24pcs,CAT_001,SUP_164,26.85,48,7
PRD_0094,EliteOne Yogurt Daily 6pcs,CAT_001,SUP_024,103.38,76,14
PRD_0095,PureLeaf Cream Max 250g,CAT_001,SUP_142,77.98,29,15
PRD_0096,MunchTime Butter Value Pack 6pcs,CAT_001,SUP_126,90.59,103,11
PRD_0097,DailyDrop Cheese Fresh 1kg,CAT_001,SUP_142,167.79,68,9
PRD_0098,MunchTime Curd Classic 200ml,CAT_001,SUP_191,116.13,49,8
PRD_0099,SmartLife Curd Premium 200g,CAT_001,SUP_196,82.78,81,11
PRD_0100,MunchTime Butter Fresh 1L,CAT_001,SUP_028,33.21,84,11
PRD_0101,EliteOne Butter Family Pack 6pcs,CAT_001,SUP_024,217.61,92,7
PRD_0102,HealthySip Cheese Lite 500ml,CAT_001,SUP_191,101.37,87,11
PRD_0103,SwiftCart Butter Regular 24pcs,CAT_001,SUP_040,178.34,62,12
PRD_0104,ValueMart Cheese Family Pack 100g,CAT_001,SUP_164,216.55,82,14
PRD_0105,FamilyChoice Butter Daily 500ml,CAT_001,SUP_184,116.14,96,8
PRD_0106,NutriMax Curd Plus 750g,CAT_001,SUP_086,57.57,71,10
PRD_0107,PureLeaf Cream Daily 6pcs,CAT_001,SUP_191,70.18,39,12
PRD_0108,PureLeaf Cream Regular 200g,CAT_001,SUP_070,143.51,93,8
PRD_0109,GlowCare Cheese Value Pack 750g,CAT_001,SUP_054,99.9,60,7
PRD_0110,UrbanBasket Curd Lite 1L,CAT_001,SUP_109,211.67,25,11
PRD_0111,GlowCare Curd Daily 250g,CAT_001,SUP_040,36.28,66,13
PRD_0112,GoodStore Curd Regular 2kg,CAT_001,SUP_155,197.34,118,10
PRD_0113,FamilyChoice Yogurt Plus 200g,CAT_001,SUP_196,219.01,80,9
PRD_0114,FreshCo Curd Value Pack 1kg,CAT_001,SUP_088,172.86,81,7
PRD_0115,PureLeaf Paneer Max 24pcs,CAT_001,SUP_053,55.01,51,9
PRD_0116,PrimePick Paneer Premium 250g,CAT_001,SUP_065,68.77,108,15
PRD_0117,SwiftCart Cream Fresh 500ml,CAT_001,SUP_028,199.51,120,8
PRD_0118,PureLeaf Yogurt Daily 24pcs,CAT_001,SUP_155,114.2,75,9
PRD_0119,GlowCare Cheese Lite 250g,CAT_001,SUP_088,78.23,48,15
PRD_0120,ComfortLine Cream Lite 24pcs,CAT_001,SUP_164,33.65,117,15
PRD_0121,KitchenPro Milk Family Pack 1kg,CAT_001,SUP_164,89.17,44,11
PRD_0122,SmartLife Cheese Max 24pcs,CAT_001,SUP_163,168.37,117,14
PRD_0123,CarePlus Cheese Max 750g,CAT_001,SUP_053,74.27,57,14
PRD_0124,EliteOne Curd Max 200ml,CAT_001,SUP_065,160.66,67,8
PRD_0125,GlowCare Cream Fresh 500ml,CAT_001,SUP_086,40.8,79,11
PRD_0126,HappyHome Paneer Daily 24pcs,CAT_001,SUP_155,218.34,59,9
PRD_0127,QuickNest Cream Max 100g,CAT_001,SUP_071,185.81,75,14
PRD_0128,SwiftCart Cheese Fresh 12pcs,CAT_001,SUP_073,157.21,110,7
PRD_0129,UrbanBasket Curd Lite 24pcs,CAT_001,SUP_126,196.33,38,14
PRD_0130,FamilyChoice Butter Plus 250g,CAT_001,SUP_040,72.83,78,15
PRD_0131,MunchTime Paneer Classic 1kg,CAT_001,SUP_086,90.13,64,15
PRD_0132,GlowCare Milk Regular 500ml,CAT_001,SUP_200,206.37,119,12
PRD_0133,UrbanBasket Butter Family Pack 1kg,CAT_001,SUP_030,61.9,24,15
PRD_0134,SwiftCart Curd Regular 12pcs,CAT_001,SUP_054,30.7,42,11
PRD_0135,DailyDrop Paneer Max 750g,CAT_001,SUP_155,169.98,50,8
PRD_0136,HealthySip Cream Daily 200ml,CAT_001,SUP_068,184.5,97,13
PRD_0137,FreshCo Milk Family Pack 750g,CAT_001,SUP_054,62.66,32,7
PRD_0138,ComfortLine Cheese Plus 500ml,CAT_001,SUP_073,134.17,114,8
PRD_0139,SmartLife Cream Value Pack 500g,CAT_001,SUP_073,148.63,107,9
PRD_0140,CarePlus Milk Daily 2kg,CAT_001,SUP_185,50.05,102,13
PRD_0141,SwiftCart Milk Daily 200ml,CAT_001,SUP_030,130.55,115,8
PRD_0142,FamilyChoice Yogurt Family Pack 1L,CAT_001,SUP_054,91.67,79,11
PRD_0143,KitchenPro Curd Daily 100g,CAT_001,SUP_109,44.99,87,10
PRD_0144,EliteOne Paneer Lite 2kg,CAT_001,SUP_040,159.14,87,7
PRD_0145,NutriMax Cheese Fresh 200g,CAT_001,SUP_196,175.34,36,12
PRD_0146,FamilyChoice Cream Classic 500ml,CAT_001,SUP_012,92.45,109,14
PRD_0147,HealthySip Cream Plus 100g,CAT_001,SUP_071,33.92,69,10
PRD_0148,FreshCo Curd Premium 1kg,CAT_001,SUP_109,151.28,71,13
PRD_0149,SwiftCart Paneer Daily 24pcs,CAT_001,SUP_186,37.8,52,12
PRD_0150,DailyDrop Paneer Fresh 1kg,CAT_001,SUP_186,97.51,51,9
PRD_0151,ValueMart Cream Max 24pcs,CAT_001,SUP_042,74.24,106,8
PRD_0152,ValueMart Yogurt Lite 24pcs,CAT_001,SUP_142,78.36,48,10
PRD_0153,MunchTime Yogurt Value Pack 100g,CAT_001,SUP_053,108.11,32,15
PRD_0154,HappyHome Milk Regular 100g,CAT_001,SUP_014,56.91,48,10
PRD_0155,GlowCare Cheese Max 500ml,CAT_001,SUP_130,188.79,66,10
PRD_0156,HappyHome Milk Regular 750g,CAT_001,SUP_191,152.63,46,9
PRD_0157,PureLeaf Cream Premium 750g,CAT_001,SUP_071,210.42,75,11
PRD_0158,GlowCare Butter Max 12pcs,CAT_001,SUP_012,202.36,120,10
PRD_0159,ValueMart Curd Max 200ml,CAT_001,SUP_071,102.53,76,11
PRD_0160,FamilyChoice Cream Premium 750g,CAT_001,SUP_034,216.88,20,12
PRD_0161,KitchenPro Milk Lite 1L,CAT_001,SUP_065,69.84,80,9
PRD_0162,SwiftCart Curd Regular 200g,CAT_001,SUP_065,31.07,44,14
PRD_0163,MunchTime Curd Plus 1L,CAT_001,SUP_184,96.86,34,14
PRD_0164,MunchTime Yogurt Max 1kg,CAT_001,SUP_028,56.05,108,7
PRD_0165,NutriMax Yogurt Plus 1L,CAT_001,SUP_126,42.78,27,8
PRD_0166,DailyDrop Yogurt Plus 200g,CAT_001,SUP_071,173.4,22,11
PRD_0167,ValueMart Cheese Lite 100g,CAT_001,SUP_164,202.81,22,10
PRD_0168,PrimePick Milk Family Pack 200g,CAT_001,SUP_071,180.32,44,13
PRD_0169,GlowCare Curd Classic 1L,CAT_001,SUP_054,49.41,103,10
PRD_0170,MunchTime Yogurt Regular 1kg,CAT_001,SUP_164,133.89,67,15
PRD_0171,UrbanBasket Cream Lite 1L,CAT_001,SUP_071,56.36,105,12
PRD_0172,PureLeaf Butter Value Pack 6pcs,CAT_001,SUP_200,88.56,21,14
PRD_0173,FreshCo Milk Lite 12pcs,CAT_001,SUP_114,109.48,83,7
PRD_0174,GlowCare Cheese Premium 500ml,CAT_001,SUP_130,27.27,37,8
PRD_0175,QuickNest Cream Max 12pcs,CAT_001,SUP_176,118.59,114,12
PRD_0176,SmartLife Cheese Max 12pcs,CAT_001,SUP_053,81.87,64,15
PRD_0177,PrimePick Milk Max 200g,CAT_001,SUP_088,192.72,60,14
PRD_0178,MunchTime Yogurt Regular 200g,CAT_001,SUP_109,166.24,70,14
PRD_0179,UrbanBasket Yogurt Fresh 500ml,CAT_001,SUP_065,53.45,95,15
PRD_0180,ValueMart Curd Lite 12pcs,CAT_001,SUP_071,136.33,98,12
PRD_0181,CarePlus Cheese Family Pack 200g,CAT_001,SUP_155,145.54,39,7
PRD_0182,HealthySip Paneer Regular 100g,CAT_001,SUP_071,134.13,51,8
PRD_0183,GoodStore Butter Daily 250g,CAT_001,SUP_040,88.66,21,7
PRD_0184,SmartLife Milk Max 2kg,CAT_001,SUP_086,42.13,96,7
PRD_0185,KitchenPro Cream Premium 1L,CAT_001,SUP_155,185.78,45,12
PRD_0186,UrbanBasket Curd Max 200ml,CAT_001,SUP_109,87.81,57,13
PRD_0187,GoodStore Paneer Daily 6pcs,CAT_001,SUP_088,64.17,34,8
PRD_0188,PrimePick Cream Fresh 2kg,CAT_001,SUP_191,33.03,63,7
PRD_0189,SwiftCart Cream Lite 500ml,CAT_001,SUP_014,210.55,80,9
PRD_0190,ValueMart Paneer Family Pack 1kg,CAT_001,SUP_109,199.76,28,12
PRD_0191,SmartLife Cheese Value Pack 200g,CAT_001,SUP_053,145.24,114,15
PRD_0192,GoodStore Yogurt Lite 750g,CAT_001,SUP_014,163.27,27,14
PRD_0193,GoodStore Cheese Fresh 200g,CAT_001,SUP_184,164.25,81,10
PRD_0194,EliteOne Cheese Lite 250g,CAT_001,SUP_186,91.19,26,10
PRD_0195,EliteOne Cream Classic 100g,CAT_001,SUP_040,132.84,25,12
PRD_0196,EliteOne Milk Family Pack 750g,CAT_001,SUP_086,113.2,22,15
PRD_0197,FreshCo Cheese Fresh 200ml,CAT_001,SUP_065,56.98,33,8
PRD_0198,SmartLife Yogurt Family Pack 200ml,CAT_001,SUP_001,36.77,106,15
PRD_0199,MunchTime Curd Classic 200g,CAT_001,SUP_184,195,38,13
PRD_0200,KitchenPro Butter Max 200ml,CAT_001,SUP_176,116.69,64,14
PRD_0201,ComfortLine Curd Regular 250g,CAT_001,SUP_024,195.01,72,13
PRD_0202,NutriMax Yogurt Lite 2kg,CAT_001,SUP_071,33.51,63,8
PRD_0203,GoodStore Cheese Regular 200g,CAT_001,SUP_200,29.07,102,12
PRD_0204,SwiftCart Butter Max 750g,CAT_001,SUP_200,89.8,75,15
PRD_0205,SwiftCart Paneer Value Pack 100g,CAT_001,SUP_012,121.19,47,9
PRD_0206,ComfortLine Cream Family Pack 2kg,CAT_001,SUP_184,157.64,112,12
PRD_0207,PureLeaf Cream Regular 1L,CAT_001,SUP_053,30.98,116,13
PRD_0208,ValueMart Cream Fresh 200ml,CAT_001,SUP_185,115.21,113,11
PRD_0209,SmartLife Butter Classic 200ml,CAT_001,SUP_040,166.8,80,14
PRD_0210,FamilyChoice Butter Family Pack 200ml,CAT_001,SUP_176,107.97,23,10
PRD_0211,NutriMax Cheese Classic 100g,CAT_001,SUP_065,123.44,69,7
PRD_0212,ComfortLine Butter Max 6pcs,CAT_001,SUP_065,125.23,55,11
PRD_0213,FreshCo Cheese Plus 200g,CAT_001,SUP_155,102.13,119,8
PRD_0214,NutriMax Curd Plus 24pcs,CAT_001,SUP_071,141.56,55,12
PRD_0215,GlowCare Milk Daily 100g,CAT_001,SUP_053,152.73,77,12
PRD_0216,GoodStore Curd Premium 750g,CAT_001,SUP_012,95.03,22,8
PRD_0217,MunchTime Cheese Fresh 24pcs,CAT_001,SUP_126,148.15,34,7
PRD_0218,ComfortLine Cream Daily 6pcs,CAT_001,SUP_073,50.66,27,10
PRD_0219,SwiftCart Paneer Regular 2kg,CAT_001,SUP_186,202.26,106,8
PRD_0220,NutriMax Cheese Lite 24pcs,CAT_001,SUP_053,60.29,88,12
PRD_0221,FamilyChoice Cheese Fresh 2kg,CAT_001,SUP_028,120.99,81,12
PRD_0222,DailyDrop Milk Regular 250g,CAT_001,SUP_042,194.8,33,14
PRD_0223,MunchTime Cheese Daily 250g,CAT_001,SUP_196,137.99,103,8
PRD_0224,PureLeaf Paneer Regular 1L,CAT_001,SUP_184,43.58,36,15
PRD_0225,ComfortLine Butter Value Pack 12pcs,CAT_001,SUP_186,214.04,85,9
PRD_0226,FamilyChoice Cheese Max 500ml,CAT_001,SUP_014,153.06,84,14
PRD_0227,FreshCo Butter Regular 1kg,CAT_001,SUP_073,141.75,55,13
PRD_0228,EliteOne Butter Classic 750g,CAT_001,SUP_042,113.49,30,9
PRD_0229,EliteOne Curd Family Pack 1L,CAT_001,SUP_191,111.19,99,15
PRD_0230,HealthySip Cheese Fresh 250g,CAT_001,SUP_012,109.02,39,14
PRD_0231,CarePlus Paneer Daily 100g,CAT_001,SUP_073,145.34,20,15
PRD_0232,FreshCo Paneer Regular 200ml,CAT_001,SUP_086,57.57,103,15
PRD_0233,KitchenPro Paneer Family Pack 12pcs,CAT_001,SUP_086,143.08,66,11
PRD_0234,ComfortLine Cheese Classic 200ml,CAT_001,SUP_155,129.03,68,7
PRD_0235,HappyHome Cheese Regular 500ml,CAT_001,SUP_042,162.55,75,12
PRD_0236,GlowCare Cheese Lite 1kg,CAT_001,SUP_185,65.14,80,10
PRD_0237,PureLeaf Cheese Regular 500ml,CAT_001,SUP_130,77.6,21,15
PRD_0238,HealthySip Cheese Family Pack 500g,CAT_001,SUP_126,128.58,39,7
PRD_0239,SmartLife Cheese Value Pack 500g,CAT_001,SUP_065,48.81,89,11
PRD_0240,HappyHome Yogurt Max 12pcs,CAT_001,SUP_024,207.11,88,7
PRD_0241,NutriMax Butter Value Pack 500ml,CAT_001,SUP_065,123.91,97,10
PRD_0242,EliteOne Milk Fresh 6pcs,CAT_001,SUP_012,217.39,107,8
PRD_0243,NutriMax Butter Lite 24pcs,CAT_001,SUP_065,88.01,48,15
PRD_0244,SmartLife Milk Premium 12pcs,CAT_001,SUP_109,138.12,75,8
PRD_0245,QuickNest Butter Max 12pcs,CAT_001,SUP_176,91.82,57,10
PRD_0246,GoodStore Paneer Fresh 750g,CAT_001,SUP_126,49.52,64,10
PRD_0247,SwiftCart Paneer Daily 1L,CAT_001,SUP_200,162.41,27,8
PRD_0248,DailyDrop Paneer Fresh 6pcs,CAT_001,SUP_163,61.73,27,12
PRD_0249,CarePlus Yogurt Premium 100g,CAT_001,SUP_086,194.29,105,8
PRD_0250,HealthySip Curd Lite 200g,CAT_001,SUP_068,154.02,109,8
PRD_0251,ValueMart Cheese Max 2kg,CAT_001,SUP_042,72.61,45,14
PRD_0252,HappyHome Popcorn Value Pack 24pcs,CAT_002,SUP_175,156.98,142,135
PRD_0253,DailyDrop Crackers Premium 24pcs,CAT_002,SUP_098,29.23,118,105
PRD_0254,CarePlus Trail Mix Classic 500ml,CAT_002,SUP_038,166.18,30,206
PRD_0255,ValueMart Puffs Plus 100g,CAT_002,SUP_058,169.95,171,112
PRD_0256,ValueMart Puffs Value Pack 12pcs,CAT_002,SUP_029,123.39,134,149
PRD_0257,SmartLife Chips Daily 1L,CAT_002,SUP_140,69.26,92,132
PRD_0258,SmartLife Crackers Fresh 200ml,CAT_002,SUP_007,157.29,118,235
PRD_0259,PrimePick Puffs Max 500ml,CAT_002,SUP_186,137.91,106,218
PRD_0260,SwiftCart Namkeen Lite 1kg,CAT_002,SUP_118,135.54,97,157
PRD_0261,QuickNest Puffs Lite 12pcs,CAT_002,SUP_144,78.7,161,161
PRD_0262,PureLeaf Popcorn Value Pack 24pcs,CAT_002,SUP_168,84.49,111,
PRD_0263,HappyHome Popcorn Daily 250g,CAT_002,SUP_028,145.63,112,168
PRD_0264,KitchenPro Puffs Regular 500ml,CAT_002,SUP_039,149.03,117,113
PRD_0265,SwiftCart Puffs Lite 250g,CAT_002,SUP_042,120.34,172,
PRD_0266,CarePlus Crackers Value Pack 100g,CAT_002,SUP_091,72.3,172,
PRD_0267,MunchTime Namkeen Value Pack 24pcs,CAT_002,SUP_064,74.67,122,220
PRD_0268,EliteOne Crackers Daily 12pcs,CAT_002,SUP_144,50.38,64,231
PRD_0269,NutriMax Crackers Family Pack 12pcs,CAT_002,SUP_020,12.49,40,158
PRD_0270,SwiftCart Popcorn Value Pack 200ml,CAT_002,SUP_142,38.64,103,233
PRD_0271,FamilyChoice Puffs Value Pack 12pcs,CAT_002,SUP_057,95.08,114,
PRD_0272,SmartLife Chips Daily 1kg,CAT_002,SUP_011,171.75,146,213
PRD_0273,PrimePick Namkeen Lite 200ml,CAT_002,SUP_061,28.52,162,107
PRD_0274,ComfortLine Popcorn Plus 1kg,CAT_002,SUP_057,108.63,73,74
PRD_0275,HealthySip Trail Mix Fresh 24pcs,CAT_002,SUP_167,77.04,116,
PRD_0276,HappyHome Popcorn Family Pack 24pcs,CAT_002,SUP_121,136.97,137,182
PRD_0277,ComfortLine Cookies Premium 24pcs,CAT_002,SUP_007,98.61,50,210
PRD_0278,FamilyChoice Puffs Regular 12pcs,CAT_002,SUP_177,83.25,109,106
PRD_0279,SwiftCart Trail Mix Fresh 100g,CAT_002,SUP_106,22.12,172,84
PRD_0280,EliteOne Namkeen Lite 500ml,CAT_002,SUP_142,121.3,80,74
PRD_0281,FamilyChoice Crackers Premium 200ml,CAT_002,SUP_121,43.52,170,
PRD_0282,EliteOne Namkeen Premium 200ml,CAT_002,SUP_106,27.24,154,176
PRD_0283,DailyDrop Puffs Lite 200ml,CAT_002,SUP_106,58.43,56,216
PRD_0284,MunchTime Puffs Classic 1L,CAT_002,SUP_086,146.51,64,195
PRD_0285,SmartLife Puffs Classic 12pcs,CAT_002,SUP_200,62.92,175,61
PRD_0286,FreshCo Crackers Family Pack 12pcs,CAT_002,SUP_179,56.35,161,
PRD_0287,DailyDrop Chips Regular 2kg,CAT_002,SUP_057,30.72,36,154
PRD_0288,GoodStore Chips Premium 100g,CAT_002,SUP_042,156.1,68,200
PRD_0289,SmartLife Chips Lite 2kg,CAT_002,SUP_059,41.38,85,229
PRD_0290,KitchenPro Namkeen Plus 1kg,CAT_002,SUP_040,41.49,65,
PRD_0291,GlowCare Cookies Premium 2kg,CAT_002,SUP_121,92.2,36,113
PRD_0292,GoodStore Popcorn Regular 250g,CAT_002,SUP_010,103.54,149,232
PRD_0293,GoodStore Namkeen Fresh 2kg,CAT_002,SUP_095,117.64,152,200
PRD_0294,CarePlus Popcorn Classic 100g,CAT_002,SUP_054,112.27,147,80
PRD_0295,GoodStore Puffs Fresh 2kg,CAT_002,SUP_091,160.32,166,85
PRD_0296,CarePlus Cookies Max 500g,CAT_002,SUP_171,46.05,39,
PRD_0297,QuickNest Namkeen Premium 500g,CAT_002,SUP_029,71.33,101,211
PRD_0298,KitchenPro Cookies Classic 1L,CAT_002,SUP_079,70.08,120,96
PRD_0299,UrbanBasket Namkeen Daily 200g,CAT_002,SUP_029,61.35,48,159
PRD_0300,ComfortLine Puffs Classic 6pcs,CAT_002,SUP_079,82.04,118,
PRD_0301,DailyDrop Popcorn Max 2kg,CAT_002,SUP_011,140.33,98,234
PRD_0302,HappyHome Trail Mix Classic 24pcs,CAT_002,SUP_095,49.99,137,220
PRD_0303,SmartLife Trail Mix Daily 500g,CAT_002,SUP_175,46.85,179,235
PRD_0304,ComfortLine Trail Mix Regular 24pcs,CAT_002,SUP_079,63.09,40,197
PRD_0305,PrimePick Crackers Fresh 6pcs,CAT_002,SUP_011,53.67,106,212
PRD_0306,SmartLife Puffs Classic 750g,CAT_002,SUP_086,177.92,64,66
PRD_0307,ValueMart Trail Mix Plus 6pcs,CAT_002,SUP_086,128.17,96,101
PRD_0308,DailyDrop Puffs Plus 1kg,CAT_002,SUP_058,82.79,53,105
PRD_0309,PureLeaf Trail Mix Plus 12pcs,CAT_002,SUP_105,27.7,131,101
PRD_0310,SmartLife Namkeen Lite 2kg,CAT_002,SUP_185,163.94,138,95
PRD_0311,HealthySip Trail Mix Family Pack 500g,CAT_002,SUP_054,24.56,126,223
PRD_0312,PrimePick Cookies Max 24pcs,CAT_002,SUP_020,42.62,165,156
PRD_0313,KitchenPro Trail Mix Fresh 2kg,CAT_002,SUP_007,48.53,42,108
PRD_0314,GlowCare Namkeen Value Pack 500g,CAT_002,SUP_033,151.42,34,231
PRD_0315,UrbanBasket Crackers Regular 200ml,CAT_002,SUP_039,49.73,178,67
PRD_0316,HappyHome Trail Mix Value Pack 100g,CAT_002,SUP_091,159.61,79,126
PRD_0317,ComfortLine Popcorn Classic 1L,CAT_002,SUP_177,100.6,154,117
PRD_0318,EliteOne Namkeen Fresh 12pcs,CAT_002,SUP_033,66.61,99,189
PRD_0319,HappyHome Puffs Value Pack 1kg,CAT_002,SUP_144,179,31,161
PRD_0320,HappyHome Namkeen Premium 12pcs,CAT_002,SUP_090,104.82,127,89
PRD_0321,HealthySip Cookies Daily 500g,CAT_002,SUP_052,66.71,179,103
PRD_0322,GlowCare Namkeen Fresh 500g,CAT_002,SUP_175,25.09,106,90
PRD_0323,SmartLife Cookies Max 2kg,CAT_002,SUP_169,138.32,84,165
PRD_0324,NutriMax Popcorn Value Pack 750g,CAT_002,SUP_027,26.43,150,114
PRD_0325,HealthySip Trail Mix Premium 200ml,CAT_002,SUP_167,138.55,174,203
PRD_0326,HealthySip Popcorn Regular 24pcs,CAT_002,SUP_033,123.03,32,203
PRD_0327,PureLeaf Crackers Classic 2kg,CAT_002,SUP_168,75.03,52,151
PRD_0328,CarePlus Cookies Lite 12pcs,CAT_002,SUP_003,175.61,147,64
PRD_0329,GoodStore Crackers Daily 1L,CAT_002,SUP_118,135.32,137,
PRD_0330,SmartLife Puffs Family Pack 250g,CAT_002,SUP_064,153.15,178,143
PRD_0331,GlowCare Namkeen Family Pack 1L,CAT_002,SUP_046,116.01,61,220
PRD_0332,PureLeaf Trail Mix Max 750g,CAT_002,SUP_118,113.44,67,
PRD_0333,HealthySip Popcorn Lite 200ml,CAT_002,SUP_118,30,180,173
PRD_0334,NutriMax Cookies Lite 250g,CAT_002,SUP_118,68.08,134,144
PRD_0335,HealthySip Trail Mix Fresh 250g,CAT_002,SUP_098,68.87,104,
PRD_0336,FamilyChoice Chips Premium 100g,CAT_002,SUP_193,77.49,180,
PRD_0337,FreshCo Chips Lite 2kg,CAT_002,SUP_028,112.1,84,65
PRD_0338,UrbanBasket Namkeen Lite 12pcs,CAT_002,SUP_144,166.3,172,145
PRD_0339,FamilyChoice Namkeen Regular 200ml,CAT_002,SUP_020,106.32,41,108
PRD_0340,ComfortLine Trail Mix Max 200ml,CAT_002,SUP_003,29.78,111,232
PRD_0341,GoodStore Chips Plus 500ml,CAT_002,SUP_144,74.71,163,
PRD_0342,FamilyChoice Chips Value Pack 12pcs,CAT_002,SUP_169,144.31,43,132
PRD_0343,FreshCo Crackers Plus 500ml,CAT_002,SUP_167,64.83,95,
PRD_0344,SwiftCart Namkeen Fresh 200g,CAT_002,SUP_150,128.14,49,69
PRD_0345,HappyHome Namkeen Fresh 1L,CAT_002,SUP_094,149.82,54,113
PRD_0346,NutriMax Cookies Plus 750g,CAT_002,SUP_039,63.33,124,73
PRD_0347,GlowCare Crackers Daily 200ml,CAT_002,SUP_079,33.66,109,113
PRD_0348,CarePlus Popcorn Premium 750g,CAT_002,SUP_098,150.99,160,228
PRD_0349,DailyDrop Cookies Plus 200g,CAT_002,SUP_091,150.28,170,176
PRD_0350,GoodStore Puffs Classic 200ml,CAT_002,SUP_028,30.7,178,84
PRD_0351,ValueMart Chips Max 200g,CAT_002,SUP_159,49.53,41,91
PRD_0352,PureLeaf Popcorn Premium 1L,CAT_002,SUP_007,30.75,121,
PRD_0353,CarePlus Chips Daily 500g,CAT_002,SUP_042,169.2,49,205
PRD_0354,DailyDrop Crackers Value Pack 200g,CAT_002,SUP_169,57.22,163,219
PRD_0355,DailyDrop Trail Mix Regular 250g,CAT_002,SUP_003,46.73,159,119
PRD_0356,EliteOne Namkeen Plus 250g,CAT_002,SUP_177,72.02,60,
PRD_0357,ValueMart Crackers Family Pack 1L,CAT_002,SUP_168,142.73,39,148
PRD_0358,GlowCare Cookies Fresh 6pcs,CAT_002,SUP_064,19.89,40,237
PRD_0359,PrimePick Puffs Premium 24pcs,CAT_002,SUP_106,19.82,85,142
PRD_0360,NutriMax Popcorn Premium 100g,CAT_002,SUP_159,39.01,178,132
PRD_0361,UrbanBasket Namkeen Daily 1kg,CAT_002,SUP_059,143.06,144,66
PRD_0362,ComfortLine Trail Mix Regular 2kg,CAT_002,SUP_003,127.67,126,63
PRD_0363,QuickNest Popcorn Max 24pcs,CAT_002,SUP_046,117.64,69,76
PRD_0364,NutriMax Namkeen Plus 500ml,CAT_002,SUP_159,49.55,153,111
PRD_0365,EliteOne Namkeen Plus 6pcs,CAT_002,SUP_039,39.54,153,225
PRD_0366,ComfortLine Cookies Family Pack 750g,CAT_002,SUP_052,82.43,92,175
PRD_0367,UrbanBasket Chips Lite 750g,CAT_002,SUP_091,78.82,36,214
PRD_0368,PrimePick Popcorn Plus 12pcs,CAT_002,SUP_175,80.4,43,145
PRD_0369,SwiftCart Crackers Classic 200g,CAT_002,SUP_054,173.85,159,121
PRD_0370,NutriMax Puffs Value Pack 24pcs,CAT_002,SUP_140,91.83,108,208
PRD_0371,UrbanBasket Namkeen Plus 250g,CAT_002,SUP_040,139.25,87,179
PRD_0372,GoodStore Trail Mix Plus 500ml,CAT_002,SUP_140,101,94,72
PRD_0373,UrbanBasket Chips Fresh 1kg,CAT_002,SUP_039,12.06,111,232
PRD_0374,ComfortLine Trail Mix Regular 24pcs,CAT_002,SUP_091,17.25,168,208
PRD_0375,SmartLife Chips Plus 2kg,CAT_002,SUP_059,153.54,146,85
PRD_0376,GoodStore Chips Daily 500g,CAT_002,SUP_007,31.62,63,111
PRD_0377,GlowCare Namkeen Lite 250g,CAT_002,SUP_186,51.39,111,239
PRD_0378,QuickNest Crackers Lite 200ml,CAT_002,SUP_177,156.13,71,80
PRD_0379,KitchenPro Namkeen Plus 750g,CAT_002,SUP_054,172.56,142,164
PRD_0380,UrbanBasket Puffs Value Pack 1kg,CAT_002,SUP_079,27.37,149,
PRD_0381,HealthySip Popcorn Daily 1L,CAT_002,SUP_111,170.28,159,119
PRD_0382,SwiftCart Puffs Value Pack 250g,CAT_002,SUP_144,22.99,126,69
PRD_0383,PureLeaf Puffs Plus 1L,CAT_002,SUP_167,168.15,50,87
PRD_0384,PureLeaf Cookies Regular 200ml,CAT_002,SUP_159,118.32,63,67
PRD_0385,ComfortLine Cookies Value Pack 250g,CAT_002,SUP_175,162.17,108,204
PRD_0386,HappyHome Trail Mix Regular 200ml,CAT_002,SUP_038,21.33,117,232
PRD_0387,PureLeaf Puffs Max 750g,CAT_002,SUP_168,35.53,116,160
PRD_0388,CarePlus Cookies Plus 1kg,CAT_002,SUP_186,18.13,116,102
PRD_0389,GlowCare Cookies Premium 1kg,CAT_002,SUP_168,122.04,46,
PRD_0390,EliteOne Namkeen Lite 500ml,CAT_002,SUP_121,96.46,87,218
PRD_0391,GoodStore Cookies Max 100g,CAT_002,SUP_052,60.41,168,239
PRD_0392,MunchTime Namkeen Value Pack 24pcs,CAT_002,SUP_057,141.69,164,87
PRD_0393,KitchenPro Chips Max 6pcs,CAT_002,SUP_095,70.32,34,64
PRD_0394,SmartLife Popcorn Value Pack 500g,CAT_002,SUP_193,122.25,125,67
PRD_0395,KitchenPro Namkeen Plus 24pcs,CAT_002,SUP_177,55.06,67,170
PRD_0396,ComfortLine Puffs Daily 200ml,CAT_002,SUP_200,23.97,110,195
PRD_0397,FamilyChoice Trail Mix Plus 12pcs,CAT_002,SUP_169,140.77,102,237
PRD_0398,NutriMax Chips Fresh 12pcs,CAT_002,SUP_069,11.77,65,185
PRD_0399,UrbanBasket Popcorn Family Pack 200g,CAT_002,SUP_193,54.32,134,
PRD_0400,NutriMax Popcorn Daily 250g,CAT_002,SUP_029,173.17,148,173
PRD_0401,GlowCare Trail Mix Regular 24pcs,CAT_002,SUP_058,64.78,169,150
PRD_0402,SwiftCart Puffs Premium 100g,CAT_002,SUP_094,176.59,147,72
PRD_0403,FamilyChoice Namkeen Fresh 12pcs,CAT_002,SUP_086,109.01,124,203
PRD_0404,EliteOne Trail Mix Max 500g,CAT_002,SUP_027,148,153,70
PRD_0405,MunchTime Puffs Daily 24pcs,CAT_002,SUP_057,17.44,46,
PRD_0406,PrimePick Trail Mix Classic 1kg,CAT_002,SUP_042,111.75,88,137
PRD_0407,SmartLife Chips Premium 2kg,CAT_002,SUP_010,84.7,143,81
PRD_0408,PrimePick Cookies Value Pack 1kg,CAT_002,SUP_064,56.54,61,238
PRD_0409,HappyHome Puffs Max 500ml,CAT_002,SUP_171,160.78,149,208
PRD_0410,SwiftCart Puffs Max 200ml,CAT_002,SUP_175,58.6,61,
PRD_0411,SmartLife Chips Premium 100g,CAT_002,SUP_003,159.48,41,234
PRD_0412,PureLeaf Cookies Premium 6pcs,CAT_002,SUP_121,52.88,170,208
PRD_0413,ValueMart Cookies Family Pack 12pcs,CAT_002,SUP_007,176.33,75,163
PRD_0414,GoodStore Namkeen Regular 250g,CAT_002,SUP_086,104.83,180,145
PRD_0415,MunchTime Puffs Plus 500g,CAT_002,SUP_028,138.04,118,81
PRD_0416,ValueMart Namkeen Plus 6pcs,CAT_002,SUP_200,101.72,42,
PRD_0417,ComfortLine Chips Max 500g,CAT_002,SUP_179,32.39,56,109
PRD_0418,GlowCare Puffs Family Pack 100g,CAT_002,SUP_033,46.3,180,147
PRD_0419,UrbanBasket Crackers Premium 1L,CAT_002,SUP_167,68.21,51,230
PRD_0420,GoodStore Cookies Regular 250g,CAT_002,SUP_175,138.89,126,62
PRD_0421,MunchTime Namkeen Value Pack 200g,CAT_002,SUP_193,60.58,48,82
PRD_0422,HealthySip Cookies Regular 500ml,CAT_002,SUP_069,127.11,68,
PRD_0423,ComfortLine Puffs Daily 2kg,CAT_002,SUP_010,118.17,157,
PRD_0424,NutriMax Crackers Daily 200ml,CAT_002,SUP_038,37.34,173,131
PRD_0425,SmartLife Cookies Daily 1L,CAT_002,SUP_039,51.94,34,62
PRD_0426,PrimePick Popcorn Premium 1kg,CAT_002,SUP_079,178.61,133,123
PRD_0427,SwiftCart Crackers Regular 250g,CAT_002,SUP_057,146.01,39,208
PRD_0428,FamilyChoice Namkeen Plus 2kg,CAT_002,SUP_069,134.62,95,228
PRD_0429,EliteOne Namkeen Plus 2kg,CAT_002,SUP_038,73.79,166,223
PRD_0430,GoodStore Puffs Lite 12pcs,CAT_002,SUP_086,10.89,119,117
PRD_0431,HealthySip Namkeen Lite 750g,CAT_002,SUP_038,16,43,180
PRD_0432,MunchTime Crackers Classic 1L,CAT_002,SUP_171,172.87,150,79
PRD_0433,HealthySip Chips Family Pack 250g,CAT_002,SUP_091,65.58,99,115
PRD_0434,FamilyChoice Trail Mix Max 6pcs,CAT_002,SUP_105,95.35,161,170
PRD_0435,HealthySip Popcorn Max 2kg,CAT_002,SUP_046,86.26,49,197
PRD_0436,UrbanBasket Namkeen Classic 1L,CAT_002,SUP_058,160.65,66,113
PRD_0437,CarePlus Cookies Classic 750g,CAT_002,SUP_186,128.26,178,97
PRD_0438,GoodStore Namkeen Lite 750g,CAT_002,SUP_059,38.37,86,232
PRD_0439,EliteOne Puffs Max 12pcs,CAT_002,SUP_086,25.81,148,130
PRD_0440,SwiftCart Trail Mix Premium 1L,CAT_002,SUP_186,91.77,43,62
PRD_0441,GoodStore Cookies Fresh 1kg,CAT_002,SUP_185,21.03,109,114
PRD_0442,MunchTime Chips Family Pack 500ml,CAT_002,SUP_159,129.5,149,83
PRD_0443,CarePlus Chips Classic 750g,CAT_002,SUP_040,125,111,206
PRD_0444,NutriMax Crackers Max 200g,CAT_002,SUP_010,55.87,89,206
PRD_0445,CarePlus Cookies Daily 500g,CAT_002,SUP_057,94.7,139,209
PRD_0446,ComfortLine Crackers Plus 6pcs,CAT_002,SUP_142,128.22,105,89
PRD_0447,PrimePick Trail Mix Family Pack 24pcs,CAT_002,SUP_033,176.93,146,218
PRD_0448,DailyDrop Cookies Regular 1L,CAT_002,SUP_169,150.27,48,235
PRD_0449,ComfortLine Crackers Lite 500ml,CAT_002,SUP_175,73.49,123,172
PRD_0450,SmartLife Popcorn Daily 750g,CAT_002,SUP_186,83.78,175,122
PRD_0451,FamilyChoice Cookies Premium 6pcs,CAT_002,SUP_095,47.5,76,116
PRD_0452,KitchenPro Cookies Value Pack 100g,CAT_002,SUP_098,168.63,74,220
PRD_0453,PrimePick Namkeen Lite 500g,CAT_002,SUP_052,81.61,33,207
PRD_0454,CarePlus Crackers Plus 24pcs,CAT_002,SUP_046,143.56,172,106
PRD_0455,EliteOne Namkeen Value Pack 6pcs,CAT_002,SUP_028,152.77,104,162
PRD_0456,GlowCare Puffs Premium 200ml,CAT_002,SUP_028,107.22,173,128
PRD_0457,UrbanBasket Cookies Fresh 2kg,CAT_002,SUP_090,41.36,90,
PRD_0458,NutriMax Crackers Max 200ml,CAT_002,SUP_175,66.87,136,172
PRD_0459,FreshCo Trail Mix Premium 24pcs,CAT_002,SUP_118,109.59,147,140
PRD_0460,NutriMax Puffs Fresh 200g,CAT_002,SUP_200,168.03,80,
PRD_0461,KitchenPro Namkeen Max 500g,CAT_002,SUP_186,54.08,75,213
PRD_0462,SmartLife Crackers Fresh 1kg,CAT_002,SUP_168,158.36,122,
PRD_0463,EliteOne Namkeen Regular 200ml,CAT_002,SUP_121,41.64,78,208
PRD_0464,DailyDrop Cookies Premium 100g,CAT_002,SUP_028,87.89,34,159
PRD_0465,MunchTime Cookies Premium 100g,CAT_002,SUP_142,32.69,33,185
PRD_0466,MunchTime Puffs Plus 100g,CAT_002,SUP_111,133.75,158,83
PRD_0467,PrimePick Popcorn Value Pack 6pcs,CAT_002,SUP_142,134.02,99,100
PRD_0468,QuickNest Cookies Regular 200g,CAT_002,SUP_094,37.01,89,167
PRD_0469,NutriMax Chips Lite 6pcs,CAT_002,SUP_020,33.01,60,143
PRD_0470,SmartLife Puffs Family Pack 12pcs,CAT_002,SUP_159,121.68,65,217
PRD_0471,UrbanBasket Popcorn Premium 12pcs,CAT_002,SUP_144,58.07,135,217
PRD_0472,HealthySip Namkeen Lite 200g,CAT_002,SUP_179,16.17,164,222
PRD_0473,FamilyChoice Namkeen Max 6pcs,CAT_002,SUP_144,56.85,43,179
PRD_0474,PureLeaf Chips Plus 200g,CAT_002,SUP_057,175.72,173,165
PRD_0475,HealthySip Namkeen Family Pack 200g,CAT_002,SUP_091,153.61,99,103
PRD_0476,SwiftCart Chips Regular 200g,CAT_002,SUP_027,36.58,136,143
PRD_0477,PrimePick Crackers Lite 2kg,CAT_002,SUP_098,115.35,136,80
PRD_0478,PrimePick Popcorn Fresh 200g,CAT_002,SUP_168,100.51,36,129
PRD_0479,ComfortLine Chips Lite 6pcs,CAT_002,SUP_040,162.97,177,202
PRD_0480,HappyHome Crackers Lite 6pcs,CAT_002,SUP_105,159.96,178,229
PRD_0481,MunchTime Trail Mix Premium 500g,CAT_002,SUP_140,150.74,149,187
PRD_0482,SwiftCart Namkeen Plus 1L,CAT_002,SUP_171,116.15,87,80
PRD_0483,PureLeaf Tea Drink Lite 24pcs,CAT_003,SUP_046,75.28,27,176
PRD_0484,UrbanBasket Water Fresh 500g,CAT_003,SUP_010,61.55,112,138
PRD_0485,FreshCo Iced Tea Value Pack 6pcs,CAT_003,SUP_030,124.02,113,174
PRD_0486,ComfortLine Coffee Drink Family Pack 500ml,CAT_003,SUP_156,158,145,258
PRD_0487,DailyDrop Water Family Pack 24pcs,CAT_003,SUP_066,20.18,141,216
PRD_0488,SwiftCart Tea Drink Max 500g,CAT_003,SUP_198,73.98,95,175
PRD_0489,FreshCo Coffee Drink Regular 1kg,CAT_003,SUP_200,146.89,105,241
PRD_0490,EliteOne Tea Drink Regular 2kg,CAT_003,SUP_001,41.97,122,117
PRD_0491,ValueMart Energy Drink Max 24pcs,CAT_003,SUP_198,184.86,65,256
PRD_0492,EliteOne Juice Classic 200g,CAT_003,SUP_149,181.34,41,187
PRD_0493,DailyDrop Soda Plus 100g,CAT_003,SUP_012,34.21,94,187
PRD_0494,FamilyChoice Water Plus 24pcs,CAT_003,SUP_187,128.9,109,94
PRD_0495,GlowCare Energy Drink Fresh 200g,CAT_003,SUP_001,237.24,136,146
PRD_0496,PrimePick Coffee Drink Premium 750g,CAT_003,SUP_028,172.22,122,233
PRD_0497,FamilyChoice Juice Lite 500g,CAT_003,SUP_001,111.76,149,256
PRD_0498,GlowCare Water Premium 1L,CAT_003,SUP_028,143.18,112,257
PRD_0499,KitchenPro Energy Drink Family Pack 12pcs,CAT_003,SUP_018,41.3,83,
PRD_0500,UrbanBasket Soda Premium 2kg,CAT_003,SUP_148,244.84,139,152
PRD_0501,ComfortLine Coffee Drink Value Pack 100g,CAT_003,SUP_199,131.86,56,224
PRD_0502,FreshCo Juice Lite 12pcs,CAT_003,SUP_103,219.95,50,216
PRD_0503,HealthySip Soda Fresh 1kg,CAT_003,SUP_176,193.23,140,232
PRD_0504,QuickNest Iced Tea Regular 250g,CAT_003,SUP_200,63.15,109,168
PRD_0505,QuickNest Energy Drink Premium 12pcs,CAT_003,SUP_085,221.7,116,103
PRD_0506,KitchenPro Water Fresh 750g,CAT_003,SUP_198,71.12,129,257
PRD_0507,EliteOne Water Premium 6pcs,CAT_003,SUP_066,246.47,50,202
PRD_0508,FamilyChoice Tea Drink Classic 1kg,CAT_003,SUP_066,21.38,49,220
PRD_0509,EliteOne Iced Tea Regular 250g,CAT_003,SUP_138,228.67,121,131
PRD_0510,SwiftCart Water Premium 1L,CAT_003,SUP_067,131.99,30,256
PRD_0511,FamilyChoice Energy Drink Classic 100g,CAT_003,SUP_103,169.34,113,212
PRD_0512,DailyDrop Soda Regular 200ml,CAT_003,SUP_179,104.4,43,140
PRD_0513,ValueMart Soda Fresh 100g,CAT_003,SUP_193,60.97,36,163
PRD_0514,PureLeaf Soda Plus 500g,CAT_003,SUP_153,37.1,148,130
PRD_0515,UrbanBasket Water Regular 1L,CAT_003,SUP_131,150.73,109,161
PRD_0516,DailyDrop Coffee Drink Family Pack 250g,CAT_003,SUP_176,202.51,71,232
PRD_0517,GlowCare Juice Max 200g,CAT_003,SUP_010,230.05,128,131
PRD_0518,SmartLife Iced Tea Premium 1kg,CAT_003,SUP_134,120.19,94,101
PRD_0519,FreshCo Tea Drink Family Pack 1kg,CAT_003,SUP_010,54.02,104,220
PRD_0520,SmartLife Coffee Drink Daily 12pcs,CAT_003,SUP_046,100.33,51,203
PRD_0521,NutriMax Tea Drink Max 1L,CAT_003,SUP_008,54.68,126,250
PRD_0522,GoodStore Energy Drink Family Pack 24pcs,CAT_003,SUP_174,155.56,143,97
PRD_0523,KitchenPro Juice Family Pack 100g,CAT_003,SUP_001,225.09,148,265
PRD_0524,FreshCo Water Classic 1kg,CAT_003,SUP_179,50.74,28,199
PRD_0525,SmartLife Iced Tea Family Pack 200g,CAT_003,SUP_176,34.61,56,226
PRD_0526,KitchenPro Soda Classic 200ml,CAT_003,SUP_174,203.85,70,208
PRD_0527,QuickNest Energy Drink Classic 200g,CAT_003,SUP_067,242.27,87,198
PRD_0528,FamilyChoice Iced Tea Regular 2kg,CAT_003,SUP_148,246.27,45,247
PRD_0529,UrbanBasket Energy Drink Premium 1L,CAT_003,SUP_012,164.15,28,245
PRD_0530,GlowCare Soda Daily 200g,CAT_003,SUP_190,222.25,119,148
PRD_0531,KitchenPro Juice Lite 6pcs,CAT_003,SUP_046,53.12,51,
PRD_0532,QuickNest Water Plus 1kg,CAT_003,SUP_153,146.54,121,114
PRD_0533,MunchTime Water Family Pack 750g,CAT_003,SUP_198,208.4,50,215
PRD_0534,PrimePick Soda Daily 24pcs,CAT_003,SUP_165,104.07,123,98
PRD_0535,SwiftCart Soda Max 250g,CAT_003,SUP_148,207.48,74,223
PRD_0536,KitchenPro Water Fresh 200g,CAT_003,SUP_089,181.91,68,210
PRD_0537,HappyHome Iced Tea Value Pack 200ml,CAT_003,SUP_148,125.72,71,197
PRD_0538,SwiftCart Water Lite 200g,CAT_003,SUP_028,122.93,109,220
PRD_0539,ComfortLine Iced Tea Family Pack 100g,CAT_003,SUP_153,221.76,54,
PRD_0540,UrbanBasket Soda Family Pack 12pcs,CAT_003,SUP_089,41.54,114,250
PRD_0541,FamilyChoice Tea Drink Value Pack 100g,CAT_003,SUP_149,71.37,76,123
PRD_0542,ValueMart Iced Tea Plus 100g,CAT_003,SUP_099,96.77,71,171
PRD_0543,GoodStore Coffee Drink Premium 500g,CAT_003,SUP_148,190.97,81,112
PRD_0544,PrimePick Juice Classic 200g,CAT_003,SUP_018,160.92,46,106
PRD_0545,CarePlus Iced Tea Family Pack 250g,CAT_003,SUP_156,212.74,35,183
PRD_0546,UrbanBasket Water Daily 1L,CAT_003,SUP_149,245.09,59,122
PRD_0547,UrbanBasket Iced Tea Premium 100g,CAT_003,SUP_008,44.67,40,251
PRD_0548,MunchTime Energy Drink Lite 24pcs,CAT_003,SUP_090,91.4,64,245
PRD_0549,PureLeaf Iced Tea Classic 200g,CAT_003,SUP_148,175.19,94,237
PRD_0550,ValueMart Juice Plus 1L,CAT_003,SUP_156,68.39,96,176
PRD_0551,FreshCo Tea Drink Plus 2kg,CAT_003,SUP_199,33.11,91,93
PRD_0552,HappyHome Water Value Pack 250g,CAT_003,SUP_068,218.6,71,127
PRD_0553,PrimePick Tea Drink Daily 100g,CAT_003,SUP_046,99.69,45,146
PRD_0554,SmartLife Energy Drink Plus 200ml,CAT_003,SUP_134,86.43,70,231
PRD_0555,DailyDrop Tea Drink Value Pack 200g,CAT_003,SUP_179,227.35,41,128
PRD_0556,KitchenPro Soda Fresh 500g,CAT_003,SUP_046,204.74,148,166
PRD_0557,GoodStore Energy Drink Classic 24pcs,CAT_003,SUP_179,226.23,139,223
PRD_0558,NutriMax Iced Tea Fresh 200ml,CAT_003,SUP_066,172.62,47,180
PRD_0559,EliteOne Water Regular 500ml,CAT_003,SUP_179,106.59,70,127
PRD_0560,ValueMart Water Regular 100g,CAT_003,SUP_067,68.28,141,161
PRD_0561,QuickNest Juice Max 100g,CAT_003,SUP_176,45.28,43,119
PRD_0562,EliteOne Water Lite 500g,CAT_003,SUP_165,203.55,147,173
PRD_0563,CarePlus Soda Fresh 750g,CAT_003,SUP_018,19.23,64,177
PRD_0564,CarePlus Iced Tea Plus 1L,CAT_003,SUP_089,21.39,126,
PRD_0565,ValueMart Iced Tea Family Pack 250g,CAT_003,SUP_153,216.71,107,199
PRD_0566,NutriMax Iced Tea Classic 1L,CAT_003,SUP_089,229.03,66,108
PRD_0567,EliteOne Coffee Drink Daily 250g,CAT_003,SUP_008,204.15,108,262
PRD_0568,HealthySip Iced Tea Value Pack 500ml,CAT_003,SUP_199,241.26,87,162
PRD_0569,DailyDrop Tea Drink Classic 200g,CAT_003,SUP_067,86.62,143,
PRD_0570,CarePlus Coffee Drink Fresh 100g,CAT_003,SUP_049,81.16,71,231
PRD_0571,PureLeaf Juice Family Pack 1L,CAT_003,SUP_200,66.33,77,150
PRD_0572,ValueMart Water Regular 24pcs,CAT_003,SUP_018,31.06,105,119
PRD_0573,PrimePick Juice Lite 1L,CAT_003,SUP_131,25.84,57,209
PRD_0574,FamilyChoice Iced Tea Premium 1kg,CAT_003,SUP_081,81.7,38,142
PRD_0575,GlowCare Energy Drink Premium 1L,CAT_003,SUP_112,84.85,83,167
PRD_0576,PureLeaf Water Lite 250g,CAT_003,SUP_187,189.65,92,157
PRD_0577,HealthySip Iced Tea Regular 6pcs,CAT_003,SUP_199,221.15,26,194
PRD_0578,GoodStore Energy Drink Daily 12pcs,CAT_003,SUP_089,92.65,110,258
PRD_0579,EliteOne Soda Plus 250g,CAT_003,SUP_028,247.42,79,105
PRD_0580,SmartLife Energy Drink Lite 250g,CAT_003,SUP_103,71.28,137,265
PRD_0581,EliteOne Energy Drink Daily 2kg,CAT_003,SUP_072,23.15,59,100
PRD_0582,ComfortLine Soda Daily 1kg,CAT_003,SUP_067,248.93,74,
PRD_0583,EliteOne Energy Drink Max 200g,CAT_003,SUP_174,29.96,44,190
PRD_0584,UrbanBasket Water Regular 500g,CAT_003,SUP_153,155.76,57,226
PRD_0585,UrbanBasket Soda Regular 12pcs,CAT_003,SUP_099,172.26,105,154
PRD_0586,QuickNest Juice Family Pack 500g,CAT_003,SUP_198,20.91,111,264
PRD_0587,QuickNest Water Premium 24pcs,CAT_003,SUP_103,34.32,78,165
PRD_0588,GlowCare Juice Plus 200ml,CAT_003,SUP_138,124.14,39,194
PRD_0589,HealthySip Tea Drink Regular 2kg,CAT_003,SUP_001,95.09,76,
PRD_0590,SwiftCart Tea Drink Daily 200ml,CAT_003,SUP_067,55.09,45,140
PRD_0591,MunchTime Soda Classic 200g,CAT_003,SUP_010,119.63,145,246
PRD_0592,PureLeaf Juice Premium 750g,CAT_003,SUP_198,165.31,79,181
PRD_0593,ValueMart Water Lite 2kg,CAT_003,SUP_198,39.49,46,
PRD_0594,UrbanBasket Coffee Drink Daily 1kg,CAT_003,SUP_049,129.6,110,251
PRD_0595,FreshCo Energy Drink Lite 2kg,CAT_003,SUP_187,126.13,129,90
PRD_0596,DailyDrop Soda Regular 200g,CAT_003,SUP_030,78.21,62,95
PRD_0597,KitchenPro Soda Fresh 12pcs,CAT_003,SUP_001,224.5,106,234
PRD_0598,SmartLife Water Family Pack 750g,CAT_003,SUP_165,24.35,30,116
PRD_0599,GlowCare Juice Fresh 1L,CAT_003,SUP_066,47.91,148,195
PRD_0600,DailyDrop Soda Classic 1kg,CAT_003,SUP_187,243.31,117,198
PRD_0601,SmartLife Juice Daily 6pcs,CAT_003,SUP_049,128.28,64,
PRD_0602,SwiftCart Soda Family Pack 100g,CAT_003,SUP_138,158.53,133,173
PRD_0603,SmartLife Energy Drink Max 200g,CAT_003,SUP_131,63.64,37,138
PRD_0604,GlowCare Water Max 200ml,CAT_003,SUP_149,16.8,86,
PRD_0605,GoodStore Juice Lite 2kg,CAT_003,SUP_081,23.63,148,186
PRD_0606,NutriMax Tea Drink Max 250g,CAT_003,SUP_072,94.63,109,266
PRD_0607,MunchTime Water Value Pack 200ml,CAT_003,SUP_067,66.35,130,196
PRD_0608,QuickNest Iced Tea Classic 1L,CAT_003,SUP_174,25.43,129,
PRD_0609,SwiftCart Iced Tea Regular 200g,CAT_003,SUP_001,206.92,73,130
PRD_0610,EliteOne Tea Drink Fresh 500g,CAT_003,SUP_018,207.28,45,140
PRD_0611,GlowCare Iced Tea Plus 500ml,CAT_003,SUP_001,221.77,79,130
PRD_0612,HealthySip Energy Drink Family Pack 1L,CAT_003,SUP_049,21.97,88,100
PRD_0613,UrbanBasket Water Classic 2kg,CAT_003,SUP_012,25.54,35,
PRD_0614,FamilyChoice Coffee Drink Daily 24pcs,CAT_003,SUP_174,233.42,69,
PRD_0615,MunchTime Juice Lite 250g,CAT_003,SUP_030,106.62,43,165
PRD_0616,HappyHome Iced Tea Classic 250g,CAT_003,SUP_187,222.33,85,198
PRD_0617,KitchenPro Juice Lite 500g,CAT_003,SUP_149,157.86,136,250
PRD_0618,UrbanBasket Water Plus 200g,CAT_003,SUP_134,208.59,127,97
PRD_0619,GoodStore Tea Drink Value Pack 1kg,CAT_003,SUP_176,217.78,70,176
PRD_0620,FreshCo Tea Drink Daily 24pcs,CAT_003,SUP_176,183.63,71,266
PRD_0621,KitchenPro Iced Tea Plus 200g,CAT_003,SUP_174,156.89,106,
PRD_0622,EliteOne Soda Daily 1L,CAT_003,SUP_165,41.9,118,250
PRD_0623,EliteOne Juice Premium 24pcs,CAT_003,SUP_010,122.22,106,236
PRD_0624,GoodStore Iced Tea Plus 1kg,CAT_003,SUP_149,155.14,64,173
PRD_0625,HealthySip Tea Drink Daily 1L,CAT_003,SUP_049,226.58,100,211
PRD_0626,ValueMart Juice Plus 750g,CAT_003,SUP_174,90.45,65,256
PRD_0627,ComfortLine Coffee Drink Plus 6pcs,CAT_003,SUP_072,111.98,53,194
PRD_0628,PureLeaf Tea Drink Family Pack 12pcs,CAT_003,SUP_018,166.92,75,164
PRD_0629,HealthySip Energy Drink Regular 750g,CAT_003,SUP_085,155.69,38,140
PRD_0630,SmartLife Water Value Pack 750g,CAT_003,SUP_066,229.62,145,128
PRD_0631,SwiftCart Iced Tea Lite 500g,CAT_003,SUP_028,220.32,108,244
PRD_0632,MunchTime Energy Drink Regular 24pcs,CAT_003,SUP_068,189.13,117,255
PRD_0633,KitchenPro Energy Drink Premium 1L,CAT_003,SUP_008,209.82,118,129
PRD_0634,HappyHome Tea Drink Max 2kg,CAT_003,SUP_176,207.7,65,101
PRD_0635,NutriMax Iced Tea Fresh 100g,CAT_003,SUP_138,84.33,89,
PRD_0636,SmartLife Juice Fresh 12pcs,CAT_003,SUP_156,150.64,114,190
PRD_0637,FamilyChoice Soda Classic 1L,CAT_003,SUP_199,43.91,73,216
PRD_0638,HappyHome Soda Family Pack 100g,CAT_003,SUP_072,95.64,47,241
PRD_0639,DailyDrop Tea Drink Family Pack 1kg,CAT_003,SUP_068,168.29,52,110
PRD_0640,MunchTime Water Plus 500ml,CAT_003,SUP_131,177.74,42,253
PRD_0641,FreshCo Energy Drink Regular 500g,CAT_003,SUP_066,173.15,143,162
PRD_0642,MunchTime Coffee Drink Max 250g,CAT_003,SUP_134,86.98,146,119
PRD_0643,NutriMax Water Value Pack 250g,CAT_003,SUP_090,119.91,122,121
PRD_0644,FreshCo Water Classic 2kg,CAT_003,SUP_138,208.27,52,261
PRD_0645,EliteOne Iced Tea Family Pack 24pcs,CAT_003,SUP_067,230.41,87,112
PRD_0646,CarePlus Energy Drink Family Pack 6pcs,CAT_003,SUP_068,89.93,72,249
PRD_0647,KitchenPro Energy Drink Classic 500ml,CAT_003,SUP_103,102.23,81,207
PRD_0648,PrimePick Tea Drink Lite 6pcs,CAT_003,SUP_103,180.81,57,241
PRD_0649,QuickNest Soda Value Pack 1L,CAT_003,SUP_068,103.02,80,245
PRD_0650,GlowCare Tea Drink Max 1kg,CAT_003,SUP_149,116.17,92,254
PRD_0651,MunchTime Soda Fresh 750g,CAT_003,SUP_156,224.17,89,136
PRD_0652,SwiftCart Coffee Drink Fresh 100g,CAT_003,SUP_081,51.3,53,235
PRD_0653,ComfortLine Coffee Drink Value Pack 1L,CAT_003,SUP_028,164.67,67,215
PRD_0654,SwiftCart Energy Drink Premium 200ml,CAT_003,SUP_112,155.06,137,127
PRD_0655,PureLeaf Water Value Pack 750g,CAT_003,SUP_028,214.08,32,251
PRD_0656,PrimePick Soda Family Pack 500ml,CAT_003,SUP_018,212.8,80,154
PRD_0657,ComfortLine Iced Tea Regular 2kg,CAT_003,SUP_200,39.74,137,198
PRD_0658,FreshCo Energy Drink Max 6pcs,CAT_003,SUP_010,243.43,54,
PRD_0659,KitchenPro Water Plus 2kg,CAT_003,SUP_072,244.7,91,164
PRD_0660,EliteOne Coffee Drink Regular 500g,CAT_003,SUP_067,46.91,50,244
PRD_0661,GoodStore Energy Drink Max 6pcs,CAT_003,SUP_089,64.08,131,140
PRD_0662,SmartLife Coffee Drink Fresh 250g,CAT_003,SUP_199,20.49,83,214
PRD_0663,SwiftCart Water Lite 200ml,CAT_003,SUP_149,122.75,54,259
PRD_0664,GoodStore Energy Drink Lite 24pcs,CAT_003,SUP_112,226.52,149,126
PRD_0665,UrbanBasket Energy Drink Regular 500g,CAT_003,SUP_067,239.64,125,124
PRD_0666,SmartLife Energy Drink Regular 2kg,CAT_003,SUP_081,223.77,92,107
PRD_0667,EliteOne Water Max 750g,CAT_003,SUP_131,209.28,137,118
PRD_0668,DailyDrop Tea Drink Daily 6pcs,CAT_003,SUP_198,82.78,71,215
PRD_0669,HappyHome Tea Drink Premium 500ml,CAT_003,SUP_179,106.53,133,
PRD_0670,SmartLife Coffee Drink Classic 2kg,CAT_003,SUP_174,142.23,61,138
PRD_0671,HappyHome Soda Plus 1kg,CAT_003,SUP_190,140.08,133,175
PRD_0672,PrimePick Tea Drink Lite 1kg,CAT_003,SUP_090,73.02,111,268
PRD_0673,PureLeaf Tea Drink Lite 6pcs,CAT_003,SUP_153,98.7,122,249
PRD_0674,DailyDrop Energy Drink Max 100g,CAT_003,SUP_068,181.62,146,174
PRD_0675,ValueMart Soda Lite 1L,CAT_003,SUP_066,95.48,132,
PRD_0676,UrbanBasket Iced Tea Daily 250g,CAT_003,SUP_187,242.11,127,157
PRD_0677,KitchenPro Energy Drink Plus 2kg,CAT_003,SUP_049,96.61,116,113
PRD_0678,FreshCo Tea Drink Fresh 100g,CAT_003,SUP_008,249.93,37,200
PRD_0679,NutriMax Energy Drink Regular 100g,CAT_003,SUP_176,206.94,124,268
PRD_0680,FreshCo Soda Classic 6pcs,CAT_003,SUP_046,198.86,123,171
PRD_0681,NutriMax Soda Lite 750g,CAT_003,SUP_165,161.5,145,241
PRD_0682,FamilyChoice Tea Drink Value Pack 1L,CAT_003,SUP_138,160.86,61,174
PRD_0683,DailyDrop Juice Value Pack 750g,CAT_003,SUP_148,49.78,29,234
PRD_0684,FamilyChoice Energy Drink Fresh 1L,CAT_003,SUP_112,182.06,142,236
PRD_0685,PrimePick Tea Drink Max 1kg,CAT_003,SUP_089,46.11,115,206
PRD_0686,HappyHome Iced Tea Plus 250g,CAT_003,SUP_085,155.79,78,262
PRD_0687,CarePlus Soda Lite 12pcs,CAT_003,SUP_030,122.74,142,238
PRD_0688,FreshCo Energy Drink Fresh 1L,CAT_003,SUP_138,190.28,127,
PRD_0689,NutriMax Juice Classic 12pcs,CAT_003,SUP_179,201.64,44,258
PRD_0690,QuickNest Energy Drink Fresh 24pcs,CAT_003,SUP_018,221.12,36,159
PRD_0691,DailyDrop Coffee Drink Premium 6pcs,CAT_003,SUP_085,49.97,43,243
PRD_0692,SwiftCart Juice Max 2kg,CAT_003,SUP_179,245.53,132,141
PRD_0693,GoodStore Juice Max 750g,CAT_003,SUP_174,217.93,79,191
PRD_0694,FreshCo Soda Plus 750g,CAT_003,SUP_165,137.77,86,240
PRD_0695,FamilyChoice Energy Drink Daily 750g,CAT_003,SUP_200,105.84,99,268
PRD_0696,SwiftCart Tea Drink Daily 500ml,CAT_003,SUP_131,225.2,115,171
PRD_0697,SwiftCart Water Premium 24pcs,CAT_003,SUP_066,119.21,71,93
PRD_0698,ComfortLine Soda Value Pack 500g,CAT_003,SUP_176,204.55,59,137
PRD_0699,NutriMax Soda Plus 12pcs,CAT_003,SUP_010,249.09,96,205
PRD_0700,DailyDrop Soda Max 500ml,CAT_003,SUP_030,15.74,105,202
PRD_0701,HealthySip Energy Drink Family Pack 1kg,CAT_003,SUP_103,85.13,96,236
PRD_0702,UrbanBasket Juice Daily 200g,CAT_003,SUP_066,88.3,91,158
PRD_0703,UrbanBasket Soda Fresh 24pcs,CAT_003,SUP_198,134.95,134,120
PRD_0704,SwiftCart Energy Drink Family Pack 750g,CAT_003,SUP_148,187.5,138,111
PRD_0705,QuickNest Water Classic 200ml,CAT_003,SUP_165,176.61,67,156
PRD_0706,ValueMart Iced Tea Value Pack 100g,CAT_003,SUP_081,177.75,66,153
PRD_0707,PureLeaf Iced Tea Premium 2kg,CAT_003,SUP_165,85.36,104,258
PRD_0708,DailyDrop Iced Tea Lite 100g,CAT_003,SUP_138,80.51,80,119
PRD_0709,NutriMax Water Daily 200ml,CAT_003,SUP_068,240,71,252
PRD_0710,UrbanBasket Energy Drink Regular 1kg,CAT_003,SUP_199,249.49,32,
PRD_0711,GlowCare Juice Max 2kg,CAT_003,SUP_068,209.69,95,119
PRD_0712,GlowCare Iced Tea Max 12pcs,CAT_003,SUP_193,18.36,89,125
PRD_0713,ValueMart Energy Drink Lite 200g,CAT_003,SUP_018,211.02,25,232
PRD_0714,ValueMart Iced Tea Plus 200g,CAT_003,SUP_049,48.57,128,225
PRD_0715,EliteOne Iced Tea Max 6pcs,CAT_003,SUP_199,195.7,97,216
PRD_0716,GlowCare Coffee Drink Regular 24pcs,CAT_003,SUP_085,222.84,59,193
PRD_0717,PrimePick Iced Tea Max 200ml,CAT_003,SUP_131,108.79,58,263
PRD_0718,MunchTime Tea Drink Premium 100g,CAT_003,SUP_149,80.88,28,247
PRD_0719,PureLeaf Energy Drink Fresh 100g,CAT_003,SUP_190,20.76,99,188
PRD_0720,EliteOne Energy Drink Regular 500g,CAT_003,SUP_176,144.05,38,
PRD_0721,ComfortLine Coffee Drink Plus 200g,CAT_003,SUP_046,178.97,69,150
PRD_0722,NutriMax Tea Drink Plus 6pcs,CAT_003,SUP_174,38.72,126,105
PRD_0723,GoodStore Iced Tea Classic 1L,CAT_003,SUP_103,175.21,41,208
PRD_0724,ValueMart Energy Drink Max 500ml,CAT_003,SUP_066,212.89,148,233
PRD_0725,ValueMart Iced Tea Max 200g,CAT_003,SUP_153,127.39,90,102
PRD_0726,PureLeaf Soda Classic 750g,CAT_003,SUP_012,171.71,55,123
PRD_0727,GoodStore Soda Plus 6pcs,CAT_003,SUP_156,81.04,32,209
PRD_0728,CarePlus Iced Tea Max 200g,CAT_003,SUP_099,110.2,51,207
PRD_0729,EliteOne Iced Tea Premium 200ml,CAT_003,SUP_066,90.55,77,128
PRD_0730,PureLeaf Tea Drink Max 200g,CAT_003,SUP_085,68.12,129,247
PRD_0731,GlowCare Juice Classic 2kg,CAT_003,SUP_134,245.06,45,236
PRD_0732,FreshCo Coffee Drink Daily 200g,CAT_003,SUP_028,99.09,81,114
PRD_0733,GoodStore Coffee Drink Max 500g,CAT_003,SUP_112,43.89,105,112
PRD_0734,DailyDrop Water Max 500g,CAT_003,SUP_112,218.73,98,99
PRD_0735,ComfortLine Coffee Drink Max 1L,CAT_003,SUP_081,208.04,78,141
PRD_0736,MunchTime Energy Drink Premium 200g,CAT_003,SUP_067,164.72,138,103
PRD_0737,PureLeaf Juice Value Pack 1kg,CAT_003,SUP_134,123.85,134,142
PRD_0738,NutriMax Coffee Drink Premium 12pcs,CAT_003,SUP_072,203.93,46,119
PRD_0739,HealthySip Soda Plus 250g,CAT_003,SUP_165,137.24,101,148
PRD_0740,ComfortLine Water Family Pack 500g,CAT_003,SUP_131,197.21,106,101
PRD_0741,GlowCare Iced Tea Max 500g,CAT_003,SUP_008,131.72,102,123
PRD_0742,PureLeaf Energy Drink Plus 200g,CAT_003,SUP_072,46.45,122,216
PRD_0743,EliteOne Energy Drink Max 200g,CAT_003,SUP_148,27.77,100,
PRD_0744,EliteOne Energy Drink Lite 500ml,CAT_003,SUP_066,89.63,119,182
PRD_0745,FamilyChoice Juice Classic 12pcs,CAT_003,SUP_134,26.01,120,
PRD_0746,EliteOne Tea Drink Fresh 200ml,CAT_003,SUP_199,225.5,112,139
PRD_0747,EliteOne Energy Drink Lite 250g,CAT_003,SUP_165,124.74,30,158
PRD_0748,ComfortLine Tea Drink Regular 1L,CAT_003,SUP_012,236.01,88,246
PRD_0749,KitchenPro Salt Family Pack 1L,CAT_004,SUP_179,839.87,79,286
PRD_0750,PureLeaf Salt Max 750g,CAT_004,SUP_032,265.24,41,341
PRD_0751,KitchenPro Wheat Flour Fresh 1L,CAT_004,SUP_142,302.61,114,261
PRD_0752,GoodStore Atta Fresh 1kg,CAT_004,SUP_197,805.93,27,262
PRD_0753,HappyHome Wheat Flour Value Pack 1L,CAT_004,SUP_108,821.65,70,358
PRD_0754,PrimePick Oil Lite 12pcs,CAT_004,SUP_001,107.68,72,336
PRD_0755,PureLeaf Dal Premium 12pcs,CAT_004,SUP_108,367.25,105,
PRD_0756,HealthySip Dal Daily 1L,CAT_004,SUP_045,617.99,61,202
PRD_0757,GoodStore Oil Plus 750g,CAT_004,SUP_094,251.18,27,280
PRD_0758,SwiftCart Dal Plus 100g,CAT_004,SUP_185,870.46,25,196
PRD_0759,DailyDrop Rice Value Pack 500g,CAT_004,SUP_077,618.21,39,273
PRD_0760,QuickNest Sugar Classic 250g,CAT_004,SUP_076,264,98,319
PRD_0761,GoodStore Wheat Flour Regular 100g,CAT_004,SUP_146,899.54,31,280
PRD_0762,ComfortLine Rice Fresh 6pcs,CAT_004,SUP_105,463.76,117,207
PRD_0763,GoodStore Oil Family Pack 2kg,CAT_004,SUP_001,783.26,113,226
PRD_0764,SmartLife Atta Classic 12pcs,CAT_004,SUP_098,126.55,92,
PRD_0765,KitchenPro Salt Regular 24pcs,CAT_004,SUP_054,75.55,119,192
PRD_0766,FreshCo Rice Value Pack 12pcs,CAT_004,SUP_080,392.36,27,279
PRD_0767,MunchTime Dal Regular 500g,CAT_004,SUP_074,769.8,30,316
PRD_0768,ComfortLine Oil Family Pack 500g,CAT_004,SUP_076,601.9,89,233
PRD_0769,ValueMart Salt Premium 6pcs,CAT_004,SUP_130,795.74,111,279
PRD_0770,FamilyChoice Wheat Flour Plus 200g,CAT_004,SUP_018,619.7,59,341
PRD_0771,QuickNest Salt Value Pack 500ml,CAT_004,SUP_032,373.42,22,186
PRD_0772,EliteOne Wheat Flour Classic 750g,CAT_004,SUP_050,139.38,17,207
PRD_0773,PrimePick Salt Lite 100g,CAT_004,SUP_033,877.89,58,328
PRD_0774,DailyDrop Dal Daily 24pcs,CAT_004,SUP_142,623.51,68,361
PRD_0775,EliteOne Salt Regular 500ml,CAT_004,SUP_085,533.88,35,192
PRD_0776,PureLeaf Atta Family Pack 500ml,CAT_004,SUP_130,80.54,68,317
PRD_0777,UrbanBasket Dal Fresh 24pcs,CAT_004,SUP_077,503.11,61,
PRD_0778,GoodStore Salt Plus 500ml,CAT_004,SUP_160,628.6,27,344
PRD_0779,CarePlus Sugar Regular 500g,CAT_004,SUP_050,822.63,16,260
PRD_0780,SmartLife Sugar Daily 500g,CAT_004,SUP_177,138.2,24,342
PRD_0781,GoodStore Salt Classic 24pcs,CAT_004,SUP_170,458.79,116,196
PRD_0782,NutriMax Oil Family Pack 200ml,CAT_004,SUP_084,818.28,38,208
PRD_0783,PureLeaf Rice Premium 2kg,CAT_004,SUP_098,433.76,114,301
PRD_0784,GoodStore Sugar Value Pack 12pcs,CAT_004,SUP_111,481.56,116,244
PRD_0785,NutriMax Dal Fresh 500ml,CAT_004,SUP_146,301.32,42,195
PRD_0786,DailyDrop Salt Family Pack 750g,CAT_004,SUP_033,702.44,118,271
PRD_0787,UrbanBasket Dal Lite 200g,CAT_004,SUP_074,879.13,41,360
PRD_0788,FreshCo Dal Premium 6pcs,CAT_004,SUP_197,96.45,61,341
PRD_0789,HappyHome Oil Plus 6pcs,CAT_004,SUP_081,188.11,21,332
PRD_0790,GoodStore Wheat Flour Plus 12pcs,CAT_004,SUP_085,702.63,72,186
PRD_0791,PrimePick Oil Max 100g,CAT_004,SUP_050,332.84,26,195
PRD_0792,UrbanBasket Rice Classic 200g,CAT_004,SUP_130,524.24,114,314
PRD_0793,QuickNest Atta Premium 500ml,CAT_004,SUP_199,794.95,65,339
PRD_0794,CarePlus Atta Plus 750g,CAT_004,SUP_098,811.75,111,224
PRD_0795,GlowCare Salt Regular 2kg,CAT_004,SUP_111,376.26,18,
PRD_0796,SwiftCart Salt Classic 500ml,CAT_004,SUP_085,87.15,119,336
PRD_0797,EliteOne Atta Premium 100g,CAT_004,SUP_108,244.55,42,258
PRD_0798,SwiftCart Dal Value Pack 750g,CAT_004,SUP_160,81.95,58,183
PRD_0799,MunchTime Sugar Plus 2kg,CAT_004,SUP_111,863.28,23,298
PRD_0800,ValueMart Salt Family Pack 500ml,CAT_004,SUP_032,713.11,110,357
PRD_0801,GlowCare Oil Fresh 24pcs,CAT_004,SUP_076,590.79,46,207
PRD_0802,PrimePick Oil Regular 750g,CAT_004,SUP_094,705.93,31,238
PRD_0803,GoodStore Dal Premium 250g,CAT_004,SUP_018,661.3,85,285
PRD_0804,EliteOne Rice Plus 1L,CAT_004,SUP_074,809.59,39,317
PRD_0805,UrbanBasket Dal Family Pack 750g,CAT_004,SUP_108,304.18,97,190
PRD_0806,KitchenPro Wheat Flour Fresh 6pcs,CAT_004,SUP_185,884.04,86,
PRD_0807,ValueMart Wheat Flour Daily 500g,CAT_004,SUP_104,818.59,109,335
PRD_0808,SwiftCart Wheat Flour Daily 250g,CAT_004,SUP_171,589.25,79,228
PRD_0809,GoodStore Atta Fresh 200ml,CAT_004,SUP_085,854.23,116,361
PRD_0810,UrbanBasket Sugar Premium 750g,CAT_004,SUP_080,438.89,61,338
PRD_0811,EliteOne Oil Regular 200ml,CAT_004,SUP_108,645.72,40,293
PRD_0812,CarePlus Wheat Flour Value Pack 200g,CAT_004,SUP_085,36.82,66,284
PRD_0813,PureLeaf Wheat Flour Max 200ml,CAT_004,SUP_050,419.48,68,340
PRD_0814,SmartLife Dal Daily 12pcs,CAT_004,SUP_185,863.4,41,
PRD_0815,EliteOne Dal Regular 1kg,CAT_004,SUP_158,338.21,35,225
PRD_0816,FreshCo Wheat Flour Family Pack 1kg,CAT_004,SUP_105,96.33,52,241
PRD_0817,KitchenPro Oil Regular 750g,CAT_004,SUP_032,732.06,96,257
PRD_0818,PureLeaf Oil Max 200ml,CAT_004,SUP_146,505.52,27,182
PRD_0819,SmartLife Sugar Fresh 200ml,CAT_004,SUP_081,174.2,107,187
PRD_0820,ComfortLine Wheat Flour Value Pack 200g,CAT_004,SUP_032,211.99,47,254
PRD_0821,HappyHome Dal Premium 750g,CAT_004,SUP_085,720.03,25,274
PRD_0822,FamilyChoice Rice Classic 6pcs,CAT_004,SUP_174,240.52,84,348
PRD_0823,EliteOne Atta Classic 500g,CAT_004,SUP_054,201.33,113,227
PRD_0824,GoodStore Sugar Max 500ml,CAT_004,SUP_185,383.81,73,269
PRD_0825,GlowCare Sugar Daily 500g,CAT_004,SUP_076,484.61,90,318
PRD_0826,MunchTime Wheat Flour Fresh 500ml,CAT_004,SUP_160,429.3,32,198
PRD_0827,NutriMax Salt Classic 500ml,CAT_004,SUP_084,183.2,116,297
PRD_0828,ComfortLine Atta Lite 6pcs,CAT_004,SUP_001,41.34,20,183
PRD_0829,MunchTime Wheat Flour Lite 250g,CAT_004,SUP_199,751.57,43,238
PRD_0830,PrimePick Dal Max 12pcs,CAT_004,SUP_108,338.89,31,286
PRD_0831,CarePlus Rice Max 24pcs,CAT_004,SUP_105,373.83,94,341
PRD_0832,QuickNest Rice Family Pack 1kg,CAT_004,SUP_018,688.86,27,285
PRD_0833,HappyHome Oil Regular 500ml,CAT_004,SUP_098,444.9,110,273
PRD_0834,MunchTime Salt Classic 100g,CAT_004,SUP_033,587.34,53,260
PRD_0835,FamilyChoice Rice Value Pack 6pcs,CAT_004,SUP_104,171.55,102,265
PRD_0836,GoodStore Dal Lite 1L,CAT_004,SUP_098,774.03,58,316
PRD_0837,GlowCare Oil Daily 1kg,CAT_004,SUP_085,756.8,50,
PRD_0838,QuickNest Dal Family Pack 2kg,CAT_004,SUP_177,357.98,42,349
PRD_0839,NutriMax Salt Max 1kg,CAT_004,SUP_184,730.14,99,349
PRD_0840,FreshCo Dal Lite 500ml,CAT_004,SUP_146,309.85,80,234
PRD_0841,CarePlus Wheat Flour Fresh 200g,CAT_004,SUP_179,664.11,105,201
PRD_0842,PrimePick Wheat Flour Lite 250g,CAT_004,SUP_187,402.97,107,287
PRD_0843,SwiftCart Dal Family Pack 6pcs,CAT_004,SUP_045,606.32,24,188
PRD_0844,PureLeaf Atta Premium 12pcs,CAT_004,SUP_184,163.81,41,213
PRD_0845,HealthySip Oil Family Pack 200ml,CAT_004,SUP_077,894.13,46,
PRD_0846,KitchenPro Oil Family Pack 100g,CAT_004,SUP_018,692.08,81,327
PRD_0847,EliteOne Wheat Flour Lite 1L,CAT_004,SUP_032,686.21,49,278
PRD_0848,FamilyChoice Oil Daily 100g,CAT_004,SUP_185,857.31,105,269
PRD_0849,ValueMart Rice Lite 750g,CAT_004,SUP_177,340.7,32,352
PRD_0850,ComfortLine Salt Classic 1L,CAT_004,SUP_076,248.37,98,360
PRD_0851,HappyHome Rice Daily 200ml,CAT_004,SUP_184,341.96,82,293
PRD_0852,HealthySip Atta Family Pack 250g,CAT_004,SUP_045,814.95,40,288
PRD_0853,PrimePick Dal Daily 24pcs,CAT_004,SUP_130,877.7,101,189
PRD_0854,FamilyChoice Dal Lite 750g,CAT_004,SUP_050,760.64,55,284
PRD_0855,ComfortLine Salt Premium 1L,CAT_004,SUP_105,228.96,79,
PRD_0856,GlowCare Salt Premium 250g,CAT_004,SUP_111,158.91,55,247
PRD_0857,FamilyChoice Wheat Flour Plus 500ml,CAT_004,SUP_185,536.01,25,235
PRD_0858,SwiftCart Dal Max 250g,CAT_004,SUP_018,534.68,113,255
PRD_0859,GoodStore Atta Premium 500ml,CAT_004,SUP_160,690.14,33,
PRD_0860,PrimePick Salt Fresh 1L,CAT_004,SUP_094,337.15,61,250
PRD_0861,KitchenPro Atta Plus 500ml,CAT_004,SUP_187,765.89,19,328
PRD_0862,DailyDrop Atta Fresh 12pcs,CAT_004,SUP_158,693.9,37,285
PRD_0863,HealthySip Wheat Flour Plus 24pcs,CAT_004,SUP_108,803.33,107,315
PRD_0864,EliteOne Dal Plus 200g,CAT_004,SUP_032,191.94,33,291
PRD_0865,HealthySip Sugar Family Pack 24pcs,CAT_004,SUP_160,773.88,42,247
PRD_0866,ComfortLine Sugar Plus 500ml,CAT_004,SUP_104,286.86,113,344
PRD_0867,FreshCo Wheat Flour Classic 12pcs,CAT_004,SUP_199,430.2,38,206
PRD_0868,SwiftCart Dal Classic 500ml,CAT_004,SUP_098,757.17,75,343
PRD_0869,HappyHome Oil Regular 12pcs,CAT_004,SUP_045,633.45,38,203
PRD_0870,SwiftCart Sugar Plus 250g,CAT_004,SUP_104,599.55,81,213
PRD_0871,GoodStore Sugar Daily 2kg,CAT_004,SUP_187,792.02,101,360
PRD_0872,QuickNest Dal Plus 6pcs,CAT_004,SUP_197,275.75,37,
PRD_0873,GoodStore Salt Fresh 24pcs,CAT_004,SUP_184,62.69,67,241
PRD_0874,NutriMax Wheat Flour Fresh 500ml,CAT_004,SUP_184,492.86,74,233
PRD_0875,SmartLife Sugar Regular 1L,CAT_004,SUP_174,345.09,71,317
PRD_0876,PrimePick Oil Premium 6pcs,CAT_004,SUP_105,204.49,117,345
PRD_0877,ValueMart Salt Family Pack 200g,CAT_004,SUP_001,38.78,98,182
PRD_0878,PureLeaf Salt Fresh 24pcs,CAT_004,SUP_171,797.98,100,
PRD_0879,GlowCare Wheat Flour Classic 6pcs,CAT_004,SUP_160,196.27,90,217
PRD_0880,PrimePick Atta Daily 200ml,CAT_004,SUP_158,666.6,50,
PRD_0881,UrbanBasket Rice Family Pack 750g,CAT_004,SUP_187,768.13,101,237
PRD_0882,ComfortLine Rice Plus 100g,CAT_004,SUP_174,293.55,76,280
PRD_0883,FamilyChoice Dal Daily 750g,CAT_004,SUP_171,649.98,41,358
PRD_0884,ValueMart Atta Max 6pcs,CAT_004,SUP_146,188,61,297
PRD_0885,HappyHome Rice Fresh 6pcs,CAT_004,SUP_076,383,30,201
PRD_0886,DailyDrop Wheat Flour Daily 24pcs,CAT_004,SUP_001,372.08,35,195
PRD_0887,CarePlus Dal Lite 1L,CAT_004,SUP_018,98.26,45,349
PRD_0888,CarePlus Sugar Classic 6pcs,CAT_004,SUP_077,647.11,73,341
PRD_0889,QuickNest Rice Plus 24pcs,CAT_004,SUP_108,709.15,23,318
PRD_0890,GlowCare Oil Daily 2kg,CAT_004,SUP_080,576.74,100,196
PRD_0891,FreshCo Dal Premium 12pcs,CAT_004,SUP_160,553.35,66,290
PRD_0892,SmartLife Dal Fresh 12pcs,CAT_004,SUP_108,651.55,35,280
PRD_0893,QuickNest Sugar Daily 500g,CAT_004,SUP_080,119.19,79,230
PRD_0894,GlowCare Salt Classic 1L,CAT_004,SUP_104,351.27,119,306
PRD_0895,KitchenPro Wheat Flour Premium 500ml,CAT_004,SUP_054,749.93,118,194
PRD_0896,FamilyChoice Rice Regular 750g,CAT_004,SUP_170,651.46,84,180
PRD_0897,FamilyChoice Atta Fresh 750g,CAT_004,SUP_199,136.17,53,305
PRD_0898,MunchTime Sugar Daily 2kg,CAT_004,SUP_184,329.81,48,348
PRD_0899,CarePlus Atta Regular 24pcs,CAT_004,SUP_078,199.86,27,249
PRD_0900,MunchTime Oil Classic 1L,CAT_004,SUP_184,321.98,66,
PRD_0901,QuickNest Rice Plus 200g,CAT_004,SUP_105,133.42,63,255
PRD_0902,CarePlus Oil Regular 24pcs,CAT_004,SUP_045,613.82,69,244
PRD_0903,FamilyChoice Sugar Classic 500ml,CAT_004,SUP_104,301.43,104,194
PRD_0904,SmartLife Wheat Flour Plus 200g,CAT_004,SUP_050,470.81,110,307
PRD_0905,GoodStore Rice Max 250g,CAT_004,SUP_033,818.72,97,222
PRD_0906,HappyHome Sugar Value Pack 1L,CAT_004,SUP_130,759.93,118,257
PRD_0907,HappyHome Oil Family Pack 200ml,CAT_004,SUP_084,642.22,28,341
PRD_0908,CarePlus Oil Family Pack 750g,CAT_004,SUP_105,410.77,18,238
PRD_0909,CarePlus Wheat Flour Regular 1L,CAT_004,SUP_185,465.95,20,300
PRD_0910,SwiftCart Atta Premium 200g,CAT_004,SUP_141,494.83,54,
PRD_0911,FreshCo Dal Fresh 24pcs,CAT_004,SUP_018,403.75,83,206
PRD_0912,HealthySip Atta Daily 1kg,CAT_004,SUP_033,449.57,118,192
PRD_0913,EliteOne Salt Max 750g,CAT_004,SUP_130,866.52,76,326
PRD_0914,FamilyChoice Atta Plus 750g,CAT_004,SUP_105,375,57,268
PRD_0915,EliteOne Atta Classic 250g,CAT_004,SUP_177,166.83,82,351
PRD_0916,KitchenPro Atta Fresh 200ml,CAT_004,SUP_018,282.34,36,294
PRD_0917,NutriMax Dal Lite 2kg,CAT_004,SUP_078,466.32,86,186
PRD_0918,FamilyChoice Rice Regular 200ml,CAT_004,SUP_094,302.19,81,293
PRD_0919,HappyHome Rice Daily 2kg,CAT_004,SUP_081,754.56,97,358
PRD_0920,NutriMax Sugar Value Pack 1L,CAT_004,SUP_130,40.58,94,251
PRD_0921,QuickNest Dal Value Pack 500g,CAT_004,SUP_184,75.1,26,305
PRD_0922,PureLeaf Dal Lite 1kg,CAT_004,SUP_141,369.89,19,206
PRD_0923,HappyHome Salt Regular 2kg,CAT_004,SUP_187,388.14,20,276
PRD_0924,GlowCare Atta Max 750g,CAT_004,SUP_130,404.57,42,257
PRD_0925,PrimePick Dal Family Pack 1L,CAT_004,SUP_081,556.79,73,212
PRD_0926,QuickNest Oil Family Pack 24pcs,CAT_004,SUP_054,278.61,119,198
PRD_0927,GlowCare Salt Lite 500g,CAT_004,SUP_185,619.46,80,226
PRD_0928,FreshCo Salt Plus 250g,CAT_004,SUP_141,361.85,47,320
PRD_0929,FamilyChoice Wheat Flour Regular 500ml,CAT_004,SUP_141,712.83,21,258
PRD_0930,QuickNest Sugar Daily 500ml,CAT_004,SUP_171,131.09,101,326
PRD_0931,SwiftCart Salt Lite 12pcs,CAT_004,SUP_171,713.18,107,327
PRD_0932,QuickNest Wheat Flour Premium 200ml,CAT_004,SUP_146,271.73,96,242
PRD_0933,PureLeaf Oil Regular 750g,CAT_004,SUP_187,405.86,71,315
PRD_0934,GoodStore Dal Value Pack 24pcs,CAT_004,SUP_108,88.73,43,196
PRD_0935,KitchenPro Rice Regular 200g,CAT_004,SUP_080,119.72,72,248
PRD_0936,EliteOne Dal Fresh 6pcs,CAT_004,SUP_130,881.69,55,261
PRD_0937,SmartLife Atta Regular 1kg,CAT_004,SUP_001,642.96,55,356
PRD_0938,MunchTime Salt Plus 200g,CAT_004,SUP_076,331.48,90,250
PRD_0939,PrimePick Salt Regular 250g,CAT_004,SUP_045,259.92,24,277
PRD_0940,ComfortLine Oil Plus 1L,CAT_004,SUP_085,450.24,94,181
PRD_0941,ValueMart Rice Family Pack 1kg,CAT_004,SUP_033,280.09,88,
PRD_0942,SmartLife Sugar Value Pack 12pcs,CAT_004,SUP_174,872.63,57,362
PRD_0943,MunchTime Sugar Regular 24pcs,CAT_004,SUP_177,96.97,43,199
PRD_0944,KitchenPro Salt Lite 250g,CAT_004,SUP_111,288.64,68,327
PRD_0945,CarePlus Wheat Flour Value Pack 6pcs,CAT_004,SUP_160,551.17,98,290
PRD_0946,ValueMart Wheat Flour Premium 2kg,CAT_004,SUP_081,511.44,67,213
PRD_0947,HealthySip Rice Classic 500ml,CAT_004,SUP_111,642.3,20,206
PRD_0948,GlowCare Atta Premium 500ml,CAT_004,SUP_081,618.14,111,275
PRD_0949,ComfortLine Sugar Premium 250g,CAT_004,SUP_098,560.71,119,279
PRD_0950,CarePlus Sugar Value Pack 500g,CAT_004,SUP_146,247.09,16,336
PRD_0951,PrimePick Oil Fresh 250g,CAT_004,SUP_077,181.45,97,333
PRD_0952,DailyDrop Rice Regular 6pcs,CAT_004,SUP_033,420.7,67,258
PRD_0953,HealthySip Atta Fresh 200ml,CAT_004,SUP_179,215.38,65,227
PRD_0954,MunchTime Dal Fresh 250g,CAT_004,SUP_130,35.81,36,279
PRD_0955,ComfortLine Dal Daily 200ml,CAT_004,SUP_158,639.99,39,207
PRD_0956,GoodStore Dal Regular 750g,CAT_004,SUP_184,575.91,59,247
PRD_0957,CarePlus Dal Premium 24pcs,CAT_004,SUP_146,844.55,23,343
PRD_0958,NutriMax Sugar Value Pack 2kg,CAT_004,SUP_185,847.5,24,343
PRD_0959,FreshCo Sugar Fresh 100g,CAT_004,SUP_032,661.38,60,285
PRD_0960,SmartLife Sugar Fresh 200ml,CAT_004,SUP_094,673.29,20,355
PRD_0961,HealthySip Oil Max 24pcs,CAT_004,SUP_142,608.55,88,293
PRD_0962,KitchenPro Rice Value Pack 24pcs,CAT_004,SUP_105,676.26,64,342
PRD_0963,FreshCo Atta Regular 500ml,CAT_004,SUP_080,804.35,99,306
PRD_0964,GoodStore Salt Plus 2kg,CAT_004,SUP_084,732.25,29,311
PRD_0965,GlowCare Wheat Flour Family Pack 2kg,CAT_004,SUP_104,407.93,87,334
PRD_0966,KitchenPro Rice Family Pack 6pcs,CAT_004,SUP_177,37.88,106,
PRD_0967,ComfortLine Atta Value Pack 24pcs,CAT_004,SUP_076,505.78,55,349
PRD_0968,GoodStore Oil Value Pack 24pcs,CAT_004,SUP_045,639.75,54,218
PRD_0969,UrbanBasket Wheat Flour Lite 250g,CAT_004,SUP_076,203.37,37,290
PRD_0970,MunchTime Rice Max 1L,CAT_004,SUP_179,672.69,61,242
PRD_0971,ComfortLine Oil Family Pack 200ml,CAT_004,SUP_033,339.69,83,222
PRD_0972,PrimePick Rice Fresh 100g,CAT_004,SUP_111,245.38,54,240
PRD_0973,SwiftCart Wheat Flour Value Pack 750g,CAT_004,SUP_032,399.55,76,
PRD_0974,MunchTime Oil Classic 12pcs,CAT_004,SUP_105,549.47,30,261
PRD_0975,PrimePick Rice Max 100g,CAT_004,SUP_197,353.81,24,261
PRD_0976,KitchenPro Sugar Max 750g,CAT_004,SUP_187,730.43,33,343
PRD_0977,DailyDrop Salt Premium 1kg,CAT_004,SUP_185,841.46,91,353
PRD_0978,QuickNest Rice Plus 24pcs,CAT_004,SUP_085,375.78,116,244
PRD_0979,HealthySip Dal Family Pack 250g,CAT_004,SUP_104,250.42,105,187
PRD_0980,GlowCare Atta Premium 100g,CAT_004,SUP_084,89.56,120,252
PRD_0981,MunchTime Salt Classic 500g,CAT_004,SUP_080,209.41,103,218
PRD_0982,SwiftCart Salt Family Pack 500ml,CAT_004,SUP_184,263.9,42,276
PRD_0983,SmartLife Salt Lite 1kg,CAT_004,SUP_018,808.95,23,261
PRD_0984,GoodStore Oil Premium 500ml,CAT_004,SUP_104,715.03,99,181
PRD_0985,SmartLife Salt Regular 500g,CAT_004,SUP_171,578.32,74,347
PRD_0986,HappyHome Atta Family Pack 200g,CAT_004,SUP_158,415.01,51,258
PRD_0987,FreshCo Sugar Value Pack 250g,CAT_004,SUP_170,85.69,112,242
PRD_0988,CarePlus Salt Classic 100g,CAT_004,SUP_184,284.37,25,365
PRD_0989,ComfortLine Oil Regular 250g,CAT_004,SUP_160,49.06,18,314
PRD_0990,ValueMart Wheat Flour Premium 200ml,CAT_004,SUP_050,78.87,68,267
PRD_0991,DailyDrop Atta Regular 100g,CAT_004,SUP_185,836.59,93,308
PRD_0992,GoodStore Ice Cream Premium 24pcs,CAT_005,SUP_044,401.07,92,127
PRD_0993,CarePlus Frozen Fries Fresh 1kg,CAT_005,SUP_028,355.17,15,127
PRD_0994,MunchTime Frozen Nuggets Family Pack 12pcs,CAT_005,SUP_114,126.99,43,94
PRD_0995,GlowCare Ice Cream Lite 1kg,CAT_005,SUP_086,410.34,35,160
PRD_0996,HealthySip Frozen Peas Max 12pcs,CAT_005,SUP_099,382.64,61,173
PRD_0997,GoodStore Frozen Nuggets Max 12pcs,CAT_005,SUP_132,267.4,82,158
PRD_0998,ValueMart Frozen Paratha Regular 500ml,CAT_005,SUP_080,83.35,26,149
PRD_0999,MunchTime Ice Cream Daily 750g,CAT_005,SUP_099,266.19,37,114
PRD_1000,UrbanBasket Frozen Corn Lite 500ml,CAT_005,SUP_157,229.89,77,141
PRD_1001,QuickNest Frozen Nuggets Regular 500ml,CAT_005,SUP_019,446.51,69,135
PRD_1002,FamilyChoice Frozen Peas Lite 2kg,CAT_005,SUP_114,463.79,19,125
PRD_1003,NutriMax Frozen Paratha Daily 24pcs,CAT_005,SUP_159,345.53,63,147
PRD_1004,UrbanBasket Frozen Nuggets Fresh 6pcs,CAT_005,SUP_007,475.27,99,150
PRD_1005,FamilyChoice Frozen Corn Max 6pcs,CAT_005,SUP_099,244.95,49,128
PRD_1006,ComfortLine Frozen Corn Regular 750g,CAT_005,SUP_063,161.42,19,131
PRD_1007,PureLeaf Ice Cream Premium 200g,CAT_005,SUP_148,451.44,90,176
PRD_1008,UrbanBasket Ice Cream Lite 100g,CAT_005,SUP_073,273.97,44,146
PRD_1009,HappyHome Frozen Peas Max 200g,CAT_005,SUP_132,85.57,87,118
PRD_1010,DailyDrop Frozen Peas Plus 1L,CAT_005,SUP_109,272.86,27,121
PRD_1011,FamilyChoice Frozen Fries Daily 1L,CAT_005,SUP_086,371.46,37,134
PRD_1012,NutriMax Frozen Peas Daily 500g,CAT_005,SUP_055,149.42,99,155
PRD_1013,HappyHome Frozen Peas Max 6pcs,CAT_005,SUP_131,303.39,32,111
PRD_1014,DailyDrop Frozen Fries Fresh 1kg,CAT_005,SUP_063,307.38,44,170
PRD_1015,DailyDrop Frozen Nuggets Value Pack 1L,CAT_005,SUP_148,253.96,46,131
PRD_1016,UrbanBasket Frozen Peas Premium 750g,CAT_005,SUP_170,450.3,24,125
PRD_1017,SwiftCart Frozen Paratha Family Pack 200g,CAT_005,SUP_050,129.73,42,100
PRD_1018,HappyHome Frozen Fries Fresh 500g,CAT_005,SUP_109,183.05,61,108
PRD_1019,EliteOne Frozen Corn Lite 6pcs,CAT_005,SUP_099,220.98,42,113
PRD_1020,GoodStore Ice Cream Premium 2kg,CAT_005,SUP_002,338.85,23,136
PRD_1021,NutriMax Frozen Paratha Max 6pcs,CAT_005,SUP_046,396.62,33,156
PRD_1022,KitchenPro Ice Cream Lite 200g,CAT_005,SUP_073,372.5,61,154
PRD_1023,GlowCare Frozen Paratha Regular 500ml,CAT_005,SUP_109,165.54,27,90
PRD_1024,GoodStore Frozen Corn Max 1L,CAT_005,SUP_051,345.2,62,166
PRD_1025,GoodStore Frozen Nuggets Regular 1kg,CAT_005,SUP_063,372.58,78,150
PRD_1026,KitchenPro Ice Cream Regular 12pcs,CAT_005,SUP_174,221.63,40,106
PRD_1027,EliteOne Frozen Corn Family Pack 500ml,CAT_005,SUP_007,166.63,83,115
PRD_1028,QuickNest Frozen Paratha Max 1kg,CAT_005,SUP_157,456.18,21,147
PRD_1029,FreshCo Frozen Fries Classic 12pcs,CAT_005,SUP_061,293.28,67,154
PRD_1030,FreshCo Frozen Paratha Lite 500ml,CAT_005,SUP_197,87.61,31,132
PRD_1031,SmartLife Frozen Peas Family Pack 500g,CAT_005,SUP_080,109,17,168
PRD_1032,QuickNest Frozen Peas Fresh 500ml,CAT_005,SUP_099,451.96,46,115
PRD_1033,EliteOne Frozen Paratha Premium 250g,CAT_005,SUP_199,186.37,39,143
PRD_1034,NutriMax Frozen Fries Lite 250g,CAT_005,SUP_086,383.85,70,154
PRD_1035,EliteOne Frozen Nuggets Family Pack 500g,CAT_005,SUP_086,275.32,100,169
PRD_1036,UrbanBasket Frozen Nuggets Plus 1L,CAT_005,SUP_127,165.44,65,160
PRD_1037,UrbanBasket Frozen Corn Regular 12pcs,CAT_005,SUP_117,269.54,97,108
PRD_1038,HealthySip Frozen Corn Daily 12pcs,CAT_005,SUP_122,439.09,59,104
PRD_1039,SmartLife Frozen Paratha Daily 100g,CAT_005,SUP_007,275.85,67,135
PRD_1040,DailyDrop Frozen Peas Regular 24pcs,CAT_005,SUP_051,242.89,32,140
PRD_1041,KitchenPro Frozen Fries Family Pack 200g,CAT_005,SUP_028,197.97,80,97
PRD_1042,FreshCo Frozen Paratha Plus 6pcs,CAT_005,SUP_173,448.49,90,146
PRD_1043,FamilyChoice Frozen Nuggets Regular 100g,CAT_005,SUP_050,392.09,93,146
PRD_1044,PrimePick Frozen Paratha Fresh 1kg,CAT_005,SUP_046,492.32,96,155
PRD_1045,PrimePick Frozen Corn Plus 100g,CAT_005,SUP_157,295.61,93,109
PRD_1046,EliteOne Frozen Paratha Premium 500ml,CAT_005,SUP_163,498.82,81,172
PRD_1047,SmartLife Frozen Fries Plus 24pcs,CAT_005,SUP_169,109.4,92,153
PRD_1048,PureLeaf Frozen Corn Max 200g,CAT_005,SUP_127,335.53,69,151
PRD_1049,DailyDrop Ice Cream Plus 500ml,CAT_005,SUP_086,237.28,74,164
PRD_1050,GlowCare Frozen Peas Plus 500ml,CAT_005,SUP_046,355.83,44,91
PRD_1051,PrimePick Frozen Corn Fresh 200ml,CAT_005,SUP_132,357.91,63,98
PRD_1052,GlowCare Frozen Fries Daily 6pcs,CAT_005,SUP_132,82.23,75,168
PRD_1053,ComfortLine Frozen Paratha Fresh 12pcs,CAT_005,SUP_159,100.44,50,97
PRD_1054,UrbanBasket Frozen Corn Plus 750g,CAT_005,SUP_080,258.95,72,134
PRD_1055,EliteOne Ice Cream Premium 200g,CAT_005,SUP_109,227.09,72,170
PRD_1056,KitchenPro Frozen Fries Regular 1kg,CAT_005,SUP_132,86.14,97,153
PRD_1057,NutriMax Frozen Nuggets Classic 1L,CAT_005,SUP_197,379.56,73,160
PRD_1058,NutriMax Frozen Corn Max 1L,CAT_005,SUP_177,358.24,20,118
PRD_1059,MunchTime Frozen Corn Family Pack 100g,CAT_005,SUP_132,146.65,30,176
PRD_1060,NutriMax Ice Cream Premium 250g,CAT_005,SUP_189,334.27,35,153
PRD_1061,DailyDrop Ice Cream Daily 500g,CAT_005,SUP_169,405.21,100,151
PRD_1062,FreshCo Frozen Nuggets Premium 1kg,CAT_005,SUP_197,145.72,56,150
PRD_1063,HealthySip Frozen Fries Regular 100g,CAT_005,SUP_170,380.89,68,105
PRD_1064,GoodStore Ice Cream Family Pack 500g,CAT_005,SUP_050,164.95,73,146
PRD_1065,QuickNest Frozen Paratha Max 500ml,CAT_005,SUP_177,181.43,73,91
PRD_1066,PrimePick Ice Cream Classic 12pcs,CAT_005,SUP_007,258.44,90,99
PRD_1067,FamilyChoice Frozen Paratha Value Pack 100g,CAT_005,SUP_022,292.97,93,169
PRD_1068,SmartLife Frozen Peas Daily 500g,CAT_005,SUP_024,112.33,16,139
PRD_1069,MunchTime Frozen Peas Classic 6pcs,CAT_005,SUP_055,240.78,37,107
PRD_1070,QuickNest Frozen Fries Regular 6pcs,CAT_005,SUP_122,482.57,76,127
PRD_1071,SmartLife Frozen Peas Plus 6pcs,CAT_005,SUP_163,303.97,81,127
PRD_1072,FamilyChoice Frozen Fries Premium 12pcs,CAT_005,SUP_080,394.26,75,90
PRD_1073,ComfortLine Frozen Fries Premium 500ml,CAT_005,SUP_073,302.06,42,110
PRD_1074,FamilyChoice Frozen Corn Fresh 200ml,CAT_005,SUP_114,371.75,27,116
PRD_1075,CarePlus Frozen Peas Value Pack 500ml,CAT_005,SUP_058,330.03,36,163
PRD_1076,GlowCare Frozen Fries Lite 12pcs,CAT_005,SUP_114,358.03,93,168
PRD_1077,NutriMax Frozen Nuggets Value Pack 1kg,CAT_005,SUP_159,406.77,37,159
PRD_1078,QuickNest Frozen Paratha Classic 24pcs,CAT_005,SUP_002,410.42,98,165
PRD_1079,GlowCare Frozen Nuggets Fresh 100g,CAT_005,SUP_024,143.26,22,90
PRD_1080,PrimePick Frozen Corn Plus 1kg,CAT_005,SUP_109,274.88,36,159
PRD_1081,UrbanBasket Frozen Corn Plus 12pcs,CAT_005,SUP_148,254.4,49,168
PRD_1082,ComfortLine Ice Cream Family Pack 6pcs,CAT_005,SUP_063,314.08,60,139
PRD_1083,EliteOne Frozen Corn Plus 250g,CAT_005,SUP_197,409.18,70,148
PRD_1084,PureLeaf Frozen Paratha Fresh 200ml,CAT_005,SUP_044,295.96,43,160
PRD_1085,PrimePick Frozen Corn Fresh 1L,CAT_005,SUP_057,498.39,32,91
PRD_1086,PrimePick Frozen Corn Fresh 750g,CAT_005,SUP_044,394.16,68,127
PRD_1087,PrimePick Frozen Fries Daily 6pcs,CAT_005,SUP_022,119.87,34,101
PRD_1088,UrbanBasket Frozen Nuggets Fresh 500ml,CAT_005,SUP_189,217.19,45,180
PRD_1089,PureLeaf Frozen Corn Classic 250g,CAT_005,SUP_080,418.8,88,156
PRD_1090,KitchenPro Frozen Fries Max 750g,CAT_005,SUP_002,499,49,104
PRD_1091,QuickNest Ice Cream Family Pack 250g,CAT_005,SUP_122,207.69,27,124
PRD_1092,ValueMart Frozen Corn Daily 100g,CAT_005,SUP_177,89.42,73,110
PRD_1093,ComfortLine Frozen Nuggets Daily 1L,CAT_005,SUP_163,409.17,89,119
PRD_1094,CarePlus Frozen Paratha Classic 500g,CAT_005,SUP_051,211.37,62,124
PRD_1095,HealthySip Frozen Peas Fresh 250g,CAT_005,SUP_174,86.61,45,167
PRD_1096,NutriMax Frozen Fries Plus 250g,CAT_005,SUP_107,464.97,63,121
PRD_1097,PrimePick Frozen Fries Family Pack 250g,CAT_005,SUP_163,135.71,72,92
PRD_1098,KitchenPro Frozen Peas Classic 24pcs,CAT_005,SUP_024,342.34,99,99
PRD_1099,CarePlus Frozen Fries Family Pack 12pcs,CAT_005,SUP_170,244.05,82,150
PRD_1100,ValueMart Frozen Peas Daily 200ml,CAT_005,SUP_107,348.1,33,132
PRD_1101,PureLeaf Ice Cream Family Pack 200ml,CAT_005,SUP_194,363.97,75,132
PRD_1102,DailyDrop Frozen Fries Plus 1L,CAT_005,SUP_080,323.11,62,172
PRD_1103,ComfortLine Frozen Fries Daily 12pcs,CAT_005,SUP_174,444.73,25,144
PRD_1104,FamilyChoice Frozen Paratha Classic 6pcs,CAT_005,SUP_148,339.78,77,148
PRD_1105,MunchTime Frozen Peas Classic 200ml,CAT_005,SUP_159,277.1,35,101
PRD_1106,GoodStore Frozen Paratha Classic 2kg,CAT_005,SUP_099,287.54,56,173
PRD_1107,FamilyChoice Frozen Fries Classic 24pcs,CAT_005,SUP_132,474.77,28,164
PRD_1108,MunchTime Frozen Nuggets Value Pack 2kg,CAT_005,SUP_061,478.66,75,107
PRD_1109,ValueMart Frozen Fries Value Pack 2kg,CAT_005,SUP_177,232.22,68,171
PRD_1110,FamilyChoice Frozen Peas Max 250g,CAT_005,SUP_028,126.23,89,110
PRD_1111,UrbanBasket Frozen Fries Fresh 12pcs,CAT_005,SUP_189,345.29,55,148
PRD_1112,EliteOne Frozen Corn Fresh 12pcs,CAT_005,SUP_044,372.8,68,163
PRD_1113,KitchenPro Frozen Fries Max 1kg,CAT_005,SUP_114,312.97,79,153
PRD_1114,MunchTime Frozen Corn Family Pack 1L,CAT_005,SUP_019,420.31,79,104
PRD_1115,QuickNest Frozen Peas Lite 1kg,CAT_005,SUP_189,165.75,36,175
PRD_1116,SwiftCart Frozen Peas Max 12pcs,CAT_005,SUP_002,323.48,95,135
PRD_1117,UrbanBasket Frozen Nuggets Plus 500ml,CAT_005,SUP_162,151.29,34,139
PRD_1118,ValueMart Frozen Paratha Fresh 2kg,CAT_005,SUP_007,407.22,73,132
PRD_1119,ValueMart Frozen Peas Daily 1kg,CAT_005,SUP_109,270.5,54,109
PRD_1120,ValueMart Frozen Corn Lite 250g,CAT_005,SUP_173,483.59,17,117
PRD_1121,SmartLife Frozen Fries Max 750g,CAT_005,SUP_061,285.17,27,166
PRD_1122,ValueMart Ice Cream Lite 200g,CAT_005,SUP_132,325.49,63,155
PRD_1123,ComfortLine Frozen Peas Value Pack 24pcs,CAT_005,SUP_120,466.95,40,164
PRD_1124,HealthySip Frozen Fries Fresh 200ml,CAT_005,SUP_120,328.99,54,132
PRD_1125,HealthySip Frozen Paratha Family Pack 500g,CAT_005,SUP_103,101.84,22,118
PRD_1126,HealthySip Ice Cream Plus 200ml,CAT_005,SUP_157,257.8,44,170
PRD_1127,ComfortLine Frozen Peas Classic 1L,CAT_005,SUP_159,334.88,69,105
PRD_1128,QuickNest Frozen Paratha Fresh 1L,CAT_005,SUP_170,370.09,21,169
PRD_1129,ValueMart Frozen Peas Classic 250g,CAT_005,SUP_028,442.46,70,137
PRD_1130,DailyDrop Frozen Nuggets Classic 250g,CAT_005,SUP_109,237.69,87,124
PRD_1131,ComfortLine Frozen Paratha Regular 750g,CAT_005,SUP_131,164.23,51,170
PRD_1132,SwiftCart Frozen Peas Lite 2kg,CAT_005,SUP_022,341.5,71,97
PRD_1133,SmartLife Ice Cream Daily 1L,CAT_005,SUP_127,475.12,34,142
PRD_1134,ValueMart Frozen Paratha Daily 200ml,CAT_005,SUP_038,489.64,63,106
PRD_1135,UrbanBasket Frozen Peas Value Pack 24pcs,CAT_005,SUP_080,438.07,43,108
PRD_1136,GlowCare Frozen Nuggets Plus 200g,CAT_005,SUP_099,311.79,64,160
PRD_1137,SmartLife Frozen Peas Lite 200ml,CAT_005,SUP_189,168.53,48,109
PRD_1138,QuickNest Ice Cream Fresh 1kg,CAT_005,SUP_063,103.19,24,121
PRD_1139,HappyHome Frozen Paratha Family Pack 12pcs,CAT_005,SUP_177,150.35,98,92
PRD_1140,SwiftCart Frozen Peas Fresh 1L,CAT_005,SUP_131,493.83,54,161
PRD_1141,ComfortLine Frozen Fries Value Pack 24pcs,CAT_005,SUP_194,264.69,70,112
PRD_1142,PureLeaf Frozen Paratha Fresh 750g,CAT_005,SUP_127,415.28,78,97
PRD_1143,NutriMax Frozen Paratha Daily 250g,CAT_005,SUP_127,172.28,70,149
PRD_1144,FamilyChoice Frozen Fries Max 12pcs,CAT_005,SUP_107,427.18,42,138
PRD_1145,ComfortLine Frozen Corn Value Pack 500g,CAT_005,SUP_132,228.55,27,125
PRD_1146,SwiftCart Frozen Peas Max 100g,CAT_005,SUP_002,168.41,100,93
PRD_1147,HappyHome Frozen Peas Daily 24pcs,CAT_005,SUP_063,141.71,78,127
PRD_1148,DailyDrop Frozen Fries Regular 1kg,CAT_005,SUP_099,443.16,36,91
PRD_1149,HappyHome Ice Cream Family Pack 100g,CAT_005,SUP_046,428.31,25,135
PRD_1150,QuickNest Frozen Nuggets Premium 24pcs,CAT_005,SUP_197,417.6,83,153
PRD_1151,FamilyChoice Frozen Nuggets Regular 500ml,CAT_005,SUP_120,323.89,54,113
PRD_1152,PureLeaf Frozen Peas Plus 1kg,CAT_005,SUP_127,342.08,74,151
PRD_1153,FreshCo Frozen Paratha Family Pack 250g,CAT_005,SUP_058,447.67,79,146
PRD_1154,HealthySip Frozen Nuggets Classic 200ml,CAT_005,SUP_028,380.38,67,145
PRD_1155,HealthySip Frozen Corn Max 250g,CAT_005,SUP_050,232.8,36,102
PRD_1156,MunchTime Frozen Nuggets Plus 24pcs,CAT_005,SUP_173,225.77,32,165
PRD_1157,SmartLife Frozen Paratha Regular 1L,CAT_005,SUP_099,406.36,29,104
PRD_1158,FreshCo Frozen Paratha Daily 500g,CAT_005,SUP_057,98.88,53,102
PRD_1159,NutriMax Frozen Nuggets Lite 200g,CAT_005,SUP_024,495.57,23,129
PRD_1160,PureLeaf Frozen Peas Fresh 2kg,CAT_005,SUP_022,236.02,99,171
PRD_1161,ComfortLine Frozen Paratha Lite 2kg,CAT_005,SUP_174,277.76,87,152
PRD_1162,SmartLife Frozen Peas Regular 12pcs,CAT_005,SUP_199,315.02,52,172
PRD_1163,KitchenPro Frozen Nuggets Max 200g,CAT_005,SUP_159,356.39,62,107
PRD_1164,MunchTime Frozen Nuggets Family Pack 750g,CAT_005,SUP_148,131.76,53,157
PRD_1165,ValueMart Frozen Nuggets Regular 200g,CAT_005,SUP_199,254.78,76,102
PRD_1166,UrbanBasket Frozen Corn Fresh 200ml,CAT_005,SUP_114,453.75,20,172
PRD_1167,FamilyChoice Frozen Fries Family Pack 250g,CAT_005,SUP_058,389.22,74,179
PRD_1168,FamilyChoice Frozen Fries Regular 750g,CAT_005,SUP_169,445.23,68,93
PRD_1169,FamilyChoice Frozen Peas Lite 6pcs,CAT_005,SUP_170,487.5,86,114
PRD_1170,DailyDrop Ice Cream Plus 200ml,CAT_005,SUP_148,391.47,73,152
PRD_1171,FreshCo Frozen Peas Classic 750g,CAT_005,SUP_057,319.77,67,156
PRD_1172,UrbanBasket Frozen Paratha Max 1kg,CAT_005,SUP_199,171.86,94,111
PRD_1173,FamilyChoice Frozen Peas Value Pack 24pcs,CAT_005,SUP_114,333.62,52,161
PRD_1174,SmartLife Frozen Paratha Family Pack 6pcs,CAT_005,SUP_080,314.68,76,146
PRD_1175,HappyHome Frozen Corn Value Pack 750g,CAT_005,SUP_050,409.97,46,99
PRD_1176,MunchTime Frozen Nuggets Premium 6pcs,CAT_005,SUP_024,234.3,73,165
PRD_1177,ValueMart Frozen Corn Premium 750g,CAT_005,SUP_120,313.85,45,158
PRD_1178,GoodStore Frozen Paratha Premium 500ml,CAT_005,SUP_170,153.55,55,120
PRD_1179,NutriMax Frozen Paratha Regular 500ml,CAT_005,SUP_024,171.65,98,111
PRD_1180,SmartLife Frozen Corn Family Pack 1L,CAT_005,SUP_022,395.7,59,131
PRD_1181,SmartLife Frozen Peas Regular 1L,CAT_005,SUP_050,412.89,34,166
PRD_1182,DailyDrop Frozen Fries Classic 250g,CAT_005,SUP_117,177.46,50,90
PRD_1183,DailyDrop Ice Cream Plus 200g,CAT_005,SUP_173,227.51,31,113
PRD_1184,KitchenPro Frozen Peas Lite 2kg,CAT_005,SUP_174,284.17,37,135
PRD_1185,MunchTime Frozen Paratha Regular 1L,CAT_005,SUP_197,336.18,73,179
PRD_1186,HappyHome Frozen Nuggets Fresh 12pcs,CAT_005,SUP_131,410.04,27,128
PRD_1187,EliteOne Frozen Fries Premium 250g,CAT_005,SUP_046,82.7,42,178
PRD_1188,SwiftCart Frozen Fries Value Pack 200ml,CAT_005,SUP_057,375.05,16,171
PRD_1189,MunchTime Ice Cream Family Pack 200ml,CAT_005,SUP_163,295.43,44,102
PRD_1190,ComfortLine Frozen Corn Regular 750g,CAT_005,SUP_012,403.17,96,102
PRD_1191,PureLeaf Frozen Corn Regular 24pcs,CAT_005,SUP_019,363.25,35,144
PRD_1192,FreshCo Frozen Fries Max 200g,CAT_005,SUP_189,351.57,97,104
PRD_1193,HealthySip Frozen Nuggets Lite 200ml,CAT_005,SUP_061,462.45,88,142
PRD_1194,ComfortLine Frozen Nuggets Lite 1L,CAT_005,SUP_162,101.1,66,119
PRD_1195,GlowCare Frozen Peas Premium 12pcs,CAT_005,SUP_080,311.49,66,98
PRD_1196,UrbanBasket Frozen Paratha Value Pack 24pcs,CAT_005,SUP_050,432.46,15,133
PRD_1197,GlowCare Frozen Fries Plus 1L,CAT_005,SUP_159,90.49,94,98
PRD_1198,CarePlus Frozen Paratha Lite 500ml,CAT_005,SUP_117,221.12,26,167
PRD_1199,UrbanBasket Frozen Fries Family Pack 1kg,CAT_005,SUP_046,464.29,22,161
PRD_1200,KitchenPro Frozen Paratha Plus 24pcs,CAT_005,SUP_127,467.39,26,154
PRD_1201,GoodStore Frozen Nuggets Family Pack 12pcs,CAT_005,SUP_073,336.52,56,151
PRD_1202,UrbanBasket Ice Cream Daily 12pcs,CAT_005,SUP_107,103.32,57,106
PRD_1203,EliteOne Frozen Peas Max 1L,CAT_005,SUP_080,168.53,99,174
PRD_1204,SwiftCart Frozen Paratha Lite 200ml,CAT_005,SUP_197,430.73,70,95
PRD_1205,UrbanBasket Frozen Fries Premium 1L,CAT_005,SUP_057,233.67,51,153
PRD_1206,GlowCare Frozen Paratha Max 1kg,CAT_005,SUP_028,261.07,86,138
PRD_1207,DailyDrop Ice Cream Family Pack 200g,CAT_005,SUP_044,178.46,25,177
PRD_1208,FreshCo Frozen Paratha Lite 24pcs,CAT_005,SUP_109,92.64,80,152
PRD_1209,MunchTime Frozen Corn Value Pack 500ml,CAT_005,SUP_007,97.43,42,106
PRD_1210,EliteOne Frozen Paratha Family Pack 200ml,CAT_005,SUP_170,354.42,70,117
PRD_1211,PureLeaf Ice Cream Daily 750g,CAT_005,SUP_057,436.21,51,157
PRD_1212,KitchenPro Frozen Nuggets Regular 12pcs,CAT_005,SUP_131,227.17,63,132
PRD_1213,FreshCo Frozen Paratha Fresh 1L,CAT_005,SUP_012,222.7,27,141
PRD_1214,SmartLife Frozen Corn Regular 100g,CAT_005,SUP_099,364.81,95,149
PRD_1215,FreshCo Frozen Peas Fresh 12pcs,CAT_005,SUP_051,495.85,72,145
PRD_1216,SmartLife Frozen Peas Family Pack 100g,CAT_005,SUP_194,265.98,15,131
PRD_1217,EliteOne Ice Cream Regular 2kg,CAT_005,SUP_007,224.22,54,152
PRD_1218,GlowCare Frozen Fries Fresh 2kg,CAT_005,SUP_170,493.64,94,93
PRD_1219,ValueMart Ice Cream Lite 200ml,CAT_005,SUP_132,163.37,41,98
PRD_1220,GlowCare Frozen Paratha Plus 1kg,CAT_005,SUP_169,180.8,70,165
PRD_1221,PrimePick Frozen Nuggets Classic 250g,CAT_005,SUP_055,194.64,28,114
PRD_1222,FreshCo Ice Cream Max 250g,CAT_005,SUP_109,463.56,81,113
PRD_1223,PrimePick Frozen Fries Lite 200g,CAT_005,SUP_028,277.8,87,115
PRD_1224,MunchTime Frozen Fries Daily 24pcs,CAT_005,SUP_194,351.96,24,172
PRD_1225,ValueMart Frozen Paratha Fresh 200ml,CAT_005,SUP_194,459.83,19,156
PRD_1226,MunchTime Frozen Paratha Regular 2kg,CAT_005,SUP_163,397.96,94,104
PRD_1227,KitchenPro Frozen Corn Classic 1L,CAT_005,SUP_127,274.2,67,133
PRD_1228,CarePlus Frozen Fries Fresh 12pcs,CAT_005,SUP_024,252.7,48,176
PRD_1229,GoodStore Frozen Fries Regular 1L,CAT_005,SUP_199,451.53,98,101
PRD_1230,EliteOne Frozen Peas Regular 200ml,CAT_005,SUP_189,461.85,62,144
PRD_1231,HealthySip Frozen Paratha Premium 12pcs,CAT_005,SUP_169,124.96,80,119
PRD_1232,FamilyChoice Conditioner Value Pack 24pcs,CAT_006,SUP_161,613.53,30,797
PRD_1233,UrbanBasket Body Lotion Daily 500ml,CAT_006,SUP_117,541.72,71,845
PRD_1234,HealthySip Soap Premium 6pcs,CAT_006,SUP_060,111.32,24,
PRD_1235,GoodStore Conditioner Daily 24pcs,CAT_006,SUP_115,123.62,55,389
PRD_1236,DailyDrop Body Lotion Fresh 1kg,CAT_006,SUP_105,140.29,14,434
PRD_1237,HealthySip Shampoo Fresh 200ml,CAT_006,SUP_100,590.47,56,835
PRD_1238,EliteOne Face Wash Regular 12pcs,CAT_006,SUP_071,441.78,27,556
PRD_1239,SmartLife Toothpaste Lite 750g,CAT_006,SUP_143,588.02,19,709
PRD_1240,ComfortLine Conditioner Value Pack 12pcs,CAT_006,SUP_055,615.02,70,
PRD_1241,EliteOne Handwash Classic 750g,CAT_006,SUP_021,103.72,62,675
PRD_1242,EliteOne Face Wash Daily 250g,CAT_006,SUP_064,260.54,68,601
PRD_1243,SmartLife Conditioner Daily 24pcs,CAT_006,SUP_013,396.9,78,878
PRD_1244,HealthySip Toothpaste Lite 200g,CAT_006,SUP_113,490.71,69,394
PRD_1245,QuickNest Shampoo Lite 750g,CAT_006,SUP_139,566.71,48,809
PRD_1246,QuickNest Toothpaste Classic 750g,CAT_006,SUP_017,190.21,67,859
PRD_1247,ComfortLine Shampoo Daily 250g,CAT_006,SUP_017,128.03,40,803
PRD_1248,MunchTime Soap Lite 1kg,CAT_006,SUP_130,173.14,10,555
PRD_1249,CarePlus Handwash Lite 200ml,CAT_006,SUP_192,460.15,51,769
PRD_1250,DailyDrop Body Lotion Premium 1kg,CAT_006,SUP_136,494.56,31,572
PRD_1251,PrimePick Body Lotion Plus 200ml,CAT_006,SUP_105,261.16,56,893
PRD_1252,CarePlus Face Wash Max 6pcs,CAT_006,SUP_055,379.96,22,530
PRD_1253,ValueMart Conditioner Daily 500g,CAT_006,SUP_055,324.68,54,527
PRD_1254,NutriMax Handwash Value Pack 100g,CAT_006,SUP_107,174.96,70,873
PRD_1255,SwiftCart Handwash Lite 100g,CAT_006,SUP_161,274.61,40,609
PRD_1256,HealthySip Face Wash Max 750g,CAT_006,SUP_017,164.59,69,370
PRD_1257,GoodStore Handwash Plus 500g,CAT_006,SUP_060,454.31,67,771
PRD_1258,GlowCare Conditioner Value Pack 200ml,CAT_006,SUP_136,364.26,35,369
PRD_1259,KitchenPro Body Lotion Value Pack 100g,CAT_006,SUP_192,230.2,15,812
PRD_1260,GlowCare Face Wash Regular 6pcs,CAT_006,SUP_020,417.74,13,613
PRD_1261,DailyDrop Conditioner Fresh 200g,CAT_006,SUP_021,476,22,748
PRD_1262,KitchenPro Toothpaste Value Pack 1L,CAT_006,SUP_122,185.88,24,383
PRD_1263,QuickNest Toothpaste Premium 24pcs,CAT_006,SUP_130,511.88,44,701
PRD_1264,EliteOne Conditioner Max 2kg,CAT_006,SUP_105,435.42,29,486
PRD_1265,CarePlus Conditioner Daily 12pcs,CAT_006,SUP_105,548.52,33,681
PRD_1266,FamilyChoice Soap Lite 1kg,CAT_006,SUP_041,307.29,80,727
PRD_1267,FreshCo Body Lotion Classic 6pcs,CAT_006,SUP_152,626.98,41,
PRD_1268,FreshCo Shampoo Premium 2kg,CAT_006,SUP_020,292.04,67,492
PRD_1269,MunchTime Shampoo Family Pack 1kg,CAT_006,SUP_055,441.48,77,551
PRD_1270,QuickNest Toothpaste Classic 500g,CAT_006,SUP_013,57.78,25,554
PRD_1271,UrbanBasket Body Lotion Daily 100g,CAT_006,SUP_039,135.33,37,
PRD_1272,HappyHome Handwash Premium 1L,CAT_006,SUP_040,473.17,12,500
PRD_1273,UrbanBasket Shampoo Lite 1L,CAT_006,SUP_197,346.48,52,523
PRD_1274,EliteOne Conditioner Lite 24pcs,CAT_006,SUP_100,624.45,54,868
PRD_1275,ValueMart Shampoo Value Pack 750g,CAT_006,SUP_161,323.41,66,822
PRD_1276,UrbanBasket Conditioner Max 6pcs,CAT_006,SUP_110,232.04,78,787
PRD_1277,KitchenPro Handwash Regular 12pcs,CAT_006,SUP_130,486.21,52,746
PRD_1278,UrbanBasket Soap Classic 750g,CAT_006,SUP_197,129.33,78,714
PRD_1279,PureLeaf Face Wash Value Pack 100g,CAT_006,SUP_120,369.58,13,457
PRD_1280,ValueMart Toothpaste Premium 200ml,CAT_006,SUP_174,598.19,41,510
PRD_1281,ComfortLine Soap Lite 2kg,CAT_006,SUP_036,192.2,15,740
PRD_1282,SwiftCart Face Wash Fresh 250g,CAT_006,SUP_105,63.95,76,470
PRD_1283,HappyHome Face Wash Premium 1L,CAT_006,SUP_125,43.89,26,460
PRD_1284,QuickNest Conditioner Classic 200g,CAT_006,SUP_032,629.11,77,780
PRD_1285,EliteOne Shampoo Value Pack 12pcs,CAT_006,SUP_105,449.37,79,655
PRD_1286,FreshCo Face Wash Lite 200ml,CAT_006,SUP_036,617.52,31,879
PRD_1287,FreshCo Conditioner Plus 100g,CAT_006,SUP_110,648.55,23,589
PRD_1288,PureLeaf Soap Daily 2kg,CAT_006,SUP_119,302.9,32,447
PRD_1289,HealthySip Body Lotion Plus 200ml,CAT_006,SUP_164,581.14,78,411
PRD_1290,UrbanBasket Handwash Family Pack 500ml,CAT_006,SUP_119,343.11,39,645
PRD_1291,HealthySip Face Wash Daily 200g,CAT_006,SUP_074,137.74,34,854
PRD_1292,PureLeaf Toothpaste Value Pack 6pcs,CAT_006,SUP_164,91.32,67,739
PRD_1293,UrbanBasket Shampoo Fresh 1kg,CAT_006,SUP_016,531.03,34,698
PRD_1294,UrbanBasket Toothpaste Value Pack 200ml,CAT_006,SUP_036,137.37,57,463
PRD_1295,ValueMart Soap Classic 500ml,CAT_006,SUP_197,183.35,30,578
PRD_1296,HappyHome Conditioner Plus 750g,CAT_006,SUP_100,634.56,73,
PRD_1297,NutriMax Shampoo Premium 200ml,CAT_006,SUP_108,605.14,51,418
PRD_1298,MunchTime Conditioner Family Pack 12pcs,CAT_006,SUP_171,170.36,25,605
PRD_1299,HappyHome Shampoo Daily 100g,CAT_006,SUP_185,45.91,68,626
PRD_1300,GlowCare Face Wash Fresh 200g,CAT_006,SUP_036,516.79,56,603
PRD_1301,HealthySip Toothpaste Max 500ml,CAT_006,SUP_013,64.56,69,697
PRD_1302,PureLeaf Shampoo Regular 100g,CAT_006,SUP_085,385.39,11,838
PRD_1303,DailyDrop Conditioner Premium 2kg,CAT_006,SUP_114,207.9,36,
PRD_1304,FamilyChoice Handwash Fresh 200ml,CAT_006,SUP_136,591.59,55,376
PRD_1305,EliteOne Conditioner Premium 500g,CAT_006,SUP_143,290.4,52,381
PRD_1306,PrimePick Conditioner Classic 200ml,CAT_006,SUP_062,175.29,45,884
PRD_1307,DailyDrop Body Lotion Lite 500g,CAT_006,SUP_119,607.54,45,539
PRD_1308,DailyDrop Soap Premium 750g,CAT_006,SUP_161,571.12,39,
PRD_1309,ValueMart Body Lotion Premium 1L,CAT_006,SUP_120,242.52,80,544
PRD_1310,SwiftCart Handwash Max 200g,CAT_006,SUP_188,340.45,46,559
PRD_1311,ComfortLine Handwash Premium 500g,CAT_006,SUP_192,335.48,56,800
PRD_1312,KitchenPro Soap Plus 1kg,CAT_006,SUP_041,138.43,30,428
PRD_1313,EliteOne Shampoo Lite 500ml,CAT_006,SUP_041,220.8,64,649
PRD_1314,HappyHome Handwash Classic 24pcs,CAT_006,SUP_086,131.04,79,528
PRD_1315,PureLeaf Soap Premium 200g,CAT_006,SUP_110,288.71,25,510
PRD_1316,KitchenPro Soap Regular 250g,CAT_006,SUP_061,74.58,39,409
PRD_1317,MunchTime Soap Daily 500g,CAT_006,SUP_143,245.89,43,791
PRD_1318,SwiftCart Soap Daily 24pcs,CAT_006,SUP_197,431.32,31,731
PRD_1319,ValueMart Handwash Max 100g,CAT_006,SUP_117,221.35,28,480
PRD_1320,FreshCo Shampoo Premium 250g,CAT_006,SUP_040,450.15,66,512
PRD_1321,EliteOne Conditioner Plus 750g,CAT_006,SUP_099,450.59,13,414
PRD_1322,HealthySip Handwash Lite 12pcs,CAT_006,SUP_114,282.17,29,642
PRD_1323,QuickNest Soap Max 500ml,CAT_006,SUP_071,449.48,53,499
PRD_1324,ValueMart Soap Classic 1L,CAT_006,SUP_188,111.54,40,748
PRD_1325,HealthySip Soap Premium 1L,CAT_006,SUP_021,504.62,70,779
PRD_1326,SmartLife Handwash Plus 1kg,CAT_006,SUP_119,216.56,62,652
PRD_1327,CarePlus Body Lotion Premium 500g,CAT_006,SUP_020,417.83,19,494
PRD_1328,ComfortLine Shampoo Fresh 1kg,CAT_006,SUP_113,417.45,26,508
PRD_1329,MunchTime Soap Family Pack 24pcs,CAT_006,SUP_110,433.37,48,609
PRD_1330,HappyHome Shampoo Lite 200g,CAT_006,SUP_060,302.07,10,705
PRD_1331,HealthySip Handwash Lite 200ml,CAT_006,SUP_144,515.51,35,670
PRD_1332,DailyDrop Conditioner Regular 100g,CAT_006,SUP_141,194.69,74,
PRD_1333,KitchenPro Soap Regular 750g,CAT_006,SUP_139,506.87,11,472
PRD_1334,MunchTime Handwash Premium 100g,CAT_006,SUP_017,77.21,49,535
PRD_1335,GoodStore Shampoo Lite 250g,CAT_006,SUP_085,627.93,76,
PRD_1336,HealthySip Shampoo Premium 500ml,CAT_006,SUP_032,132.58,36,546
PRD_1337,MunchTime Soap Daily 1L,CAT_006,SUP_041,407.92,25,680
PRD_1338,HappyHome Face Wash Regular 12pcs,CAT_006,SUP_157,40.82,47,460
PRD_1339,SwiftCart Handwash Family Pack 1kg,CAT_006,SUP_035,178.03,69,662
PRD_1340,KitchenPro Soap Plus 500g,CAT_006,SUP_100,182.33,51,
PRD_1341,UrbanBasket Soap Daily 200ml,CAT_006,SUP_174,76.57,31,549
PRD_1342,KitchenPro Shampoo Family Pack 250g,CAT_006,SUP_139,558.16,36,700
PRD_1343,ValueMart Face Wash Regular 2kg,CAT_006,SUP_171,248.2,75,376
PRD_1344,HappyHome Face Wash Regular 6pcs,CAT_006,SUP_110,242.5,19,869
PRD_1345,PureLeaf Soap Classic 250g,CAT_006,SUP_099,197.74,29,403
PRD_1346,DailyDrop Body Lotion Lite 750g,CAT_006,SUP_200,425.14,74,799
PRD_1347,MunchTime Handwash Plus 200ml,CAT_006,SUP_144,374.37,33,750
PRD_1348,PureLeaf Handwash Value Pack 500g,CAT_006,SUP_188,444.93,75,649
PRD_1349,ComfortLine Soap Daily 250g,CAT_006,SUP_061,531.65,37,704
PRD_1350,CarePlus Handwash Plus 200g,CAT_006,SUP_016,383.99,33,492
PRD_1351,HealthySip Body Lotion Daily 500g,CAT_006,SUP_062,566.44,31,818
PRD_1352,MunchTime Handwash Classic 750g,CAT_006,SUP_055,475.98,45,386
PRD_1353,CarePlus Face Wash Regular 500g,CAT_006,SUP_134,360.54,70,720
PRD_1354,CarePlus Body Lotion Lite 1L,CAT_006,SUP_070,409.34,42,528
PRD_1355,KitchenPro Shampoo Classic 100g,CAT_006,SUP_062,414.84,47,559
PRD_1356,FamilyChoice Conditioner Plus 100g,CAT_006,SUP_020,194.72,25,816
PRD_1357,HealthySip Face Wash Premium 24pcs,CAT_006,SUP_125,238.75,79,760
PRD_1358,CarePlus Face Wash Fresh 200g,CAT_006,SUP_107,237.35,23,681
PRD_1359,KitchenPro Shampoo Lite 500g,CAT_006,SUP_116,249.07,41,891
PRD_1360,CarePlus Toothpaste Premium 6pcs,CAT_006,SUP_013,97.6,50,674
PRD_1361,SmartLife Face Wash Max 250g,CAT_006,SUP_016,600.22,14,473
PRD_1362,EliteOne Body Lotion Max 100g,CAT_006,SUP_161,585.5,52,609
PRD_1363,PrimePick Handwash Plus 12pcs,CAT_006,SUP_153,474.4,26,840
PRD_1364,NutriMax Handwash Max 6pcs,CAT_006,SUP_040,195.23,63,
PRD_1365,FreshCo Conditioner Premium 6pcs,CAT_006,SUP_197,369.58,49,615
PRD_1366,PureLeaf Conditioner Classic 500ml,CAT_006,SUP_141,542.4,14,565
PRD_1367,QuickNest Face Wash Daily 12pcs,CAT_006,SUP_074,377.4,34,872
PRD_1368,HappyHome Body Lotion Premium 24pcs,CAT_006,SUP_139,177.69,10,708
PRD_1369,DailyDrop Toothpaste Regular 500ml,CAT_006,SUP_108,286.88,63,892
PRD_1370,SwiftCart Shampoo Regular 2kg,CAT_006,SUP_161,647.3,55,557
PRD_1371,DailyDrop Body Lotion Regular 1kg,CAT_006,SUP_153,235.22,62,475
PRD_1372,GoodStore Conditioner Premium 12pcs,CAT_006,SUP_061,234.17,75,690
PRD_1373,HappyHome Conditioner Regular 250g,CAT_006,SUP_185,401.3,60,495
PRD_1374,SwiftCart Body Lotion Max 6pcs,CAT_006,SUP_017,490.49,78,839
PRD_1375,EliteOne Handwash Family Pack 12pcs,CAT_006,SUP_107,112.93,29,437
PRD_1376,CarePlus Conditioner Regular 1kg,CAT_006,SUP_100,530.5,28,466
PRD_1377,FamilyChoice Toothpaste Plus 6pcs,CAT_006,SUP_110,96.43,52,552
PRD_1378,UrbanBasket Shampoo Regular 1kg,CAT_006,SUP_125,508.17,61,475
PRD_1379,FamilyChoice Face Wash Premium 500ml,CAT_006,SUP_062,416.43,52,575
PRD_1380,GoodStore Conditioner Fresh 6pcs,CAT_006,SUP_100,177.88,51,
PRD_1381,MunchTime Toothpaste Regular 1L,CAT_006,SUP_192,221.83,37,
PRD_1382,UrbanBasket Conditioner Max 500g,CAT_006,SUP_117,92.48,48,799
PRD_1383,GlowCare Shampoo Value Pack 250g,CAT_006,SUP_032,397.21,64,406
PRD_1384,ValueMart Shampoo Premium 750g,CAT_006,SUP_099,540.24,47,791
PRD_1385,HealthySip Soap Family Pack 250g,CAT_006,SUP_020,205.79,15,733
PRD_1386,FreshCo Conditioner Plus 750g,CAT_006,SUP_060,414.32,74,596
PRD_1387,PrimePick Body Lotion Regular 200ml,CAT_006,SUP_071,372.31,61,740
PRD_1388,FreshCo Face Wash Family Pack 750g,CAT_006,SUP_032,85.53,70,688
PRD_1389,CarePlus Shampoo Regular 500ml,CAT_006,SUP_071,155.86,35,785
PRD_1390,PureLeaf Body Lotion Regular 6pcs,CAT_006,SUP_174,52.77,22,745
PRD_1391,FamilyChoice Body Lotion Max 500ml,CAT_006,SUP_161,468.29,66,480
PRD_1392,EliteOne Toothpaste Value Pack 250g,CAT_006,SUP_144,452.15,58,371
PRD_1393,QuickNest Handwash Max 500g,CAT_006,SUP_067,317.05,20,712
PRD_1394,DailyDrop Toothpaste Regular 250g,CAT_006,SUP_141,610.19,54,862
PRD_1395,ValueMart Face Wash Lite 1L,CAT_006,SUP_040,396.57,66,418
PRD_1396,SmartLife Body Lotion Lite 250g,CAT_006,SUP_152,324.7,45,698
PRD_1397,PrimePick Conditioner Family Pack 250g,CAT_006,SUP_200,77.27,26,778
PRD_1398,PureLeaf Shampoo Lite 1L,CAT_006,SUP_125,614.04,54,443
PRD_1399,NutriMax Toothpaste Family Pack 250g,CAT_006,SUP_061,315.77,60,722
PRD_1400,DailyDrop Conditioner Regular 6pcs,CAT_006,SUP_116,276.24,56,545
PRD_1401,NutriMax Soap Fresh 200ml,CAT_006,SUP_144,309.64,47,684
PRD_1402,SmartLife Body Lotion Classic 200g,CAT_006,SUP_164,536.37,16,642
PRD_1403,PrimePick Face Wash Regular 200ml,CAT_006,SUP_136,122.57,50,
PRD_1404,GoodStore Shampoo Regular 500ml,CAT_006,SUP_036,331.22,16,860
PRD_1405,SmartLife Conditioner Value Pack 200ml,CAT_006,SUP_107,394.86,61,877
PRD_1406,PrimePick Body Lotion Daily 24pcs,CAT_006,SUP_055,139.15,69,880
PRD_1407,PureLeaf Face Wash Premium 12pcs,CAT_006,SUP_055,487.96,52,866
PRD_1408,DailyDrop Face Wash Fresh 250g,CAT_006,SUP_200,75.72,10,435
PRD_1409,FreshCo Toothpaste Daily 2kg,CAT_006,SUP_152,403.09,70,655
PRD_1410,MunchTime Soap Premium 1kg,CAT_006,SUP_041,111.05,33,656
PRD_1411,ComfortLine Shampoo Family Pack 6pcs,CAT_006,SUP_086,369.57,52,647
PRD_1412,CarePlus Body Lotion Value Pack 24pcs,CAT_006,SUP_082,401.59,27,
PRD_1413,UrbanBasket Shampoo Max 500ml,CAT_006,SUP_060,220.76,25,719
PRD_1414,UrbanBasket Conditioner Plus 500ml,CAT_006,SUP_082,132.38,68,395
PRD_1415,PureLeaf Face Wash Daily 1L,CAT_006,SUP_113,403.36,26,668
PRD_1416,NutriMax Shampoo Lite 2kg,CAT_006,SUP_040,234.67,57,403
PRD_1417,KitchenPro Handwash Plus 1kg,CAT_006,SUP_067,346.52,39,642
PRD_1418,SmartLife Shampoo Regular 1kg,CAT_006,SUP_115,330.87,21,586
PRD_1419,GoodStore Face Wash Family Pack 200g,CAT_006,SUP_055,259.47,62,619
PRD_1420,KitchenPro Face Wash Max 24pcs,CAT_006,SUP_141,613.94,10,747
PRD_1421,KitchenPro Soap Plus 12pcs,CAT_006,SUP_171,573.83,15,408
PRD_1422,EliteOne Handwash Premium 1L,CAT_006,SUP_136,64.57,28,465
PRD_1423,SmartLife Soap Fresh 200ml,CAT_006,SUP_122,297.82,39,397
PRD_1424,EliteOne Shampoo Plus 24pcs,CAT_006,SUP_117,130.98,21,519
PRD_1425,KitchenPro Shampoo Value Pack 6pcs,CAT_006,SUP_071,248.53,30,525
PRD_1426,GoodStore Soap Daily 200ml,CAT_006,SUP_107,385.8,24,851
PRD_1427,HappyHome Soap Plus 250g,CAT_006,SUP_141,272.38,63,638
PRD_1428,HealthySip Body Lotion Value Pack 100g,CAT_006,SUP_152,405.67,52,
PRD_1429,SmartLife Body Lotion Fresh 200ml,CAT_006,SUP_017,171.96,42,728
PRD_1430,CarePlus Face Wash Classic 100g,CAT_006,SUP_136,69.5,20,
PRD_1431,SmartLife Toothpaste Max 6pcs,CAT_006,SUP_200,255.39,31,814
PRD_1432,SmartLife Conditioner Lite 2kg,CAT_006,SUP_174,543.82,15,
PRD_1433,CarePlus Conditioner Premium 100g,CAT_006,SUP_107,518.49,66,449
PRD_1434,HealthySip Toothpaste Daily 200g,CAT_006,SUP_017,292.63,25,776
PRD_1435,EliteOne Toothpaste Daily 200ml,CAT_006,SUP_134,293.23,60,797
PRD_1436,QuickNest Handwash Max 6pcs,CAT_006,SUP_099,388.68,54,780
PRD_1437,SwiftCart Handwash Fresh 1kg,CAT_006,SUP_055,543.16,78,417
PRD_1438,FreshCo Body Lotion Lite 750g,CAT_006,SUP_086,359.27,48,487
PRD_1439,PrimePick Shampoo Max 1kg,CAT_006,SUP_108,139.65,19,712
PRD_1440,PrimePick Conditioner Lite 1kg,CAT_006,SUP_064,188.94,44,882
PRD_1441,NutriMax Toothpaste Regular 2kg,CAT_006,SUP_064,274.91,47,713
PRD_1442,SmartLife Toothpaste Premium 500ml,CAT_006,SUP_113,334.81,17,884
PRD_1443,ValueMart Soap Premium 24pcs,CAT_006,SUP_188,551.88,56,815
PRD_1444,ValueMart Handwash Regular 500ml,CAT_006,SUP_053,83.4,25,697
PRD_1445,SmartLife Toothpaste Regular 750g,CAT_006,SUP_035,646.7,18,698
PRD_1446,EliteOne Body Lotion Lite 1kg,CAT_006,SUP_119,625.47,80,
PRD_1447,FamilyChoice Soap Regular 750g,CAT_006,SUP_105,514.46,50,772
PRD_1448,KitchenPro Face Wash Lite 1kg,CAT_006,SUP_035,360.19,53,365
PRD_1449,PrimePick Soap Family Pack 500ml,CAT_006,SUP_152,241.54,65,733
PRD_1450,GoodStore Soap Fresh 1L,CAT_006,SUP_016,87.08,21,709
PRD_1451,GoodStore Body Lotion Premium 12pcs,CAT_006,SUP_071,117.44,35,858
PRD_1452,UrbanBasket Face Wash Lite 200g,CAT_006,SUP_013,356.32,50,784
PRD_1453,NutriMax Face Wash Regular 750g,CAT_006,SUP_171,258.47,52,
PRD_1454,MunchTime Handwash Fresh 1L,CAT_006,SUP_107,457.43,52,389
PRD_1455,ValueMart Toothpaste Value Pack 12pcs,CAT_006,SUP_013,126.96,22,679
PRD_1456,SwiftCart Conditioner Lite 500g,CAT_006,SUP_016,42.55,66,456
PRD_1457,PrimePick Conditioner Family Pack 12pcs,CAT_006,SUP_115,431.51,36,475
PRD_1458,HappyHome Soap Premium 250g,CAT_006,SUP_134,292.34,77,613
PRD_1459,SwiftCart Conditioner Classic 200g,CAT_006,SUP_105,100.04,76,882
PRD_1460,KitchenPro Face Wash Family Pack 100g,CAT_006,SUP_035,484.48,57,
PRD_1461,FamilyChoice Shampoo Classic 1L,CAT_006,SUP_062,279.82,22,512
PRD_1462,QuickNest Shampoo Premium 100g,CAT_006,SUP_115,149.21,75,734
PRD_1463,FreshCo Conditioner Premium 24pcs,CAT_006,SUP_085,242.51,64,
PRD_1464,ComfortLine Shampoo Daily 500g,CAT_006,SUP_100,645.43,62,378
PRD_1465,ValueMart Soap Regular 6pcs,CAT_006,SUP_013,546.68,53,597
PRD_1466,PrimePick Shampoo Value Pack 12pcs,CAT_006,SUP_086,424.74,52,804
PRD_1467,NutriMax Toothpaste Fresh 250g,CAT_006,SUP_105,527.49,64,653
PRD_1468,ComfortLine Conditioner Fresh 500g,CAT_006,SUP_070,547.89,61,617
PRD_1469,SwiftCart Shampoo Classic 1L,CAT_006,SUP_020,150.55,46,774
PRD_1470,HappyHome Soap Lite 750g,CAT_006,SUP_100,582.98,49,658
PRD_1471,GoodStore Handwash Premium 100g,CAT_006,SUP_114,285.67,63,892
PRD_1472,HealthySip Body Lotion Daily 1kg,CAT_006,SUP_153,426.01,44,808
PRD_1473,SwiftCart Face Wash Regular 250g,CAT_006,SUP_197,646.39,64,578
PRD_1474,HappyHome Face Wash Family Pack 500ml,CAT_006,SUP_071,576.56,34,853
PRD_1475,PureLeaf Shampoo Max 200g,CAT_006,SUP_200,167.07,32,428
PRD_1476,PrimePick Body Lotion Regular 200ml,CAT_006,SUP_040,485.84,32,716
PRD_1477,GoodStore Toothpaste Classic 12pcs,CAT_006,SUP_117,258.26,27,827
PRD_1478,HealthySip Toothpaste Plus 200g,CAT_006,SUP_141,138.49,66,830
PRD_1479,ComfortLine Face Wash Value Pack 12pcs,CAT_006,SUP_060,82.18,56,799
PRD_1480,MunchTime Handwash Fresh 500g,CAT_006,SUP_071,256.45,59,796
PRD_1481,KitchenPro Toothpaste Premium 500g,CAT_006,SUP_100,383.97,15,711
PRD_1482,HealthySip Handwash Regular 6pcs,CAT_006,SUP_153,463.92,66,897
PRD_1483,HealthySip Shampoo Premium 6pcs,CAT_006,SUP_164,488.37,54,541
PRD_1484,FamilyChoice Face Wash Premium 6pcs,CAT_006,SUP_200,121.24,26,392
PRD_1485,GlowCare Soap Daily 2kg,CAT_006,SUP_035,353.36,34,422
PRD_1486,ValueMart Conditioner Regular 200g,CAT_006,SUP_082,43.94,15,695
PRD_1487,HappyHome Toothpaste Plus 1L,CAT_006,SUP_200,214.23,47,439
PRD_1488,KitchenPro Baby Wipes Max 12pcs,CAT_007,SUP_100,1077.6,49,682
PRD_1489,EliteOne Feeding Bottle Value Pack 1L,CAT_007,SUP_174,1058.5,42,710
PRD_1490,GlowCare Feeding Bottle Max 1kg,CAT_007,SUP_192,1148.69,58,
PRD_1491,GlowCare Baby Powder Fresh 200ml,CAT_007,SUP_100,967.2,10,332
PRD_1492,MunchTime Baby Wipes Premium 200g,CAT_007,SUP_100,99.26,52,
PRD_1493,HealthySip Baby Soap Lite 500g,CAT_007,SUP_196,1609.75,43,
PRD_1494,DailyDrop Diapers Max 200g,CAT_007,SUP_192,1469.68,28,204
PRD_1495,ValueMart Diapers Daily 2kg,CAT_007,SUP_192,1364.76,60,221
PRD_1496,PrimePick Baby Lotion Daily 750g,CAT_007,SUP_185,374.57,43,618
PRD_1497,UrbanBasket Diapers Fresh 6pcs,CAT_007,SUP_174,729.43,34,224
PRD_1498,MunchTime Baby Soap Value Pack 500g,CAT_007,SUP_192,1083.11,15,227
PRD_1499,HealthySip Baby Soap Value Pack 500ml,CAT_007,SUP_070,368.55,40,189
PRD_1500,GoodStore Baby Lotion Classic 500ml,CAT_007,SUP_174,961.45,27,560
PRD_1501,KitchenPro Diapers Plus 200g,CAT_007,SUP_057,1472.65,24,695
PRD_1502,GlowCare Baby Lotion Max 200ml,CAT_007,SUP_148,1189.92,18,316
PRD_1503,ValueMart Diapers Value Pack 500ml,CAT_007,SUP_087,570.75,26,451
PRD_1504,HealthySip Baby Wipes Lite 2kg,CAT_007,SUP_108,639.04,14,426
PRD_1505,GlowCare Feeding Bottle Premium 200ml,CAT_007,SUP_112,1212.87,24,704
PRD_1506,HealthySip Feeding Bottle Fresh 6pcs,CAT_007,SUP_192,92.97,54,509
PRD_1507,EliteOne Baby Powder Max 200ml,CAT_007,SUP_070,422.62,50,187
PRD_1508,FamilyChoice Baby Wipes Plus 100g,CAT_007,SUP_100,1170.97,55,700
PRD_1509,EliteOne Baby Soap Daily 2kg,CAT_007,SUP_192,299.48,20,664
PRD_1510,SmartLife Baby Lotion Classic 1kg,CAT_007,SUP_196,300.34,22,343
PRD_1511,DailyDrop Baby Powder Regular 250g,CAT_007,SUP_189,930.1,21,728
PRD_1512,EliteOne Feeding Bottle Regular 100g,CAT_007,SUP_140,475.98,18,487
PRD_1513,KitchenPro Diapers Regular 1kg,CAT_007,SUP_155,951.25,32,666
PRD_1514,DailyDrop Baby Lotion Family Pack 6pcs,CAT_007,SUP_193,205.68,38,385
PRD_1515,SmartLife Baby Wipes Premium 1L,CAT_007,SUP_087,710.67,14,268
PRD_1516,SmartLife Diapers Regular 200g,CAT_007,SUP_091,324.28,29,362
PRD_1517,GoodStore Diapers Classic 1kg,CAT_007,SUP_057,287.45,11,192
PRD_1518,KitchenPro Feeding Bottle Fresh 1L,CAT_007,SUP_155,805.04,37,285
PRD_1519,FreshCo Baby Lotion Max 12pcs,CAT_007,SUP_112,1323.43,12,278
PRD_1520,PureLeaf Diapers Daily 2kg,CAT_007,SUP_140,803.79,29,371
PRD_1521,EliteOne Baby Lotion Max 200g,CAT_007,SUP_123,1166.76,31,646
PRD_1522,HappyHome Feeding Bottle Max 1kg,CAT_007,SUP_186,970.73,25,563
PRD_1523,PureLeaf Feeding Bottle Daily 250g,CAT_007,SUP_108,1642.1,13,194
PRD_1524,KitchenPro Baby Lotion Max 500g,CAT_007,SUP_008,1367.23,44,
PRD_1525,GoodStore Diapers Value Pack 500g,CAT_007,SUP_100,309.1,28,698
PRD_1526,SmartLife Diapers Plus 1L,CAT_007,SUP_104,104.49,58,323
PRD_1527,ComfortLine Baby Wipes Premium 12pcs,CAT_007,SUP_087,905.94,49,679
PRD_1528,SwiftCart Baby Powder Regular 1L,CAT_007,SUP_100,905.03,26,352
PRD_1529,EliteOne Diapers Fresh 24pcs,CAT_007,SUP_125,1554.13,36,701
PRD_1530,HappyHome Baby Soap Premium 1kg,CAT_007,SUP_008,1390.49,34,697
PRD_1531,FamilyChoice Baby Lotion Value Pack 24pcs,CAT_007,SUP_155,1261.16,32,313
PRD_1532,GoodStore Feeding Bottle Family Pack 1kg,CAT_007,SUP_155,1247.62,34,618
PRD_1533,QuickNest Baby Soap Fresh 1L,CAT_007,SUP_057,931.01,33,510
PRD_1534,GoodStore Feeding Bottle Classic 250g,CAT_007,SUP_008,948.39,60,661
PRD_1535,FamilyChoice Feeding Bottle Daily 250g,CAT_007,SUP_125,170.81,20,345
PRD_1536,MunchTime Baby Wipes Fresh 750g,CAT_007,SUP_104,68.94,60,200
PRD_1537,KitchenPro Baby Powder Classic 1L,CAT_007,SUP_186,1247.82,48,
PRD_1538,NutriMax Baby Wipes Lite 200ml,CAT_007,SUP_193,1701.82,60,291
PRD_1539,SmartLife Baby Wipes Plus 2kg,CAT_007,SUP_138,604.48,16,370
PRD_1540,HappyHome Diapers Value Pack 2kg,CAT_007,SUP_108,202.62,13,214
PRD_1541,ValueMart Feeding Bottle Daily 750g,CAT_007,SUP_193,1579.1,54,698
PRD_1542,CarePlus Baby Soap Lite 200g,CAT_007,SUP_077,1308.39,36,
PRD_1543,CarePlus Diapers Value Pack 24pcs,CAT_007,SUP_057,1537.43,53,266
PRD_1544,GoodStore Baby Soap Plus 2kg,CAT_007,SUP_008,352.8,20,477
PRD_1545,HappyHome Diapers Value Pack 250g,CAT_007,SUP_002,1015.1,59,663
PRD_1546,QuickNest Diapers Value Pack 24pcs,CAT_007,SUP_192,1065.42,26,611
PRD_1547,ValueMart Baby Powder Classic 6pcs,CAT_007,SUP_172,1501.95,41,182
PRD_1548,FreshCo Baby Soap Premium 100g,CAT_007,SUP_138,1294.34,44,
PRD_1549,SmartLife Baby Powder Plus 200g,CAT_007,SUP_189,875.69,57,432
PRD_1550,UrbanBasket Feeding Bottle Lite 2kg,CAT_007,SUP_193,1664.61,40,203
PRD_1551,EliteOne Diapers Fresh 12pcs,CAT_007,SUP_123,302.29,27,229
PRD_1552,EliteOne Baby Powder Fresh 24pcs,CAT_007,SUP_100,592.96,59,514
PRD_1553,UrbanBasket Baby Soap Daily 500g,CAT_007,SUP_123,183.39,36,450
PRD_1554,PureLeaf Baby Lotion Plus 1L,CAT_007,SUP_104,1560.74,17,566
PRD_1555,CarePlus Feeding Bottle Family Pack 2kg,CAT_007,SUP_002,1155.55,22,
PRD_1556,ValueMart Diapers Value Pack 500g,CAT_007,SUP_057,290.18,49,531
PRD_1557,QuickNest Baby Soap Classic 1L,CAT_007,SUP_125,1073.77,39,180
PRD_1558,NutriMax Baby Powder Premium 12pcs,CAT_007,SUP_138,157.72,24,415
PRD_1559,KitchenPro Baby Powder Family Pack 200ml,CAT_007,SUP_100,977.96,38,277
PRD_1560,NutriMax Baby Wipes Regular 200ml,CAT_007,SUP_108,351.38,16,656
PRD_1561,ComfortLine Diapers Classic 100g,CAT_007,SUP_087,117.89,34,729
PRD_1562,CarePlus Feeding Bottle Fresh 750g,CAT_007,SUP_140,169.85,36,489
PRD_1563,NutriMax Baby Lotion Premium 24pcs,CAT_007,SUP_070,884.77,46,273
PRD_1564,MunchTime Baby Wipes Classic 2kg,CAT_007,SUP_140,782.35,30,624
PRD_1565,SmartLife Baby Lotion Family Pack 200g,CAT_007,SUP_108,1426.01,44,
PRD_1566,ValueMart Baby Wipes Regular 200ml,CAT_007,SUP_104,1487.24,58,452
PRD_1567,KitchenPro Feeding Bottle Classic 24pcs,CAT_007,SUP_100,541.75,11,311
PRD_1568,HealthySip Diapers Plus 200ml,CAT_007,SUP_138,952.4,43,
PRD_1569,KitchenPro Feeding Bottle Lite 200g,CAT_007,SUP_087,602.13,34,504
PRD_1570,FamilyChoice Baby Lotion Regular 200g,CAT_007,SUP_155,511.71,25,344
PRD_1571,GoodStore Baby Powder Regular 12pcs,CAT_007,SUP_057,415.38,14,605
PRD_1572,FreshCo Feeding Bottle Classic 24pcs,CAT_007,SUP_008,442.16,18,521
PRD_1573,ValueMart Feeding Bottle Max 6pcs,CAT_007,SUP_104,1528.35,31,618
PRD_1574,PrimePick Feeding Bottle Plus 100g,CAT_007,SUP_077,1369.96,55,709
PRD_1575,SmartLife Feeding Bottle Daily 1kg,CAT_007,SUP_098,1317.65,42,692
PRD_1576,ValueMart Diapers Fresh 500g,CAT_007,SUP_087,267.3,13,304
PRD_1577,PrimePick Feeding Bottle Plus 1L,CAT_007,SUP_104,666.97,52,238
PRD_1578,MunchTime Baby Lotion Lite 200ml,CAT_007,SUP_100,1141.12,37,285
PRD_1579,EliteOne Baby Wipes Value Pack 1kg,CAT_007,SUP_077,252.45,45,497
PRD_1580,KitchenPro Diapers Lite 1kg,CAT_007,SUP_140,464.95,32,651
PRD_1581,EliteOne Baby Soap Classic 500g,CAT_007,SUP_196,127.79,22,619
PRD_1582,ComfortLine Baby Powder Family Pack 6pcs,CAT_007,SUP_098,1456.18,22,292
PRD_1583,HappyHome Baby Soap Lite 750g,CAT_007,SUP_148,832.88,48,368
PRD_1584,ComfortLine Baby Soap Daily 2kg,CAT_007,SUP_100,945.48,24,
PRD_1585,UrbanBasket Baby Wipes Lite 1kg,CAT_007,SUP_112,77.24,43,
PRD_1586,FreshCo Diapers Fresh 12pcs,CAT_007,SUP_155,900.82,51,475
PRD_1587,HealthySip Baby Soap Family Pack 200g,CAT_007,SUP_087,546.23,10,247
PRD_1588,HappyHome Baby Wipes Value Pack 24pcs,CAT_007,SUP_108,1786.32,59,542
PRD_1589,HealthySip Feeding Bottle Lite 2kg,CAT_007,SUP_155,524.71,35,700
PRD_1590,ComfortLine Baby Wipes Value Pack 500g,CAT_007,SUP_172,72.15,21,477
PRD_1591,HappyHome Feeding Bottle Lite 2kg,CAT_007,SUP_155,468.47,60,377
PRD_1592,FreshCo Baby Wipes Value Pack 750g,CAT_007,SUP_193,646.96,33,590
PRD_1593,MunchTime Baby Powder Regular 500g,CAT_007,SUP_112,61.04,10,420
PRD_1594,MunchTime Feeding Bottle Classic 200g,CAT_007,SUP_125,298.42,56,262
PRD_1595,PureLeaf Baby Wipes Plus 12pcs,CAT_007,SUP_192,804.99,44,
PRD_1596,GlowCare Baby Wipes Plus 12pcs,CAT_007,SUP_172,823.25,20,391
PRD_1597,QuickNest Baby Powder Premium 200g,CAT_007,SUP_070,1465.69,60,604
PRD_1598,DailyDrop Diapers Family Pack 1kg,CAT_007,SUP_125,994.45,10,722
PRD_1599,ComfortLine Baby Lotion Daily 6pcs,CAT_007,SUP_087,650.42,27,
PRD_1600,DailyDrop Feeding Bottle Value Pack 100g,CAT_007,SUP_186,578.64,23,
PRD_1601,GlowCare Baby Powder Plus 750g,CAT_007,SUP_192,345.86,55,619
PRD_1602,PrimePick Baby Lotion Classic 500ml,CAT_007,SUP_112,273.15,28,661
PRD_1603,QuickNest Baby Wipes Fresh 250g,CAT_007,SUP_125,1642.41,10,656
PRD_1604,MunchTime Baby Lotion Premium 250g,CAT_007,SUP_138,266.47,10,358
PRD_1605,FamilyChoice Feeding Bottle Lite 2kg,CAT_007,SUP_100,889.16,30,
PRD_1606,PureLeaf Diapers Lite 100g,CAT_007,SUP_125,353.73,49,717
PRD_1607,NutriMax Baby Lotion Value Pack 2kg,CAT_007,SUP_100,950.5,10,350
PRD_1608,QuickNest Baby Powder Regular 500ml,CAT_007,SUP_155,85.02,32,570
PRD_1609,PureLeaf Baby Wipes Max 12pcs,CAT_007,SUP_174,406.64,16,287
PRD_1610,GoodStore Baby Wipes Max 6pcs,CAT_007,SUP_148,562.81,55,631
PRD_1611,PrimePick Baby Wipes Family Pack 100g,CAT_007,SUP_091,1372.89,25,
PRD_1612,HealthySip Diapers Lite 750g,CAT_007,SUP_087,1090.47,11,189
PRD_1613,KitchenPro Baby Soap Max 200g,CAT_007,SUP_148,398.04,26,664
PRD_1614,NutriMax Baby Soap Fresh 12pcs,CAT_007,SUP_125,1503.89,31,519
PRD_1615,HealthySip Baby Soap Lite 200g,CAT_007,SUP_123,1214.25,56,680
PRD_1616,UrbanBasket Baby Lotion Value Pack 500g,CAT_007,SUP_091,758.61,28,
PRD_1617,FamilyChoice Baby Wipes Daily 750g,CAT_007,SUP_192,383.57,32,589
PRD_1618,HappyHome Baby Powder Classic 1L,CAT_007,SUP_186,425.22,24,223
PRD_1619,ValueMart Baby Powder Premium 2kg,CAT_007,SUP_193,1747.13,42,727
PRD_1620,SwiftCart Baby Soap Classic 1kg,CAT_007,SUP_108,371.63,36,364
PRD_1621,SwiftCart Feeding Bottle Regular 2kg,CAT_007,SUP_112,1288.36,11,
PRD_1622,PureLeaf Diapers Classic 250g,CAT_007,SUP_098,892,44,258
PRD_1623,HealthySip Baby Soap Value Pack 200ml,CAT_007,SUP_185,1153.71,38,
PRD_1624,FreshCo Feeding Bottle Classic 1kg,CAT_007,SUP_008,843.49,50,694
PRD_1625,MunchTime Baby Powder Daily 1kg,CAT_007,SUP_002,1497.14,40,222
PRD_1626,DailyDrop Baby Wipes Value Pack 24pcs,CAT_007,SUP_138,180.12,10,449
PRD_1627,UrbanBasket Diapers Daily 500ml,CAT_007,SUP_140,1228.25,15,282
PRD_1628,GlowCare Diapers Lite 750g,CAT_007,SUP_193,1137.35,35,
PRD_1629,UrbanBasket Baby Soap Family Pack 100g,CAT_007,SUP_091,1258.53,30,305
PRD_1630,GlowCare Baby Soap Lite 750g,CAT_007,SUP_123,480.8,42,253
PRD_1631,HealthySip Baby Lotion Plus 24pcs,CAT_007,SUP_172,1743.87,56,
PRD_1632,ComfortLine Baby Lotion Regular 250g,CAT_007,SUP_192,1080.53,41,706
PRD_1633,NutriMax Diapers Family Pack 500ml,CAT_007,SUP_125,1381.2,37,
PRD_1634,GlowCare Baby Soap Value Pack 200ml,CAT_007,SUP_112,880.08,11,471
PRD_1635,KitchenPro Baby Powder Plus 200g,CAT_007,SUP_104,960.09,22,450
PRD_1636,ComfortLine Baby Lotion Plus 250g,CAT_007,SUP_008,406.86,31,691
PRD_1637,UrbanBasket Baby Soap Fresh 100g,CAT_007,SUP_138,1260.68,42,253
PRD_1638,CarePlus Baby Soap Lite 6pcs,CAT_007,SUP_125,1322,57,606
PRD_1639,FamilyChoice Baby Powder Value Pack 200g,CAT_007,SUP_057,211.5,50,608
PRD_1640,UrbanBasket Baby Soap Max 24pcs,CAT_007,SUP_108,1009.15,55,299
PRD_1641,PrimePick Baby Wipes Value Pack 6pcs,CAT_007,SUP_193,1006.51,33,408
PRD_1642,KitchenPro Baby Powder Daily 750g,CAT_007,SUP_148,1537.13,41,497
PRD_1643,UrbanBasket Baby Powder Fresh 100g,CAT_007,SUP_123,1473.45,13,516
PRD_1644,KitchenPro Baby Powder Premium 2kg,CAT_007,SUP_057,253.99,59,547
PRD_1645,EliteOne Feeding Bottle Regular 750g,CAT_007,SUP_100,1071.92,20,520
PRD_1646,UrbanBasket Baby Powder Fresh 24pcs,CAT_007,SUP_196,1011.22,38,331
PRD_1647,MunchTime Diapers Lite 250g,CAT_007,SUP_140,200.86,26,453
PRD_1648,UrbanBasket Diapers Value Pack 2kg,CAT_007,SUP_138,1328.23,29,280
PRD_1649,MunchTime Baby Powder Max 24pcs,CAT_007,SUP_185,1102.91,26,252
PRD_1650,PureLeaf Baby Lotion Lite 24pcs,CAT_007,SUP_077,1609.01,38,311
PRD_1651,UrbanBasket Baby Wipes Daily 12pcs,CAT_007,SUP_100,1716.59,29,555
PRD_1652,SwiftCart Feeding Bottle Fresh 2kg,CAT_007,SUP_196,1099.53,52,444
PRD_1653,GlowCare Diapers Classic 200g,CAT_007,SUP_091,606.44,36,426
PRD_1654,HealthySip Feeding Bottle Plus 200ml,CAT_007,SUP_192,1354.4,35,333
PRD_1655,ComfortLine Feeding Bottle Max 12pcs,CAT_007,SUP_108,655.31,37,612
PRD_1656,ComfortLine Baby Powder Plus 1kg,CAT_007,SUP_104,834.04,12,629
PRD_1657,UrbanBasket Baby Lotion Lite 250g,CAT_007,SUP_196,1655.96,28,
PRD_1658,SwiftCart Baby Wipes Family Pack 100g,CAT_007,SUP_196,580.66,21,356
PRD_1659,HealthySip Baby Wipes Lite 6pcs,CAT_007,SUP_008,603.21,12,228
PRD_1660,KitchenPro Baby Wipes Fresh 6pcs,CAT_007,SUP_077,1536.34,44,487
PRD_1661,SmartLife Diapers Max 24pcs,CAT_007,SUP_002,1436.83,16,225
PRD_1662,KitchenPro Baby Soap Premium 100g,CAT_007,SUP_091,1350.43,25,
PRD_1663,MunchTime Baby Wipes Max 200ml,CAT_007,SUP_196,1530.37,10,
PRD_1664,EliteOne Baby Soap Family Pack 500g,CAT_007,SUP_108,759.26,25,
PRD_1665,GlowCare Baby Powder Regular 100g,CAT_007,SUP_196,843.61,38,666
PRD_1666,KitchenPro Diapers Max 2kg,CAT_007,SUP_172,681.15,25,
PRD_1667,ComfortLine Baby Powder Fresh 12pcs,CAT_007,SUP_108,384.37,50,513
PRD_1668,HealthySip Diapers Max 2kg,CAT_007,SUP_186,1009.51,35,513
PRD_1669,ComfortLine Baby Powder Max 6pcs,CAT_007,SUP_193,567.93,35,300
PRD_1670,DailyDrop Feeding Bottle Classic 500ml,CAT_007,SUP_155,899.73,12,615
PRD_1671,PureLeaf Baby Powder Premium 500ml,CAT_007,SUP_100,984.56,35,638
PRD_1672,KitchenPro Feeding Bottle Premium 200ml,CAT_007,SUP_125,1126.88,53,465
PRD_1673,NutriMax Baby Powder Plus 200ml,CAT_007,SUP_196,581.42,35,461
PRD_1674,SmartLife Baby Wipes Family Pack 12pcs,CAT_007,SUP_125,949.09,57,636
PRD_1675,MunchTime Baby Lotion Fresh 500g,CAT_007,SUP_193,682.85,22,516
PRD_1676,PureLeaf Baby Powder Max 1L,CAT_007,SUP_002,1520.03,11,455
PRD_1677,GlowCare Baby Lotion Regular 2kg,CAT_007,SUP_104,1326.92,12,362
PRD_1678,ValueMart Baby Soap Family Pack 1L,CAT_007,SUP_108,1332.38,11,691
PRD_1679,UrbanBasket Feeding Bottle Max 6pcs,CAT_007,SUP_002,1757.21,25,518
PRD_1680,HappyHome Baby Wipes Daily 250g,CAT_007,SUP_125,654.46,55,313
PRD_1681,KitchenPro Diapers Value Pack 200ml,CAT_007,SUP_193,925.22,45,
PRD_1682,GoodStore Baby Wipes Classic 100g,CAT_007,SUP_189,248.19,39,552
PRD_1683,NutriMax Baby Lotion Lite 6pcs,CAT_007,SUP_091,744.93,16,659
PRD_1684,DailyDrop Baby Powder Premium 24pcs,CAT_007,SUP_138,1546.91,15,
PRD_1685,SwiftCart Baby Soap Family Pack 1L,CAT_007,SUP_123,1573.19,52,
PRD_1686,CarePlus Baby Powder Value Pack 200ml,CAT_007,SUP_138,1411.63,14,702
PRD_1687,DailyDrop Baby Lotion Fresh 24pcs,CAT_007,SUP_100,536.97,12,557
PRD_1688,FamilyChoice Baby Wipes Premium 1L,CAT_007,SUP_087,1347.37,46,188
PRD_1689,MunchTime Diapers Max 24pcs,CAT_007,SUP_174,1165.46,38,
PRD_1690,SwiftCart Diapers Daily 24pcs,CAT_007,SUP_185,961.45,17,328
PRD_1691,GoodStore Diapers Fresh 100g,CAT_007,SUP_123,1515.56,47,651
PRD_1692,SwiftCart Baby Wipes Regular 500g,CAT_007,SUP_091,1345.41,23,682
PRD_1693,SmartLife Feeding Bottle Max 12pcs,CAT_007,SUP_174,1311.49,21,543
PRD_1694,HealthySip Baby Powder Premium 12pcs,CAT_007,SUP_002,221.32,43,348
PRD_1695,NutriMax Feeding Bottle Lite 1kg,CAT_007,SUP_123,1489.66,26,695
PRD_1696,MunchTime Baby Wipes Classic 2kg,CAT_007,SUP_193,363.79,43,285
PRD_1697,PureLeaf Baby Soap Fresh 750g,CAT_007,SUP_091,1298.49,13,376
PRD_1698,QuickNest Diapers Plus 1kg,CAT_007,SUP_189,275.95,21,260
PRD_1699,CarePlus Feeding Bottle Fresh 250g,CAT_007,SUP_155,1314.77,15,571
PRD_1700,PrimePick Baby Wipes Plus 24pcs,CAT_007,SUP_155,631.39,20,626
PRD_1701,MunchTime Baby Soap Regular 500ml,CAT_007,SUP_196,103.09,21,181
PRD_1702,PrimePick Baby Soap Classic 24pcs,CAT_007,SUP_087,979.86,20,488
PRD_1703,UrbanBasket Baby Powder Regular 200g,CAT_007,SUP_138,1326.74,30,
PRD_1704,ValueMart Baby Soap Classic 2kg,CAT_007,SUP_140,508.01,45,656
PRD_1705,PrimePick Diapers Classic 1L,CAT_007,SUP_008,730.86,23,617
PRD_1706,FamilyChoice Feeding Bottle Plus 750g,CAT_007,SUP_140,1364.92,31,415
PRD_1707,GoodStore Feeding Bottle Regular 750g,CAT_007,SUP_189,663.78,48,199
PRD_1708,QuickNest Diapers Daily 500ml,CAT_007,SUP_002,1665.4,16,308
PRD_1709,GlowCare Feeding Bottle Family Pack 200ml,CAT_007,SUP_070,1320.97,47,425
PRD_1710,ComfortLine Baby Powder Max 6pcs,CAT_007,SUP_087,1560.73,31,554
PRD_1711,GlowCare Baby Lotion Family Pack 24pcs,CAT_007,SUP_108,131.23,15,230
PRD_1712,DailyDrop Diapers Regular 500ml,CAT_007,SUP_140,1348.75,33,445
PRD_1713,PrimePick Feeding Bottle Fresh 500ml,CAT_007,SUP_108,1230.6,30,427
PRD_1714,UrbanBasket Floor Cleaner Fresh 500ml,CAT_008,SUP_084,166.74,66,746
PRD_1715,PureLeaf Bleach Lite 24pcs,CAT_008,SUP_033,347.42,42,807
PRD_1716,GoodStore Detergent Value Pack 1L,CAT_008,SUP_047,558.95,66,
PRD_1717,KitchenPro Dishwash Liquid Premium 500ml,CAT_008,SUP_137,599.68,51,647
PRD_1718,QuickNest Dishwash Liquid Fresh 6pcs,CAT_008,SUP_181,215.98,61,389
PRD_1719,DailyDrop Detergent Premium 24pcs,CAT_008,SUP_021,127.49,66,544
PRD_1720,EliteOne Dishwash Liquid Classic 12pcs,CAT_008,SUP_121,326.22,96,841
PRD_1721,CarePlus Dishwash Liquid Daily 24pcs,CAT_008,SUP_058,517.4,80,596
PRD_1722,CarePlus Bleach Value Pack 1kg,CAT_008,SUP_098,663.46,11,894
PRD_1723,EliteOne Toilet Cleaner Lite 6pcs,CAT_008,SUP_182,115.37,93,799
PRD_1724,CarePlus Bleach Regular 200g,CAT_008,SUP_090,425.45,27,452
PRD_1725,HappyHome Bleach Regular 24pcs,CAT_008,SUP_121,451.19,39,673
PRD_1726,PrimePick Detergent Plus 12pcs,CAT_008,SUP_108,114.67,61,
PRD_1727,UrbanBasket Detergent Plus 100g,CAT_008,SUP_170,678.08,67,582
PRD_1728,HappyHome Surface Cleaner Premium 200ml,CAT_008,SUP_087,612.3,56,889
PRD_1729,FamilyChoice Toilet Cleaner Daily 2kg,CAT_008,SUP_090,505.56,77,406
PRD_1730,QuickNest Surface Cleaner Max 1L,CAT_008,SUP_065,460,28,643
PRD_1731,HealthySip Surface Cleaner Plus 12pcs,CAT_008,SUP_022,222.39,89,504
PRD_1732,FamilyChoice Floor Cleaner Max 250g,CAT_008,SUP_121,651.02,62,894
PRD_1733,FamilyChoice Floor Cleaner Premium 500ml,CAT_008,SUP_035,643.32,14,774
PRD_1734,HealthySip Surface Cleaner Lite 100g,CAT_008,SUP_087,405.16,22,703
PRD_1735,ComfortLine Detergent Premium 2kg,CAT_008,SUP_145,273.13,99,614
PRD_1736,EliteOne Dishwash Liquid Classic 750g,CAT_008,SUP_090,538.65,11,472
PRD_1737,SwiftCart Floor Cleaner Value Pack 1kg,CAT_008,SUP_087,676.4,86,849
PRD_1738,SmartLife Dishwash Liquid Classic 200ml,CAT_008,SUP_196,442.09,11,
PRD_1739,EliteOne Floor Cleaner Classic 2kg,CAT_008,SUP_084,603.12,85,380
PRD_1740,HappyHome Dishwash Liquid Max 250g,CAT_008,SUP_120,72.89,69,693
PRD_1741,GoodStore Detergent Premium 1kg,CAT_008,SUP_160,314.17,22,881
PRD_1742,HealthySip Surface Cleaner Value Pack 1L,CAT_008,SUP_021,174.77,61,533
PRD_1743,GlowCare Dishwash Liquid Daily 200ml,CAT_008,SUP_170,135.34,59,
PRD_1744,FamilyChoice Floor Cleaner Max 6pcs,CAT_008,SUP_021,359.61,16,404
PRD_1745,MunchTime Toilet Cleaner Regular 250g,CAT_008,SUP_101,311.54,24,375
PRD_1746,ComfortLine Bleach Plus 2kg,CAT_008,SUP_119,502.27,70,785
PRD_1747,PureLeaf Surface Cleaner Classic 500ml,CAT_008,SUP_021,697.08,94,860
PRD_1748,QuickNest Toilet Cleaner Premium 6pcs,CAT_008,SUP_022,214.14,100,851
PRD_1749,FreshCo Toilet Cleaner Value Pack 1L,CAT_008,SUP_145,185.91,32,508
PRD_1750,GoodStore Toilet Cleaner Family Pack 200g,CAT_008,SUP_058,272.21,77,700
PRD_1751,DailyDrop Bleach Fresh 1L,CAT_008,SUP_110,575.57,34,664
PRD_1752,FamilyChoice Surface Cleaner Premium 100g,CAT_008,SUP_058,339.79,18,888
PRD_1753,FreshCo Floor Cleaner Family Pack 750g,CAT_008,SUP_047,311.97,63,648
PRD_1754,EliteOne Toilet Cleaner Premium 200ml,CAT_008,SUP_058,589.22,78,846
PRD_1755,PureLeaf Bleach Daily 2kg,CAT_008,SUP_160,658.01,86,729
PRD_1756,FreshCo Surface Cleaner Plus 1kg,CAT_008,SUP_165,489.8,87,439
PRD_1757,FreshCo Surface Cleaner Regular 500ml,CAT_008,SUP_182,659.82,77,545
PRD_1758,UrbanBasket Dishwash Liquid Premium 200g,CAT_008,SUP_058,265.91,65,469
PRD_1759,SmartLife Floor Cleaner Lite 250g,CAT_008,SUP_013,547.46,60,741
PRD_1760,PrimePick Detergent Plus 750g,CAT_008,SUP_022,203.13,24,585
PRD_1761,ComfortLine Detergent Lite 1kg,CAT_008,SUP_033,301.7,60,886
PRD_1762,DailyDrop Toilet Cleaner Plus 750g,CAT_008,SUP_152,247.92,13,645
PRD_1763,PrimePick Dishwash Liquid Regular 2kg,CAT_008,SUP_013,313.35,45,465
PRD_1764,SwiftCart Surface Cleaner Family Pack 100g,CAT_008,SUP_047,332.45,70,673
PRD_1765,EliteOne Bleach Max 500g,CAT_008,SUP_014,167.43,44,874
PRD_1766,GlowCare Bleach Value Pack 200g,CAT_008,SUP_137,192.2,87,789
PRD_1767,MunchTime Dishwash Liquid Plus 500ml,CAT_008,SUP_007,136.67,59,571
PRD_1768,FreshCo Surface Cleaner Family Pack 2kg,CAT_008,SUP_033,239.6,89,
PRD_1769,GoodStore Dishwash Liquid Premium 1L,CAT_008,SUP_047,238.01,10,531
PRD_1770,PrimePick Bleach Daily 750g,CAT_008,SUP_108,481.43,26,732
PRD_1771,UrbanBasket Surface Cleaner Fresh 6pcs,CAT_008,SUP_035,670.06,97,534
PRD_1772,NutriMax Floor Cleaner Lite 500ml,CAT_008,SUP_047,488.12,99,810
PRD_1773,KitchenPro Bleach Max 500ml,CAT_008,SUP_160,482.08,31,496
PRD_1774,MunchTime Detergent Value Pack 1L,CAT_008,SUP_022,505.71,82,563
PRD_1775,DailyDrop Detergent Value Pack 200ml,CAT_008,SUP_013,216.67,58,836
PRD_1776,GlowCare Toilet Cleaner Family Pack 1kg,CAT_008,SUP_014,135.19,40,731
PRD_1777,DailyDrop Dishwash Liquid Fresh 250g,CAT_008,SUP_007,686.37,60,744
PRD_1778,UrbanBasket Dishwash Liquid Premium 2kg,CAT_008,SUP_170,283.82,66,731
PRD_1779,GoodStore Toilet Cleaner Plus 750g,CAT_008,SUP_035,516.29,36,816
PRD_1780,FamilyChoice Bleach Regular 24pcs,CAT_008,SUP_117,660.27,39,784
PRD_1781,QuickNest Toilet Cleaner Max 24pcs,CAT_008,SUP_067,542,95,478
PRD_1782,PureLeaf Floor Cleaner Family Pack 1kg,CAT_008,SUP_121,610.92,58,675
PRD_1783,PureLeaf Bleach Lite 100g,CAT_008,SUP_120,69.77,77,408
PRD_1784,HealthySip Bleach Classic 100g,CAT_008,SUP_165,182.6,96,610
PRD_1785,GoodStore Surface Cleaner Max 12pcs,CAT_008,SUP_072,412.5,88,515
PRD_1786,UrbanBasket Bleach Premium 24pcs,CAT_008,SUP_058,681.7,46,509
PRD_1787,MunchTime Detergent Premium 6pcs,CAT_008,SUP_181,355.11,86,767
PRD_1788,ComfortLine Surface Cleaner Plus 1kg,CAT_008,SUP_165,248.19,27,570
PRD_1789,FreshCo Toilet Cleaner Max 200g,CAT_008,SUP_087,133.9,93,383
PRD_1790,MunchTime Floor Cleaner Family Pack 100g,CAT_008,SUP_033,356.56,16,792
PRD_1791,NutriMax Dishwash Liquid Premium 500g,CAT_008,SUP_084,98.95,43,689
PRD_1792,CarePlus Toilet Cleaner Max 500g,CAT_008,SUP_087,54.64,51,661
PRD_1793,QuickNest Detergent Daily 200ml,CAT_008,SUP_035,166.46,78,
PRD_1794,HappyHome Detergent Plus 6pcs,CAT_008,SUP_145,215.59,100,808
PRD_1795,EliteOne Dishwash Liquid Max 500ml,CAT_008,SUP_022,508.65,30,756
PRD_1796,HappyHome Bleach Daily 6pcs,CAT_008,SUP_165,131.02,87,449
PRD_1797,EliteOne Detergent Premium 250g,CAT_008,SUP_170,547.81,58,509
PRD_1798,EliteOne Dishwash Liquid Fresh 500g,CAT_008,SUP_067,553.42,66,843
PRD_1799,FreshCo Floor Cleaner Fresh 12pcs,CAT_008,SUP_013,319.37,49,535
PRD_1800,GoodStore Toilet Cleaner Classic 200ml,CAT_008,SUP_065,67.62,59,810
PRD_1801,DailyDrop Toilet Cleaner Plus 1kg,CAT_008,SUP_108,331.35,58,742
PRD_1802,SwiftCart Dishwash Liquid Fresh 6pcs,CAT_008,SUP_121,213.07,15,435
PRD_1803,NutriMax Surface Cleaner Classic 500ml,CAT_008,SUP_119,268.28,30,456
PRD_1804,QuickNest Detergent Fresh 2kg,CAT_008,SUP_021,652.49,65,602
PRD_1805,FreshCo Dishwash Liquid Family Pack 2kg,CAT_008,SUP_117,380.82,29,850
PRD_1806,EliteOne Detergent Classic 24pcs,CAT_008,SUP_119,231.15,37,881
PRD_1807,KitchenPro Toilet Cleaner Family Pack 200g,CAT_008,SUP_110,142.83,27,421
PRD_1808,PureLeaf Floor Cleaner Premium 750g,CAT_008,SUP_152,231.36,74,601
PRD_1809,HealthySip Detergent Classic 2kg,CAT_008,SUP_117,85.73,30,591
PRD_1810,CarePlus Dishwash Liquid Max 200g,CAT_008,SUP_047,103.67,76,517
PRD_1811,DailyDrop Dishwash Liquid Fresh 1kg,CAT_008,SUP_047,335.72,64,800
PRD_1812,ComfortLine Detergent Max 1L,CAT_008,SUP_152,124.99,94,548
PRD_1813,MunchTime Toilet Cleaner Premium 1L,CAT_008,SUP_101,678.26,96,562
PRD_1814,DailyDrop Detergent Regular 2kg,CAT_008,SUP_007,267.67,86,861
PRD_1815,DailyDrop Floor Cleaner Max 24pcs,CAT_008,SUP_137,641.24,90,873
PRD_1816,ComfortLine Dishwash Liquid Plus 6pcs,CAT_008,SUP_007,576.94,92,868
PRD_1817,DailyDrop Detergent Classic 500ml,CAT_008,SUP_098,109.36,72,406
PRD_1818,GlowCare Surface Cleaner Daily 200g,CAT_008,SUP_108,662.54,82,381
PRD_1819,ComfortLine Floor Cleaner Daily 24pcs,CAT_008,SUP_120,65.63,11,383
PRD_1820,GlowCare Surface Cleaner Plus 200ml,CAT_008,SUP_152,526.55,48,830
PRD_1821,FreshCo Dishwash Liquid Fresh 200ml,CAT_008,SUP_117,236.88,80,445
PRD_1822,HappyHome Bleach Premium 200g,CAT_008,SUP_120,623.7,49,793
PRD_1823,UrbanBasket Bleach Family Pack 1L,CAT_008,SUP_170,86.21,34,568
PRD_1824,FamilyChoice Toilet Cleaner Regular 750g,CAT_008,SUP_108,599.26,38,560
PRD_1825,ComfortLine Surface Cleaner Lite 200ml,CAT_008,SUP_047,403.46,23,510
PRD_1826,DailyDrop Floor Cleaner Lite 100g,CAT_008,SUP_084,108.86,92,574
PRD_1827,KitchenPro Bleach Regular 500ml,CAT_008,SUP_084,291.13,97,643
PRD_1828,GoodStore Bleach Lite 24pcs,CAT_008,SUP_196,299.94,88,652
PRD_1829,SmartLife Surface Cleaner Regular 1L,CAT_008,SUP_098,330.67,24,783
PRD_1830,FreshCo Dishwash Liquid Daily 500ml,CAT_008,SUP_196,424.72,92,729
PRD_1831,CarePlus Detergent Fresh 500ml,CAT_008,SUP_137,576.49,74,797
PRD_1832,NutriMax Surface Cleaner Family Pack 500g,CAT_008,SUP_110,537.89,19,411
PRD_1833,PureLeaf Detergent Max 500g,CAT_008,SUP_121,143.3,71,467
PRD_1834,PureLeaf Bleach Daily 1L,CAT_008,SUP_117,382.21,27,391
PRD_1835,SmartLife Bleach Regular 2kg,CAT_008,SUP_022,509.52,48,446
PRD_1836,MunchTime Detergent Classic 24pcs,CAT_008,SUP_139,614.19,63,843
PRD_1837,FreshCo Floor Cleaner Family Pack 6pcs,CAT_008,SUP_119,516.71,80,766
PRD_1838,ComfortLine Surface Cleaner Family Pack 500g,CAT_008,SUP_005,135.42,68,875
PRD_1839,PureLeaf Toilet Cleaner Plus 24pcs,CAT_008,SUP_035,427.79,82,858
PRD_1840,ValueMart Surface Cleaner Regular 100g,CAT_008,SUP_120,130.87,60,753
PRD_1841,NutriMax Detergent Fresh 100g,CAT_008,SUP_145,384.07,39,
PRD_1842,SmartLife Floor Cleaner Family Pack 200ml,CAT_008,SUP_087,594.34,73,773
PRD_1843,FreshCo Detergent Family Pack 500g,CAT_008,SUP_098,627.86,75,599
PRD_1844,CarePlus Floor Cleaner Lite 750g,CAT_008,SUP_117,162.47,40,643
PRD_1845,CarePlus Bleach Family Pack 250g,CAT_008,SUP_033,127.7,47,675
PRD_1846,QuickNest Floor Cleaner Classic 200g,CAT_008,SUP_170,82.04,97,581
PRD_1847,SwiftCart Surface Cleaner Family Pack 1kg,CAT_008,SUP_084,279.76,66,715
PRD_1848,CarePlus Surface Cleaner Regular 1kg,CAT_008,SUP_022,369.16,14,542
PRD_1849,ComfortLine Bleach Premium 2kg,CAT_008,SUP_145,54.42,21,814
PRD_1850,PrimePick Floor Cleaner Family Pack 24pcs,CAT_008,SUP_110,339.06,26,560
PRD_1851,GlowCare Bleach Regular 12pcs,CAT_008,SUP_055,313.32,50,843
PRD_1852,KitchenPro Bleach Family Pack 6pcs,CAT_008,SUP_160,602.47,43,862
PRD_1853,EliteOne Bleach Fresh 500g,CAT_008,SUP_098,437.49,67,543
PRD_1854,PureLeaf Floor Cleaner Classic 500g,CAT_008,SUP_067,187.13,53,442
PRD_1855,FamilyChoice Floor Cleaner Max 1L,CAT_008,SUP_035,579.62,41,879
PRD_1856,UrbanBasket Toilet Cleaner Max 24pcs,CAT_008,SUP_007,136.96,83,873
PRD_1857,FamilyChoice Floor Cleaner Fresh 2kg,CAT_008,SUP_087,179.41,57,883
PRD_1858,FamilyChoice Surface Cleaner Lite 200ml,CAT_008,SUP_055,215.09,75,368
PRD_1859,NutriMax Toilet Cleaner Max 500ml,CAT_008,SUP_139,108.22,97,893
PRD_1860,QuickNest Surface Cleaner Plus 1L,CAT_008,SUP_160,226.24,92,689
PRD_1861,CarePlus Floor Cleaner Max 500g,CAT_008,SUP_047,519.57,18,641
PRD_1862,HappyHome Surface Cleaner Plus 750g,CAT_008,SUP_182,304.1,13,516
PRD_1863,ValueMart Bleach Value Pack 1kg,CAT_008,SUP_101,670.53,12,688
PRD_1864,UrbanBasket Floor Cleaner Max 750g,CAT_008,SUP_090,207.08,49,674
PRD_1865,CarePlus Dishwash Liquid Classic 1L,CAT_008,SUP_121,283.13,65,837
PRD_1866,ComfortLine Bleach Plus 1kg,CAT_008,SUP_021,555.52,77,
PRD_1867,KitchenPro Surface Cleaner Regular 2kg,CAT_008,SUP_139,283.79,26,784
PRD_1868,QuickNest Dishwash Liquid Classic 2kg,CAT_008,SUP_165,253.34,90,544
PRD_1869,CarePlus Surface Cleaner Premium 750g,CAT_008,SUP_181,196.8,52,838
PRD_1870,SmartLife Detergent Fresh 500ml,CAT_008,SUP_058,338.72,64,591
PRD_1871,UrbanBasket Toilet Cleaner Value Pack 24pcs,CAT_008,SUP_119,580.46,21,448
PRD_1872,SwiftCart Detergent Regular 200g,CAT_008,SUP_160,603.66,22,857
PRD_1873,HappyHome Bleach Family Pack 1kg,CAT_008,SUP_117,446.29,83,717
PRD_1874,SmartLife Dishwash Liquid Value Pack 12pcs,CAT_008,SUP_110,307.91,89,537
PRD_1875,ComfortLine Toilet Cleaner Fresh 250g,CAT_008,SUP_013,51.35,14,887
PRD_1876,SmartLife Detergent Regular 750g,CAT_008,SUP_072,519.44,65,480
PRD_1877,EliteOne Surface Cleaner Classic 24pcs,CAT_008,SUP_005,387.19,81,601
PRD_1878,FamilyChoice Toilet Cleaner Lite 24pcs,CAT_008,SUP_072,369.8,75,434
PRD_1879,CarePlus Floor Cleaner Family Pack 12pcs,CAT_008,SUP_005,168.15,41,896
PRD_1880,FamilyChoice Floor Cleaner Fresh 1L,CAT_008,SUP_121,259.83,59,828
PRD_1881,MunchTime Toilet Cleaner Premium 1kg,CAT_008,SUP_055,351.59,80,759
PRD_1882,KitchenPro Floor Cleaner Plus 24pcs,CAT_008,SUP_035,156.31,32,455
PRD_1883,MunchTime Surface Cleaner Classic 500ml,CAT_008,SUP_087,453.72,47,578
PRD_1884,EliteOne Floor Cleaner Value Pack 250g,CAT_008,SUP_120,458.46,88,733
PRD_1885,NutriMax Surface Cleaner Family Pack 1kg,CAT_008,SUP_108,592.31,46,413
PRD_1886,GlowCare Surface Cleaner Fresh 24pcs,CAT_008,SUP_084,470.16,31,603
PRD_1887,EliteOne Dishwash Liquid Daily 100g,CAT_008,SUP_160,213.67,27,530
PRD_1888,PrimePick Floor Cleaner Daily 1kg,CAT_008,SUP_072,105.42,46,842
PRD_1889,HappyHome Surface Cleaner Premium 2kg,CAT_008,SUP_058,374.47,73,664
PRD_1890,HappyHome Surface Cleaner Premium 200ml,CAT_008,SUP_117,566.76,25,722
PRD_1891,MunchTime Bleach Value Pack 6pcs,CAT_008,SUP_101,144.59,37,878
PRD_1892,SwiftCart Floor Cleaner Fresh 6pcs,CAT_008,SUP_165,393.32,50,
PRD_1893,ComfortLine Detergent Classic 200ml,CAT_008,SUP_165,119.36,62,665
PRD_1894,UrbanBasket Floor Cleaner Value Pack 2kg,CAT_008,SUP_035,532.49,70,678
PRD_1895,SmartLife Floor Cleaner Fresh 6pcs,CAT_008,SUP_007,453.99,35,492
PRD_1896,DailyDrop Surface Cleaner Fresh 1kg,CAT_008,SUP_120,339.15,56,551
PRD_1897,PureLeaf Floor Cleaner Plus 2kg,CAT_008,SUP_022,300.29,96,588
PRD_1898,PrimePick Detergent Plus 500ml,CAT_008,SUP_005,511.73,28,713
PRD_1899,UrbanBasket Toilet Cleaner Family Pack 2kg,CAT_008,SUP_170,607.83,60,
PRD_1900,SmartLife Floor Cleaner Max 2kg,CAT_008,SUP_022,698.49,12,
PRD_1901,EliteOne Bleach Daily 750g,CAT_008,SUP_110,441.88,20,461
PRD_1902,MunchTime Bleach Family Pack 750g,CAT_008,SUP_120,698.83,84,775
PRD_1903,MunchTime Floor Cleaner Plus 200g,CAT_008,SUP_047,194.96,48,466
PRD_1904,PureLeaf Bleach Max 1L,CAT_008,SUP_121,684.14,100,
PRD_1905,EliteOne Surface Cleaner Premium 100g,CAT_008,SUP_098,584.2,91,
PRD_1906,MunchTime Toilet Cleaner Value Pack 1kg,CAT_008,SUP_072,470.77,44,776
PRD_1907,ValueMart Bleach Family Pack 2kg,CAT_008,SUP_165,688.61,34,
PRD_1908,KitchenPro Bleach Plus 200ml,CAT_008,SUP_165,335.43,76,415
PRD_1909,EliteOne Toilet Cleaner Plus 200g,CAT_008,SUP_160,113.06,73,622
PRD_1910,ValueMart Floor Cleaner Fresh 750g,CAT_008,SUP_098,351.35,70,779
PRD_1911,UrbanBasket Toilet Cleaner Family Pack 12pcs,CAT_008,SUP_139,466.71,85,866
PRD_1912,GoodStore Surface Cleaner Regular 200g,CAT_008,SUP_007,655.46,79,751
PRD_1913,FamilyChoice Detergent Regular 24pcs,CAT_008,SUP_108,360.61,99,710
PRD_1914,ValueMart Surface Cleaner Family Pack 750g,CAT_008,SUP_014,514.96,35,625
PRD_1915,MunchTime Detergent Premium 100g,CAT_008,SUP_121,131.41,25,621
PRD_1916,PureLeaf Surface Cleaner Plus 12pcs,CAT_008,SUP_110,57.75,12,411
PRD_1917,DailyDrop Surface Cleaner Value Pack 100g,CAT_008,SUP_145,629.04,89,
PRD_1918,PrimePick Toilet Cleaner Max 1kg,CAT_008,SUP_139,371.09,75,802
PRD_1919,UrbanBasket Surface Cleaner Fresh 200g,CAT_008,SUP_047,528.94,99,
PRD_1920,MunchTime Toilet Cleaner Max 250g,CAT_008,SUP_067,595.25,20,
PRD_1921,ValueMart Floor Cleaner Daily 100g,CAT_008,SUP_152,208.07,80,850
PRD_1922,SmartLife Floor Cleaner Fresh 200g,CAT_008,SUP_072,116.22,72,812
PRD_1923,UrbanBasket Floor Cleaner Classic 6pcs,CAT_008,SUP_067,518.47,17,422
PRD_1924,MunchTime Floor Cleaner Lite 1kg,CAT_008,SUP_035,443.74,18,635
PRD_1925,DailyDrop Toilet Cleaner Fresh 6pcs,CAT_008,SUP_035,494.46,19,866
PRD_1926,DailyDrop Surface Cleaner Fresh 6pcs,CAT_008,SUP_152,171.28,93,729
PRD_1927,SmartLife Surface Cleaner Classic 200ml,CAT_008,SUP_120,169.76,95,771
PRD_1928,GlowCare Detergent Family Pack 24pcs,CAT_008,SUP_047,307.78,89,776
PRD_1929,CarePlus Dishwash Liquid Premium 500g,CAT_008,SUP_033,121.17,40,378
PRD_1930,FreshCo Surface Cleaner Regular 100g,CAT_008,SUP_110,698.91,82,613
PRD_1931,UrbanBasket Toilet Cleaner Premium 500g,CAT_008,SUP_022,437.63,97,584
PRD_1932,ValueMart Croissant Plus 100g,CAT_009,SUP_056,184.59,19,3
PRD_1933,PureLeaf Bread Fresh 1kg,CAT_009,SUP_095,67.35,50,2
PRD_1934,ComfortLine Buns Fresh 500g,CAT_009,SUP_122,49.01,60,3
PRD_1935,SwiftCart Muffin Family Pack 500g,CAT_009,SUP_194,175.53,41,2
PRD_1936,PureLeaf Cake Classic 250g,CAT_009,SUP_122,37.8,56,5
PRD_1937,PureLeaf Croissant Plus 100g,CAT_009,SUP_052,98.96,81,7
PRD_1938,CarePlus Muffin Value Pack 200g,CAT_009,SUP_095,153.11,84,6
PRD_1939,NutriMax Rusk Premium 100g,CAT_009,SUP_149,199.74,96,3
PRD_1940,KitchenPro Buns Daily 750g,CAT_009,SUP_145,32.93,51,5
PRD_1941,GoodStore Bread Daily 24pcs,CAT_009,SUP_064,215.7,98,2
PRD_1942,SwiftCart Cake Regular 1L,CAT_009,SUP_095,24.41,15,6
PRD_1943,GlowCare Croissant Lite 6pcs,CAT_009,SUP_062,27.69,17,7
PRD_1944,PureLeaf Buns Max 6pcs,CAT_009,SUP_011,198.15,100,5
PRD_1945,FreshCo Cake Daily 1L,CAT_009,SUP_030,31.06,91,2
PRD_1946,FamilyChoice Muffin Family Pack 6pcs,CAT_009,SUP_056,23.37,88,4
PRD_1947,FreshCo Rusk Classic 500g,CAT_009,SUP_066,244.5,94,4
PRD_1948,SwiftCart Cookie Pack Family Pack 750g,CAT_009,SUP_178,168.56,68,2
PRD_1949,CarePlus Muffin Premium 1L,CAT_009,SUP_167,100.68,79,3
PRD_1950,NutriMax Buns Value Pack 200ml,CAT_009,SUP_052,91.18,57,6
PRD_1951,GlowCare Buns Classic 500g,CAT_009,SUP_006,113.26,24,4
PRD_1952,ComfortLine Croissant Regular 200ml,CAT_009,SUP_008,87.22,55,3
PRD_1953,PureLeaf Cake Classic 6pcs,CAT_009,SUP_056,32.75,85,4
PRD_1954,KitchenPro Cookie Pack Value Pack 6pcs,CAT_009,SUP_186,125.3,90,2
PRD_1955,CarePlus Bread Regular 12pcs,CAT_009,SUP_062,226.04,62,3
PRD_1956,HappyHome Buns Classic 500ml,CAT_009,SUP_043,228.61,85,5
PRD_1957,CarePlus Buns Plus 1L,CAT_009,SUP_056,145.5,50,5
PRD_1958,ValueMart Cake Classic 200ml,CAT_009,SUP_011,139.8,74,4
PRD_1959,HealthySip Cookie Pack Family Pack 200g,CAT_009,SUP_167,89.86,68,5
PRD_1960,PrimePick Croissant Lite 500g,CAT_009,SUP_011,53.09,94,3
PRD_1961,EliteOne Buns Family Pack 500ml,CAT_009,SUP_006,138.05,83,4
PRD_1962,UrbanBasket Rusk Max 2kg,CAT_009,SUP_040,49.97,67,5
PRD_1963,HappyHome Buns Plus 500g,CAT_009,SUP_064,58.38,50,5
PRD_1964,CarePlus Rusk Value Pack 750g,CAT_009,SUP_180,208.94,64,2
PRD_1965,HappyHome Muffin Max 750g,CAT_009,SUP_011,104.16,80,6
PRD_1966,GlowCare Cake Lite 2kg,CAT_009,SUP_145,70.21,58,6
PRD_1967,KitchenPro Muffin Daily 500ml,CAT_009,SUP_178,28.97,99,2
PRD_1968,PrimePick Muffin Max 24pcs,CAT_009,SUP_200,224.92,45,4
PRD_1969,GlowCare Cookie Pack Premium 2kg,CAT_009,SUP_186,211.45,92,2
PRD_1970,ComfortLine Cake Lite 500ml,CAT_009,SUP_120,57.63,62,7
PRD_1971,ValueMart Croissant Plus 750g,CAT_009,SUP_030,127.41,72,3
PRD_1972,MunchTime Cake Plus 750g,CAT_009,SUP_120,76.03,98,3
PRD_1973,HealthySip Rusk Regular 200g,CAT_009,SUP_008,44.62,97,4
PRD_1974,HealthySip Croissant Lite 500g,CAT_009,SUP_052,229.35,30,5
PRD_1975,FreshCo Bread Regular 500ml,CAT_009,SUP_145,165.05,21,7
PRD_1976,KitchenPro Muffin Regular 2kg,CAT_009,SUP_122,120.69,19,2
PRD_1977,SmartLife Muffin Daily 6pcs,CAT_009,SUP_011,42.62,46,3
PRD_1978,DailyDrop Muffin Plus 200g,CAT_009,SUP_180,236.31,83,6
PRD_1979,HappyHome Buns Plus 24pcs,CAT_009,SUP_160,75.05,63,2
PRD_1980,NutriMax Cookie Pack Max 500ml,CAT_009,SUP_095,129.04,32,2
PRD_1981,NutriMax Croissant Classic 12pcs,CAT_009,SUP_095,82.43,43,6
PRD_1982,KitchenPro Muffin Family Pack 12pcs,CAT_009,SUP_006,57.39,39,7
PRD_1983,DailyDrop Muffin Classic 1kg,CAT_009,SUP_156,185.46,43,6
PRD_1984,PrimePick Croissant Daily 750g,CAT_009,SUP_030,88.9,71,2
PRD_1985,PrimePick Croissant Family Pack 750g,CAT_009,SUP_066,209.29,94,4
PRD_1986,ValueMart Rusk Premium 100g,CAT_009,SUP_186,170.02,76,3
PRD_1987,GlowCare Bread Daily 2kg,CAT_009,SUP_149,44.71,59,3
PRD_1988,FamilyChoice Bread Plus 500g,CAT_009,SUP_064,229.2,34,3
PRD_1989,KitchenPro Cookie Pack Value Pack 750g,CAT_009,SUP_056,21.62,71,7
PRD_1990,GlowCare Rusk Value Pack 1L,CAT_009,SUP_178,37.66,92,2
PRD_1991,UrbanBasket Muffin Daily 200g,CAT_009,SUP_186,242.05,51,5
PRD_1992,NutriMax Cookie Pack Value Pack 250g,CAT_009,SUP_178,197.1,19,7
PRD_1993,GlowCare Buns Value Pack 12pcs,CAT_009,SUP_200,247.35,59,2
PRD_1994,HealthySip Buns Premium 100g,CAT_009,SUP_011,34.21,47,7
PRD_1995,KitchenPro Cookie Pack Plus 500ml,CAT_009,SUP_095,140,90,6
PRD_1996,KitchenPro Cake Lite 250g,CAT_009,SUP_033,207.67,71,6
PRD_1997,PrimePick Buns Max 500g,CAT_009,SUP_064,40.33,40,3
PRD_1998,SwiftCart Rusk Daily 200ml,CAT_009,SUP_080,245.72,60,5
PRD_1999,ValueMart Buns Classic 500g,CAT_009,SUP_178,115.72,27,5
PRD_2000,HappyHome Buns Plus 750g,CAT_009,SUP_030,51.68,23,3
PRD_2001,ComfortLine Croissant Lite 200g,CAT_009,SUP_011,36.12,55,5
PRD_2002,UrbanBasket Cake Premium 2kg,CAT_009,SUP_160,47.69,61,3
PRD_2003,PureLeaf Bread Daily 100g,CAT_009,SUP_006,76.05,91,7
PRD_2004,HealthySip Muffin Premium 6pcs,CAT_009,SUP_200,131.12,58,3
PRD_2005,QuickNest Bread Classic 24pcs,CAT_009,SUP_043,188.33,57,2
PRD_2006,DailyDrop Rusk Family Pack 200g,CAT_009,SUP_056,193.15,44,7
PRD_2007,FreshCo Cookie Pack Daily 2kg,CAT_009,SUP_056,153.91,81,6
PRD_2008,QuickNest Cookie Pack Max 200ml,CAT_009,SUP_186,27.91,71,7
PRD_2009,ComfortLine Cake Regular 2kg,CAT_009,SUP_033,217.55,84,4
PRD_2010,PureLeaf Croissant Family Pack 1kg,CAT_009,SUP_033,109.77,63,3
PRD_2011,GlowCare Croissant Daily 2kg,CAT_009,SUP_167,207.13,80,4
PRD_2012,PureLeaf Cake Premium 24pcs,CAT_009,SUP_200,164.9,32,6
PRD_2013,GlowCare Muffin Lite 12pcs,CAT_009,SUP_200,164.16,66,7
PRD_2014,SwiftCart Rusk Value Pack 500ml,CAT_009,SUP_156,168.06,67,4
PRD_2015,CarePlus Cookie Pack Max 1kg,CAT_009,SUP_066,123.43,44,3
PRD_2016,HealthySip Croissant Plus 500ml,CAT_009,SUP_043,57.38,87,4
PRD_2017,FreshCo Buns Regular 6pcs,CAT_009,SUP_200,215.86,39,4
PRD_2018,NutriMax Croissant Regular 100g,CAT_009,SUP_043,113.56,93,4
PRD_2019,CarePlus Muffin Max 1L,CAT_009,SUP_122,21.98,54,3
PRD_2020,ComfortLine Croissant Premium 24pcs,CAT_009,SUP_033,120.12,97,3
PRD_2021,HealthySip Muffin Premium 6pcs,CAT_009,SUP_178,21.72,53,5
PRD_2022,SmartLife Muffin Family Pack 1L,CAT_009,SUP_156,185.16,97,6
PRD_2023,FamilyChoice Buns Fresh 1L,CAT_009,SUP_167,188.41,30,3
PRD_2024,HealthySip Buns Premium 24pcs,CAT_009,SUP_040,60.91,86,6
PRD_2025,GoodStore Cookie Pack Lite 200ml,CAT_009,SUP_149,121.24,83,2
PRD_2026,SwiftCart Muffin Fresh 200ml,CAT_009,SUP_006,115.59,36,6
PRD_2027,HappyHome Buns Premium 250g,CAT_009,SUP_194,26.71,37,2
PRD_2028,FreshCo Muffin Regular 250g,CAT_009,SUP_149,132.22,44,3
PRD_2029,QuickNest Muffin Value Pack 500g,CAT_009,SUP_043,102.51,53,2
PRD_2030,SwiftCart Muffin Lite 6pcs,CAT_009,SUP_120,130.44,79,2
PRD_2031,HealthySip Croissant Regular 200g,CAT_009,SUP_028,150.15,20,7
PRD_2032,EliteOne Buns Daily 24pcs,CAT_009,SUP_011,228.02,32,4
PRD_2033,PureLeaf Croissant Plus 2kg,CAT_009,SUP_095,185.44,88,2
PRD_2034,GoodStore Croissant Family Pack 2kg,CAT_009,SUP_006,126.71,43,3
PRD_2035,SwiftCart Cake Premium 750g,CAT_009,SUP_194,230.41,36,7
PRD_2036,PureLeaf Bread Daily 12pcs,CAT_009,SUP_052,239.02,53,5
PRD_2037,SwiftCart Croissant Regular 1L,CAT_009,SUP_008,165.26,36,4
PRD_2038,PureLeaf Cookie Pack Daily 2kg,CAT_009,SUP_178,49.76,85,3
PRD_2039,SmartLife Bread Daily 100g,CAT_009,SUP_120,233.89,99,2
PRD_2040,GlowCare Buns Regular 2kg,CAT_009,SUP_186,61.78,69,4
PRD_2041,PrimePick Cake Daily 500ml,CAT_009,SUP_180,31.68,66,3
PRD_2042,SwiftCart Buns Classic 2kg,CAT_009,SUP_120,216.22,65,3
PRD_2043,MunchTime Cookie Pack Lite 1kg,CAT_009,SUP_080,116.35,17,3
PRD_2044,CarePlus Cake Max 200ml,CAT_009,SUP_008,246.45,84,2
PRD_2045,SmartLife Rusk Classic 250g,CAT_009,SUP_066,184.43,96,2
PRD_2046,SmartLife Cake Premium 500ml,CAT_009,SUP_160,60.2,19,4
PRD_2047,EliteOne Cookie Pack Family Pack 200ml,CAT_009,SUP_145,76.45,82,6
PRD_2048,GlowCare Cake Regular 100g,CAT_009,SUP_008,243.75,77,6
PRD_2049,HappyHome Cookie Pack Family Pack 12pcs,CAT_009,SUP_156,225.27,91,2
PRD_2050,DailyDrop Croissant Lite 24pcs,CAT_009,SUP_028,96.11,59,4
PRD_2051,GlowCare Muffin Lite 750g,CAT_009,SUP_200,142.66,25,3
PRD_2052,GlowCare Rusk Plus 1kg,CAT_009,SUP_043,68.78,49,7
PRD_2053,NutriMax Muffin Plus 24pcs,CAT_009,SUP_122,29.56,56,2
PRD_2054,FamilyChoice Bread Value Pack 12pcs,CAT_009,SUP_040,24.52,88,2
PRD_2055,HappyHome Croissant Fresh 12pcs,CAT_009,SUP_122,242.09,78,4
PRD_2056,PrimePick Bread Daily 1kg,CAT_009,SUP_028,97.86,80,7
PRD_2057,DailyDrop Cookie Pack Value Pack 12pcs,CAT_009,SUP_030,217.37,40,6
PRD_2058,ValueMart Croissant Lite 1L,CAT_009,SUP_030,56.72,92,2
PRD_2059,HealthySip Croissant Lite 750g,CAT_009,SUP_052,27.25,67,4
PRD_2060,HappyHome Buns Classic 12pcs,CAT_009,SUP_033,165.61,32,2
PRD_2061,EliteOne Croissant Lite 200g,CAT_009,SUP_122,163.46,35,2
PRD_2062,ValueMart Muffin Premium 100g,CAT_009,SUP_033,46.62,41,3
PRD_2063,ValueMart Muffin Premium 100g,CAT_009,SUP_056,52.04,58,5
PRD_2064,PureLeaf Croissant Plus 1L,CAT_009,SUP_008,38.55,31,4
PRD_2065,GlowCare Croissant Classic 500g,CAT_009,SUP_194,40.11,17,5
PRD_2066,GlowCare Buns Value Pack 200ml,CAT_009,SUP_156,207.15,80,7
PRD_2067,ValueMart Rusk Plus 6pcs,CAT_009,SUP_186,205.18,44,6
PRD_2068,UrbanBasket Croissant Max 24pcs,CAT_009,SUP_028,86.5,25,6
PRD_2069,GlowCare Cookie Pack Max 750g,CAT_009,SUP_033,31.47,80,2
PRD_2070,SwiftCart Bread Premium 200g,CAT_009,SUP_194,82.91,60,6
PRD_2071,FamilyChoice Muffin Classic 500g,CAT_009,SUP_180,246.06,74,4
PRD_2072,EliteOne Rusk Value Pack 200ml,CAT_009,SUP_156,52.9,16,2
PRD_2073,SwiftCart Croissant Daily 24pcs,CAT_009,SUP_064,23.31,16,6
PRD_2074,HealthySip Muffin Plus 6pcs,CAT_009,SUP_040,209.21,19,5
PRD_2075,PrimePick Rusk Regular 200g,CAT_009,SUP_011,144.66,34,6
PRD_2076,GoodStore Croissant Plus 250g,CAT_009,SUP_080,36.61,39,3
PRD_2077,FreshCo Croissant Fresh 2kg,CAT_009,SUP_080,196.07,40,7
PRD_2078,FamilyChoice Rusk Premium 200ml,CAT_009,SUP_056,94.39,81,2
PRD_2079,EliteOne Cookie Pack Premium 500ml,CAT_009,SUP_186,143.4,19,6
PRD_2080,HappyHome Cookie Pack Premium 6pcs,CAT_009,SUP_064,69,62,2
PRD_2081,ComfortLine Cookie Pack Lite 12pcs,CAT_009,SUP_200,39.27,49,5
PRD_2082,MunchTime Rusk Regular 24pcs,CAT_009,SUP_194,195.38,36,6
PRD_2083,PrimePick Bread Family Pack 1L,CAT_009,SUP_095,27.21,68,4
PRD_2084,UrbanBasket Buns Value Pack 500ml,CAT_009,SUP_028,163.13,98,6
PRD_2085,DailyDrop Cookie Pack Premium 200g,CAT_009,SUP_056,124.64,47,3
PRD_2086,NutriMax Cake Lite 500ml,CAT_009,SUP_172,173.93,30,3
PRD_2087,FreshCo Croissant Value Pack 500g,CAT_009,SUP_167,79.96,91,6
PRD_2088,SmartLife Rusk Fresh 6pcs,CAT_009,SUP_030,20.14,60,7
PRD_2089,EliteOne Buns Regular 200ml,CAT_009,SUP_056,80.42,61,5
PRD_2090,ComfortLine Cake Fresh 500ml,CAT_009,SUP_052,49.65,64,6
PRD_2091,SwiftCart Croissant Classic 6pcs,CAT_009,SUP_006,240.99,29,5
PRD_2092,HappyHome Bread Value Pack 250g,CAT_009,SUP_028,42.23,83,7
PRD_2093,HappyHome Cookie Pack Daily 250g,CAT_009,SUP_120,93.61,88,3
PRD_2094,EliteOne Buns Value Pack 1kg,CAT_009,SUP_008,49.16,21,5
PRD_2095,ComfortLine Croissant Premium 2kg,CAT_009,SUP_120,156.52,74,4
PRD_2096,QuickNest Cake Lite 2kg,CAT_009,SUP_122,57,96,6
PRD_2097,UrbanBasket Muffin Plus 750g,CAT_009,SUP_156,194.54,28,2
PRD_2098,GoodStore Buns Premium 500g,CAT_009,SUP_095,38.15,35,2
PRD_2099,QuickNest Croissant Family Pack 6pcs,CAT_009,SUP_156,129.15,95,3
PRD_2100,EliteOne Cake Fresh 6pcs,CAT_009,SUP_066,143.21,34,7
PRD_2101,KitchenPro Buns Regular 250g,CAT_009,SUP_042,215.09,70,6
PRD_2102,GlowCare Muffin Daily 100g,CAT_009,SUP_006,205.26,76,7
PRD_2103,QuickNest Bread Fresh 200g,CAT_009,SUP_194,32.75,32,2
PRD_2104,GoodStore Croissant Premium 2kg,CAT_009,SUP_062,96.66,75,7
PRD_2105,UrbanBasket Croissant Regular 1kg,CAT_009,SUP_186,151.74,84,4
PRD_2106,PrimePick Cake Family Pack 24pcs,CAT_009,SUP_160,159.05,48,5
PRD_2107,SwiftCart Bread Family Pack 2kg,CAT_009,SUP_122,148.21,88,3
PRD_2108,SwiftCart Bread Fresh 250g,CAT_009,SUP_178,197.83,25,4
PRD_2109,EliteOne Cake Max 24pcs,CAT_009,SUP_194,199.04,75,6
PRD_2110,NutriMax Rusk Daily 12pcs,CAT_009,SUP_028,122.89,94,4
PRD_2111,GoodStore Cake Daily 750g,CAT_009,SUP_194,145.14,54,7
PRD_2112,ValueMart Bread Plus 1kg,CAT_009,SUP_064,102.01,35,3
PRD_2113,GoodStore Cake Daily 500ml,CAT_009,SUP_149,95.61,31,2
PRD_2114,GlowCare Cookie Pack Daily 200ml,CAT_009,SUP_008,134.43,41,5
PRD_2115,FreshCo Cake Fresh 6pcs,CAT_009,SUP_156,188.13,23,5
PRD_2116,PrimePick Buns Plus 250g,CAT_009,SUP_180,172.73,52,4
PRD_2117,QuickNest Croissant Regular 100g,CAT_009,SUP_156,132.53,69,2
PRD_2118,CarePlus Cookie Pack Daily 6pcs,CAT_009,SUP_172,237.42,59,3
PRD_2119,MunchTime Croissant Max 250g,CAT_009,SUP_033,154.19,40,2
PRD_2120,MunchTime Cookie Pack Value Pack 500ml,CAT_009,SUP_160,65.59,68,7
PRD_2121,FamilyChoice Muffin Family Pack 12pcs,CAT_009,SUP_040,208.81,45,4
PRD_2122,UrbanBasket Croissant Plus 750g,CAT_009,SUP_186,228.36,31,7
PRD_2123,UrbanBasket Cake Premium 6pcs,CAT_009,SUP_011,133.4,72,6
PRD_2124,CarePlus Croissant Lite 200g,CAT_009,SUP_180,154.15,39,4
PRD_2125,UrbanBasket Bread Value Pack 12pcs,CAT_009,SUP_120,232.36,96,7
PRD_2126,FreshCo Muffin Fresh 2kg,CAT_009,SUP_178,82.04,40,2
PRD_2127,HealthySip Buns Fresh 200ml,CAT_009,SUP_043,171.55,78,5
PRD_2128,GoodStore Croissant Premium 12pcs,CAT_009,SUP_122,187.59,100,4
PRD_2129,ComfortLine Bread Classic 500g,CAT_009,SUP_156,66.48,77,4
PRD_2130,GoodStore Muffin Regular 12pcs,CAT_009,SUP_006,204.52,33,5
PRD_2131,FamilyChoice Croissant Daily 6pcs,CAT_009,SUP_167,155.27,57,6
PRD_2132,MunchTime Rusk Fresh 250g,CAT_009,SUP_149,66.16,43,3
PRD_2133,ValueMart Buns Regular 200g,CAT_009,SUP_080,64.85,16,5
PRD_2134,FamilyChoice Buns Classic 1kg,CAT_009,SUP_172,43.54,18,7
PRD_2135,GlowCare Muffin Regular 250g,CAT_009,SUP_194,234.63,37,4
PRD_2136,CarePlus Cake Premium 500ml,CAT_009,SUP_040,204.42,89,5
PRD_2137,HealthySip Cake Value Pack 750g,CAT_009,SUP_052,103.18,22,6
PRD_2138,EliteOne Bread Family Pack 2kg,CAT_009,SUP_040,47.14,32,7
PRD_2139,FamilyChoice Croissant Max 100g,CAT_009,SUP_149,137.82,88,4
PRD_2140,HealthySip Rusk Regular 100g,CAT_009,SUP_200,248.52,25,5
PRD_2141,MunchTime Rusk Value Pack 1kg,CAT_009,SUP_033,144.25,67,7
PRD_2142,FreshCo Bread Lite 1kg,CAT_009,SUP_122,136.23,89,2
PRD_2143,FreshCo Cake Plus 200g,CAT_009,SUP_145,190.97,57,4
PRD_2144,UrbanBasket Buns Fresh 500ml,CAT_009,SUP_149,173.1,35,5
PRD_2145,KitchenPro Buns Max 200g,CAT_009,SUP_200,232.33,64,6
PRD_2146,QuickNest Buns Max 500g,CAT_009,SUP_122,224.41,92,2
PRD_2147,SmartLife Cake Plus 1kg,CAT_009,SUP_149,67.09,49,6
PRD_2148,GoodStore Buns Value Pack 24pcs,CAT_009,SUP_194,169.39,32,2
PRD_2149,MunchTime Muffin Lite 250g,CAT_009,SUP_033,125.8,95,4
PRD_2150,KitchenPro Croissant Regular 100g,CAT_009,SUP_149,56.69,20,7
PRD_2151,HappyHome Cookie Pack Family Pack 200g,CAT_009,SUP_040,22.3,26,5
PRD_2152,PrimePick Bread Plus 2kg,CAT_009,SUP_178,151.49,80,3
PRD_2153,DailyDrop Cake Family Pack 250g,CAT_009,SUP_145,186.3,43,2
PRD_2154,QuickNest Croissant Plus 200g,CAT_009,SUP_145,134.79,42,7
PRD_2155,HealthySip Rusk Lite 24pcs,CAT_009,SUP_062,25.06,95,7
PRD_2156,GlowCare Cookie Pack Plus 500ml,CAT_009,SUP_008,102.82,20,4
PRD_2157,SwiftCart Bread Classic 24pcs,CAT_009,SUP_008,53.49,38,7
PRD_2158,NutriMax Buns Classic 500ml,CAT_009,SUP_186,200.03,61,4
PRD_2159,CarePlus Croissant Regular 100g,CAT_009,SUP_172,166.89,38,2
PRD_2160,FreshCo Rusk Max 2kg,CAT_009,SUP_040,231.74,90,2
PRD_2161,HealthySip Cake Plus 200g,CAT_009,SUP_006,239.66,85,6
PRD_2162,PrimePick Rusk Fresh 12pcs,CAT_009,SUP_064,231.61,100,3
PRD_2163,QuickNest Buns Premium 24pcs,CAT_009,SUP_028,40.8,56,5
PRD_2164,CarePlus Cake Plus 6pcs,CAT_009,SUP_052,131.25,92,3
PRD_2165,SwiftCart Muffin Fresh 12pcs,CAT_009,SUP_066,201.46,22,3
PRD_2166,HappyHome Buns Lite 1L,CAT_009,SUP_006,224.41,67,5
PRD_2167,PrimePick Bread Classic 2kg,CAT_009,SUP_160,100.66,19,2
PRD_2168,PrimePick Buns Classic 2kg,CAT_009,SUP_066,204.73,44,3
PRD_2169,UrbanBasket Banana Plus 100g,CAT_010,SUP_179,62.39,117,9
PRD_2170,SmartLife Pomegranate Family Pack 12pcs,CAT_010,SUP_020,218.02,111,9
PRD_2171,KitchenPro Orange Classic 200ml,CAT_010,SUP_154,122.68,111,9
PRD_2172,DailyDrop Grapes Premium 750g,CAT_010,SUP_152,195.9,121,6
PRD_2173,QuickNest Orange Plus 1kg,CAT_010,SUP_020,39.71,127,10
PRD_2174,DailyDrop Orange Classic 250g,CAT_010,SUP_080,160.89,121,6
PRD_2175,PureLeaf Apple Value Pack 500g,CAT_010,SUP_176,21.11,127,9
PRD_2176,ComfortLine Orange Plus 200g,CAT_010,SUP_184,127.46,39,5
PRD_2177,HealthySip Orange Regular 1kg,CAT_010,SUP_177,200.38,30,10
PRD_2178,SwiftCart Apple Classic 6pcs,CAT_010,SUP_137,262.71,26,9
PRD_2179,PrimePick Pomegranate Regular 1kg,CAT_010,SUP_170,277.54,129,4
PRD_2180,NutriMax Mango Daily 12pcs,CAT_010,SUP_154,172.36,77,3
PRD_2181,NutriMax Pomegranate Value Pack 500g,CAT_010,SUP_051,231.94,101,3
PRD_2182,GlowCare Pomegranate Premium 200g,CAT_010,SUP_102,66.7,125,3
PRD_2183,ComfortLine Papaya Classic 200g,CAT_010,SUP_145,221.63,127,3
PRD_2184,HappyHome Papaya Max 500g,CAT_010,SUP_097,149.87,98,10
PRD_2185,GoodStore Apple Regular 1L,CAT_010,SUP_177,111.77,93,9
PRD_2186,HealthySip Papaya Family Pack 24pcs,CAT_010,SUP_031,128.82,38,9
PRD_2187,PrimePick Papaya Lite 100g,CAT_010,SUP_051,276.93,130,8
PRD_2188,GoodStore Grapes Value Pack 12pcs,CAT_010,SUP_095,80.33,29,5
PRD_2189,GoodStore Mango Regular 1kg,CAT_010,SUP_078,258.43,22,7
PRD_2190,SwiftCart Papaya Premium 2kg,CAT_010,SUP_176,292.93,94,10
PRD_2191,FamilyChoice Grapes Classic 500ml,CAT_010,SUP_184,160.25,73,8
PRD_2192,QuickNest Pomegranate Lite 12pcs,CAT_010,SUP_177,47.27,59,6
PRD_2193,EliteOne Apple Family Pack 100g,CAT_010,SUP_170,198.7,113,4
PRD_2194,GlowCare Mango Fresh 200ml,CAT_010,SUP_154,279.94,21,7
PRD_2195,ValueMart Apple Fresh 200ml,CAT_010,SUP_027,173.84,117,6
PRD_2196,GlowCare Pomegranate Daily 2kg,CAT_010,SUP_152,202.76,120,8
PRD_2197,ValueMart Banana Lite 100g,CAT_010,SUP_145,122.08,130,8
PRD_2198,EliteOne Banana Classic 12pcs,CAT_010,SUP_018,74.58,123,7
PRD_2199,MunchTime Pomegranate Fresh 500ml,CAT_010,SUP_152,177.54,46,3
PRD_2200,CarePlus Orange Value Pack 750g,CAT_010,SUP_031,219.81,52,8
PRD_2201,ValueMart Apple Classic 500g,CAT_010,SUP_031,179.27,88,3
PRD_2202,SmartLife Banana Lite 100g,CAT_010,SUP_152,140.99,76,4
PRD_2203,QuickNest Banana Classic 24pcs,CAT_010,SUP_089,146.62,106,5
PRD_2204,HappyHome Banana Premium 500ml,CAT_010,SUP_080,290.04,98,7
PRD_2205,NutriMax Papaya Daily 6pcs,CAT_010,SUP_063,297.94,44,5
PRD_2206,UrbanBasket Orange Fresh 12pcs,CAT_010,SUP_152,118.05,74,8
PRD_2207,PrimePick Papaya Daily 2kg,CAT_010,SUP_177,222.88,65,8
PRD_2208,DailyDrop Orange Classic 6pcs,CAT_010,SUP_063,239.22,27,9
PRD_2209,QuickNest Banana Value Pack 250g,CAT_010,SUP_080,155.87,68,8
PRD_2210,EliteOne Pomegranate Plus 200g,CAT_010,SUP_089,127.06,73,7
PRD_2211,ComfortLine Orange Family Pack 500ml,CAT_010,SUP_078,125.33,59,4
PRD_2212,PureLeaf Banana Family Pack 750g,CAT_010,SUP_145,167.27,127,9
PRD_2213,GlowCare Papaya Max 250g,CAT_010,SUP_020,121.3,66,8
PRD_2214,KitchenPro Papaya Lite 1kg,CAT_010,SUP_176,207.8,99,7
PRD_2215,HealthySip Apple Max 250g,CAT_010,SUP_184,97.71,79,3
PRD_2216,ValueMart Mango Daily 500g,CAT_010,SUP_176,222.59,40,4
PRD_2217,ValueMart Papaya Value Pack 6pcs,CAT_010,SUP_080,201.36,29,8
PRD_2218,ValueMart Orange Plus 250g,CAT_010,SUP_137,193.07,32,3
PRD_2219,HappyHome Pomegranate Lite 200g,CAT_010,SUP_174,41.48,130,8
PRD_2220,CarePlus Grapes Plus 200ml,CAT_010,SUP_097,143.85,92,3
PRD_2221,FamilyChoice Papaya Classic 250g,CAT_010,SUP_011,108.32,30,6
PRD_2222,GlowCare Apple Classic 2kg,CAT_010,SUP_097,264.02,68,3
PRD_2223,FreshCo Mango Classic 24pcs,CAT_010,SUP_102,294.1,81,8
PRD_2224,UrbanBasket Banana Lite 750g,CAT_010,SUP_089,94.83,72,4
PRD_2225,FreshCo Pomegranate Classic 24pcs,CAT_010,SUP_018,46.43,75,10
PRD_2226,GoodStore Apple Regular 12pcs,CAT_010,SUP_110,136.04,23,7
PRD_2227,HappyHome Apple Max 250g,CAT_010,SUP_095,100.16,54,7
PRD_2228,MunchTime Pomegranate Value Pack 250g,CAT_010,SUP_161,208.17,121,5
PRD_2229,PrimePick Grapes Classic 500g,CAT_010,SUP_031,245.61,71,10
PRD_2230,QuickNest Papaya Fresh 6pcs,CAT_010,SUP_097,263.1,112,5
PRD_2231,DailyDrop Apple Fresh 200g,CAT_010,SUP_177,215.4,77,7
PRD_2232,FamilyChoice Apple Lite 2kg,CAT_010,SUP_080,299.81,122,6
PRD_2233,FreshCo Banana Plus 500g,CAT_010,SUP_027,22.83,74,9
PRD_2234,NutriMax Banana Value Pack 6pcs,CAT_010,SUP_020,277.82,109,10
PRD_2235,GlowCare Papaya Premium 6pcs,CAT_010,SUP_176,287.41,117,7
PRD_2236,SwiftCart Banana Premium 500g,CAT_010,SUP_177,107.13,55,3
PRD_2237,UrbanBasket Orange Regular 1L,CAT_010,SUP_097,150.4,36,4
PRD_2238,UrbanBasket Orange Daily 100g,CAT_010,SUP_102,151.55,112,4
PRD_2239,KitchenPro Banana Regular 500ml,CAT_010,SUP_011,183,46,9
PRD_2240,KitchenPro Banana Value Pack 250g,CAT_010,SUP_011,66,98,3
PRD_2241,SmartLife Mango Premium 1kg,CAT_010,SUP_152,252.46,31,7
PRD_2242,NutriMax Grapes Premium 750g,CAT_010,SUP_018,114.74,91,10
PRD_2243,PrimePick Apple Lite 24pcs,CAT_010,SUP_161,275.42,110,3
PRD_2244,GlowCare Banana Max 200ml,CAT_010,SUP_174,31.04,104,7
PRD_2245,EliteOne Apple Value Pack 2kg,CAT_010,SUP_102,251.73,126,8
PRD_2246,PureLeaf Apple Lite 250g,CAT_010,SUP_095,188.15,47,5
PRD_2247,NutriMax Grapes Max 1kg,CAT_010,SUP_179,27.8,118,9
PRD_2248,KitchenPro Grapes Regular 1L,CAT_010,SUP_102,148.69,57,10
PRD_2249,CarePlus Mango Plus 2kg,CAT_010,SUP_031,176.03,128,9
PRD_2250,GoodStore Grapes Max 500ml,CAT_010,SUP_031,98.33,105,8
PRD_2251,CarePlus Pomegranate Premium 2kg,CAT_010,SUP_145,201.65,71,5
PRD_2252,KitchenPro Papaya Daily 500ml,CAT_010,SUP_095,197.45,100,4
PRD_2253,CarePlus Papaya Premium 12pcs,CAT_010,SUP_020,144.03,129,8
PRD_2254,FreshCo Orange Classic 500g,CAT_010,SUP_063,257.73,27,9
PRD_2255,HealthySip Pomegranate Premium 250g,CAT_010,SUP_148,277.25,83,5
PRD_2256,NutriMax Orange Lite 24pcs,CAT_010,SUP_177,242.96,39,10
PRD_2257,PrimePick Grapes Plus 500ml,CAT_010,SUP_020,36.73,38,10
PRD_2258,CarePlus Banana Lite 100g,CAT_010,SUP_097,112.14,57,8
PRD_2259,PrimePick Papaya Classic 2kg,CAT_010,SUP_110,163.38,124,6
PRD_2260,NutriMax Grapes Premium 100g,CAT_010,SUP_137,33.38,63,6
PRD_2261,UrbanBasket Pomegranate Daily 200ml,CAT_010,SUP_184,259.84,36,9
PRD_2262,PrimePick Apple Lite 1kg,CAT_010,SUP_174,75.76,61,10
PRD_2263,UrbanBasket Banana Daily 100g,CAT_010,SUP_179,127.95,108,9
PRD_2264,ValueMart Banana Lite 200ml,CAT_010,SUP_170,233.34,115,8
PRD_2265,SmartLife Pomegranate Plus 200ml,CAT_010,SUP_170,296.74,62,6
PRD_2266,MunchTime Orange Classic 24pcs,CAT_010,SUP_177,36.31,121,10
PRD_2267,PrimePick Apple Classic 100g,CAT_010,SUP_011,142.1,81,7
PRD_2268,ValueMart Mango Lite 500ml,CAT_010,SUP_080,285.32,27,3
PRD_2269,KitchenPro Grapes Max 6pcs,CAT_010,SUP_031,95.12,109,6
PRD_2270,QuickNest Papaya Fresh 1L,CAT_010,SUP_177,222.01,126,4
PRD_2271,CarePlus Papaya Lite 2kg,CAT_010,SUP_152,266.86,95,7
PRD_2272,FamilyChoice Apple Lite 2kg,CAT_010,SUP_170,236.9,39,7
PRD_2273,GlowCare Banana Classic 1L,CAT_010,SUP_020,126.03,77,5
PRD_2274,ValueMart Grapes Fresh 12pcs,CAT_010,SUP_011,264.77,73,8
PRD_2275,UrbanBasket Mango Max 12pcs,CAT_010,SUP_176,219.82,27,5
PRD_2276,GlowCare Orange Lite 2kg,CAT_010,SUP_148,203.91,97,9
PRD_2277,NutriMax Mango Plus 6pcs,CAT_010,SUP_051,60.32,53,5
PRD_2278,SwiftCart Orange Premium 200g,CAT_010,SUP_063,194.27,52,9
PRD_2279,PureLeaf Pomegranate Family Pack 100g,CAT_010,SUP_177,100.69,63,4
PRD_2280,GoodStore Banana Premium 200g,CAT_010,SUP_051,33.89,81,9
PRD_2281,FreshCo Pomegranate Value Pack 24pcs,CAT_010,SUP_051,273.86,26,8
PRD_2282,HappyHome Pomegranate Classic 6pcs,CAT_010,SUP_020,192.32,22,5
PRD_2283,UrbanBasket Orange Daily 1L,CAT_010,SUP_148,31.5,53,3
PRD_2284,HealthySip Pomegranate Classic 100g,CAT_010,SUP_161,94.26,127,8
PRD_2285,SmartLife Apple Regular 100g,CAT_010,SUP_095,285.66,29,5
PRD_2286,GlowCare Orange Family Pack 500ml,CAT_010,SUP_161,247.21,37,7
PRD_2287,GlowCare Mango Regular 12pcs,CAT_010,SUP_102,170.67,78,8
PRD_2288,SwiftCart Papaya Plus 1kg,CAT_010,SUP_170,281.53,119,9
PRD_2289,SwiftCart Pomegranate Lite 500ml,CAT_010,SUP_080,204.23,29,5
PRD_2290,GlowCare Pomegranate Daily 200ml,CAT_010,SUP_148,201.31,124,8
PRD_2291,ValueMart Orange Max 250g,CAT_010,SUP_174,201.99,119,7
PRD_2292,UrbanBasket Papaya Family Pack 12pcs,CAT_010,SUP_051,194.16,123,8
PRD_2293,PrimePick Mango Lite 24pcs,CAT_010,SUP_154,229.89,59,5
PRD_2294,ComfortLine Pomegranate Fresh 6pcs,CAT_010,SUP_095,196.36,72,5
PRD_2295,MunchTime Orange Lite 24pcs,CAT_010,SUP_161,133.63,66,8
PRD_2296,NutriMax Orange Plus 1L,CAT_010,SUP_148,51.47,37,6
PRD_2297,GlowCare Papaya Family Pack 500g,CAT_010,SUP_011,127.41,58,10
PRD_2298,UrbanBasket Pomegranate Daily 250g,CAT_010,SUP_089,220.11,31,7
PRD_2299,SwiftCart Grapes Classic 24pcs,CAT_010,SUP_102,103.7,129,9
PRD_2300,SmartLife Mango Premium 500ml,CAT_010,SUP_176,80.96,55,7
PRD_2301,MunchTime Apple Lite 1kg,CAT_010,SUP_177,56.58,43,9
PRD_2302,UrbanBasket Banana Daily 750g,CAT_010,SUP_063,27.23,125,3
PRD_2303,UrbanBasket Orange Lite 200g,CAT_010,SUP_110,289.63,90,3
PRD_2304,MunchTime Mango Max 750g,CAT_010,SUP_152,295.35,43,5
PRD_2305,MunchTime Mango Lite 6pcs,CAT_010,SUP_097,30.07,54,9
PRD_2306,HealthySip Pomegranate Regular 100g,CAT_010,SUP_177,100.29,111,3
PRD_2307,KitchenPro Grapes Lite 1L,CAT_010,SUP_078,98.22,102,4
PRD_2308,FamilyChoice Orange Regular 1L,CAT_010,SUP_063,278.49,107,10
PRD_2309,KitchenPro Apple Max 500ml,CAT_010,SUP_152,264.75,53,9
PRD_2310,DailyDrop Papaya Classic 1L,CAT_010,SUP_170,45.45,112,10
PRD_2311,CarePlus Mango Fresh 12pcs,CAT_010,SUP_080,196.56,50,4
PRD_2312,SwiftCart Banana Plus 750g,CAT_010,SUP_184,78.64,76,5
PRD_2313,GlowCare Pomegranate Family Pack 200g,CAT_010,SUP_027,226.42,87,5
PRD_2314,MunchTime Mango Premium 6pcs,CAT_010,SUP_063,152.08,35,9
PRD_2315,MunchTime Grapes Fresh 6pcs,CAT_010,SUP_078,38.66,100,7
PRD_2316,UrbanBasket Apple Premium 250g,CAT_010,SUP_027,26.95,38,9
PRD_2317,KitchenPro Mango Plus 500g,CAT_010,SUP_161,122.3,96,7
PRD_2318,PureLeaf Apple Daily 1kg,CAT_010,SUP_176,175.29,94,10
PRD_2319,HealthySip Banana Value Pack 200g,CAT_010,SUP_078,111.31,45,9
PRD_2320,GoodStore Apple Max 250g,CAT_010,SUP_102,279.08,102,8
PRD_2321,HappyHome Papaya Daily 1kg,CAT_010,SUP_148,159.91,126,9
PRD_2322,GlowCare Pomegranate Regular 100g,CAT_010,SUP_018,220.08,87,4
PRD_2323,HealthySip Grapes Classic 500g,CAT_010,SUP_051,291.76,76,7
PRD_2324,FreshCo Mango Plus 24pcs,CAT_010,SUP_152,114.19,49,9
PRD_2325,ValueMart Orange Lite 200g,CAT_010,SUP_174,294.19,116,9
PRD_2326,GlowCare Orange Value Pack 200g,CAT_010,SUP_110,208.15,25,4
PRD_2327,KitchenPro Grapes Family Pack 500ml,CAT_010,SUP_137,228.21,30,3
PRD_2328,ValueMart Orange Premium 100g,CAT_010,SUP_179,108.84,120,6
PRD_2329,SmartLife Orange Family Pack 250g,CAT_010,SUP_063,102.49,86,4
PRD_2330,HealthySip Grapes Fresh 200ml,CAT_010,SUP_110,27.25,50,5
PRD_2331,ValueMart Mango Plus 12pcs,CAT_010,SUP_063,175.11,129,7
PRD_2332,EliteOne Papaya Classic 2kg,CAT_010,SUP_031,99.3,45,7
PRD_2333,ComfortLine Mango Premium 500g,CAT_010,SUP_170,186.22,44,4
PRD_2334,EliteOne Papaya Lite 1L,CAT_010,SUP_161,181.54,24,6
PRD_2335,PureLeaf Papaya Lite 100g,CAT_010,SUP_078,119.73,40,7
PRD_2336,HealthySip Banana Premium 1kg,CAT_010,SUP_018,203.68,108,4
PRD_2337,KitchenPro Papaya Fresh 750g,CAT_010,SUP_170,177.39,103,3
PRD_2338,MunchTime Apple Max 250g,CAT_010,SUP_089,41.98,119,3
PRD_2339,SwiftCart Pomegranate Family Pack 100g,CAT_010,SUP_170,41.81,35,8
PRD_2340,KitchenPro Banana Fresh 12pcs,CAT_010,SUP_095,277.61,103,7
PRD_2341,ComfortLine Banana Family Pack 2kg,CAT_010,SUP_063,123.74,107,5
PRD_2342,HappyHome Banana Daily 6pcs,CAT_010,SUP_080,266.88,116,4
PRD_2343,NutriMax Orange Value Pack 100g,CAT_010,SUP_177,227.08,93,4
PRD_2344,SwiftCart Pomegranate Max 12pcs,CAT_010,SUP_089,142.54,110,7
PRD_2345,KitchenPro Grapes Regular 2kg,CAT_010,SUP_063,33.76,109,7
PRD_2346,GoodStore Mango Fresh 2kg,CAT_010,SUP_095,241.34,97,10
PRD_2347,SwiftCart Orange Max 250g,CAT_010,SUP_179,214.63,82,3
PRD_2348,ValueMart Orange Daily 500ml,CAT_010,SUP_184,229.72,67,9
PRD_2349,KitchenPro Pomegranate Value Pack 2kg,CAT_010,SUP_137,52.9,47,6
PRD_2350,KitchenPro Papaya Value Pack 6pcs,CAT_010,SUP_110,277.81,36,10
PRD_2351,SwiftCart Pomegranate Premium 200g,CAT_010,SUP_174,169.37,76,9
PRD_2352,FreshCo Papaya Plus 1L,CAT_010,SUP_097,122.49,94,3
PRD_2353,ComfortLine Grapes Premium 500ml,CAT_010,SUP_089,166.52,93,4
PRD_2354,FamilyChoice Grapes Classic 1L,CAT_010,SUP_137,56.14,89,6
PRD_2355,KitchenPro Orange Family Pack 500g,CAT_010,SUP_095,282.24,62,9
PRD_2356,GoodStore Grapes Premium 2kg,CAT_010,SUP_051,263.47,77,3
PRD_2357,HealthySip Mango Regular 200g,CAT_010,SUP_018,89.39,25,3
PRD_2358,KitchenPro Grapes Plus 6pcs,CAT_010,SUP_080,48.52,41,3
PRD_2359,CarePlus Orange Value Pack 500ml,CAT_010,SUP_152,75.91,98,4
PRD_2360,QuickNest Papaya Plus 750g,CAT_010,SUP_137,76.25,107,10
PRD_2361,FreshCo Banana Classic 2kg,CAT_010,SUP_080,166.86,89,8
PRD_2362,PrimePick Apple Regular 24pcs,CAT_010,SUP_154,238.26,84,6
PRD_2363,ComfortLine Mango Regular 1kg,CAT_010,SUP_184,292.35,77,6
PRD_2364,KitchenPro Pomegranate Fresh 500g,CAT_010,SUP_027,39.91,31,4
PRD_2365,ComfortLine Banana Plus 6pcs,CAT_010,SUP_148,228.12,90,5
PRD_2366,EliteOne Mango Lite 2kg,CAT_010,SUP_089,248.98,50,3
PRD_2367,ValueMart Grapes Regular 2kg,CAT_010,SUP_154,280.34,60,4
PRD_2368,KitchenPro Banana Premium 500g,CAT_010,SUP_110,39.41,92,10
PRD_2369,PrimePick Mango Premium 500ml,CAT_010,SUP_089,190.71,124,4
PRD_2370,GlowCare Pomegranate Value Pack 24pcs,CAT_010,SUP_031,145.95,121,9
PRD_2371,PureLeaf Banana Premium 500g,CAT_010,SUP_174,242.36,50,8
PRD_2372,KitchenPro Apple Daily 100g,CAT_010,SUP_102,270.53,82,5
PRD_2373,ComfortLine Apple Fresh 12pcs,CAT_010,SUP_174,134.97,111,4
PRD_2374,GlowCare Pomegranate Lite 100g,CAT_010,SUP_078,73.08,76,4
PRD_2375,NutriMax Papaya Family Pack 250g,CAT_010,SUP_089,140.66,34,4
PRD_2376,SmartLife Banana Fresh 500g,CAT_010,SUP_020,142.65,124,10
PRD_2377,GlowCare Papaya Value Pack 24pcs,CAT_010,SUP_137,140.1,103,4
PRD_2378,QuickNest Apple Lite 200g,CAT_010,SUP_089,165.93,90,8
PRD_2379,EliteOne Apple Premium 200g,CAT_010,SUP_078,38.36,24,5
PRD_2380,SwiftCart Pomegranate Lite 200g,CAT_010,SUP_177,176.72,20,5
PRD_2381,ValueMart Orange Premium 200g,CAT_010,SUP_176,117.08,39,7
PRD_2382,NutriMax Mango Plus 500g,CAT_010,SUP_097,270.18,107,6
PRD_2383,FreshCo Grapes Premium 2kg,CAT_010,SUP_176,112.96,41,6
PRD_2384,UrbanBasket Papaya Plus 500g,CAT_010,SUP_027,62.55,49,8
PRD_2385,MunchTime Orange Lite 24pcs,CAT_010,SUP_184,116.78,33,6
PRD_2386,FreshCo Orange Daily 250g,CAT_010,SUP_089,88.98,43,6
PRD_2387,DailyDrop Pomegranate Regular 200g,CAT_010,SUP_063,56.88,96,10
PRD_2388,ComfortLine Grapes Fresh 1L,CAT_010,SUP_080,197.46,43,8
PRD_2389,FamilyChoice Banana Value Pack 12pcs,CAT_010,SUP_097,175.48,99,8
PRD_2390,ComfortLine Banana Fresh 100g,CAT_010,SUP_080,203.52,94,5
PRD_2391,FamilyChoice Pomegranate Lite 24pcs,CAT_010,SUP_051,24.94,48,7
PRD_2392,NutriMax Mango Family Pack 200g,CAT_010,SUP_080,168.28,73,9
PRD_2393,PrimePick Orange Premium 500g,CAT_010,SUP_170,103.27,48,5
PRD_2394,PrimePick Papaya Value Pack 750g,CAT_010,SUP_176,78.18,29,5
PRD_2395,UrbanBasket Banana Fresh 1kg,CAT_010,SUP_089,244.85,95,9
PRD_2396,MunchTime Orange Max 12pcs,CAT_010,SUP_179,99.39,51,10
PRD_2397,GlowCare Pomegranate Value Pack 500g,CAT_010,SUP_184,155.04,45,5
PRD_2398,QuickNest Banana Premium 2kg,CAT_010,SUP_145,120.48,125,4
PRD_2399,EliteOne Mango Lite 750g,CAT_010,SUP_018,105.27,122,9
PRD_2400,HealthySip Banana Max 2kg,CAT_010,SUP_179,126.11,28,8
PRD_2401,QuickNest Pomegranate Daily 1kg,CAT_010,SUP_097,148.62,68,3
PRD_2402,GlowCare Pomegranate Family Pack 2kg,CAT_010,SUP_145,280.38,72,5
PRD_2403,NutriMax Orange Premium 6pcs,CAT_010,SUP_078,205.21,59,7
PRD_2404,DailyDrop Banana Value Pack 500ml,CAT_010,SUP_145,47.59,124,10
PRD_2405,SmartLife Grapes Fresh 1L,CAT_010,SUP_063,218.49,95,4
PRD_2406,FreshCo Grapes Lite 200g,CAT_010,SUP_018,259.97,92,8
PRD_2407,KitchenPro Orange Lite 24pcs,CAT_010,SUP_063,45.02,130,9
PRD_2408,UrbanBasket Banana Regular 500g,CAT_010,SUP_063,151.21,35,3
PRD_2409,PureLeaf Banana Classic 200g,CAT_010,SUP_161,268.32,122,5
PRD_2410,FreshCo Papaya Regular 12pcs,CAT_010,SUP_051,228.81,100,10
PRD_2411,EliteOne Grapes Regular 24pcs,CAT_010,SUP_020,45.1,81,10
PRD_2412,UrbanBasket Pomegranate Value Pack 2kg,CAT_010,SUP_011,45.12,52,4
PRD_2413,FamilyChoice Banana Premium 500g,CAT_010,SUP_031,246.03,39,6
PRD_2414,ComfortLine Orange Premium 24pcs,CAT_010,SUP_145,82.61,93,10
PRD_2415,KitchenPro Papaya Plus 6pcs,CAT_010,SUP_161,63.4,56,6
PRD_2416,PureLeaf Mango Family Pack 500g,CAT_010,SUP_148,218.46,96,4
PRD_2417,HealthySip Mango Classic 200ml,CAT_010,SUP_152,268.79,107,4
PRD_2418,SwiftCart Grapes Max 200g,CAT_010,SUP_184,60,77,5
PRD_2419,PureLeaf Pomegranate Plus 1L,CAT_010,SUP_020,241.19,54,3
PRD_2420,FreshCo Pomegranate Classic 750g,CAT_010,SUP_089,258.97,29,3
PRD_2421,EliteOne Mango Max 100g,CAT_010,SUP_177,267.02,28,6
PRD_2422,GlowCare Banana Fresh 100g,CAT_010,SUP_154,229.33,118,3
PRD_2423,PureLeaf Apple Classic 6pcs,CAT_010,SUP_174,222.98,41,10
PRD_2424,SwiftCart Grapes Plus 24pcs,CAT_010,SUP_170,105.21,90,10
PRD_2425,QuickNest Orange Regular 1kg,CAT_010,SUP_027,20.4,44,5
PRD_2426,GoodStore Apple Regular 24pcs,CAT_010,SUP_176,254.32,53,9
PRD_2427,DailyDrop Pomegranate Value Pack 2kg,CAT_010,SUP_110,150.26,68,3
PRD_2428,HealthySip Grapes Premium 6pcs,CAT_010,SUP_063,64.73,89,7
PRD_2429,SwiftCart Pomegranate Family Pack 100g,CAT_010,SUP_148,99.85,60,8
PRD_2430,FreshCo Mango Premium 250g,CAT_010,SUP_161,273.61,33,6
PRD_2431,KitchenPro Mango Lite 500g,CAT_010,SUP_174,85.04,98,10
PRD_2432,NutriMax Banana Classic 500ml,CAT_010,SUP_110,111.91,67,7
PRD_2433,DailyDrop Mango Classic 750g,CAT_010,SUP_097,263.61,81,10
PRD_2434,SmartLife Potato Value Pack 200g,CAT_011,SUP_188,38,99,4
PRD_2435,ComfortLine Capsicum Plus 24pcs,CAT_011,SUP_158,58.83,61,6
PRD_2436,ValueMart Capsicum Daily 250g,CAT_011,SUP_175,87.08,101,3
PRD_2437,PrimePick Potato Lite 1kg,CAT_011,SUP_003,19.31,101,2
PRD_2438,KitchenPro Beans Max 6pcs,CAT_011,SUP_067,91.92,84,8
PRD_2439,FamilyChoice Potato Family Pack 500ml,CAT_011,SUP_127,63.71,80,5
PRD_2440,HealthySip Carrot Regular 750g,CAT_011,SUP_133,158.71,124,3
PRD_2441,HealthySip Capsicum Premium 500g,CAT_011,SUP_070,146.87,67,2
PRD_2442,SmartLife Cabbage Premium 12pcs,CAT_011,SUP_152,103.59,80,3
PRD_2443,CarePlus Beans Family Pack 6pcs,CAT_011,SUP_173,61.6,84,6
PRD_2444,UrbanBasket Potato Classic 200ml,CAT_011,SUP_046,63.88,99,8
PRD_2445,HappyHome Potato Plus 200ml,CAT_011,SUP_112,58.55,114,8
PRD_2446,SwiftCart Carrot Family Pack 1kg,CAT_011,SUP_062,63.18,126,2
PRD_2447,FamilyChoice Beans Regular 500ml,CAT_011,SUP_003,99.56,32,7
PRD_2448,MunchTime Tomato Lite 6pcs,CAT_011,SUP_196,28.79,61,4
PRD_2449,SwiftCart Beans Family Pack 250g,CAT_011,SUP_069,101.02,83,8
PRD_2450,MunchTime Carrot Fresh 1L,CAT_011,SUP_112,149.08,92,3
PRD_2451,GlowCare Cabbage Premium 500g,CAT_011,SUP_158,150.13,96,4
PRD_2452,ValueMart Carrot Value Pack 6pcs,CAT_011,SUP_155,40.54,89,7
PRD_2453,SwiftCart Beans Max 250g,CAT_011,SUP_148,19.27,94,5
PRD_2454,SwiftCart Potato Classic 500g,CAT_011,SUP_175,147.28,21,6
PRD_2455,QuickNest Onion Max 100g,CAT_011,SUP_067,19.3,119,7
PRD_2456,MunchTime Beans Value Pack 1kg,CAT_011,SUP_093,169.08,22,2
PRD_2457,UrbanBasket Beans Plus 1kg,CAT_011,SUP_046,147.6,95,3
PRD_2458,GlowCare Onion Plus 500ml,CAT_011,SUP_157,168.46,93,7
PRD_2459,DailyDrop Tomato Value Pack 200ml,CAT_011,SUP_069,137.11,21,7
PRD_2460,DailyDrop Potato Plus 6pcs,CAT_011,SUP_071,43.53,125,5
PRD_2461,HappyHome Carrot Family Pack 750g,CAT_011,SUP_063,173.57,91,3
PRD_2462,ComfortLine Onion Fresh 750g,CAT_011,SUP_047,25.13,72,5
PRD_2463,FamilyChoice Carrot Premium 2kg,CAT_011,SUP_199,166.15,65,6
PRD_2464,CarePlus Potato Family Pack 200g,CAT_011,SUP_093,36.61,130,7
PRD_2465,DailyDrop Potato Value Pack 1L,CAT_011,SUP_167,115.25,62,5
PRD_2466,GoodStore Potato Value Pack 200g,CAT_011,SUP_134,109.55,101,2
PRD_2467,GlowCare Beans Plus 2kg,CAT_011,SUP_111,132.26,117,3
PRD_2468,QuickNest Onion Family Pack 200ml,CAT_011,SUP_182,97.46,129,4
PRD_2469,HappyHome Cabbage Value Pack 1kg,CAT_011,SUP_153,152.37,87,6
PRD_2470,SmartLife Beans Classic 12pcs,CAT_011,SUP_111,111.83,97,5
PRD_2471,FamilyChoice Onion Daily 12pcs,CAT_011,SUP_119,48.55,122,2
PRD_2472,SmartLife Capsicum Family Pack 12pcs,CAT_011,SUP_182,127.27,70,2
PRD_2473,UrbanBasket Tomato Lite 250g,CAT_011,SUP_188,28.23,112,4
PRD_2474,PrimePick Carrot Max 100g,CAT_011,SUP_072,135.03,44,4
PRD_2475,FreshCo Tomato Value Pack 250g,CAT_011,SUP_148,117.76,45,7
PRD_2476,ValueMart Potato Classic 6pcs,CAT_011,SUP_047,158.38,50,3
PRD_2477,HealthySip Tomato Classic 1L,CAT_011,SUP_146,49.77,119,8
PRD_2478,CarePlus Cabbage Premium 200ml,CAT_011,SUP_004,131.57,108,3
PRD_2479,FreshCo Cabbage Value Pack 1L,CAT_011,SUP_105,62.09,92,5
PRD_2480,FamilyChoice Onion Lite 500ml,CAT_011,SUP_003,54.88,60,6
PRD_2481,SwiftCart Onion Value Pack 200g,CAT_011,SUP_022,134.58,51,7
PRD_2482,PureLeaf Capsicum Max 200ml,CAT_011,SUP_143,65.86,78,2
PRD_2483,GoodStore Tomato Max 750g,CAT_011,SUP_070,91.31,121,7
PRD_2484,MunchTime Tomato Regular 100g,CAT_011,SUP_124,140.69,47,6
PRD_2485,PureLeaf Capsicum Daily 500ml,CAT_011,SUP_119,140.43,124,3
PRD_2486,QuickNest Potato Fresh 6pcs,CAT_011,SUP_071,64.69,118,7
PRD_2487,FreshCo Capsicum Plus 250g,CAT_011,SUP_196,170.34,94,7
PRD_2488,PrimePick Onion Max 1kg,CAT_011,SUP_088,45.17,64,2
PRD_2489,EliteOne Onion Plus 12pcs,CAT_011,SUP_069,35.4,85,4
PRD_2490,UrbanBasket Onion Plus 500g,CAT_011,SUP_055,88.3,86,6
PRD_2491,QuickNest Potato Fresh 6pcs,CAT_011,SUP_116,168.1,130,7
PRD_2492,ValueMart Beans Regular 750g,CAT_011,SUP_148,93.6,73,8
PRD_2493,GlowCare Tomato Plus 1L,CAT_011,SUP_158,147.14,61,3
PRD_2494,HappyHome Tomato Daily 100g,CAT_011,SUP_098,64.41,49,2
PRD_2495,PureLeaf Capsicum Premium 1L,CAT_011,SUP_072,49.05,38,5
PRD_2496,MunchTime Cabbage Regular 1L,CAT_011,SUP_138,116.91,22,4
PRD_2497,FreshCo Potato Lite 200ml,CAT_011,SUP_175,140.1,105,2
PRD_2498,PrimePick Capsicum Value Pack 500ml,CAT_011,SUP_125,56.59,33,4
PRD_2499,ValueMart Beans Max 750g,CAT_011,SUP_138,74.12,113,6
PRD_2500,SmartLife Potato Max 100g,CAT_011,SUP_004,21.85,115,4
PRD_2501,SmartLife Onion Premium 1L,CAT_011,SUP_108,167.59,72,8
PRD_2502,SmartLife Carrot Plus 100g,CAT_011,SUP_152,74.53,71,5
PRD_2503,FreshCo Capsicum Value Pack 100g,CAT_011,SUP_163,164.84,59,7
PRD_2504,SmartLife Tomato Fresh 24pcs,CAT_011,SUP_067,80.03,63,4
PRD_2505,GoodStore Cabbage Premium 250g,CAT_011,SUP_153,45.75,103,5
PRD_2506,PrimePick Tomato Family Pack 12pcs,CAT_011,SUP_072,114.64,96,6
PRD_2507,UrbanBasket Beans Family Pack 750g,CAT_011,SUP_004,78.52,95,2
PRD_2508,NutriMax Carrot Plus 500g,CAT_011,SUP_072,128.67,45,7
PRD_2509,SwiftCart Carrot Value Pack 750g,CAT_011,SUP_047,121.19,58,5
PRD_2510,ValueMart Tomato Plus 1L,CAT_011,SUP_199,37.02,107,4
PRD_2511,EliteOne Tomato Family Pack 250g,CAT_011,SUP_070,85.77,96,3
PRD_2512,KitchenPro Onion Family Pack 500ml,CAT_011,SUP_124,106.79,85,3
PRD_2513,UrbanBasket Tomato Daily 750g,CAT_011,SUP_055,138.72,96,3
PRD_2514,GoodStore Carrot Plus 250g,CAT_011,SUP_049,110.81,33,6
PRD_2515,KitchenPro Cabbage Lite 200g,CAT_011,SUP_098,10.8,34,2
PRD_2516,PureLeaf Carrot Regular 500ml,CAT_011,SUP_175,139.76,49,7
PRD_2517,KitchenPro Tomato Plus 200ml,CAT_011,SUP_023,48.87,66,3
PRD_2518,FreshCo Carrot Classic 500ml,CAT_011,SUP_133,51.3,62,5
PRD_2519,UrbanBasket Carrot Lite 24pcs,CAT_011,SUP_125,11.21,31,5
PRD_2520,CarePlus Tomato Fresh 1L,CAT_011,SUP_069,71.17,99,4
PRD_2521,ComfortLine Onion Daily 500ml,CAT_011,SUP_148,125.14,82,7
PRD_2522,DailyDrop Tomato Plus 24pcs,CAT_011,SUP_163,172.52,70,7
PRD_2523,FreshCo Carrot Fresh 200ml,CAT_011,SUP_175,77.95,78,5
PRD_2524,DailyDrop Cabbage Classic 200g,CAT_011,SUP_158,119.16,111,7
PRD_2525,SwiftCart Cabbage Daily 1kg,CAT_011,SUP_111,127.52,113,2
PRD_2526,SmartLife Cabbage Max 1L,CAT_011,SUP_173,154.57,98,8
PRD_2527,DailyDrop Tomato Daily 200g,CAT_011,SUP_199,29.11,125,7
PRD_2528,DailyDrop Beans Family Pack 12pcs,CAT_011,SUP_098,108.1,65,2
PRD_2529,GoodStore Onion Max 12pcs,CAT_011,SUP_163,102.92,94,6
PRD_2530,PrimePick Onion Value Pack 750g,CAT_011,SUP_071,137.27,108,5
PRD_2531,HealthySip Potato Family Pack 1L,CAT_011,SUP_093,141.11,76,4
PRD_2532,FreshCo Potato Daily 250g,CAT_011,SUP_148,43,39,2
PRD_2533,FamilyChoice Potato Family Pack 200g,CAT_011,SUP_046,168.92,65,2
PRD_2534,HealthySip Potato Fresh 100g,CAT_011,SUP_116,153.23,106,6
PRD_2535,DailyDrop Carrot Value Pack 200g,CAT_011,SUP_063,83.01,108,7
PRD_2536,ValueMart Carrot Fresh 500g,CAT_011,SUP_070,15.28,80,8
PRD_2537,ComfortLine Cabbage Max 6pcs,CAT_011,SUP_196,69.29,22,7
PRD_2538,ComfortLine Capsicum Plus 200g,CAT_011,SUP_118,37.14,55,3
PRD_2539,FreshCo Capsicum Lite 250g,CAT_011,SUP_062,78.76,101,4
PRD_2540,CarePlus Capsicum Fresh 250g,CAT_011,SUP_143,129.98,122,8
PRD_2541,GoodStore Capsicum Max 500g,CAT_011,SUP_119,50.18,76,4
PRD_2542,SmartLife Tomato Premium 6pcs,CAT_011,SUP_084,76.64,24,8
PRD_2543,NutriMax Carrot Value Pack 6pcs,CAT_011,SUP_063,127.3,112,8
PRD_2544,SwiftCart Carrot Plus 200ml,CAT_011,SUP_062,100.7,120,8
PRD_2545,PrimePick Carrot Value Pack 100g,CAT_011,SUP_175,51.01,39,6
PRD_2546,EliteOne Potato Classic 2kg,CAT_011,SUP_084,52.58,60,8
PRD_2547,DailyDrop Tomato Daily 6pcs,CAT_011,SUP_116,113.13,42,8
PRD_2548,NutriMax Potato Max 250g,CAT_011,SUP_148,13.58,35,2
PRD_2549,MunchTime Capsicum Classic 750g,CAT_011,SUP_182,163.43,46,4
PRD_2550,FamilyChoice Tomato Family Pack 500ml,CAT_011,SUP_152,162.01,100,7
PRD_2551,FamilyChoice Capsicum Fresh 2kg,CAT_011,SUP_126,135.8,37,8
PRD_2552,PrimePick Onion Daily 1kg,CAT_011,SUP_188,155.99,32,8
PRD_2553,PrimePick Carrot Value Pack 750g,CAT_011,SUP_063,93.87,62,5
PRD_2554,HealthySip Potato Max 2kg,CAT_011,SUP_047,177.33,52,5
PRD_2555,ValueMart Capsicum Fresh 1L,CAT_011,SUP_133,11.6,124,3
PRD_2556,FamilyChoice Capsicum Lite 750g,CAT_011,SUP_173,54.1,124,6
PRD_2557,EliteOne Tomato Regular 1L,CAT_011,SUP_084,85.77,31,7
PRD_2558,GlowCare Beans Classic 200g,CAT_011,SUP_088,55.04,127,6
PRD_2559,ValueMart Cabbage Premium 500g,CAT_011,SUP_067,156.7,44,5
PRD_2560,HealthySip Potato Max 6pcs,CAT_011,SUP_120,110.44,30,2
PRD_2561,CarePlus Cabbage Family Pack 24pcs,CAT_011,SUP_111,35.6,81,8
PRD_2562,GlowCare Onion Plus 24pcs,CAT_011,SUP_126,75.12,115,2
PRD_2563,ComfortLine Potato Premium 750g,CAT_011,SUP_004,145.2,100,2
PRD_2564,UrbanBasket Cabbage Regular 200ml,CAT_011,SUP_047,86.09,88,6
PRD_2565,FreshCo Capsicum Regular 250g,CAT_011,SUP_111,61.46,38,8
PRD_2566,MunchTime Capsicum Lite 2kg,CAT_011,SUP_055,56.37,113,3
PRD_2567,GoodStore Beans Family Pack 500g,CAT_011,SUP_070,160.93,21,7
PRD_2568,MunchTime Carrot Value Pack 6pcs,CAT_011,SUP_134,104.51,109,3
PRD_2569,ValueMart Onion Fresh 2kg,CAT_011,SUP_022,88.22,98,3
PRD_2570,HappyHome Cabbage Daily 200g,CAT_011,SUP_088,58.24,99,7
PRD_2571,SwiftCart Capsicum Classic 500g,CAT_011,SUP_022,117.75,130,8
PRD_2572,FreshCo Onion Plus 1kg,CAT_011,SUP_127,67.43,91,3
PRD_2573,UrbanBasket Beans Lite 1kg,CAT_011,SUP_199,51.19,93,4
PRD_2574,FamilyChoice Capsicum Family Pack 200ml,CAT_011,SUP_105,98.7,91,5
PRD_2575,EliteOne Onion Fresh 200ml,CAT_011,SUP_152,13.31,33,8
PRD_2576,ComfortLine Tomato Lite 500ml,CAT_011,SUP_022,47.65,112,2
PRD_2577,MunchTime Potato Plus 2kg,CAT_011,SUP_155,19.91,82,2
PRD_2578,EliteOne Potato Lite 200g,CAT_011,SUP_049,104.64,100,8
PRD_2579,SmartLife Beans Premium 200g,CAT_011,SUP_146,67.05,51,5
PRD_2580,DailyDrop Onion Fresh 1L,CAT_011,SUP_188,83.57,85,5
PRD_2581,CarePlus Potato Value Pack 750g,CAT_011,SUP_083,15.6,128,4
PRD_2582,NutriMax Capsicum Lite 200g,CAT_011,SUP_138,115.16,34,3
PRD_2583,GoodStore Potato Family Pack 1L,CAT_011,SUP_196,24.59,79,2
PRD_2584,ComfortLine Beans Value Pack 500ml,CAT_011,SUP_063,166.95,47,2
PRD_2585,DailyDrop Beans Premium 500ml,CAT_011,SUP_084,31.61,63,3
PRD_2586,QuickNest Carrot Classic 6pcs,CAT_011,SUP_004,110.72,112,3
PRD_2587,KitchenPro Tomato Family Pack 750g,CAT_011,SUP_188,121.22,122,2
PRD_2588,DailyDrop Cabbage Family Pack 250g,CAT_011,SUP_008,174.52,95,6
PRD_2589,PureLeaf Cabbage Classic 24pcs,CAT_011,SUP_167,179.7,93,7
PRD_2590,UrbanBasket Carrot Daily 24pcs,CAT_011,SUP_125,54.48,50,8
PRD_2591,DailyDrop Capsicum Premium 1kg,CAT_011,SUP_023,14.79,29,3
PRD_2592,ComfortLine Beans Fresh 200g,CAT_011,SUP_119,159.85,58,5
PRD_2593,QuickNest Onion Classic 12pcs,CAT_011,SUP_111,132.46,86,3
PRD_2594,HealthySip Potato Family Pack 500ml,CAT_011,SUP_091,127.03,104,5
PRD_2595,KitchenPro Tomato Value Pack 200ml,CAT_011,SUP_049,143.91,95,5
PRD_2596,CarePlus Cabbage Classic 100g,CAT_011,SUP_088,65.57,122,3
PRD_2597,HappyHome Cabbage Daily 500ml,CAT_011,SUP_155,129.17,42,8
PRD_2598,FreshCo Carrot Max 500ml,CAT_011,SUP_108,141.39,59,5
PRD_2599,GlowCare Carrot Lite 12pcs,CAT_011,SUP_072,143.33,70,3
PRD_2600,KitchenPro Capsicum Lite 500ml,CAT_011,SUP_093,24.01,52,7
PRD_2601,SwiftCart Carrot Regular 1L,CAT_011,SUP_152,57.28,81,3
PRD_2602,PureLeaf Onion Classic 2kg,CAT_011,SUP_167,170.67,90,3
PRD_2603,UrbanBasket Onion Classic 1L,CAT_011,SUP_134,88.35,89,7
PRD_2604,GoodStore Carrot Classic 1L,CAT_011,SUP_022,37.57,51,7
PRD_2605,CarePlus Potato Premium 100g,CAT_011,SUP_108,135.55,76,6
PRD_2606,MunchTime Onion Value Pack 250g,CAT_011,SUP_004,116.46,90,2
PRD_2607,NutriMax Tomato Family Pack 1L,CAT_011,SUP_138,31.47,22,4
PRD_2608,ComfortLine Onion Max 2kg,CAT_011,SUP_067,32.54,83,8
PRD_2609,UrbanBasket Potato Value Pack 200g,CAT_011,SUP_087,55.02,115,2
PRD_2610,HealthySip Onion Regular 12pcs,CAT_011,SUP_196,132.39,115,7
PRD_2611,MunchTime Onion Value Pack 12pcs,CAT_011,SUP_069,95.96,104,2
PRD_2612,GoodStore Cabbage Family Pack 750g,CAT_011,SUP_098,62.05,102,2
PRD_2613,PureLeaf Tomato Fresh 12pcs,CAT_011,SUP_157,50.67,104,7
PRD_2614,DailyDrop Potato Plus 1kg,CAT_011,SUP_153,149.48,98,7
PRD_2615,HealthySip Beans Premium 750g,CAT_011,SUP_046,96.45,34,7
PRD_2616,FamilyChoice Onion Value Pack 500g,CAT_011,SUP_143,63.45,120,5
PRD_2617,HappyHome Beans Regular 200g,CAT_011,SUP_071,134.08,45,3
PRD_2618,PrimePick Cabbage Family Pack 100g,CAT_011,SUP_173,116.97,70,2
PRD_2619,MunchTime Carrot Classic 200g,CAT_011,SUP_146,113.87,72,4
PRD_2620,DailyDrop Cabbage Value Pack 750g,CAT_011,SUP_084,87.9,111,3
PRD_2621,SmartLife Carrot Classic 200g,CAT_011,SUP_158,51.1,32,4
PRD_2622,ComfortLine Cabbage Max 2kg,CAT_011,SUP_088,160.76,38,6
PRD_2623,GlowCare Cabbage Max 2kg,CAT_011,SUP_004,137.45,102,3
PRD_2624,HappyHome Onion Lite 2kg,CAT_011,SUP_067,173.52,129,3
PRD_2625,GoodStore Carrot Value Pack 100g,CAT_011,SUP_004,45.79,125,6
PRD_2626,NutriMax Beans Daily 100g,CAT_011,SUP_003,49.72,63,6
PRD_2627,QuickNest Tomato Daily 24pcs,CAT_011,SUP_046,142.61,112,5
PRD_2628,FreshCo Cabbage Daily 1kg,CAT_011,SUP_072,48.78,114,4
PRD_2629,KitchenPro Cabbage Classic 24pcs,CAT_011,SUP_022,110.74,108,2
PRD_2630,GoodStore Potato Value Pack 2kg,CAT_011,SUP_196,53.31,91,4
PRD_2631,MunchTime Beans Daily 2kg,CAT_011,SUP_071,29.22,37,7
PRD_2632,FamilyChoice Beans Lite 750g,CAT_011,SUP_083,138.78,122,4
PRD_2633,CarePlus Carrot Classic 250g,CAT_011,SUP_158,102.1,60,6
PRD_2634,QuickNest Cabbage Family Pack 200g,CAT_011,SUP_133,140.25,27,7
PRD_2635,SmartLife Beans Daily 1kg,CAT_011,SUP_063,171.04,75,8
PRD_2636,ComfortLine Potato Regular 750g,CAT_011,SUP_158,33.04,29,7
PRD_2637,QuickNest Capsicum Daily 24pcs,CAT_011,SUP_166,29.14,60,4
PRD_2638,SmartLife Potato Regular 1L,CAT_011,SUP_105,41.21,114,8
PRD_2639,ValueMart Tomato Max 200ml,CAT_011,SUP_088,139.25,71,3
PRD_2640,FreshCo Carrot Classic 200ml,CAT_011,SUP_152,170.4,117,2
PRD_2641,GoodStore Carrot Plus 500g,CAT_011,SUP_108,158.27,128,7
PRD_2642,UrbanBasket Beans Daily 750g,CAT_011,SUP_008,35.07,119,4
PRD_2643,UrbanBasket Tomato Lite 200ml,CAT_011,SUP_070,106.18,76,2
PRD_2644,QuickNest Cabbage Max 750g,CAT_011,SUP_163,169.41,110,8
PRD_2645,ValueMart Onion Daily 250g,CAT_011,SUP_091,170.83,129,6
PRD_2646,CarePlus Potato Classic 200g,CAT_011,SUP_040,32.37,128,3
PRD_2647,FamilyChoice Capsicum Daily 200ml,CAT_011,SUP_120,162.16,43,6
PRD_2648,GoodStore Potato Family Pack 12pcs,CAT_011,SUP_108,156.09,23,2
PRD_2649,QuickNest Capsicum Classic 750g,CAT_011,SUP_199,171.06,37,4
PRD_2650,NutriMax Cabbage Classic 500ml,CAT_011,SUP_047,11.58,112,8
PRD_2651,NutriMax Onion Premium 200g,CAT_011,SUP_157,17.83,92,4
PRD_2652,SwiftCart Carrot Premium 500ml,CAT_011,SUP_167,67.55,79,2
PRD_2653,PureLeaf Onion Regular 1L,CAT_011,SUP_105,114.24,74,7
PRD_2654,KitchenPro Cabbage Plus 200g,CAT_011,SUP_148,122.52,34,3
PRD_2655,PrimePick Tomato Regular 100g,CAT_011,SUP_047,149.3,83,8
PRD_2656,NutriMax Cabbage Plus 1kg,CAT_011,SUP_091,111.98,43,4
PRD_2657,HealthySip Tomato Daily 750g,CAT_011,SUP_088,150.33,113,4
PRD_2658,NutriMax Onion Value Pack 100g,CAT_011,SUP_118,91.62,98,3
PRD_2659,FreshCo Beans Daily 200g,CAT_011,SUP_046,38.75,23,6
PRD_2660,PureLeaf Cabbage Fresh 500ml,CAT_011,SUP_049,84.84,126,3
PRD_2661,NutriMax Beans Plus 500g,CAT_011,SUP_105,168,30,3
PRD_2662,DailyDrop Beans Lite 6pcs,CAT_011,SUP_083,77.14,100,5
PRD_2663,UrbanBasket Cabbage Family Pack 200g,CAT_011,SUP_127,176.96,109,6
PRD_2664,EliteOne Beans Fresh 6pcs,CAT_011,SUP_071,85.56,30,4
PRD_2665,GoodStore Carrot Premium 12pcs,CAT_011,SUP_196,42.37,89,6
PRD_2666,DailyDrop Beans Max 1L,CAT_011,SUP_067,65.55,50,7
PRD_2667,FamilyChoice Beans Regular 200ml,CAT_011,SUP_158,23.54,110,3
PRD_2668,EliteOne Onion Family Pack 750g,CAT_011,SUP_188,86.15,66,3
PRD_2669,NutriMax Onion Max 500g,CAT_011,SUP_120,64.52,55,3
PRD_2670,SwiftCart Capsicum Family Pack 12pcs,CAT_011,SUP_116,35.07,61,3
PRD_2671,KitchenPro Capsicum Premium 1kg,CAT_011,SUP_152,158.75,49,6
PRD_2672,FamilyChoice Beans Regular 200g,CAT_011,SUP_091,26.07,20,2
PRD_2673,ComfortLine Carrot Max 500g,CAT_011,SUP_049,113.02,57,2
PRD_2674,CarePlus Carrot Lite 1L,CAT_011,SUP_087,19.11,78,5
PRD_2675,KitchenPro Onion Daily 6pcs,CAT_011,SUP_067,115.83,60,7
PRD_2676,ComfortLine Onion Value Pack 750g,CAT_011,SUP_188,155.62,67,2
PRD_2677,SwiftCart Tomato Plus 200g,CAT_011,SUP_023,171.23,84,5
PRD_2678,PrimePick Beans Max 1L,CAT_011,SUP_055,132.8,25,2
PRD_2679,HappyHome Cabbage Max 250g,CAT_011,SUP_166,20.92,20,3
PRD_2680,SwiftCart Onion Value Pack 2kg,CAT_011,SUP_003,176.31,68,4
PRD_2681,HealthySip Beans Premium 12pcs,CAT_011,SUP_163,92.87,48,3
PRD_2682,DailyDrop Cabbage Classic 2kg,CAT_011,SUP_173,118.7,75,2
PRD_2683,UrbanBasket Onion Fresh 250g,CAT_011,SUP_155,83.15,55,6
PRD_2684,GlowCare Beans Regular 2kg,CAT_011,SUP_163,160.92,95,5
PRD_2685,GoodStore Carrot Value Pack 500g,CAT_011,SUP_093,165.33,22,4
PRD_2686,PureLeaf Tomato Daily 1L,CAT_011,SUP_125,60.59,87,2
PRD_2687,DailyDrop Instant Noodles Regular 200g,CAT_012,SUP_031,49.68,60,44
PRD_2688,MunchTime Upma Mix Plus 12pcs,CAT_012,SUP_089,278.91,25,177
PRD_2689,PrimePick Upma Mix Lite 12pcs,CAT_012,SUP_093,60.59,78,147
PRD_2690,FamilyChoice Soup Cup Lite 200g,CAT_012,SUP_166,228.12,79,
PRD_2691,EliteOne Soup Cup Max 1kg,CAT_012,SUP_070,334.16,100,174
PRD_2692,MunchTime Poha Mix Fresh 250g,CAT_012,SUP_093,228.39,75,44
PRD_2693,QuickNest Soup Cup Premium 24pcs,CAT_012,SUP_095,61.08,41,103
PRD_2694,HealthySip Poha Mix Classic 1kg,CAT_012,SUP_124,245.09,45,41
PRD_2695,FamilyChoice Soup Cup Fresh 1L,CAT_012,SUP_014,217.78,46,90
PRD_2696,SmartLife Upma Mix Plus 1kg,CAT_012,SUP_141,149.22,88,109
PRD_2697,PrimePick Pasta Bowl Family Pack 100g,CAT_012,SUP_060,55.43,66,
PRD_2698,QuickNest Soup Cup Daily 1L,CAT_012,SUP_141,197.82,68,83
PRD_2699,NutriMax Instant Noodles Lite 750g,CAT_012,SUP_057,148.44,31,104
PRD_2700,QuickNest Poha Mix Max 200ml,CAT_012,SUP_095,123.01,36,146
PRD_2701,SmartLife Pasta Bowl Daily 750g,CAT_012,SUP_078,259.06,41,
PRD_2702,CarePlus Instant Noodles Value Pack 6pcs,CAT_012,SUP_178,240.19,49,161
PRD_2703,HappyHome Instant Noodles Fresh 500ml,CAT_012,SUP_078,90.27,99,
PRD_2704,FreshCo Pasta Bowl Classic 1L,CAT_012,SUP_171,275.74,95,179
PRD_2705,HappyHome Soup Cup Max 100g,CAT_012,SUP_012,258.86,77,129
PRD_2706,NutriMax Instant Noodles Value Pack 500g,CAT_012,SUP_124,160.93,80,174
PRD_2707,MunchTime Upma Mix Lite 500ml,CAT_012,SUP_012,266.82,99,166
PRD_2708,SmartLife Upma Mix Premium 200g,CAT_012,SUP_031,219.53,75,173
PRD_2709,HealthySip Upma Mix Premium 750g,CAT_012,SUP_104,255.16,86,155
PRD_2710,SwiftCart Poha Mix Premium 1kg,CAT_012,SUP_046,227.29,71,110
PRD_2711,UrbanBasket Pasta Bowl Lite 1kg,CAT_012,SUP_138,64.4,81,170
PRD_2712,QuickNest Poha Mix Fresh 200ml,CAT_012,SUP_200,222.53,23,83
PRD_2713,PureLeaf Instant Noodles Plus 100g,CAT_012,SUP_076,94.18,96,90
PRD_2714,FamilyChoice Meal Kit Family Pack 1kg,CAT_012,SUP_012,213.96,64,60
PRD_2715,DailyDrop Soup Cup Classic 6pcs,CAT_012,SUP_122,69.37,94,40
PRD_2716,EliteOne Pasta Bowl Family Pack 2kg,CAT_012,SUP_200,128.74,21,157
PRD_2717,QuickNest Pasta Bowl Lite 200ml,CAT_012,SUP_172,64.83,62,155
PRD_2718,HealthySip Pasta Bowl Lite 750g,CAT_012,SUP_170,222.68,92,136
PRD_2719,UrbanBasket Meal Kit Family Pack 500ml,CAT_012,SUP_166,291.91,95,
PRD_2720,UrbanBasket Upma Mix Fresh 200ml,CAT_012,SUP_135,45.7,63,102
PRD_2721,ValueMart Pasta Bowl Plus 100g,CAT_012,SUP_194,60.34,26,52
PRD_2722,ComfortLine Poha Mix Daily 2kg,CAT_012,SUP_122,185.4,83,
PRD_2723,NutriMax Meal Kit Fresh 200ml,CAT_012,SUP_026,247.58,72,86
PRD_2724,SmartLife Pasta Bowl Value Pack 500g,CAT_012,SUP_026,225.11,82,84
PRD_2725,HealthySip Upma Mix Plus 24pcs,CAT_012,SUP_151,150.3,15,
PRD_2726,GoodStore Poha Mix Value Pack 200ml,CAT_012,SUP_076,134.5,66,111
PRD_2727,SwiftCart Pasta Bowl Value Pack 24pcs,CAT_012,SUP_065,307.83,81,142
PRD_2728,PureLeaf Upma Mix Plus 500g,CAT_012,SUP_057,66.63,24,93
PRD_2729,MunchTime Pasta Bowl Premium 1kg,CAT_012,SUP_091,100.83,83,97
PRD_2730,GlowCare Meal Kit Lite 12pcs,CAT_012,SUP_004,161.02,67,145
PRD_2731,HealthySip Upma Mix Plus 1L,CAT_012,SUP_200,185.45,18,108
PRD_2732,FreshCo Pasta Bowl Value Pack 750g,CAT_012,SUP_138,71.19,81,103
PRD_2733,KitchenPro Pasta Bowl Fresh 100g,CAT_012,SUP_004,245.76,70,52
PRD_2734,QuickNest Poha Mix Regular 6pcs,CAT_012,SUP_065,128.73,49,93
PRD_2735,MunchTime Upma Mix Plus 2kg,CAT_012,SUP_142,99.97,73,30
PRD_2736,QuickNest Instant Noodles Family Pack 200ml,CAT_012,SUP_085,317.99,51,58
PRD_2737,DailyDrop Meal Kit Max 750g,CAT_012,SUP_065,41.69,75,151
PRD_2738,EliteOne Pasta Bowl Fresh 250g,CAT_012,SUP_149,280.35,28,179
PRD_2739,SwiftCart Meal Kit Daily 1L,CAT_012,SUP_085,279.35,99,180
PRD_2740,ComfortLine Pasta Bowl Classic 500ml,CAT_012,SUP_093,92.15,57,55
PRD_2741,GlowCare Instant Noodles Regular 200g,CAT_012,SUP_091,175.52,52,
PRD_2742,UrbanBasket Soup Cup Classic 6pcs,CAT_012,SUP_048,194.14,43,89
PRD_2743,NutriMax Pasta Bowl Family Pack 500ml,CAT_012,SUP_063,344.96,75,176
PRD_2744,GlowCare Soup Cup Family Pack 12pcs,CAT_012,SUP_089,348.85,36,107
PRD_2745,NutriMax Pasta Bowl Plus 1kg,CAT_012,SUP_149,229.4,28,73
PRD_2746,CarePlus Soup Cup Classic 100g,CAT_012,SUP_014,155.77,91,169
PRD_2747,FamilyChoice Instant Noodles Fresh 200g,CAT_012,SUP_189,241.74,53,
PRD_2748,DailyDrop Upma Mix Value Pack 250g,CAT_012,SUP_109,144.21,45,109
PRD_2749,CarePlus Instant Noodles Family Pack 6pcs,CAT_012,SUP_126,46.21,60,126
PRD_2750,SwiftCart Poha Mix Plus 24pcs,CAT_012,SUP_073,194.12,24,
PRD_2751,PrimePick Upma Mix Value Pack 12pcs,CAT_012,SUP_024,208.7,91,160
PRD_2752,UrbanBasket Instant Noodles Plus 500ml,CAT_012,SUP_183,69.48,66,116
PRD_2753,GoodStore Instant Noodles Lite 1L,CAT_012,SUP_076,262.1,27,98
PRD_2754,EliteOne Meal Kit Plus 24pcs,CAT_012,SUP_170,336.93,75,100
PRD_2755,SmartLife Soup Cup Regular 24pcs,CAT_012,SUP_060,73.9,100,180
PRD_2756,FreshCo Soup Cup Value Pack 750g,CAT_012,SUP_050,216.54,32,
PRD_2757,SwiftCart Pasta Bowl Daily 750g,CAT_012,SUP_081,64.28,21,126
PRD_2758,SmartLife Upma Mix Premium 2kg,CAT_012,SUP_095,303.6,86,161
PRD_2759,GoodStore Upma Mix Max 750g,CAT_012,SUP_089,298.2,47,150
PRD_2760,GoodStore Meal Kit Family Pack 500ml,CAT_012,SUP_070,80.23,40,158
PRD_2761,HealthySip Instant Noodles Plus 12pcs,CAT_012,SUP_117,168.65,68,62
PRD_2762,SwiftCart Soup Cup Family Pack 200ml,CAT_012,SUP_124,97.64,30,178
PRD_2763,GlowCare Instant Noodles Family Pack 24pcs,CAT_012,SUP_031,193.09,96,91
PRD_2764,HealthySip Poha Mix Premium 1L,CAT_012,SUP_073,144.69,56,41
PRD_2765,PureLeaf Poha Mix Premium 250g,CAT_012,SUP_076,271.99,87,160
PRD_2766,ValueMart Soup Cup Max 500g,CAT_012,SUP_071,140.63,23,135
PRD_2767,UrbanBasket Pasta Bowl Plus 250g,CAT_012,SUP_135,213.71,92,154
PRD_2768,FamilyChoice Upma Mix Daily 12pcs,CAT_012,SUP_078,229.93,38,170
PRD_2769,DailyDrop Pasta Bowl Max 24pcs,CAT_012,SUP_142,172.53,35,176
PRD_2770,SmartLife Upma Mix Regular 12pcs,CAT_012,SUP_012,299.14,36,114
PRD_2771,DailyDrop Pasta Bowl Daily 1kg,CAT_012,SUP_151,284.6,98,101
PRD_2772,FreshCo Upma Mix Family Pack 750g,CAT_012,SUP_078,165.44,23,
PRD_2773,HealthySip Soup Cup Max 500ml,CAT_012,SUP_141,99.48,16,48
PRD_2774,CarePlus Meal Kit Max 1kg,CAT_012,SUP_059,223.18,84,46
PRD_2775,FamilyChoice Upma Mix Premium 500ml,CAT_012,SUP_076,281.65,82,123
PRD_2776,UrbanBasket Upma Mix Lite 2kg,CAT_012,SUP_078,227.16,65,111
PRD_2777,ValueMart Instant Noodles Premium 500ml,CAT_012,SUP_063,166.77,78,37
PRD_2778,MunchTime Pasta Bowl Classic 200g,CAT_012,SUP_060,204.52,51,150
PRD_2779,ValueMart Upma Mix Fresh 6pcs,CAT_012,SUP_172,98.48,59,33
PRD_2780,GoodStore Pasta Bowl Plus 2kg,CAT_012,SUP_166,203.86,51,100
PRD_2781,SwiftCart Poha Mix Value Pack 2kg,CAT_012,SUP_093,263.39,69,154
PRD_2782,QuickNest Meal Kit Regular 500ml,CAT_012,SUP_135,317.17,86,61
PRD_2783,EliteOne Poha Mix Lite 6pcs,CAT_012,SUP_178,125.19,74,115
PRD_2784,FamilyChoice Poha Mix Family Pack 6pcs,CAT_012,SUP_033,69.16,98,43
PRD_2785,NutriMax Soup Cup Daily 500ml,CAT_012,SUP_142,259.08,94,
PRD_2786,MunchTime Upma Mix Regular 500g,CAT_012,SUP_046,92.27,57,109
PRD_2787,PrimePick Meal Kit Fresh 250g,CAT_012,SUP_059,235.44,33,178
PRD_2788,FreshCo Upma Mix Plus 1kg,CAT_012,SUP_079,263.23,23,56
PRD_2789,HealthySip Pasta Bowl Classic 200g,CAT_012,SUP_109,205.71,59,37
PRD_2790,HappyHome Meal Kit Premium 500g,CAT_012,SUP_171,108.85,47,30
PRD_2791,PureLeaf Upma Mix Classic 200g,CAT_012,SUP_135,177.75,55,34
PRD_2792,ComfortLine Upma Mix Premium 250g,CAT_012,SUP_091,264.72,32,111
PRD_2793,GoodStore Meal Kit Regular 500g,CAT_012,SUP_153,314.95,68,165
PRD_2794,HappyHome Instant Noodles Value Pack 750g,CAT_012,SUP_163,43.65,39,98
PRD_2795,EliteOne Upma Mix Value Pack 12pcs,CAT_012,SUP_117,134.42,97,111
PRD_2796,GlowCare Soup Cup Fresh 750g,CAT_012,SUP_171,283.82,47,140
PRD_2797,HappyHome Meal Kit Daily 200g,CAT_012,SUP_178,139.26,71,45
PRD_2798,HappyHome Instant Noodles Lite 750g,CAT_012,SUP_142,279.19,52,164
PRD_2799,SwiftCart Soup Cup Fresh 250g,CAT_012,SUP_071,226.78,67,
PRD_2800,GlowCare Meal Kit Daily 1kg,CAT_012,SUP_004,315.34,46,67
PRD_2801,ComfortLine Soup Cup Daily 750g,CAT_012,SUP_026,186.59,30,81
PRD_2802,HappyHome Upma Mix Classic 250g,CAT_012,SUP_137,237.95,90,174
PRD_2803,HappyHome Pasta Bowl Daily 200g,CAT_012,SUP_178,327.15,27,101
PRD_2804,ValueMart Pasta Bowl Classic 200ml,CAT_012,SUP_141,249.68,26,32
PRD_2805,DailyDrop Instant Noodles Fresh 250g,CAT_012,SUP_033,254.09,100,79
PRD_2806,KitchenPro Upma Mix Max 6pcs,CAT_012,SUP_141,155.59,23,58
PRD_2807,FamilyChoice Poha Mix Premium 24pcs,CAT_012,SUP_122,272.71,59,46
PRD_2808,GlowCare Soup Cup Plus 2kg,CAT_012,SUP_059,203.47,60,96
PRD_2809,NutriMax Upma Mix Fresh 750g,CAT_012,SUP_141,299.74,81,52
PRD_2810,UrbanBasket Soup Cup Family Pack 1L,CAT_012,SUP_063,325.84,75,
PRD_2811,QuickNest Meal Kit Lite 12pcs,CAT_012,SUP_012,212.67,24,106
PRD_2812,GoodStore Upma Mix Max 200ml,CAT_012,SUP_194,143.13,69,157
PRD_2813,SwiftCart Poha Mix Plus 500ml,CAT_012,SUP_073,106,100,147
PRD_2814,ValueMart Poha Mix Regular 100g,CAT_012,SUP_014,102.05,87,31
PRD_2815,NutriMax Upma Mix Plus 12pcs,CAT_012,SUP_149,281.49,64,152
PRD_2816,GoodStore Soup Cup Plus 500g,CAT_012,SUP_117,62.71,91,165
PRD_2817,FreshCo Pasta Bowl Max 500g,CAT_012,SUP_117,273.25,95,41
PRD_2818,HappyHome Soup Cup Daily 100g,CAT_012,SUP_109,262.06,91,124
PRD_2819,SwiftCart Poha Mix Value Pack 1kg,CAT_012,SUP_138,187.87,21,
PRD_2820,ComfortLine Instant Noodles Classic 750g,CAT_012,SUP_073,132.69,44,
PRD_2821,HealthySip Poha Mix Classic 2kg,CAT_012,SUP_194,248.08,33,95
PRD_2822,QuickNest Meal Kit Classic 750g,CAT_012,SUP_124,299.09,51,106
PRD_2823,HealthySip Instant Noodles Max 1L,CAT_012,SUP_172,278.63,61,139
PRD_2824,HealthySip Pasta Bowl Fresh 12pcs,CAT_012,SUP_033,342.03,96,149
PRD_2825,DailyDrop Instant Noodles Classic 1kg,CAT_012,SUP_135,198.91,24,126
PRD_2826,PrimePick Meal Kit Lite 12pcs,CAT_012,SUP_014,339.05,91,
PRD_2827,UrbanBasket Pasta Bowl Premium 2kg,CAT_012,SUP_115,56.56,17,96
PRD_2828,DailyDrop Upma Mix Premium 1kg,CAT_012,SUP_014,204.26,49,44
PRD_2829,QuickNest Soup Cup Daily 500g,CAT_012,SUP_046,189.55,44,132
PRD_2830,PureLeaf Instant Noodles Regular 6pcs,CAT_012,SUP_059,124.41,57,89
PRD_2831,EliteOne Pasta Bowl Regular 12pcs,CAT_012,SUP_048,134.93,79,103
PRD_2832,GlowCare Instant Noodles Classic 2kg,CAT_012,SUP_005,268.89,33,32
PRD_2833,FamilyChoice Pasta Bowl Value Pack 250g,CAT_012,SUP_024,223.83,29,144
PRD_2834,MunchTime Pasta Bowl Value Pack 100g,CAT_012,SUP_151,301.89,94,113
PRD_2835,FamilyChoice Pasta Bowl Lite 2kg,CAT_012,SUP_153,260.49,19,107
PRD_2836,FreshCo Meal Kit Value Pack 750g,CAT_012,SUP_056,239.86,28,133
PRD_2837,SwiftCart Poha Mix Max 1kg,CAT_012,SUP_124,55.24,97,83
PRD_2838,UrbanBasket Meal Kit Max 1L,CAT_012,SUP_024,276.23,97,124
PRD_2839,UrbanBasket Instant Noodles Premium 250g,CAT_012,SUP_079,300.64,67,
PRD_2840,EliteOne Poha Mix Classic 6pcs,CAT_012,SUP_004,153.69,74,75
PRD_2841,FreshCo Pasta Bowl Regular 500g,CAT_012,SUP_050,178.65,51,52
PRD_2842,CarePlus Instant Noodles Family Pack 750g,CAT_012,SUP_046,109.21,80,138
PRD_2843,PrimePick Meal Kit Classic 750g,CAT_012,SUP_070,238.33,65,79
PRD_2844,SmartLife Meal Kit Value Pack 250g,CAT_012,SUP_104,166.29,15,69
PRD_2845,PureLeaf Soup Cup Family Pack 2kg,CAT_012,SUP_012,73.99,80,69
PRD_2846,QuickNest Pasta Bowl Lite 500g,CAT_012,SUP_089,56.98,69,104
PRD_2847,MunchTime Poha Mix Premium 750g,CAT_012,SUP_172,259.34,65,136
PRD_2848,EliteOne Poha Mix Regular 1kg,CAT_012,SUP_004,290.01,100,97
PRD_2849,FamilyChoice Meal Kit Lite 200ml,CAT_012,SUP_126,337.47,23,
PRD_2850,GlowCare Soup Cup Fresh 250g,CAT_012,SUP_124,145.89,84,119
PRD_2851,KitchenPro Pasta Bowl Value Pack 1kg,CAT_012,SUP_149,104.68,42,101
PRD_2852,FamilyChoice Poha Mix Value Pack 500ml,CAT_012,SUP_024,64.4,58,85
PRD_2853,HappyHome Soup Cup Family Pack 750g,CAT_012,SUP_050,268.15,65,61
PRD_2854,DailyDrop Poha Mix Fresh 200g,CAT_012,SUP_026,156.99,80,54
PRD_2855,ValueMart Meal Kit Lite 200ml,CAT_012,SUP_050,54.39,75,95
PRD_2856,PureLeaf Soup Cup Daily 1kg,CAT_012,SUP_070,325.64,50,105
PRD_2857,EliteOne Meal Kit Regular 100g,CAT_012,SUP_194,253.32,52,
PRD_2858,NutriMax Instant Noodles Lite 100g,CAT_012,SUP_065,247.6,75,47
PRD_2859,PureLeaf Upma Mix Premium 1kg,CAT_012,SUP_079,316.46,94,44
PRD_2860,SmartLife Poha Mix Max 250g,CAT_012,SUP_171,65.09,27,148
PRD_2861,FreshCo Pasta Bowl Daily 200ml,CAT_012,SUP_050,330.23,71,46
PRD_2862,EliteOne Soup Cup Plus 12pcs,CAT_012,SUP_093,203.63,36,84
PRD_2863,HealthySip Upma Mix Value Pack 500g,CAT_012,SUP_093,300.52,27,
PRD_2864,ComfortLine Poha Mix Max 1kg,CAT_012,SUP_200,145.01,68,58
PRD_2865,SmartLife Upma Mix Family Pack 100g,CAT_012,SUP_078,305.95,43,77
PRD_2866,SwiftCart Soup Cup Plus 2kg,CAT_012,SUP_004,326.36,49,
PRD_2867,EliteOne Poha Mix Daily 2kg,CAT_012,SUP_183,289.02,49,170
PRD_2868,FamilyChoice Pasta Bowl Value Pack 250g,CAT_012,SUP_151,329.12,84,
PRD_2869,FamilyChoice Meal Kit Daily 500g,CAT_012,SUP_078,129.37,58,89
PRD_2870,PrimePick Pasta Bowl Regular 6pcs,CAT_012,SUP_137,128.91,21,
PRD_2871,UrbanBasket Instant Noodles Lite 750g,CAT_012,SUP_033,146,100,170
PRD_2872,MunchTime Poha Mix Lite 2kg,CAT_012,SUP_050,47.56,15,152
PRD_2873,PrimePick Instant Noodles Lite 500g,CAT_012,SUP_109,210.17,74,62
PRD_2874,UrbanBasket Poha Mix Family Pack 250g,CAT_012,SUP_014,172.96,17,120
PRD_2875,KitchenPro Pasta Bowl Family Pack 200g,CAT_012,SUP_178,265.41,42,99
PRD_2876,GoodStore Meal Kit Regular 24pcs,CAT_012,SUP_166,305.31,71,137
PRD_2877,ValueMart Upma Mix Premium 1kg,CAT_012,SUP_081,97.84,30,53
PRD_2878,GlowCare Soup Cup Family Pack 12pcs,CAT_012,SUP_081,180.7,91,
PRD_2879,GlowCare Meal Kit Family Pack 200ml,CAT_012,SUP_078,158.18,45,121
PRD_2880,GlowCare Instant Noodles Regular 250g,CAT_012,SUP_078,116.76,32,73
PRD_2881,GlowCare Pasta Bowl Regular 24pcs,CAT_012,SUP_089,301.76,40,150
PRD_2882,KitchenPro Meal Kit Plus 1L,CAT_012,SUP_171,168.72,74,175
PRD_2883,NutriMax Instant Noodles Daily 200ml,CAT_012,SUP_183,173.77,70,60
PRD_2884,ComfortLine Pasta Bowl Family Pack 250g,CAT_012,SUP_117,199.94,16,126
PRD_2885,PureLeaf Poha Mix Classic 500ml,CAT_012,SUP_135,242.52,77,47
PRD_2886,GlowCare Soup Cup Family Pack 200g,CAT_012,SUP_104,158.16,53,100
PRD_2887,HappyHome Upma Mix Family Pack 100g,CAT_012,SUP_109,265.55,90,64
PRD_2888,UrbanBasket Upma Mix Plus 1kg,CAT_012,SUP_073,97.11,58,150
PRD_2889,KitchenPro Pasta Bowl Value Pack 250g,CAT_012,SUP_109,161.64,62,113
PRD_2890,HealthySip Upma Mix Value Pack 100g,CAT_012,SUP_065,168.17,18,30
PRD_2891,ValueMart Pasta Bowl Fresh 2kg,CAT_012,SUP_012,104.32,100,91
PRD_2892,MunchTime Instant Noodles Premium 24pcs,CAT_012,SUP_091,299.95,92,134
PRD_2893,SwiftCart Meal Kit Plus 6pcs,CAT_012,SUP_033,216.18,27,72
PRD_2894,ValueMart Instant Noodles Lite 1kg,CAT_012,SUP_124,184.05,91,157
PRD_2895,GlowCare Soup Cup Max 6pcs,CAT_012,SUP_166,110.83,68,173
PRD_2896,GlowCare Upma Mix Classic 2kg,CAT_012,SUP_109,50.33,59,71
PRD_2897,QuickNest Upma Mix Premium 12pcs,CAT_012,SUP_151,256.38,29,89
PRD_2898,FamilyChoice Upma Mix Max 1kg,CAT_012,SUP_059,131.68,51,141
PRD_2899,GoodStore Poha Mix Premium 1kg,CAT_012,SUP_137,166.44,94,154
PRD_2900,KitchenPro Pasta Bowl Plus 500ml,CAT_012,SUP_200,218.2,71,163
PRD_2901,PrimePick Instant Noodles Regular 100g,CAT_012,SUP_059,156.14,88,143
PRD_2902,QuickNest Soup Cup Fresh 500g,CAT_012,SUP_163,147.21,87,164
PRD_2903,MunchTime Soup Cup Classic 2kg,CAT_012,SUP_050,225.91,78,164
PRD_2904,DailyDrop Poha Mix Max 200g,CAT_012,SUP_050,331.46,17,174
PRD_2905,DailyDrop Poha Mix Regular 1L,CAT_012,SUP_142,206.01,66,179
PRD_2906,PureLeaf Upma Mix Value Pack 6pcs,CAT_012,SUP_004,240.64,20,55
PRD_2907,GoodStore Instant Noodles Lite 750g,CAT_012,SUP_089,181.74,31,121
PRD_2908,KitchenPro Poha Mix Max 100g,CAT_012,SUP_141,214.9,91,173
PRD_2909,DailyDrop Poha Mix Premium 1L,CAT_012,SUP_091,158.98,32,140
PRD_2910,DailyDrop Meal Kit Plus 500ml,CAT_012,SUP_122,189.36,76,141
PRD_2911,UrbanBasket Pasta Bowl Premium 500ml,CAT_012,SUP_104,295.91,41,145
PRD_2912,PrimePick Meal Kit Max 6pcs,CAT_012,SUP_060,259.41,49,57
PRD_2913,NutriMax Poha Mix Daily 200ml,CAT_012,SUP_122,317.92,23,
PRD_2914,FamilyChoice Tomato Paste Max 1L,CAT_013,SUP_033,516.06,44,276
PRD_2915,PureLeaf Olive Oil Classic 1kg,CAT_013,SUP_073,288.74,64,
PRD_2916,SwiftCart Soy Sauce Fresh 2kg,CAT_013,SUP_079,590.01,74,422
PRD_2917,PureLeaf Olive Oil Value Pack 6pcs,CAT_013,SUP_174,392.18,89,394
PRD_2918,FreshCo Vinegar Value Pack 250g,CAT_013,SUP_079,132.46,89,414
PRD_2919,UrbanBasket Tomato Paste Premium 2kg,CAT_013,SUP_054,812.94,20,374
PRD_2920,EliteOne Mustard Oil Value Pack 750g,CAT_013,SUP_134,535.69,16,180
PRD_2921,GoodStore Soy Sauce Family Pack 24pcs,CAT_013,SUP_151,742.56,82,205
PRD_2922,NutriMax Olive Oil Max 1L,CAT_013,SUP_088,171.88,80,530
PRD_2923,QuickNest Vinegar Lite 12pcs,CAT_013,SUP_189,238.79,29,230
PRD_2924,DailyDrop Soy Sauce Plus 1L,CAT_013,SUP_020,397.51,76,308
PRD_2925,SmartLife Mustard Oil Classic 750g,CAT_013,SUP_039,153.79,49,321
PRD_2926,FreshCo Mustard Oil Plus 24pcs,CAT_013,SUP_114,881.97,88,340
PRD_2927,QuickNest Mustard Oil Max 750g,CAT_013,SUP_058,172.61,86,208
PRD_2928,PureLeaf Tomato Paste Family Pack 200g,CAT_013,SUP_048,1197.92,88,459
PRD_2929,PureLeaf Olive Oil Premium 500g,CAT_013,SUP_134,455.31,19,361
PRD_2930,ComfortLine Ghee Daily 200ml,CAT_013,SUP_039,1084.47,58,415
PRD_2931,ComfortLine Tomato Paste Fresh 1kg,CAT_013,SUP_162,1163.52,53,490
PRD_2932,GoodStore Vinegar Regular 100g,CAT_013,SUP_195,806.3,11,343
PRD_2933,NutriMax Ghee Lite 200ml,CAT_013,SUP_078,230.54,35,217
PRD_2934,HealthySip Tomato Paste Fresh 500g,CAT_013,SUP_151,1075.72,89,274
PRD_2935,GlowCare Mustard Oil Plus 750g,CAT_013,SUP_033,1002.94,52,429
PRD_2936,EliteOne Tomato Paste Max 200g,CAT_013,SUP_156,923.07,33,423
PRD_2937,UrbanBasket Ghee Fresh 500g,CAT_013,SUP_148,1178.83,53,312
PRD_2938,SmartLife Ghee Regular 24pcs,CAT_013,SUP_145,60.61,39,208
PRD_2939,MunchTime Tomato Paste Lite 100g,CAT_013,SUP_134,521.79,35,472
PRD_2940,ValueMart Soy Sauce Regular 1L,CAT_013,SUP_153,1179.7,62,337
PRD_2941,KitchenPro Vinegar Classic 24pcs,CAT_013,SUP_016,52.15,52,442
PRD_2942,GoodStore Ghee Max 12pcs,CAT_013,SUP_014,209.89,82,476
PRD_2943,GoodStore Vinegar Plus 250g,CAT_013,SUP_058,886.1,88,306
PRD_2944,SwiftCart Olive Oil Family Pack 2kg,CAT_013,SUP_088,750.12,36,187
PRD_2945,EliteOne Olive Oil Lite 750g,CAT_013,SUP_062,392.38,73,448
PRD_2946,GlowCare Mustard Oil Plus 500ml,CAT_013,SUP_019,947.22,44,240
PRD_2947,KitchenPro Mustard Oil Value Pack 1L,CAT_013,SUP_103,956.86,38,274
PRD_2948,SwiftCart Ghee Regular 6pcs,CAT_013,SUP_031,796.09,30,383
PRD_2949,GoodStore Soy Sauce Family Pack 2kg,CAT_013,SUP_041,742.04,59,373
PRD_2950,HealthySip Vinegar Max 24pcs,CAT_013,SUP_030,349.6,89,375
PRD_2951,ValueMart Vinegar Plus 250g,CAT_013,SUP_030,372.1,34,337
PRD_2952,GoodStore Olive Oil Max 1kg,CAT_013,SUP_116,385.09,20,400
PRD_2953,SwiftCart Mustard Oil Daily 2kg,CAT_013,SUP_116,1189.54,32,483
PRD_2954,KitchenPro Vinegar Family Pack 2kg,CAT_013,SUP_098,990.66,11,267
PRD_2955,ComfortLine Olive Oil Lite 500g,CAT_013,SUP_134,818.59,11,
PRD_2956,FamilyChoice Soy Sauce Daily 200g,CAT_013,SUP_153,554.36,22,407
PRD_2957,KitchenPro Tomato Paste Regular 100g,CAT_013,SUP_134,288.85,81,
PRD_2958,ValueMart Mustard Oil Max 1L,CAT_013,SUP_077,348.24,30,413
PRD_2959,NutriMax Olive Oil Daily 100g,CAT_013,SUP_045,612.51,12,327
PRD_2960,GlowCare Tomato Paste Fresh 500ml,CAT_013,SUP_062,719.31,61,
PRD_2961,ValueMart Mustard Oil Regular 200ml,CAT_013,SUP_079,996.67,70,304
PRD_2962,ValueMart Mustard Oil Family Pack 200ml,CAT_013,SUP_103,643.59,79,422
PRD_2963,SmartLife Mustard Oil Classic 200g,CAT_013,SUP_088,317.39,72,
PRD_2964,MunchTime Soy Sauce Family Pack 200ml,CAT_013,SUP_077,145.79,19,191
PRD_2965,MunchTime Soy Sauce Lite 500g,CAT_013,SUP_078,91.73,74,371
PRD_2966,SwiftCart Soy Sauce Daily 24pcs,CAT_013,SUP_021,1132.32,35,450
PRD_2967,ValueMart Ghee Max 500g,CAT_013,SUP_079,149.65,42,241
PRD_2968,FreshCo Olive Oil Classic 12pcs,CAT_013,SUP_077,972.78,44,372
PRD_2969,KitchenPro Tomato Paste Max 500ml,CAT_013,SUP_062,1048.13,34,236
PRD_2970,UrbanBasket Vinegar Plus 24pcs,CAT_013,SUP_065,1153.51,21,498
PRD_2971,GoodStore Tomato Paste Daily 200g,CAT_013,SUP_116,967.6,10,
PRD_2972,FreshCo Soy Sauce Max 200ml,CAT_013,SUP_068,244.34,14,265
PRD_2973,DailyDrop Tomato Paste Plus 750g,CAT_013,SUP_021,675.64,32,503
PRD_2974,DailyDrop Tomato Paste Plus 1kg,CAT_013,SUP_110,330.83,56,430
PRD_2975,MunchTime Soy Sauce Premium 2kg,CAT_013,SUP_027,1127.52,65,284
PRD_2976,QuickNest Mustard Oil Daily 24pcs,CAT_013,SUP_016,41.52,16,
PRD_2977,ValueMart Olive Oil Plus 1kg,CAT_013,SUP_114,989.72,84,469
PRD_2978,PrimePick Ghee Max 500g,CAT_013,SUP_088,867.06,75,304
PRD_2979,SwiftCart Ghee Premium 1kg,CAT_013,SUP_078,417.51,50,365
PRD_2980,HealthySip Tomato Paste Family Pack 24pcs,CAT_013,SUP_016,743.15,88,445
PRD_2981,PureLeaf Ghee Max 750g,CAT_013,SUP_195,462.59,66,394
PRD_2982,QuickNest Vinegar Value Pack 1L,CAT_013,SUP_058,452.91,69,
PRD_2983,PrimePick Olive Oil Fresh 250g,CAT_013,SUP_030,894.4,82,471
PRD_2984,CarePlus Olive Oil Daily 1kg,CAT_013,SUP_148,803.05,79,253
PRD_2985,SmartLife Tomato Paste Lite 750g,CAT_013,SUP_153,298.75,31,256
PRD_2986,SmartLife Tomato Paste Max 200ml,CAT_013,SUP_077,548.68,15,510
PRD_2987,PrimePick Ghee Lite 12pcs,CAT_013,SUP_073,404.62,12,
PRD_2988,SmartLife Soy Sauce Value Pack 2kg,CAT_013,SUP_098,508.79,69,433
PRD_2989,FreshCo Mustard Oil Daily 500g,CAT_013,SUP_017,162.75,61,414
PRD_2990,EliteOne Mustard Oil Value Pack 100g,CAT_013,SUP_148,974.59,85,524
PRD_2991,FamilyChoice Tomato Paste Fresh 12pcs,CAT_013,SUP_185,85.48,77,335
PRD_2992,ComfortLine Vinegar Regular 250g,CAT_013,SUP_116,737.13,66,407
PRD_2993,EliteOne Mustard Oil Regular 500ml,CAT_013,SUP_143,898.5,59,193
PRD_2994,GlowCare Ghee Lite 200ml,CAT_013,SUP_062,176.77,63,221
PRD_2995,HealthySip Soy Sauce Max 250g,CAT_013,SUP_142,806.13,31,503
PRD_2996,FreshCo Vinegar Premium 6pcs,CAT_013,SUP_195,358.14,48,252
PRD_2997,SmartLife Mustard Oil Family Pack 500g,CAT_013,SUP_073,313.35,25,489
PRD_2998,ComfortLine Ghee Premium 24pcs,CAT_013,SUP_116,649.91,27,264
PRD_2999,NutriMax Mustard Oil Max 200ml,CAT_013,SUP_153,167.99,77,460
PRD_3000,FreshCo Tomato Paste Fresh 12pcs,CAT_013,SUP_142,425.62,39,302
PRD_3001,HappyHome Mustard Oil Classic 1kg,CAT_013,SUP_185,1122.33,70,
PRD_3002,SwiftCart Tomato Paste Fresh 1kg,CAT_013,SUP_193,303.32,18,383
PRD_3003,GoodStore Ghee Fresh 500ml,CAT_013,SUP_062,742.03,14,376
PRD_3004,DailyDrop Olive Oil Daily 200ml,CAT_013,SUP_143,955.01,14,503
PRD_3005,CarePlus Mustard Oil Lite 750g,CAT_013,SUP_151,750.4,31,317
PRD_3006,CarePlus Tomato Paste Max 500g,CAT_013,SUP_123,1054.18,70,486
PRD_3007,ComfortLine Olive Oil Fresh 750g,CAT_013,SUP_189,72.36,71,292
PRD_3008,HappyHome Olive Oil Premium 12pcs,CAT_013,SUP_142,859.16,79,370
PRD_3009,FamilyChoice Mustard Oil Classic 750g,CAT_013,SUP_088,387.36,68,498
PRD_3010,CarePlus Mustard Oil Daily 1L,CAT_013,SUP_022,458.13,68,486
PRD_3011,SwiftCart Vinegar Classic 500ml,CAT_013,SUP_103,816.47,13,539
PRD_3012,UrbanBasket Tomato Paste Max 500g,CAT_013,SUP_004,1077.91,41,
PRD_3013,UrbanBasket Vinegar Family Pack 200ml,CAT_013,SUP_027,242.06,83,213
PRD_3014,EliteOne Soy Sauce Daily 500g,CAT_013,SUP_064,480.4,52,451
PRD_3015,EliteOne Ghee Daily 100g,CAT_013,SUP_174,699.3,28,
PRD_3016,MunchTime Olive Oil Family Pack 24pcs,CAT_013,SUP_159,604.95,50,260
PRD_3017,ComfortLine Tomato Paste Max 24pcs,CAT_013,SUP_075,470.28,63,362
PRD_3018,KitchenPro Ghee Value Pack 1L,CAT_013,SUP_064,972.67,71,534
PRD_3019,ValueMart Tomato Paste Fresh 1kg,CAT_013,SUP_022,1184.44,74,247
PRD_3020,SmartLife Soy Sauce Value Pack 6pcs,CAT_013,SUP_065,791.51,35,539
PRD_3021,CarePlus Soy Sauce Value Pack 1kg,CAT_013,SUP_077,311.17,66,313
PRD_3022,FamilyChoice Soy Sauce Max 750g,CAT_013,SUP_004,1179.4,60,
PRD_3023,HealthySip Mustard Oil Regular 100g,CAT_013,SUP_142,95.99,56,362
PRD_3024,HealthySip Soy Sauce Lite 200ml,CAT_013,SUP_123,374.82,19,
PRD_3025,KitchenPro Olive Oil Value Pack 6pcs,CAT_013,SUP_027,1189.45,80,196
PRD_3026,PureLeaf Vinegar Fresh 6pcs,CAT_013,SUP_068,1125.27,19,466
PRD_3027,HappyHome Mustard Oil Premium 24pcs,CAT_013,SUP_016,1051.87,26,485
PRD_3028,HappyHome Mustard Oil Fresh 750g,CAT_013,SUP_017,421.96,71,397
PRD_3029,FamilyChoice Ghee Premium 200ml,CAT_013,SUP_077,472.02,89,379
PRD_3030,ComfortLine Ghee Daily 500g,CAT_013,SUP_077,822.45,38,395
PRD_3031,PureLeaf Mustard Oil Family Pack 250g,CAT_013,SUP_026,693.4,15,214
PRD_3032,ValueMart Vinegar Daily 250g,CAT_013,SUP_114,1119.15,46,192
PRD_3033,PureLeaf Mustard Oil Max 500ml,CAT_013,SUP_116,505.31,90,180
PRD_3034,KitchenPro Soy Sauce Value Pack 24pcs,CAT_013,SUP_048,98.49,43,538
PRD_3035,HealthySip Ghee Regular 750g,CAT_013,SUP_073,214.46,16,491
PRD_3036,PureLeaf Ghee Regular 12pcs,CAT_013,SUP_021,1114.06,38,431
PRD_3037,PureLeaf Tomato Paste Value Pack 200ml,CAT_013,SUP_174,885.98,57,391
PRD_3038,GlowCare Soy Sauce Plus 24pcs,CAT_013,SUP_075,154.17,21,477
PRD_3039,DailyDrop Vinegar Regular 2kg,CAT_013,SUP_116,1116.61,63,213
PRD_3040,MunchTime Mustard Oil Value Pack 24pcs,CAT_013,SUP_179,144.21,44,450
PRD_3041,HappyHome Tomato Paste Value Pack 500g,CAT_013,SUP_030,439.38,34,413
PRD_3042,FreshCo Ghee Plus 1kg,CAT_013,SUP_054,1171.28,88,265
PRD_3043,PureLeaf Vinegar Fresh 500ml,CAT_013,SUP_146,525.36,61,386
PRD_3044,HappyHome Mustard Oil Fresh 1L,CAT_013,SUP_145,396.53,80,300
PRD_3045,SwiftCart Ghee Family Pack 200g,CAT_013,SUP_121,409.37,41,488
PRD_3046,HealthySip Ghee Daily 12pcs,CAT_013,SUP_022,852.2,78,265
PRD_3047,GlowCare Olive Oil Max 12pcs,CAT_013,SUP_014,208.61,90,293
PRD_3048,ComfortLine Ghee Plus 1L,CAT_013,SUP_164,802.65,75,497
PRD_3049,DailyDrop Olive Oil Regular 6pcs,CAT_013,SUP_189,419.55,78,472
PRD_3050,NutriMax Soy Sauce Value Pack 200ml,CAT_013,SUP_004,811.33,12,470
PRD_3051,PrimePick Vinegar Premium 12pcs,CAT_013,SUP_103,963.43,37,401
PRD_3052,KitchenPro Tomato Paste Lite 250g,CAT_013,SUP_159,42.48,45,
PRD_3053,EliteOne Ghee Fresh 500g,CAT_013,SUP_126,150.95,26,314
PRD_3054,CarePlus Vinegar Daily 1kg,CAT_013,SUP_107,748.04,65,305
PRD_3055,QuickNest Tomato Paste Fresh 500ml,CAT_013,SUP_068,244.65,67,319
PRD_3056,FreshCo Ghee Premium 250g,CAT_013,SUP_062,55.72,72,
PRD_3057,PureLeaf Tomato Paste Max 1kg,CAT_013,SUP_146,798.83,29,
PRD_3058,ValueMart Mustard Oil Max 1kg,CAT_013,SUP_048,745.45,80,361
PRD_3059,NutriMax Vinegar Family Pack 1kg,CAT_013,SUP_077,984.12,84,208
PRD_3060,QuickNest Tomato Paste Daily 750g,CAT_013,SUP_146,719.06,82,
PRD_3061,PrimePick Olive Oil Plus 200g,CAT_013,SUP_174,898.38,65,274
PRD_3062,HealthySip Vinegar Classic 24pcs,CAT_013,SUP_021,195.1,43,444
PRD_3063,DailyDrop Soy Sauce Regular 500ml,CAT_013,SUP_179,59.41,28,410
PRD_3064,KitchenPro Soy Sauce Fresh 100g,CAT_013,SUP_062,978.13,20,304
PRD_3065,GoodStore Ghee Value Pack 200ml,CAT_013,SUP_153,546.29,51,192
PRD_3066,UrbanBasket Ghee Premium 12pcs,CAT_013,SUP_153,1080.11,83,199
PRD_3067,GoodStore Olive Oil Premium 24pcs,CAT_013,SUP_107,841.06,78,216
PRD_3068,FamilyChoice Mustard Oil Daily 200g,CAT_013,SUP_197,932.45,21,534
PRD_3069,ComfortLine Vinegar Family Pack 6pcs,CAT_013,SUP_016,1148.68,63,357
PRD_3070,KitchenPro Olive Oil Max 750g,CAT_013,SUP_145,999.38,18,369
PRD_3071,PrimePick Tomato Paste Regular 6pcs,CAT_013,SUP_193,859.15,56,
PRD_3072,EliteOne Mustard Oil Max 1kg,CAT_013,SUP_143,77.19,53,329
PRD_3073,KitchenPro Tomato Paste Plus 100g,CAT_013,SUP_153,239,28,
PRD_3074,FreshCo Ghee Plus 1L,CAT_013,SUP_179,519.59,76,522
PRD_3075,CarePlus Olive Oil Plus 1kg,CAT_013,SUP_073,587.8,35,
PRD_3076,CarePlus Ghee Regular 1L,CAT_013,SUP_107,1036.5,76,301
PRD_3077,HappyHome Vinegar Daily 24pcs,CAT_013,SUP_197,1117.93,12,490
PRD_3078,EliteOne Ghee Family Pack 250g,CAT_013,SUP_026,122.03,67,242
PRD_3079,HappyHome Mustard Oil Lite 750g,CAT_013,SUP_027,609.13,33,251
PRD_3080,GoodStore Olive Oil Classic 1L,CAT_013,SUP_026,665.94,46,273
PRD_3081,GoodStore Mustard Oil Premium 1kg,CAT_013,SUP_103,276.78,62,515
PRD_3082,CarePlus Ghee Family Pack 6pcs,CAT_013,SUP_113,853.98,30,535
PRD_3083,ValueMart Ghee Value Pack 2kg,CAT_013,SUP_048,1087.23,71,433
PRD_3084,NutriMax Mustard Oil Lite 100g,CAT_013,SUP_045,754.75,23,424
PRD_3085,SwiftCart Vinegar Classic 2kg,CAT_013,SUP_145,535.21,59,368
PRD_3086,HappyHome Tomato Paste Classic 2kg,CAT_013,SUP_145,571.07,81,196
PRD_3087,GlowCare Vinegar Family Pack 500g,CAT_013,SUP_026,571.26,66,397
PRD_3088,EliteOne Vinegar Premium 200g,CAT_013,SUP_123,991.25,53,352
PRD_3089,EliteOne Soy Sauce Fresh 12pcs,CAT_013,SUP_004,240.36,42,210
PRD_3090,HappyHome Mustard Oil Max 200g,CAT_013,SUP_146,82.75,15,287
PRD_3091,NutriMax Soy Sauce Regular 12pcs,CAT_013,SUP_039,1050.22,43,287
PRD_3092,HappyHome Mustard Oil Fresh 200g,CAT_013,SUP_148,540.47,25,350
PRD_3093,QuickNest Vinegar Premium 500ml,CAT_013,SUP_078,1005.94,83,435
PRD_3094,FreshCo Olive Oil Plus 2kg,CAT_013,SUP_185,922.21,79,414
PRD_3095,NutriMax Olive Oil Value Pack 1kg,CAT_013,SUP_021,1073.82,38,238
PRD_3096,KitchenPro Olive Oil Value Pack 6pcs,CAT_013,SUP_048,215.49,73,203
PRD_3097,UrbanBasket Tomato Paste Plus 6pcs,CAT_013,SUP_045,185.15,61,259
PRD_3098,FreshCo Vinegar Regular 750g,CAT_013,SUP_033,560.44,13,527
PRD_3099,CarePlus Mustard Oil Daily 250g,CAT_013,SUP_075,553.38,90,250
PRD_3100,FamilyChoice Mustard Oil Lite 250g,CAT_013,SUP_151,162.33,74,400
PRD_3101,DailyDrop Vinegar Daily 100g,CAT_013,SUP_055,541.33,39,364
PRD_3102,SmartLife Mustard Oil Daily 1kg,CAT_013,SUP_039,899.95,39,277
PRD_3103,KitchenPro Mustard Oil Lite 250g,CAT_013,SUP_197,229.79,36,406
PRD_3104,PrimePick Soy Sauce Lite 12pcs,CAT_013,SUP_148,217.91,27,256
PRD_3105,ValueMart Olive Oil Max 100g,CAT_013,SUP_088,229.69,21,356
PRD_3106,GlowCare Ghee Regular 6pcs,CAT_013,SUP_020,331.79,31,
PRD_3107,ComfortLine Ghee Classic 1kg,CAT_013,SUP_054,852.62,86,460
PRD_3108,PureLeaf Olive Oil Max 100g,CAT_013,SUP_033,580.33,16,459
PRD_3109,PrimePick Tomato Paste Classic 2kg,CAT_013,SUP_107,1152.31,18,291
PRD_3110,ComfortLine Vinegar Fresh 12pcs,CAT_013,SUP_121,853.8,49,
PRD_3111,SwiftCart Mustard Oil Regular 100g,CAT_013,SUP_142,1034.3,72,504
PRD_3112,UrbanBasket Mustard Oil Premium 2kg,CAT_013,SUP_004,613.87,51,224
PRD_3113,MunchTime Vinegar Fresh 2kg,CAT_013,SUP_145,1020.16,23,410
PRD_3114,ComfortLine Mustard Oil Classic 24pcs,CAT_013,SUP_017,1004.02,15,
PRD_3115,HealthySip Vinegar Lite 750g,CAT_013,SUP_103,312.56,47,
PRD_3116,GoodStore Tomato Paste Daily 1kg,CAT_013,SUP_114,554.73,53,482
PRD_3117,SwiftCart Tomato Paste Max 200ml,CAT_013,SUP_146,933.72,69,269
PRD_3118,HappyHome Soy Sauce Family Pack 250g,CAT_013,SUP_031,86.11,17,435
PRD_3119,PrimePick Mustard Oil Premium 500g,CAT_013,SUP_146,224.21,50,310
PRD_3120,GlowCare Olive Oil Daily 750g,CAT_013,SUP_027,472.58,23,431
PRD_3121,CarePlus Mustard Oil Lite 750g,CAT_013,SUP_079,296.83,79,302
PRD_3122,SmartLife Tomato Paste Max 1kg,CAT_013,SUP_114,946.48,49,230
PRD_3123,FamilyChoice Soy Sauce Daily 500ml,CAT_013,SUP_045,846.63,86,339
PRD_3124,PrimePick Ghee Plus 1kg,CAT_013,SUP_148,1049.66,86,434
PRD_3125,PrimePick Tomato Paste Classic 1L,CAT_013,SUP_146,863.92,62,187
PRD_3126,DailyDrop Vinegar Family Pack 24pcs,CAT_013,SUP_123,341.51,41,207
PRD_3127,PrimePick Olive Oil Classic 6pcs,CAT_013,SUP_021,318.69,12,
PRD_3128,ValueMart Mustard Oil Regular 2kg,CAT_013,SUP_075,55.9,88,497
PRD_3129,HealthySip Soy Sauce Regular 200ml,CAT_013,SUP_113,904.36,54,284
PRD_3130,EliteOne Tomato Paste Max 2kg,CAT_013,SUP_088,665.22,70,223
PRD_3131,ComfortLine Vinegar Fresh 750g,CAT_013,SUP_145,836.26,55,321
PRD_3132,QuickNest Olive Oil Fresh 6pcs,CAT_013,SUP_197,1034.65,23,259
PRD_3133,PureLeaf Ghee Value Pack 250g,CAT_013,SUP_195,355.8,88,523
PRD_3134,GoodStore Vinegar Premium 200ml,CAT_013,SUP_114,774.38,64,320
PRD_3135,FamilyChoice Ghee Premium 750g,CAT_013,SUP_054,1135.63,65,194
PRD_3136,KitchenPro Ghee Classic 6pcs,CAT_013,SUP_107,782.12,44,267
PRD_3137,SwiftCart Mustard Oil Max 500g,CAT_013,SUP_021,1149.47,17,
PRD_3138,SwiftCart Olive Oil Value Pack 500ml,CAT_013,SUP_147,832.16,49,
PRD_3139,SmartLife Ghee Plus 200ml,CAT_013,SUP_156,970.14,68,424
PRD_3140,FamilyChoice Olive Oil Plus 250g,CAT_013,SUP_068,325.62,36,354
PRD_3141,HappyHome Soy Sauce Family Pack 250g,CAT_013,SUP_026,375.07,15,490
PRD_3142,HappyHome Olive Oil Regular 12pcs,CAT_013,SUP_143,287.55,27,451
PRD_3143,PrimePick Soy Sauce Fresh 1L,CAT_013,SUP_143,549.01,54,371
PRD_3144,GoodStore Olive Oil Fresh 1kg,CAT_013,SUP_048,1051.71,31,532
PRD_3145,FamilyChoice Tomato Paste Regular 250g,CAT_013,SUP_121,944.88,56,208
PRD_3146,ValueMart Olive Oil Daily 6pcs,CAT_013,SUP_048,33.53,86,188
PRD_3147,PrimePick Tomato Paste Daily 500ml,CAT_013,SUP_174,520.83,45,192
PRD_3148,QuickNest Mustard Oil Plus 100g,CAT_013,SUP_030,71.63,80,379
PRD_3149,FamilyChoice Vinegar Max 2kg,CAT_013,SUP_078,631.23,87,255
PRD_3150,PrimePick Ghee Value Pack 12pcs,CAT_013,SUP_075,131.12,70,424
PRD_3151,QuickNest Olive Oil Fresh 12pcs,CAT_013,SUP_114,1128.14,36,436
PRD_3152,HappyHome Ghee Daily 12pcs,CAT_013,SUP_058,1174.25,77,523
PRD_3153,DailyDrop Olive Oil Plus 24pcs,CAT_013,SUP_147,680.07,16,438
PRD_3154,HealthySip Mustard Oil Family Pack 250g,CAT_013,SUP_185,526.66,88,274
PRD_3155,KitchenPro Mustard Oil Daily 2kg,CAT_013,SUP_113,358.34,83,425
PRD_3156,NutriMax Mustard Oil Family Pack 200g,CAT_013,SUP_189,209.44,68,441
PRD_3157,GlowCare Mustard Oil Daily 200g,CAT_013,SUP_077,30.48,69,304
PRD_3158,HappyHome Mustard Oil Lite 200ml,CAT_013,SUP_077,1109.83,60,357
PRD_3159,PureLeaf Ghee Premium 100g,CAT_013,SUP_143,558.94,80,349
PRD_3160,FamilyChoice Ghee Daily 200g,CAT_013,SUP_022,86.62,57,236
PRD_3161,MunchTime Mustard Oil Premium 750g,CAT_013,SUP_107,595.57,29,194
PRD_3162,ComfortLine Tomato Paste Lite 200ml,CAT_013,SUP_193,1020.05,60,
PRD_3163,PureLeaf Tomato Paste Classic 750g,CAT_013,SUP_162,526.54,46,313
PRD_3164,SwiftCart Ghee Max 6pcs,CAT_013,SUP_174,156.12,17,183
PRD_3165,ValueMart Soy Sauce Max 12pcs,CAT_013,SUP_016,488.26,30,204
PRD_3166,CarePlus Ghee Premium 500ml,CAT_013,SUP_126,1094.18,44,222
PRD_3167,ComfortLine Tomato Paste Regular 1L,CAT_013,SUP_014,951.2,66,221
PRD_3168,HealthySip Tomato Paste Plus 12pcs,CAT_013,SUP_039,408.96,70,503
PRD_3169,SwiftCart Olive Oil Value Pack 24pcs,CAT_013,SUP_021,1148.37,43,255
PRD_3170,QuickNest Tomato Paste Fresh 750g,CAT_013,SUP_195,804.18,29,376
PRD_3171,QuickNest Vinegar Premium 1kg,CAT_013,SUP_075,179.26,16,471
PRD_3172,HealthySip Olive Oil Daily 500g,CAT_013,SUP_064,630.95,61,322
PRD_3173,EliteOne Mustard Oil Value Pack 2kg,CAT_013,SUP_027,467.17,21,400
PRD_3174,HealthySip Tomato Paste Daily 500ml,CAT_013,SUP_021,141.96,24,528
PRD_3175,GlowCare Soy Sauce Fresh 1L,CAT_013,SUP_062,136.51,58,456
PRD_3176,GlowCare Tomato Paste Daily 100g,CAT_013,SUP_027,225.46,51,194
PRD_3177,SwiftCart Soy Sauce Premium 1L,CAT_013,SUP_004,447.25,77,206
PRD_3178,NutriMax Mustard Oil Daily 1L,CAT_013,SUP_039,330.68,62,231
PRD_3179,DailyDrop Vinegar Max 1kg,CAT_013,SUP_041,1079.98,62,236
PRD_3180,EliteOne Vinegar Classic 500ml,CAT_013,SUP_185,1061.77,52,314
PRD_3181,KitchenPro Tomato Paste Classic 6pcs,CAT_013,SUP_088,122.65,13,376
PRD_3182,ValueMart Soy Sauce Regular 100g,CAT_013,SUP_027,398.06,89,220
PRD_3183,KitchenPro Ghee Classic 24pcs,CAT_013,SUP_079,483.68,13,434
PRD_3184,QuickNest Vinegar Regular 1kg,CAT_013,SUP_019,344.24,76,421
PRD_3185,QuickNest Mustard Oil Classic 200ml,CAT_013,SUP_103,111.74,52,424
PRD_3186,QuickNest Vinegar Lite 24pcs,CAT_013,SUP_088,232.2,78,391
PRD_3187,GoodStore Soy Sauce Regular 6pcs,CAT_013,SUP_146,282.49,12,508
PRD_3188,NutriMax Vinegar Lite 24pcs,CAT_013,SUP_041,153.92,58,
PRD_3189,UrbanBasket Vinegar Regular 1kg,CAT_013,SUP_134,191.34,43,284
PRD_3190,CarePlus Soy Sauce Value Pack 1kg,CAT_013,SUP_027,963.12,24,354
PRD_3191,UrbanBasket Tomato Paste Plus 6pcs,CAT_013,SUP_103,392.33,37,438
PRD_3192,HealthySip Cumin Lite 6pcs,CAT_014,SUP_058,298.67,45,224
PRD_3193,HappyHome Garam Masala Max 750g,CAT_014,SUP_180,300.02,89,344
PRD_3194,MunchTime Coriander Lite 1kg,CAT_014,SUP_075,40.52,31,553
PRD_3195,FreshCo Coriander Family Pack 200g,CAT_014,SUP_151,170.04,40,594
PRD_3196,FamilyChoice Coriander Fresh 12pcs,CAT_014,SUP_181,304.83,44,445
PRD_3197,GoodStore Cumin Plus 250g,CAT_014,SUP_170,353.57,78,578
PRD_3198,UrbanBasket Black Pepper Premium 500g,CAT_014,SUP_177,45.62,70,509
PRD_3199,ComfortLine Black Pepper Plus 6pcs,CAT_014,SUP_074,352.83,61,493
PRD_3200,PureLeaf Chili Powder Regular 500ml,CAT_014,SUP_117,362.61,92,665
PRD_3201,GlowCare Chili Powder Value Pack 200g,CAT_014,SUP_170,383.96,41,208
PRD_3202,UrbanBasket Cumin Family Pack 1kg,CAT_014,SUP_176,20.77,15,239
PRD_3203,CarePlus Turmeric Lite 500ml,CAT_014,SUP_109,84.3,71,725
PRD_3204,FreshCo Coriander Family Pack 200ml,CAT_014,SUP_030,322.91,74,410
PRD_3205,CarePlus Chili Powder Max 500g,CAT_014,SUP_051,180.74,36,656
PRD_3206,PrimePick Chili Powder Value Pack 100g,CAT_014,SUP_060,28.4,49,307
PRD_3207,ComfortLine Turmeric Max 200ml,CAT_014,SUP_019,323.14,24,654
PRD_3208,GoodStore Cumin Family Pack 1L,CAT_014,SUP_019,248.51,38,512
PRD_3209,FamilyChoice Chili Powder Plus 1L,CAT_014,SUP_051,175.98,18,
PRD_3210,GlowCare Cumin Value Pack 12pcs,CAT_014,SUP_030,228.09,51,180
PRD_3211,QuickNest Coriander Regular 2kg,CAT_014,SUP_180,291.66,26,
PRD_3212,PureLeaf Chili Powder Regular 500ml,CAT_014,SUP_177,90.83,72,223
PRD_3213,PrimePick Black Pepper Family Pack 1kg,CAT_014,SUP_161,239.79,48,432
PRD_3214,PrimePick Cumin Fresh 200g,CAT_014,SUP_030,199.4,30,288
PRD_3215,GoodStore Garam Masala Premium 1kg,CAT_014,SUP_170,201.78,97,454
PRD_3216,NutriMax Chili Powder Fresh 12pcs,CAT_014,SUP_060,28.71,22,701
PRD_3217,QuickNest Garam Masala Classic 1L,CAT_014,SUP_176,20.03,43,266
PRD_3218,MunchTime Cumin Daily 200ml,CAT_014,SUP_019,112.11,60,646
PRD_3219,ValueMart Turmeric Fresh 100g,CAT_014,SUP_176,379.66,24,354
PRD_3220,DailyDrop Cumin Max 1kg,CAT_014,SUP_030,206.6,80,
PRD_3221,UrbanBasket Chili Powder Regular 6pcs,CAT_014,SUP_177,80.59,45,710
PRD_3222,QuickNest Black Pepper Value Pack 1L,CAT_014,SUP_140,288.32,42,326
PRD_3223,ComfortLine Turmeric Plus 200ml,CAT_014,SUP_030,70.38,34,448
PRD_3224,GlowCare Chili Powder Max 500g,CAT_014,SUP_181,326.14,25,580
PRD_3225,SmartLife Cumin Family Pack 1kg,CAT_014,SUP_151,144.71,42,646
PRD_3226,KitchenPro Cumin Fresh 250g,CAT_014,SUP_109,136.53,100,280
PRD_3227,PureLeaf Cumin Daily 100g,CAT_014,SUP_116,248.39,58,475
PRD_3228,NutriMax Black Pepper Premium 1L,CAT_014,SUP_058,319.42,16,
PRD_3229,ComfortLine Turmeric Fresh 200g,CAT_014,SUP_019,214.79,95,269
PRD_3230,ValueMart Black Pepper Family Pack 12pcs,CAT_014,SUP_060,385.71,86,511
PRD_3231,ValueMart Cumin Classic 250g,CAT_014,SUP_051,235.76,24,281
PRD_3232,SwiftCart Garam Masala Premium 1kg,CAT_014,SUP_153,106.34,100,287
PRD_3233,EliteOne Garam Masala Plus 12pcs,CAT_014,SUP_019,209.2,78,514
PRD_3234,HealthySip Garam Masala Regular 250g,CAT_014,SUP_075,274.51,54,543
PRD_3235,SmartLife Turmeric Lite 1kg,CAT_014,SUP_030,126.46,62,
PRD_3236,QuickNest Garam Masala Premium 200ml,CAT_014,SUP_075,300.95,33,
PRD_3237,GlowCare Coriander Family Pack 500g,CAT_014,SUP_180,27.17,51,547
PRD_3238,UrbanBasket Black Pepper Max 1kg,CAT_014,SUP_058,205.85,95,465
PRD_3239,FamilyChoice Turmeric Classic 750g,CAT_014,SUP_170,348.3,26,
PRD_3240,GoodStore Turmeric Regular 100g,CAT_014,SUP_153,271.3,38,367
PRD_3241,FreshCo Chili Powder Classic 500ml,CAT_014,SUP_105,178.5,86,635
PRD_3242,GlowCare Coriander Classic 750g,CAT_014,SUP_151,189.85,86,250
PRD_3243,NutriMax Cumin Lite 200g,CAT_014,SUP_009,200.06,16,222
PRD_3244,ComfortLine Black Pepper Lite 200ml,CAT_014,SUP_161,49.58,99,
PRD_3245,NutriMax Chili Powder Lite 200g,CAT_014,SUP_170,123.63,29,294
PRD_3246,EliteOne Coriander Max 250g,CAT_014,SUP_030,26.85,66,504
PRD_3247,FamilyChoice Chili Powder Max 250g,CAT_014,SUP_105,62.58,61,693
PRD_3248,DailyDrop Cumin Premium 500ml,CAT_014,SUP_181,302.95,78,681
PRD_3249,SwiftCart Coriander Lite 1kg,CAT_014,SUP_151,314.26,42,654
PRD_3250,ValueMart Cumin Max 200g,CAT_014,SUP_009,154.09,81,599
PRD_3251,PrimePick Cumin Regular 1L,CAT_014,SUP_176,163.24,77,
PRD_3252,GoodStore Black Pepper Max 2kg,CAT_014,SUP_153,175.79,53,401
PRD_3253,GoodStore Black Pepper Regular 200g,CAT_014,SUP_060,273.48,45,
PRD_3254,PrimePick Coriander Max 500g,CAT_014,SUP_009,324.58,15,226
PRD_3255,DailyDrop Garam Masala Classic 1kg,CAT_014,SUP_193,113.07,73,521
PRD_3256,EliteOne Black Pepper Fresh 200g,CAT_014,SUP_177,173.39,20,323
PRD_3257,PureLeaf Black Pepper Daily 500ml,CAT_014,SUP_151,389.87,87,411
PRD_3258,GoodStore Black Pepper Plus 500ml,CAT_014,SUP_058,312.06,77,401
PRD_3259,HappyHome Cumin Regular 750g,CAT_014,SUP_121,345.29,40,720
PRD_3260,HappyHome Garam Masala Plus 750g,CAT_014,SUP_117,233.08,22,598
PRD_3261,GlowCare Garam Masala Max 200g,CAT_014,SUP_105,86.2,72,440
PRD_3262,SwiftCart Garam Masala Fresh 1kg,CAT_014,SUP_193,386.38,46,
PRD_3263,GlowCare Cumin Max 750g,CAT_014,SUP_058,152.21,34,
PRD_3264,DailyDrop Coriander Classic 500ml,CAT_014,SUP_009,210.11,15,237
PRD_3265,SmartLife Turmeric Daily 1L,CAT_014,SUP_161,198.5,97,411
PRD_3266,PureLeaf Chili Powder Classic 12pcs,CAT_014,SUP_161,145.51,64,
PRD_3267,DailyDrop Turmeric Plus 750g,CAT_014,SUP_009,279.36,34,
PRD_3268,GoodStore Coriander Plus 100g,CAT_014,SUP_140,310.63,54,213
PRD_3269,FamilyChoice Cumin Fresh 250g,CAT_014,SUP_180,62.32,59,
PRD_3270,DailyDrop Black Pepper Premium 500g,CAT_014,SUP_176,169.75,41,
PRD_3271,CarePlus Chili Powder Regular 12pcs,CAT_014,SUP_177,253.81,47,599
PRD_3272,HappyHome Black Pepper Family Pack 200ml,CAT_014,SUP_151,135.91,81,602
PRD_3273,ComfortLine Black Pepper Classic 100g,CAT_014,SUP_117,47.29,100,249
PRD_3274,SwiftCart Chili Powder Classic 750g,CAT_014,SUP_060,63.97,68,509
PRD_3275,PureLeaf Black Pepper Plus 250g,CAT_014,SUP_060,175.43,46,224
PRD_3276,GlowCare Coriander Lite 100g,CAT_014,SUP_121,220.69,67,614
PRD_3277,CarePlus Cumin Value Pack 1L,CAT_014,SUP_019,173.12,41,345
PRD_3278,EliteOne Black Pepper Value Pack 12pcs,CAT_014,SUP_009,211.94,78,682
PRD_3279,QuickNest Black Pepper Classic 2kg,CAT_014,SUP_019,127.59,44,424
PRD_3280,GlowCare Garam Masala Family Pack 750g,CAT_014,SUP_058,33.93,27,597
PRD_3281,QuickNest Garam Masala Classic 1L,CAT_014,SUP_051,230.53,39,581
PRD_3282,GlowCare Black Pepper Max 100g,CAT_014,SUP_121,86.38,56,433
PRD_3283,CarePlus Black Pepper Premium 200g,CAT_014,SUP_153,184.03,35,216
PRD_3284,HealthySip Chili Powder Lite 200g,CAT_014,SUP_161,217.35,27,362
PRD_3285,ValueMart Coriander Value Pack 12pcs,CAT_014,SUP_109,70.5,58,641
PRD_3286,GlowCare Black Pepper Fresh 750g,CAT_014,SUP_181,62.87,51,710
PRD_3287,EliteOne Coriander Premium 750g,CAT_014,SUP_058,249.06,60,225
PRD_3288,GlowCare Turmeric Premium 500g,CAT_014,SUP_161,252.02,60,
PRD_3289,HappyHome Garam Masala Fresh 250g,CAT_014,SUP_116,335.58,86,182
PRD_3290,HealthySip Garam Masala Premium 200g,CAT_014,SUP_060,189.04,43,690
PRD_3291,GlowCare Turmeric Premium 250g,CAT_014,SUP_058,66.58,61,293
PRD_3292,UrbanBasket Black Pepper Plus 500g,CAT_014,SUP_170,16.68,89,429
PRD_3293,MunchTime Coriander Lite 12pcs,CAT_014,SUP_176,58.31,73,418
PRD_3294,DailyDrop Cumin Fresh 6pcs,CAT_014,SUP_058,143.21,27,513
PRD_3295,HappyHome Chili Powder Regular 12pcs,CAT_014,SUP_116,240.27,47,276
PRD_3296,FreshCo Cumin Regular 250g,CAT_014,SUP_074,138.07,30,555
PRD_3297,NutriMax Chili Powder Family Pack 200ml,CAT_014,SUP_051,294.08,29,439
PRD_3298,GlowCare Turmeric Lite 2kg,CAT_014,SUP_181,53.37,82,
PRD_3299,UrbanBasket Cumin Lite 500g,CAT_014,SUP_051,335.24,70,723
PRD_3300,PureLeaf Chili Powder Max 6pcs,CAT_014,SUP_105,129.81,23,379
PRD_3301,UrbanBasket Garam Masala Daily 500g,CAT_014,SUP_068,237.76,35,
PRD_3302,GoodStore Coriander Lite 250g,CAT_014,SUP_161,140.15,16,613
PRD_3303,DailyDrop Coriander Premium 200g,CAT_014,SUP_019,248.59,92,721
PRD_3304,GoodStore Cumin Daily 100g,CAT_014,SUP_140,279.64,26,461
PRD_3305,PureLeaf Chili Powder Classic 1kg,CAT_014,SUP_121,179.83,69,539
PRD_3306,CarePlus Turmeric Plus 100g,CAT_014,SUP_105,25.72,20,283
PRD_3307,DailyDrop Cumin Daily 2kg,CAT_014,SUP_153,334.82,95,659
PRD_3308,DailyDrop Chili Powder Fresh 1L,CAT_014,SUP_177,247.49,27,326
PRD_3309,HealthySip Turmeric Plus 1L,CAT_014,SUP_181,57.54,73,472
PRD_3310,ComfortLine Black Pepper Max 2kg,CAT_014,SUP_140,266.4,52,266
PRD_3311,HealthySip Chili Powder Value Pack 1L,CAT_014,SUP_180,243.09,37,670
PRD_3312,MunchTime Black Pepper Lite 200ml,CAT_014,SUP_176,166.58,20,473
PRD_3313,NutriMax Cumin Lite 500g,CAT_014,SUP_181,249.64,66,219
PRD_3314,ValueMart Black Pepper Value Pack 2kg,CAT_014,SUP_075,39.21,22,725
PRD_3315,FreshCo Coriander Value Pack 2kg,CAT_014,SUP_121,305.98,74,662
PRD_3316,MunchTime Turmeric Fresh 2kg,CAT_014,SUP_060,136.04,54,352
PRD_3317,PrimePick Garam Masala Regular 6pcs,CAT_014,SUP_009,347.62,100,312
PRD_3318,KitchenPro Garam Masala Max 2kg,CAT_014,SUP_140,373.36,42,685
PRD_3319,MunchTime Garam Masala Max 2kg,CAT_014,SUP_180,237.13,94,522
PRD_3320,PureLeaf Coriander Plus 6pcs,CAT_014,SUP_121,17.05,21,345
PRD_3321,FamilyChoice Black Pepper Family Pack 500g,CAT_014,SUP_009,145.59,82,405
PRD_3322,HappyHome Black Pepper Family Pack 1L,CAT_014,SUP_140,263.29,19,627
PRD_3323,ComfortLine Black Pepper Max 1kg,CAT_014,SUP_161,249.54,29,558
PRD_3324,NutriMax Garam Masala Value Pack 6pcs,CAT_014,SUP_009,188.46,67,
PRD_3325,PrimePick Garam Masala Premium 200ml,CAT_014,SUP_161,313.44,99,316
PRD_3326,MunchTime Black Pepper Daily 750g,CAT_014,SUP_019,298.47,52,329
PRD_3327,HappyHome Turmeric Regular 500g,CAT_014,SUP_161,40.7,63,500
PRD_3328,GlowCare Chili Powder Plus 500ml,CAT_014,SUP_075,166.68,34,
PRD_3329,FreshCo Garam Masala Family Pack 12pcs,CAT_014,SUP_117,228.41,100,256
PRD_3330,ValueMart Cumin Daily 750g,CAT_014,SUP_058,262.85,42,352
PRD_3331,GlowCare Chili Powder Family Pack 1L,CAT_014,SUP_121,305.63,94,
PRD_3332,PureLeaf Garam Masala Family Pack 200ml,CAT_014,SUP_140,250.58,26,614
PRD_3333,HealthySip Chili Powder Daily 1kg,CAT_014,SUP_058,377.9,64,552
PRD_3334,FamilyChoice Cumin Classic 12pcs,CAT_014,SUP_109,241.26,15,
PRD_3335,UrbanBasket Turmeric Classic 200g,CAT_014,SUP_105,230.11,42,498
PRD_3336,PureLeaf Turmeric Regular 200g,CAT_014,SUP_180,213.25,99,347
PRD_3337,PrimePick Chili Powder Value Pack 500g,CAT_014,SUP_177,56.55,72,659
PRD_3338,ComfortLine Coriander Daily 1kg,CAT_014,SUP_176,366.73,93,639
PRD_3339,PureLeaf Garam Masala Lite 12pcs,CAT_014,SUP_181,294.09,93,725
PRD_3340,SwiftCart Coriander Fresh 24pcs,CAT_014,SUP_075,230.29,34,494
PRD_3341,ValueMart Chili Powder Premium 2kg,CAT_014,SUP_161,60.57,47,324
PRD_3342,KitchenPro Cumin Fresh 250g,CAT_014,SUP_161,47.3,15,448
PRD_3343,HealthySip Black Pepper Value Pack 12pcs,CAT_014,SUP_030,49.69,84,697
PRD_3344,SwiftCart Chili Powder Lite 6pcs,CAT_014,SUP_176,327.98,37,230
PRD_3345,DailyDrop Turmeric Plus 250g,CAT_014,SUP_193,321,82,221
PRD_3346,HealthySip Garam Masala Classic 250g,CAT_014,SUP_151,350.94,82,241
PRD_3347,NutriMax Black Pepper Daily 200ml,CAT_014,SUP_151,398.84,85,357
PRD_3348,MunchTime Chili Powder Max 100g,CAT_014,SUP_109,123.38,40,710
PRD_3349,NutriMax Cumin Premium 1kg,CAT_014,SUP_180,335.81,34,285
PRD_3350,ValueMart Turmeric Daily 250g,CAT_014,SUP_181,292.03,94,425
PRD_3351,GlowCare Black Pepper Premium 250g,CAT_014,SUP_109,340.76,27,575
PRD_3352,PureLeaf Chili Powder Premium 750g,CAT_014,SUP_180,96.51,44,443
PRD_3353,HealthySip Cumin Daily 100g,CAT_014,SUP_151,180.45,32,351
PRD_3354,ValueMart Garam Masala Value Pack 1kg,CAT_014,SUP_009,270.56,68,205
PRD_3355,QuickNest Cumin Classic 500ml,CAT_014,SUP_193,214.21,40,213
PRD_3356,ValueMart Coriander Family Pack 100g,CAT_014,SUP_030,372.11,62,641
PRD_3357,QuickNest Coriander Plus 200ml,CAT_014,SUP_073,398.91,29,260
PRD_3358,QuickNest Turmeric Max 12pcs,CAT_014,SUP_109,152.75,37,225
PRD_3359,PureLeaf Turmeric Classic 500ml,CAT_014,SUP_121,92.45,53,232
PRD_3360,FreshCo Cumin Daily 12pcs,CAT_014,SUP_105,327.55,77,655
PRD_3361,GlowCare Coriander Max 500g,CAT_014,SUP_117,298.74,84,681
PRD_3362,DailyDrop Garam Masala Value Pack 12pcs,CAT_014,SUP_030,209.44,61,626
PRD_3363,PureLeaf Garam Masala Fresh 1kg,CAT_014,SUP_019,356.34,43,606
PRD_3364,PureLeaf Garam Masala Regular 250g,CAT_014,SUP_140,214.1,78,469
PRD_3365,GoodStore Coriander Max 500g,CAT_014,SUP_181,316.91,37,434
PRD_3366,UrbanBasket Coriander Premium 200ml,CAT_014,SUP_109,374.37,27,537
PRD_3367,FamilyChoice Coriander Classic 200g,CAT_014,SUP_121,195.89,79,482
PRD_3368,CarePlus Turmeric Lite 200g,CAT_014,SUP_180,141.8,19,556
PRD_3369,PrimePick Turmeric Family Pack 1L,CAT_014,SUP_058,168.63,19,623
PRD_3370,UrbanBasket Turmeric Classic 100g,CAT_014,SUP_140,101.96,35,303
PRD_3371,ComfortLine Coriander Lite 200g,CAT_014,SUP_151,42.34,68,573
PRD_3372,MunchTime Black Pepper Regular 6pcs,CAT_014,SUP_109,285.33,99,236
PRD_3373,ComfortLine Turmeric Classic 200g,CAT_014,SUP_030,48.21,37,329
PRD_3374,HappyHome Chili Powder Premium 12pcs,CAT_014,SUP_075,160.61,84,530
PRD_3375,UrbanBasket Turmeric Plus 100g,CAT_014,SUP_109,139.86,56,693
PRD_3376,HappyHome Chili Powder Premium 100g,CAT_014,SUP_117,373.25,79,505
PRD_3377,FamilyChoice Coriander Max 500g,CAT_014,SUP_009,100.72,74,426
PRD_3378,HealthySip Black Pepper Lite 1L,CAT_014,SUP_193,286.18,26,500
PRD_3379,EliteOne Coriander Max 100g,CAT_014,SUP_075,255.2,76,479
PRD_3380,FreshCo Cumin Lite 200g,CAT_014,SUP_009,394.61,22,482
PRD_3381,PrimePick Coriander Daily 500ml,CAT_014,SUP_009,357.32,53,339
PRD_3382,SwiftCart Black Pepper Premium 12pcs,CAT_014,SUP_009,166.29,91,446
PRD_3383,PureLeaf Chili Powder Family Pack 24pcs,CAT_014,SUP_075,175.08,73,196
PRD_3384,EliteOne Garam Masala Daily 750g,CAT_014,SUP_019,221.02,74,609
PRD_3385,SmartLife Cumin Plus 500g,CAT_014,SUP_074,118.39,60,591
PRD_3386,CarePlus Coriander Classic 500ml,CAT_014,SUP_051,227.61,40,421
PRD_3387,QuickNest Black Pepper Lite 750g,CAT_014,SUP_177,320.42,41,
PRD_3388,UrbanBasket Turmeric Regular 200ml,CAT_014,SUP_140,376.42,88,549
PRD_3389,ComfortLine Turmeric Plus 24pcs,CAT_014,SUP_177,80.55,17,625
PRD_3390,MunchTime Black Pepper Premium 100g,CAT_014,SUP_073,171.76,16,415
PRD_3391,NutriMax Cumin Daily 12pcs,CAT_014,SUP_109,259.22,34,532
PRD_3392,EliteOne Turmeric Regular 750g,CAT_014,SUP_176,261.73,89,
PRD_3393,HealthySip Coriander Max 1kg,CAT_014,SUP_181,137.53,51,341
PRD_3394,PureLeaf Garam Masala Family Pack 500ml,CAT_014,SUP_060,364.96,32,641
PRD_3395,ValueMart Cumin Regular 100g,CAT_014,SUP_019,311.13,54,452
PRD_3396,MunchTime Garam Masala Plus 1kg,CAT_014,SUP_176,384.6,56,
PRD_3397,MunchTime Garam Masala Lite 250g,CAT_014,SUP_140,220.94,86,244
PRD_3398,KitchenPro Garam Masala Lite 100g,CAT_014,SUP_073,65.85,21,203
PRD_3399,PrimePick Garam Masala Regular 2kg,CAT_014,SUP_105,27.28,31,408
PRD_3400,ValueMart Garam Masala Daily 250g,CAT_014,SUP_075,246.52,51,486
PRD_3401,SwiftCart Chili Powder Plus 100g,CAT_014,SUP_193,374.84,27,694
PRD_3402,QuickNest Chili Powder Family Pack 1kg,CAT_014,SUP_105,180.29,45,297
PRD_3403,GlowCare Garam Masala Value Pack 250g,CAT_014,SUP_161,84.76,70,213
PRD_3404,CarePlus Coriander Max 500g,CAT_014,SUP_170,191.9,27,
PRD_3405,HealthySip Black Pepper Plus 2kg,CAT_014,SUP_075,335.23,18,701
PRD_3406,DailyDrop Garam Masala Premium 1kg,CAT_014,SUP_177,326.77,20,427
PRD_3407,HealthySip Coriander Value Pack 1L,CAT_014,SUP_121,299.43,66,355
PRD_3408,FamilyChoice Chili Powder Family Pack 200ml,CAT_014,SUP_019,276.24,88,530
PRD_3409,FreshCo Garam Masala Lite 750g,CAT_014,SUP_073,352.58,50,577
PRD_3410,SmartLife Black Pepper Daily 6pcs,CAT_014,SUP_019,351.96,92,548
PRD_3411,SwiftCart Cumin Lite 1L,CAT_014,SUP_068,44.29,81,561
PRD_3412,PureLeaf Coriander Regular 12pcs,CAT_014,SUP_030,371.82,90,504
PRD_3413,NutriMax Chili Powder Max 1L,CAT_014,SUP_177,228.62,47,576
PRD_3414,MunchTime Turmeric Plus 1kg,CAT_014,SUP_060,16.45,65,467
PRD_3415,PureLeaf Chili Powder Family Pack 12pcs,CAT_014,SUP_073,244.66,38,
PRD_3416,HealthySip Black Pepper Value Pack 24pcs,CAT_014,SUP_161,365.66,54,607
PRD_3417,EliteOne Coriander Regular 24pcs,CAT_014,SUP_030,50.82,82,724
PRD_3418,PrimePick Chili Powder Daily 1kg,CAT_014,SUP_060,127.18,50,190
PRD_3419,EliteOne Black Pepper Family Pack 1L,CAT_014,SUP_060,357.77,26,588
PRD_3420,EliteOne Garam Masala Classic 200ml,CAT_014,SUP_073,198.24,17,263
PRD_3421,SwiftCart Cumin Lite 2kg,CAT_014,SUP_170,372.25,62,651
PRD_3422,UrbanBasket Coriander Max 500ml,CAT_014,SUP_176,156.36,20,559
PRD_3423,QuickNest Cumin Max 200g,CAT_014,SUP_117,63.69,27,521
PRD_3424,QuickNest Chili Powder Lite 12pcs,CAT_014,SUP_180,283.97,100,591
PRD_3425,HealthySip Turmeric Family Pack 500g,CAT_014,SUP_051,204.62,32,338
PRD_3426,PureLeaf Turmeric Daily 1kg,CAT_014,SUP_193,203.34,51,705
PRD_3427,PrimePick Cumin Value Pack 24pcs,CAT_014,SUP_073,133.45,74,458
PRD_3428,PureLeaf Garam Masala Fresh 1L,CAT_014,SUP_009,110.69,43,610
PRD_3429,HappyHome Black Pepper Daily 1L,CAT_014,SUP_153,325.77,98,729
PRD_3430,DailyDrop Coriander Family Pack 12pcs,CAT_014,SUP_068,80.09,29,
PRD_3431,SmartLife Cumin Plus 500g,CAT_014,SUP_019,142.36,94,307
PRD_3432,FreshCo Black Pepper Value Pack 750g,CAT_014,SUP_009,317.73,62,
PRD_3433,SmartLife Chili Powder Classic 100g,CAT_014,SUP_051,71.22,28,229
PRD_3434,KitchenPro Black Pepper Regular 200g,CAT_014,SUP_176,134.26,83,570
PRD_3435,MunchTime Chili Powder Plus 6pcs,CAT_014,SUP_161,270.53,69,
PRD_3436,ComfortLine Chili Powder Regular 200ml,CAT_014,SUP_153,126.76,31,528
PRD_3437,MunchTime Coriander Family Pack 750g,CAT_014,SUP_030,212.65,76,227
PRD_3438,MunchTime Cumin Lite 750g,CAT_014,SUP_151,340.83,50,592
PRD_3439,PureLeaf Chili Powder Premium 100g,CAT_014,SUP_116,250.21,58,
PRD_3440,GoodStore Coriander Regular 200ml,CAT_014,SUP_121,100.28,27,353
PRD_3441,GlowCare Coriander Classic 500ml,CAT_014,SUP_051,194.91,47,
PRD_3442,PureLeaf Garam Masala Lite 2kg,CAT_014,SUP_073,186.25,71,248
PRD_3443,DailyDrop Cumin Value Pack 6pcs,CAT_014,SUP_073,352.15,81,483
PRD_3444,EliteOne Cumin Fresh 100g,CAT_014,SUP_116,49.07,47,727
PRD_3445,PrimePick Black Pepper Premium 200ml,CAT_014,SUP_177,319.61,35,206
PRD_3446,PrimePick Chili Powder Fresh 200g,CAT_014,SUP_075,146.15,76,275
PRD_3447,CarePlus Black Pepper Regular 200g,CAT_014,SUP_180,309.76,80,575
PRD_3448,UrbanBasket Coriander Regular 2kg,CAT_014,SUP_058,354.06,21,472
PRD_3449,HealthySip Turmeric Fresh 2kg,CAT_014,SUP_116,149.7,25,692
PRD_3450,KitchenPro Cumin Plus 6pcs,CAT_014,SUP_030,156.62,66,414
PRD_3451,GoodStore Chili Powder Family Pack 200g,CAT_014,SUP_176,324.93,95,187
PRD_3452,SwiftCart Chili Powder Value Pack 24pcs,CAT_014,SUP_060,264.69,41,270
PRD_3453,DailyDrop Chili Powder Fresh 6pcs,CAT_014,SUP_105,355.6,80,184
PRD_3454,CarePlus Turmeric Classic 200ml,CAT_014,SUP_116,180.06,95,294
PRD_3455,CarePlus Chili Powder Lite 250g,CAT_014,SUP_068,95.09,28,601
PRD_3456,PureLeaf Coriander Plus 2kg,CAT_014,SUP_105,326.72,61,291
PRD_3457,SmartLife Cumin Classic 200ml,CAT_014,SUP_109,363.96,43,364
PRD_3458,KitchenPro Black Pepper Premium 500ml,CAT_014,SUP_116,157.09,74,296
PRD_3459,EliteOne Chili Powder Family Pack 100g,CAT_014,SUP_060,242.24,84,606
PRD_3460,HealthySip Cumin Regular 100g,CAT_014,SUP_030,274.49,73,316
PRD_3461,EliteOne Turmeric Fresh 1kg,CAT_014,SUP_075,308.27,62,350
PRD_3462,HappyHome Garam Masala Fresh 250g,CAT_014,SUP_105,247.62,15,236
PRD_3463,ComfortLine Black Pepper Value Pack 750g,CAT_014,SUP_161,265.71,30,230
PRD_3464,FamilyChoice Coriander Lite 2kg,CAT_014,SUP_009,58.27,69,436
PRD_3465,QuickNest Cumin Family Pack 1kg,CAT_014,SUP_073,128.81,67,621
PRD_3466,GlowCare Coriander Value Pack 200g,CAT_014,SUP_176,212.59,73,204
PRD_3467,MunchTime Turmeric Fresh 1L,CAT_014,SUP_058,176.41,38,715
PRD_3468,HappyHome Garam Masala Premium 250g,CAT_014,SUP_116,124.67,97,613
PRD_3469,SwiftCart Garam Masala Family Pack 12pcs,CAT_014,SUP_009,219.56,28,285
PRD_3470,SmartLife Cumin Family Pack 12pcs,CAT_014,SUP_151,238.83,62,730
PRD_3471,NutriMax Coriander Classic 200ml,CAT_014,SUP_051,88.83,91,383
PRD_3472,CarePlus Black Pepper Value Pack 1L,CAT_014,SUP_009,44.09,40,222
PRD_3473,FreshCo Cumin Classic 750g,CAT_014,SUP_009,266.76,96,228
PRD_3474,PureLeaf Chili Powder Max 500g,CAT_014,SUP_140,83.63,23,682
PRD_3475,PureLeaf Garam Masala Plus 200ml,CAT_014,SUP_170,290.3,85,250
PRD_3476,HealthySip Chili Powder Fresh 200ml,CAT_014,SUP_170,352.49,86,515
PRD_3477,CarePlus Coriander Daily 200g,CAT_014,SUP_153,117.4,24,
PRD_3478,FreshCo Turmeric Classic 1L,CAT_014,SUP_105,380.41,71,427
PRD_3479,FreshCo Coriander Max 750g,CAT_014,SUP_117,160.54,41,695
PRD_3480,EliteOne Snack Bar Premium 250g,CAT_015,SUP_016,254.4,62,300
PRD_3481,HappyHome Oats Family Pack 6pcs,CAT_015,SUP_155,349.73,105,348
PRD_3482,NutriMax Snack Bar Value Pack 200g,CAT_015,SUP_083,288.75,95,227
PRD_3483,FreshCo Snack Bar Classic 750g,CAT_015,SUP_192,26.05,108,215
PRD_3484,PrimePick Oats Max 750g,CAT_015,SUP_177,162.61,67,319
PRD_3485,FreshCo Noodles Lite 200ml,CAT_015,SUP_069,61.69,68,109
PRD_3486,UrbanBasket Noodles Family Pack 12pcs,CAT_015,SUP_007,381.89,21,118
PRD_3487,GoodStore Soup Pack Value Pack 750g,CAT_015,SUP_037,450.35,27,92
PRD_3488,EliteOne Snack Bar Premium 200ml,CAT_015,SUP_074,389.66,108,223
PRD_3489,UrbanBasket Pasta Plus 2kg,CAT_015,SUP_037,268.38,19,121
PRD_3490,HealthySip Noodles Max 2kg,CAT_015,SUP_083,212.79,44,114
PRD_3491,FreshCo Pasta Classic 1L,CAT_015,SUP_043,393.05,73,302
PRD_3492,SmartLife Oats Max 12pcs,CAT_015,SUP_120,425.22,72,365
PRD_3493,FreshCo Oats Value Pack 6pcs,CAT_015,SUP_120,417.76,96,146
PRD_3494,MunchTime Pasta Classic 24pcs,CAT_015,SUP_019,337.59,68,298
PRD_3495,KitchenPro Soup Pack Max 500ml,CAT_015,SUP_078,146.27,100,341
PRD_3496,DailyDrop Snack Bar Regular 750g,CAT_015,SUP_079,20.43,62,
PRD_3497,NutriMax Soup Pack Max 200ml,CAT_015,SUP_113,102.17,48,280
PRD_3498,NutriMax Oats Fresh 12pcs,CAT_015,SUP_074,134.01,37,102
PRD_3499,NutriMax Oats Lite 2kg,CAT_015,SUP_111,41.39,46,
PRD_3500,MunchTime Oats Value Pack 1kg,CAT_015,SUP_074,84.66,28,269
PRD_3501,HealthySip Snack Bar Fresh 6pcs,CAT_015,SUP_083,400.49,22,257
PRD_3502,KitchenPro Oats Daily 200g,CAT_015,SUP_104,155.85,30,180
PRD_3503,PureLeaf Pasta Max 1kg,CAT_015,SUP_065,190.4,74,355
PRD_3504,ValueMart Soup Pack Regular 100g,CAT_015,SUP_148,202.49,35,308
PRD_3505,PrimePick Snack Bar Regular 1L,CAT_015,SUP_113,338.31,45,323
PRD_3506,PrimePick Soup Pack Family Pack 24pcs,CAT_015,SUP_111,337.66,50,221
PRD_3507,KitchenPro Noodles Fresh 200g,CAT_015,SUP_019,253.77,18,98
PRD_3508,SwiftCart Soup Pack Classic 1L,CAT_015,SUP_104,363.47,59,93
PRD_3509,ValueMart Soup Pack Family Pack 12pcs,CAT_015,SUP_190,155.55,37,105
PRD_3510,SwiftCart Cereal Regular 1kg,CAT_015,SUP_111,243.22,86,319
PRD_3511,GlowCare Soup Pack Daily 500g,CAT_015,SUP_021,305.06,19,297
PRD_3512,KitchenPro Snack Bar Premium 12pcs,CAT_015,SUP_078,210.25,79,354
PRD_3513,MunchTime Snack Bar Family Pack 250g,CAT_015,SUP_069,199.34,61,241
PRD_3514,SwiftCart Soup Pack Lite 200ml,CAT_015,SUP_043,96.89,87,252
PRD_3515,SmartLife Snack Bar Plus 500g,CAT_015,SUP_139,71.06,95,327
PRD_3516,GoodStore Pasta Premium 6pcs,CAT_015,SUP_120,109.43,30,365
PRD_3517,FreshCo Noodles Value Pack 100g,CAT_015,SUP_192,40.83,83,95
PRD_3518,ValueMart Pasta Premium 24pcs,CAT_015,SUP_043,419.36,83,196
PRD_3519,MunchTime Oats Plus 200g,CAT_015,SUP_021,478.89,35,
PRD_3520,GlowCare Snack Bar Daily 100g,CAT_015,SUP_139,268,96,143
PRD_3521,GlowCare Oats Family Pack 1kg,CAT_015,SUP_139,287.29,26,298
PRD_3522,ComfortLine Cereal Max 1L,CAT_015,SUP_019,201.42,52,96
PRD_3523,HealthySip Snack Bar Max 100g,CAT_015,SUP_127,32.2,79,191
PRD_3524,FreshCo Oats Max 750g,CAT_015,SUP_011,302.01,58,260
PRD_3525,SwiftCart Soup Pack Daily 2kg,CAT_015,SUP_021,275.51,96,298
PRD_3526,HealthySip Snack Bar Plus 100g,CAT_015,SUP_019,319.41,89,173
PRD_3527,UrbanBasket Cereal Value Pack 200ml,CAT_015,SUP_079,245.33,62,205
PRD_3528,CarePlus Noodles Premium 12pcs,CAT_015,SUP_007,174.72,58,136
PRD_3529,PureLeaf Cereal Daily 500g,CAT_015,SUP_024,470.77,105,142
PRD_3530,PureLeaf Noodles Fresh 750g,CAT_015,SUP_065,194.42,91,293
PRD_3531,ComfortLine Pasta Premium 2kg,CAT_015,SUP_069,489.89,16,146
PRD_3532,PrimePick Snack Bar Classic 1L,CAT_015,SUP_148,370.12,72,343
PRD_3533,UrbanBasket Cereal Lite 500ml,CAT_015,SUP_007,94.72,43,124
PRD_3534,EliteOne Oats Fresh 2kg,CAT_015,SUP_016,128.33,47,164
PRD_3535,EliteOne Oats Fresh 200g,CAT_015,SUP_059,324.44,23,156
PRD_3536,MunchTime Pasta Lite 750g,CAT_015,SUP_019,53.23,50,309
PRD_3537,ComfortLine Oats Plus 1kg,CAT_015,SUP_192,245.15,96,277
PRD_3538,PrimePick Snack Bar Family Pack 200g,CAT_015,SUP_024,71.53,101,175
PRD_3539,CarePlus Cereal Plus 100g,CAT_015,SUP_032,236.44,90,108
PRD_3540,DailyDrop Cereal Lite 750g,CAT_015,SUP_078,75.52,81,
PRD_3541,EliteOne Oats Family Pack 200ml,CAT_015,SUP_065,168.79,80,94
PRD_3542,SwiftCart Snack Bar Lite 200g,CAT_015,SUP_146,416.83,56,
PRD_3543,ComfortLine Pasta Classic 1L,CAT_015,SUP_065,263.43,64,168
PRD_3544,NutriMax Cereal Plus 24pcs,CAT_015,SUP_037,422.57,45,357
PRD_3545,FamilyChoice Snack Bar Regular 12pcs,CAT_015,SUP_153,276.33,76,180
PRD_3546,HealthySip Cereal Value Pack 100g,CAT_015,SUP_155,183.33,47,
PRD_3547,KitchenPro Soup Pack Premium 200g,CAT_015,SUP_079,255,29,
PRD_3548,NutriMax Oats Plus 200ml,CAT_015,SUP_148,438.46,69,347
PRD_3549,PrimePick Pasta Classic 200g,CAT_015,SUP_113,119.09,58,361
PRD_3550,EliteOne Noodles Family Pack 250g,CAT_015,SUP_065,189.17,32,298
PRD_3551,GoodStore Snack Bar Fresh 1kg,CAT_015,SUP_104,141.09,72,151
PRD_3552,UrbanBasket Cereal Lite 24pcs,CAT_015,SUP_083,151.65,20,260
PRD_3553,GoodStore Noodles Family Pack 100g,CAT_015,SUP_120,84.29,32,149
PRD_3554,SmartLife Pasta Plus 250g,CAT_015,SUP_069,106.71,82,129
PRD_3555,DailyDrop Oats Classic 500ml,CAT_015,SUP_192,336.71,80,
PRD_3556,QuickNest Soup Pack Fresh 1L,CAT_015,SUP_069,127.84,32,
PRD_3557,PrimePick Oats Family Pack 1kg,CAT_015,SUP_024,93.58,44,238
PRD_3558,HappyHome Pasta Max 6pcs,CAT_015,SUP_024,184.7,27,165
PRD_3559,HappyHome Cereal Lite 200g,CAT_015,SUP_011,29.2,53,207
PRD_3560,GoodStore Soup Pack Premium 24pcs,CAT_015,SUP_074,41.07,75,140
PRD_3561,PrimePick Snack Bar Lite 500ml,CAT_015,SUP_043,137.04,53,97
PRD_3562,FamilyChoice Cereal Daily 200g,CAT_015,SUP_113,355.86,102,334
PRD_3563,KitchenPro Pasta Regular 6pcs,CAT_015,SUP_078,453.64,41,282
PRD_3564,KitchenPro Oats Plus 100g,CAT_015,SUP_019,428.13,76,151
PRD_3565,GlowCare Oats Family Pack 100g,CAT_015,SUP_154,470.6,38,
PRD_3566,MunchTime Cereal Family Pack 1L,CAT_015,SUP_146,223.08,108,204
PRD_3567,ComfortLine Cereal Fresh 24pcs,CAT_015,SUP_083,207.04,27,252
PRD_3568,ValueMart Snack Bar Daily 500g,CAT_015,SUP_151,405.42,62,262
PRD_3569,HealthySip Oats Premium 24pcs,CAT_015,SUP_155,479.15,78,190
PRD_3570,FreshCo Soup Pack Premium 2kg,CAT_015,SUP_079,350.42,80,134
PRD_3571,PrimePick Snack Bar Classic 24pcs,CAT_015,SUP_154,157.37,81,348
PRD_3572,GlowCare Oats Max 750g,CAT_015,SUP_190,460.76,56,267
PRD_3573,GoodStore Oats Regular 1L,CAT_015,SUP_139,400.01,102,106
PRD_3574,FamilyChoice Cereal Plus 200ml,CAT_015,SUP_146,340.6,80,261
PRD_3575,PureLeaf Cereal Max 200g,CAT_015,SUP_190,263.77,80,238
PRD_3576,FamilyChoice Soup Pack Premium 1L,CAT_015,SUP_104,219.85,49,118
PRD_3577,QuickNest Snack Bar Value Pack 750g,CAT_015,SUP_148,303.12,67,165
PRD_3578,PureLeaf Pasta Family Pack 1kg,CAT_015,SUP_120,139.66,24,206
PRD_3579,SmartLife Oats Regular 500g,CAT_015,SUP_151,462.46,61,323
PRD_3580,KitchenPro Snack Bar Value Pack 750g,CAT_015,SUP_155,453.02,53,95
PRD_3581,HappyHome Snack Bar Daily 24pcs,CAT_015,SUP_146,288.92,88,125
PRD_3582,SmartLife Snack Bar Regular 500g,CAT_015,SUP_127,146.02,102,295
PRD_3583,MunchTime Pasta Fresh 1L,CAT_015,SUP_032,47.01,58,180
PRD_3584,SmartLife Noodles Family Pack 6pcs,CAT_015,SUP_177,297.88,100,182
PRD_3585,PureLeaf Soup Pack Max 250g,CAT_015,SUP_154,297.31,84,172
PRD_3586,GlowCare Pasta Value Pack 200ml,CAT_015,SUP_007,206.22,40,110
PRD_3587,PureLeaf Soup Pack Value Pack 250g,CAT_015,SUP_043,224,16,264
PRD_3588,SwiftCart Oats Fresh 2kg,CAT_015,SUP_111,266.35,41,160
PRD_3589,UrbanBasket Noodles Value Pack 500g,CAT_015,SUP_059,248.71,109,221
PRD_3590,GoodStore Cereal Value Pack 1L,CAT_015,SUP_148,170.25,34,102
PRD_3591,KitchenPro Soup Pack Value Pack 500g,CAT_015,SUP_016,481.93,104,313
PRD_3592,HealthySip Cereal Premium 1L,CAT_015,SUP_024,163.06,17,179
PRD_3593,GlowCare Cereal Premium 1kg,CAT_015,SUP_146,151.9,49,
PRD_3594,SwiftCart Pasta Classic 1kg,CAT_015,SUP_019,336.71,61,
PRD_3595,QuickNest Noodles Fresh 200g,CAT_015,SUP_070,119.32,65,129
PRD_3596,SwiftCart Pasta Plus 12pcs,CAT_015,SUP_177,271.03,65,
PRD_3597,EliteOne Noodles Classic 100g,CAT_015,SUP_192,212.41,47,205
PRD_3598,ComfortLine Oats Value Pack 12pcs,CAT_015,SUP_129,363.51,25,231
PRD_3599,CarePlus Cereal Family Pack 500g,CAT_015,SUP_070,102.85,60,327
PRD_3600,NutriMax Soup Pack Lite 500g,CAT_015,SUP_037,189.17,75,107
PRD_3601,EliteOne Soup Pack Family Pack 1kg,CAT_015,SUP_113,124.59,31,319
PRD_3602,HappyHome Cereal Daily 500ml,CAT_015,SUP_037,222.44,72,267
PRD_3603,UrbanBasket Pasta Daily 1L,CAT_015,SUP_070,259.45,99,125
PRD_3604,SwiftCart Cereal Family Pack 200g,CAT_015,SUP_083,55.32,39,103
PRD_3605,CarePlus Pasta Daily 200ml,CAT_015,SUP_113,83.67,88,139
PRD_3606,CarePlus Pasta Premium 750g,CAT_015,SUP_069,393.95,86,199
PRD_3607,SmartLife Pasta Daily 2kg,CAT_015,SUP_011,98.2,102,115
PRD_3608,HappyHome Cereal Premium 500g,CAT_015,SUP_079,109.36,74,357
PRD_3609,MunchTime Cereal Lite 200ml,CAT_015,SUP_011,148.78,77,325
PRD_3610,GlowCare Soup Pack Fresh 100g,CAT_015,SUP_070,170.52,20,
PRD_3611,HealthySip Pasta Fresh 2kg,CAT_015,SUP_190,310.21,101,
PRD_3612,FreshCo Oats Fresh 200ml,CAT_015,SUP_011,28.81,17,215
PRD_3613,ComfortLine Cereal Regular 500g,CAT_015,SUP_074,388.74,52,293
PRD_3614,UrbanBasket Snack Bar Plus 1L,CAT_015,SUP_113,428.91,103,334
PRD_3615,HappyHome Cereal Regular 500g,CAT_015,SUP_021,147.38,56,271
PRD_3616,QuickNest Cereal Value Pack 500g,CAT_015,SUP_078,341.75,91,288
PRD_3617,ComfortLine Cereal Classic 200ml,CAT_015,SUP_180,423.88,18,
PRD_3618,UrbanBasket Snack Bar Classic 200ml,CAT_015,SUP_011,256.09,58,285
PRD_3619,NutriMax Soup Pack Plus 1kg,CAT_015,SUP_037,492.93,97,346
PRD_3620,KitchenPro Cereal Max 12pcs,CAT_015,SUP_155,53.55,23,338
PRD_3621,KitchenPro Noodles Regular 750g,CAT_015,SUP_078,470.84,73,229
PRD_3622,NutriMax Oats Max 750g,CAT_015,SUP_113,335.39,29,356
PRD_3623,CarePlus Pasta Fresh 1L,CAT_015,SUP_151,413.84,110,223
PRD_3624,DailyDrop Pasta Regular 2kg,CAT_015,SUP_016,382.61,53,161
PRD_3625,UrbanBasket Pasta Lite 12pcs,CAT_015,SUP_079,387.69,48,206
PRD_3626,GoodStore Soup Pack Value Pack 100g,CAT_015,SUP_079,222.26,33,299
PRD_3627,QuickNest Soup Pack Lite 200ml,CAT_015,SUP_129,278.01,95,198
PRD_3628,KitchenPro Pasta Lite 750g,CAT_015,SUP_078,45.08,64,194
PRD_3629,SmartLife Cereal Fresh 250g,CAT_015,SUP_043,62.82,41,346
PRD_3630,UrbanBasket Pasta Classic 1L,CAT_015,SUP_032,29.61,23,121
PRD_3631,GoodStore Oats Plus 200ml,CAT_015,SUP_113,146.98,44,173
PRD_3632,FreshCo Pasta Family Pack 24pcs,CAT_015,SUP_043,295.11,15,338
PRD_3633,SwiftCart Noodles Lite 750g,CAT_015,SUP_192,177.17,50,290
PRD_3634,GoodStore Cereal Regular 24pcs,CAT_015,SUP_032,116,18,203
PRD_3635,GoodStore Pasta Family Pack 250g,CAT_015,SUP_069,344.39,82,291
PRD_3636,ValueMart Oats Value Pack 24pcs,CAT_015,SUP_148,166.31,21,323
PRD_3637,FamilyChoice Noodles Classic 500ml,CAT_015,SUP_111,305,57,146
PRD_3638,ValueMart Pasta Max 100g,CAT_015,SUP_074,74.29,28,
PRD_3639,CarePlus Pasta Regular 1L,CAT_015,SUP_070,140.89,41,217
PRD_3640,CarePlus Cereal Lite 200ml,CAT_015,SUP_192,479.41,101,160
PRD_3641,CarePlus Snack Bar Daily 250g,CAT_015,SUP_019,306.09,81,179
PRD_3642,GlowCare Noodles Classic 250g,CAT_015,SUP_129,194.92,93,185
PRD_3643,FamilyChoice Cereal Max 24pcs,CAT_015,SUP_111,366.35,99,335
PRD_3644,GoodStore Soup Pack Plus 12pcs,CAT_015,SUP_151,115.24,33,246
PRD_3645,FamilyChoice Cereal Daily 1kg,CAT_015,SUP_111,399.99,32,261
PRD_3646,FamilyChoice Oats Lite 2kg,CAT_015,SUP_148,211.04,79,329
PRD_3647,PrimePick Cereal Classic 24pcs,CAT_015,SUP_177,25.82,93,192
PRD_3648,ComfortLine Noodles Value Pack 1kg,CAT_015,SUP_192,365.03,19,195
PRD_3649,KitchenPro Soup Pack Plus 2kg,CAT_015,SUP_139,459.88,27,175
PRD_3650,FreshCo Oats Max 1kg,CAT_015,SUP_120,76.81,94,140
PRD_3651,HappyHome Noodles Lite 2kg,CAT_015,SUP_065,397.88,60,
PRD_3652,PrimePick Soup Pack Value Pack 6pcs,CAT_015,SUP_111,360.92,90,
PRD_3653,PrimePick Pasta Family Pack 100g,CAT_015,SUP_065,60.67,69,332
PRD_3654,HealthySip Oats Max 2kg,CAT_015,SUP_007,23.26,106,160
PRD_3655,HappyHome Oats Lite 200ml,CAT_015,SUP_083,453.91,40,
PRD_3656,CarePlus Noodles Premium 250g,CAT_015,SUP_129,373.23,60,136
PRD_3657,DailyDrop Oats Max 1kg,CAT_015,SUP_011,475.8,35,
PRD_3658,KitchenPro Snack Bar Daily 200g,CAT_015,SUP_129,289.06,84,351
PRD_3659,FamilyChoice Oats Max 500ml,CAT_015,SUP_019,406.89,51,231
PRD_3660,UrbanBasket Cereal Regular 1kg,CAT_015,SUP_120,180.84,91,196
PRD_3661,FamilyChoice Oats Classic 250g,CAT_015,SUP_153,157.31,32,172
PRD_3662,GoodStore Pasta Classic 750g,CAT_015,SUP_037,298.29,100,
PRD_3663,HappyHome Soup Pack Fresh 6pcs,CAT_015,SUP_154,145.58,101,309
PRD_3664,MunchTime Noodles Regular 2kg,CAT_015,SUP_007,198.68,47,283
PRD_3665,ComfortLine Oats Value Pack 1kg,CAT_015,SUP_154,295.8,48,
PRD_3666,FamilyChoice Noodles Premium 1L,CAT_015,SUP_065,195.42,83,268
PRD_3667,KitchenPro Cereal Fresh 24pcs,CAT_015,SUP_019,343.23,104,120
PRD_3668,GoodStore Snack Bar Daily 12pcs,CAT_015,SUP_148,405.86,77,137
PRD_3669,PrimePick Noodles Regular 2kg,CAT_015,SUP_065,162.04,75,363
PRD_3670,QuickNest Snack Bar Lite 250g,CAT_015,SUP_120,404.84,96,169
PRD_3671,ComfortLine Noodles Value Pack 2kg,CAT_015,SUP_111,401.15,91,
PRD_3672,DailyDrop Pasta Value Pack 100g,CAT_015,SUP_069,346.31,42,166
PRD_3673,HappyHome Pasta Daily 2kg,CAT_015,SUP_120,376.51,23,264
PRD_3674,PrimePick Cereal Fresh 2kg,CAT_015,SUP_104,247.31,90,334
PRD_3675,FreshCo Pasta Lite 200g,CAT_015,SUP_019,466.37,46,339
PRD_3676,HealthySip Oats Premium 24pcs,CAT_015,SUP_078,456.93,30,173
PRD_3677,ValueMart Cereal Max 6pcs,CAT_015,SUP_192,197.64,37,
PRD_3678,MunchTime Noodles Regular 24pcs,CAT_015,SUP_154,81.26,86,247
PRD_3679,QuickNest Cereal Fresh 1L,CAT_015,SUP_190,236.72,92,111
PRD_3680,PureLeaf Snack Bar Lite 500ml,CAT_015,SUP_151,474.96,29,249
PRD_3681,QuickNest Snack Bar Daily 24pcs,CAT_015,SUP_180,280.75,54,342
PRD_3682,FreshCo Pasta Max 2kg,CAT_015,SUP_070,325.73,105,316
PRD_3683,FamilyChoice Oats Max 750g,CAT_015,SUP_111,297.89,15,130
PRD_3684,EliteOne Noodles Value Pack 750g,CAT_015,SUP_153,392.67,50,197
PRD_3685,GoodStore Pasta Family Pack 500g,CAT_015,SUP_180,292.53,96,240
PRD_3686,PrimePick Cereal Fresh 200g,CAT_015,SUP_148,477.28,101,307
PRD_3687,KitchenPro Oats Plus 12pcs,CAT_015,SUP_083,246.94,59,169
PRD_3688,PureLeaf Soup Pack Premium 750g,CAT_015,SUP_180,439.76,59,167
PRD_3689,ComfortLine Pasta Premium 200ml,CAT_015,SUP_127,470.52,107,205
PRD_3690,KitchenPro Noodles Plus 2kg,CAT_015,SUP_074,57.87,34,142
PRD_3691,HealthySip Cereal Regular 100g,CAT_015,SUP_154,84.7,48,338
PRD_3692,SmartLife Noodles Max 500g,CAT_015,SUP_059,265.97,40,268
PRD_3693,EliteOne Cereal Plus 500g,CAT_015,SUP_155,205.82,98,181
PRD_3694,SmartLife Pasta Daily 500g,CAT_015,SUP_113,232.57,89,291
PRD_3695,ValueMart Oats Regular 1L,CAT_015,SUP_011,383.22,51,300
PRD_3696,SwiftCart Noodles Premium 200g,CAT_015,SUP_069,302.28,63,223
PRD_3697,GoodStore Pasta Max 2kg,CAT_015,SUP_079,431.59,38,117
PRD_3698,PrimePick Snack Bar Classic 100g,CAT_015,SUP_024,291.42,80,203
PRD_3699,DailyDrop Pasta Value Pack 250g,CAT_015,SUP_154,51.98,57,148
PRD_3700,NutriMax Snack Bar Daily 6pcs,CAT_015,SUP_079,479.36,51,288
PRD_3701,ValueMart Noodles Regular 750g,CAT_015,SUP_153,109.4,49,251
PRD_3702,EliteOne Noodles Classic 200g,CAT_015,SUP_069,418.49,45,108
PRD_3703,ValueMart Pasta Max 2kg,CAT_015,SUP_153,189.87,98,271
PRD_3704,EliteOne Oats Daily 750g,CAT_015,SUP_151,456.72,33,265
PRD_3705,ComfortLine Noodles Lite 750g,CAT_015,SUP_043,125.6,61,136
PRD_3706,ComfortLine Cereal Lite 750g,CAT_015,SUP_148,36.04,60,192
PRD_3707,HealthySip Noodles Family Pack 1L,CAT_015,SUP_129,236.18,108,234
PRD_3708,GlowCare Noodles Lite 1kg,CAT_015,SUP_024,246.13,43,362
PRD_3709,NutriMax Cereal Value Pack 500ml,CAT_015,SUP_129,431.67,38,278
PRD_3710,GlowCare Snack Bar Family Pack 2kg,CAT_015,SUP_139,124.23,69,
PRD_3711,PureLeaf Snack Bar Family Pack 500g,CAT_015,SUP_007,106.35,28,212
PRD_3712,PrimePick Malt Drink Premium 100g,CAT_016,SUP_173,848.03,55,508
PRD_3713,PrimePick Protein Powder Max 200g,CAT_016,SUP_011,852.68,28,223
PRD_3714,UrbanBasket Malt Drink Regular 750g,CAT_016,SUP_083,162.1,66,254
PRD_3715,EliteOne Nutrition Shake Max 500g,CAT_016,SUP_150,668.74,26,481
PRD_3716,SwiftCart Electrolyte Drink Fresh 6pcs,CAT_016,SUP_172,379.47,20,466
PRD_3717,HappyHome Nutrition Shake Classic 200ml,CAT_016,SUP_072,130.98,63,235
PRD_3718,GlowCare Malt Drink Regular 500g,CAT_016,SUP_069,307.3,30,289
PRD_3719,DailyDrop Protein Powder Value Pack 24pcs,CAT_016,SUP_047,322.96,35,315
PRD_3720,HealthySip Malt Drink Plus 200ml,CAT_016,SUP_042,850.35,69,507
PRD_3721,MunchTime Nutrition Shake Regular 250g,CAT_016,SUP_172,129.41,68,540
PRD_3722,PureLeaf Electrolyte Drink Daily 24pcs,CAT_016,SUP_083,337.69,21,398
PRD_3723,FreshCo Malt Drink Lite 24pcs,CAT_016,SUP_133,277.78,41,420
PRD_3724,UrbanBasket Electrolyte Drink Regular 200ml,CAT_016,SUP_011,880.94,11,288
PRD_3725,PrimePick Protein Powder Fresh 500g,CAT_016,SUP_090,850.2,35,399
PRD_3726,QuickNest Electrolyte Drink Lite 500g,CAT_016,SUP_150,282.33,14,276
PRD_3727,FreshCo Protein Powder Regular 6pcs,CAT_016,SUP_083,720.59,54,187
PRD_3728,ComfortLine Nutrition Shake Regular 1kg,CAT_016,SUP_196,525,26,
PRD_3729,HealthySip Protein Powder Fresh 24pcs,CAT_016,SUP_045,129.03,55,525
PRD_3730,PrimePick Malt Drink Fresh 1kg,CAT_016,SUP_133,606.07,52,366
PRD_3731,FamilyChoice Electrolyte Drink Daily 1L,CAT_016,SUP_090,210.95,70,
PRD_3732,KitchenPro Malt Drink Classic 24pcs,CAT_016,SUP_112,710.58,13,300
PRD_3733,GoodStore Nutrition Shake Max 24pcs,CAT_016,SUP_173,751.73,29,358
PRD_3734,PureLeaf Nutrition Shake Plus 100g,CAT_016,SUP_193,824.94,46,
PRD_3735,HealthySip Protein Powder Max 2kg,CAT_016,SUP_090,529.45,43,288
PRD_3736,PureLeaf Malt Drink Family Pack 1L,CAT_016,SUP_112,266.43,63,524
PRD_3737,SmartLife Nutrition Shake Classic 6pcs,CAT_016,SUP_121,687.66,64,488
PRD_3738,GlowCare Nutrition Shake Classic 750g,CAT_016,SUP_126,594.66,36,386
PRD_3739,DailyDrop Malt Drink Max 500g,CAT_016,SUP_121,473.16,25,393
PRD_3740,FreshCo Electrolyte Drink Classic 2kg,CAT_016,SUP_069,804.35,29,245
PRD_3741,GoodStore Nutrition Shake Plus 500ml,CAT_016,SUP_196,821.89,64,
PRD_3742,ComfortLine Nutrition Shake Classic 6pcs,CAT_016,SUP_163,892.49,67,489
PRD_3743,GoodStore Malt Drink Fresh 6pcs,CAT_016,SUP_167,187.66,13,521
PRD_3744,CarePlus Protein Powder Fresh 2kg,CAT_016,SUP_172,220.62,48,407
PRD_3745,ValueMart Nutrition Shake Family Pack 500ml,CAT_016,SUP_196,613.76,16,310
PRD_3746,UrbanBasket Electrolyte Drink Family Pack 1kg,CAT_016,SUP_163,322.21,11,413
PRD_3747,SwiftCart Protein Powder Value Pack 250g,CAT_016,SUP_194,136.51,69,203
PRD_3748,QuickNest Nutrition Shake Lite 2kg,CAT_016,SUP_150,507.68,23,361
PRD_3749,ValueMart Malt Drink Premium 1kg,CAT_016,SUP_027,597.6,23,260
PRD_3750,SmartLife Nutrition Shake Fresh 500ml,CAT_016,SUP_105,445.06,60,387
PRD_3751,UrbanBasket Protein Powder Premium 250g,CAT_016,SUP_196,292.6,61,467
PRD_3752,UrbanBasket Malt Drink Value Pack 24pcs,CAT_016,SUP_194,410.16,18,462
PRD_3753,MunchTime Protein Powder Premium 1kg,CAT_016,SUP_126,765.77,42,370
PRD_3754,FamilyChoice Electrolyte Drink Max 200g,CAT_016,SUP_086,579.51,26,228
PRD_3755,UrbanBasket Nutrition Shake Premium 1kg,CAT_016,SUP_072,329.65,27,295
PRD_3756,GlowCare Malt Drink Family Pack 24pcs,CAT_016,SUP_024,593.35,17,492
PRD_3757,FreshCo Nutrition Shake Premium 1L,CAT_016,SUP_069,284.8,29,521
PRD_3758,PrimePick Malt Drink Lite 1kg,CAT_016,SUP_126,386.06,32,
PRD_3759,HealthySip Malt Drink Regular 24pcs,CAT_016,SUP_196,646.65,43,468
PRD_3760,GlowCare Nutrition Shake Plus 24pcs,CAT_016,SUP_148,480.74,54,326
PRD_3761,HappyHome Electrolyte Drink Family Pack 250g,CAT_016,SUP_090,342.19,24,300
PRD_3762,EliteOne Electrolyte Drink Premium 12pcs,CAT_016,SUP_172,193.51,48,420
PRD_3763,HealthySip Malt Drink Max 500ml,CAT_016,SUP_047,199.98,15,
PRD_3764,NutriMax Nutrition Shake Classic 500g,CAT_016,SUP_173,708.34,36,181
PRD_3765,HappyHome Electrolyte Drink Daily 100g,CAT_016,SUP_072,314.51,48,
PRD_3766,NutriMax Protein Powder Regular 6pcs,CAT_016,SUP_150,131.87,56,192
PRD_3767,PureLeaf Protein Powder Premium 200ml,CAT_016,SUP_011,233.48,11,235
PRD_3768,ComfortLine Protein Powder Fresh 500ml,CAT_016,SUP_027,588.58,37,
PRD_3769,EliteOne Protein Powder Max 250g,CAT_016,SUP_163,894.93,65,535
PRD_3770,SwiftCart Nutrition Shake Classic 1L,CAT_016,SUP_042,216.18,53,439
PRD_3771,CarePlus Nutrition Shake Fresh 750g,CAT_016,SUP_150,607.67,33,263
PRD_3772,DailyDrop Nutrition Shake Classic 200g,CAT_016,SUP_167,649.35,40,523
PRD_3773,QuickNest Malt Drink Lite 2kg,CAT_016,SUP_133,359.8,22,315
PRD_3774,KitchenPro Nutrition Shake Fresh 200g,CAT_016,SUP_072,841.21,53,528
PRD_3775,HealthySip Protein Powder Value Pack 750g,CAT_016,SUP_150,175.5,41,357
PRD_3776,FreshCo Protein Powder Regular 750g,CAT_016,SUP_194,525.04,34,487
PRD_3777,PrimePick Protein Powder Daily 500ml,CAT_016,SUP_090,425.27,27,474
PRD_3778,NutriMax Protein Powder Premium 200g,CAT_016,SUP_133,307.38,47,231
PRD_3779,PureLeaf Nutrition Shake Lite 200g,CAT_016,SUP_193,502.15,37,431
PRD_3780,EliteOne Malt Drink Premium 24pcs,CAT_016,SUP_121,405.67,44,
PRD_3781,QuickNest Protein Powder Fresh 750g,CAT_016,SUP_027,770.45,61,319
PRD_3782,GoodStore Protein Powder Fresh 1L,CAT_016,SUP_167,441.02,31,427
PRD_3783,SwiftCart Nutrition Shake Classic 2kg,CAT_016,SUP_167,217.98,61,258
PRD_3784,UrbanBasket Electrolyte Drink Regular 6pcs,CAT_016,SUP_133,388.76,17,393
PRD_3785,PrimePick Protein Powder Premium 200g,CAT_016,SUP_193,480.23,60,377
PRD_3786,SwiftCart Protein Powder Classic 200ml,CAT_016,SUP_163,451.03,60,194
PRD_3787,GlowCare Nutrition Shake Premium 500ml,CAT_016,SUP_133,714.87,67,254
PRD_3788,EliteOne Malt Drink Family Pack 500ml,CAT_016,SUP_069,608.78,49,294
PRD_3789,ValueMart Nutrition Shake Daily 250g,CAT_016,SUP_083,440.52,19,452
PRD_3790,FreshCo Protein Powder Family Pack 200ml,CAT_016,SUP_172,413.25,49,218
PRD_3791,ValueMart Malt Drink Fresh 12pcs,CAT_016,SUP_121,505.94,60,226
PRD_3792,FreshCo Electrolyte Drink Fresh 6pcs,CAT_016,SUP_133,802.27,40,540
PRD_3793,HealthySip Malt Drink Family Pack 500ml,CAT_016,SUP_173,266.34,30,244
PRD_3794,HappyHome Electrolyte Drink Plus 1L,CAT_016,SUP_045,134.49,17,483
PRD_3795,NutriMax Nutrition Shake Plus 250g,CAT_016,SUP_193,479.52,61,360
PRD_3796,EliteOne Electrolyte Drink Value Pack 750g,CAT_016,SUP_121,888.93,36,454
PRD_3797,KitchenPro Protein Powder Daily 750g,CAT_016,SUP_163,310.97,59,478
PRD_3798,SwiftCart Protein Powder Daily 2kg,CAT_016,SUP_045,254.24,61,230
PRD_3799,PrimePick Nutrition Shake Lite 1L,CAT_016,SUP_105,370.74,14,423
PRD_3800,CarePlus Protein Powder Classic 250g,CAT_016,SUP_121,280.04,20,515
PRD_3801,DailyDrop Malt Drink Premium 12pcs,CAT_016,SUP_086,250.41,33,
PRD_3802,PrimePick Electrolyte Drink Value Pack 500g,CAT_016,SUP_148,610.9,32,228
PRD_3803,HappyHome Protein Powder Premium 12pcs,CAT_016,SUP_083,378.35,17,442
PRD_3804,KitchenPro Protein Powder Regular 200g,CAT_016,SUP_045,564.9,22,
PRD_3805,PrimePick Electrolyte Drink Premium 250g,CAT_016,SUP_072,731.57,47,304
PRD_3806,KitchenPro Nutrition Shake Fresh 2kg,CAT_016,SUP_086,365.74,42,208
PRD_3807,MunchTime Nutrition Shake Family Pack 6pcs,CAT_016,SUP_105,191.17,32,
PRD_3808,HappyHome Malt Drink Regular 2kg,CAT_016,SUP_045,685.57,65,352
PRD_3809,HealthySip Malt Drink Value Pack 200ml,CAT_016,SUP_150,797.01,62,464
PRD_3810,QuickNest Protein Powder Plus 100g,CAT_016,SUP_112,488.93,58,430
PRD_3811,DailyDrop Malt Drink Classic 24pcs,CAT_016,SUP_172,593.64,10,
PRD_3812,FamilyChoice Electrolyte Drink Family Pack 750g,CAT_016,SUP_150,416.11,30,472
PRD_3813,SmartLife Protein Powder Value Pack 250g,CAT_016,SUP_133,579.52,56,302
PRD_3814,KitchenPro Malt Drink Classic 24pcs,CAT_016,SUP_163,472.36,69,480
PRD_3815,EliteOne Protein Powder Regular 200ml,CAT_016,SUP_167,185.4,70,325
PRD_3816,MunchTime Malt Drink Value Pack 500g,CAT_016,SUP_163,446.88,34,462
PRD_3817,QuickNest Electrolyte Drink Max 250g,CAT_016,SUP_121,404.67,51,479
PRD_3818,PrimePick Electrolyte Drink Family Pack 100g,CAT_016,SUP_105,382.4,28,441
PRD_3819,GlowCare Electrolyte Drink Fresh 500g,CAT_016,SUP_126,517.75,18,381
PRD_3820,SwiftCart Malt Drink Regular 750g,CAT_016,SUP_126,734.11,22,476
PRD_3821,SwiftCart Nutrition Shake Fresh 750g,CAT_016,SUP_042,135.52,59,264
PRD_3822,GlowCare Nutrition Shake Premium 100g,CAT_016,SUP_193,317.27,62,479
PRD_3823,CarePlus Protein Powder Value Pack 750g,CAT_016,SUP_042,434.25,69,188
PRD_3824,GoodStore Malt Drink Daily 1L,CAT_016,SUP_042,129.18,65,457
PRD_3825,HealthySip Malt Drink Classic 500ml,CAT_016,SUP_011,263.73,64,414
PRD_3826,PureLeaf Protein Powder Fresh 24pcs,CAT_016,SUP_150,331.43,22,506
PRD_3827,FreshCo Nutrition Shake Family Pack 200ml,CAT_016,SUP_194,521.29,54,500
PRD_3828,SmartLife Protein Powder Plus 12pcs,CAT_016,SUP_133,842.44,29,534
PRD_3829,EliteOne Nutrition Shake Plus 500g,CAT_016,SUP_086,864.41,46,284
PRD_3830,SwiftCart Nutrition Shake Max 2kg,CAT_016,SUP_090,162.12,21,273
PRD_3831,CarePlus Malt Drink Classic 1kg,CAT_016,SUP_114,419.67,51,518
PRD_3832,HealthySip Nutrition Shake Family Pack 24pcs,CAT_016,SUP_024,883.82,14,540
PRD_3833,HealthySip Nutrition Shake Plus 500g,CAT_016,SUP_024,839.34,35,295
PRD_3834,UrbanBasket Protein Powder Daily 200g,CAT_016,SUP_011,157.88,30,180
PRD_3835,KitchenPro Malt Drink Family Pack 100g,CAT_016,SUP_112,744.32,57,237
PRD_3836,GoodStore Electrolyte Drink Premium 12pcs,CAT_016,SUP_148,412.29,26,205
PRD_3837,PrimePick Electrolyte Drink Family Pack 500g,CAT_016,SUP_045,766.57,22,396
PRD_3838,SwiftCart Nutrition Shake Value Pack 100g,CAT_016,SUP_196,676.31,15,202
PRD_3839,SwiftCart Electrolyte Drink Daily 750g,CAT_016,SUP_112,865.3,23,489
PRD_3840,UrbanBasket Malt Drink Family Pack 1kg,CAT_016,SUP_090,166.28,40,313
PRD_3841,UrbanBasket Protein Powder Value Pack 24pcs,CAT_016,SUP_042,808.83,21,
PRD_3842,DailyDrop Malt Drink Value Pack 200ml,CAT_016,SUP_024,883.05,45,207
PRD_3843,FreshCo Malt Drink Family Pack 200ml,CAT_016,SUP_042,240.4,47,442
PRD_3844,PureLeaf Electrolyte Drink Premium 200g,CAT_016,SUP_126,696.02,20,
PRD_3845,EliteOne Malt Drink Classic 750g,CAT_016,SUP_150,337.83,39,
PRD_3846,NutriMax Nutrition Shake Max 24pcs,CAT_016,SUP_024,321.7,23,476
PRD_3847,FreshCo Malt Drink Premium 12pcs,CAT_016,SUP_105,828.27,53,530
PRD_3848,QuickNest Protein Powder Lite 500g,CAT_016,SUP_194,828.44,35,261
PRD_3849,DailyDrop Malt Drink Lite 12pcs,CAT_016,SUP_045,339.38,30,227
PRD_3850,HappyHome Malt Drink Value Pack 250g,CAT_016,SUP_112,161.76,65,219
PRD_3851,MunchTime Protein Powder Daily 500g,CAT_016,SUP_011,535.05,43,287
PRD_3852,SwiftCart Protein Powder Family Pack 12pcs,CAT_016,SUP_072,182.66,42,202
PRD_3853,KitchenPro Nutrition Shake Premium 250g,CAT_016,SUP_194,449.75,62,228
PRD_3854,GlowCare Electrolyte Drink Lite 100g,CAT_016,SUP_072,317.96,25,537
PRD_3855,GoodStore Protein Powder Plus 250g,CAT_016,SUP_148,275.79,48,269
PRD_3856,ValueMart Protein Powder Premium 500g,CAT_016,SUP_011,442.97,41,
PRD_3857,SwiftCart Electrolyte Drink Family Pack 2kg,CAT_016,SUP_083,800.52,39,495
PRD_3858,QuickNest Malt Drink Fresh 12pcs,CAT_016,SUP_083,572.37,33,465
PRD_3859,MunchTime Nutrition Shake Daily 250g,CAT_016,SUP_024,661.31,56,287
PRD_3860,MunchTime Malt Drink Lite 2kg,CAT_016,SUP_090,733.37,59,193
PRD_3861,QuickNest Electrolyte Drink Value Pack 1kg,CAT_016,SUP_090,445.3,29,522
PRD_3862,FreshCo Malt Drink Plus 500g,CAT_016,SUP_167,789.87,47,493
PRD_3863,GoodStore Electrolyte Drink Premium 200ml,CAT_016,SUP_193,561.2,39,236
PRD_3864,PrimePick Protein Powder Family Pack 100g,CAT_016,SUP_172,669.74,58,277
PRD_3865,GoodStore Protein Powder Plus 200ml,CAT_016,SUP_105,801.31,23,525
PRD_3866,DailyDrop Malt Drink Lite 500ml,CAT_016,SUP_024,126.26,40,245
PRD_3867,PrimePick Malt Drink Classic 500g,CAT_016,SUP_126,534.46,10,
PRD_3868,CarePlus Protein Powder Fresh 500ml,CAT_016,SUP_069,342.05,23,347
PRD_3869,FamilyChoice Nutrition Shake Premium 500ml,CAT_016,SUP_133,486.87,34,310
PRD_3870,PureLeaf Nutrition Shake Lite 500ml,CAT_016,SUP_194,605.65,63,461
PRD_3871,KitchenPro Protein Powder Family Pack 200ml,CAT_016,SUP_011,720.13,47,442
PRD_3872,UrbanBasket Malt Drink Lite 500ml,CAT_016,SUP_090,806.5,65,410
PRD_3873,UrbanBasket Electrolyte Drink Fresh 2kg,CAT_016,SUP_069,726.41,42,340
PRD_3874,MunchTime Nutrition Shake Value Pack 250g,CAT_016,SUP_114,377.7,19,207
PRD_3875,DailyDrop Protein Powder Classic 24pcs,CAT_016,SUP_027,405.68,47,303
PRD_3876,FreshCo Protein Powder Classic 24pcs,CAT_016,SUP_069,217.11,42,185
PRD_3877,ValueMart Nutrition Shake Daily 24pcs,CAT_016,SUP_069,512.52,24,287
PRD_3878,HappyHome Protein Powder Premium 200ml,CAT_016,SUP_112,898.06,56,278
PRD_3879,DailyDrop Nutrition Shake Daily 24pcs,CAT_016,SUP_196,259.15,38,333
PRD_3880,NutriMax Malt Drink Plus 1kg,CAT_016,SUP_086,740.46,11,324
PRD_3881,FamilyChoice Protein Powder Value Pack 6pcs,CAT_016,SUP_027,786.97,19,393
PRD_3882,QuickNest Nutrition Shake Premium 250g,CAT_016,SUP_024,792.43,30,194
PRD_3883,ComfortLine Malt Drink Daily 6pcs,CAT_016,SUP_024,271.44,30,520
PRD_3884,SmartLife Electrolyte Drink Fresh 200ml,CAT_016,SUP_027,361.44,53,426
PRD_3885,PrimePick Protein Powder Value Pack 250g,CAT_016,SUP_126,811.37,18,328
PRD_3886,PureLeaf Protein Powder Max 2kg,CAT_016,SUP_173,545.38,61,405
PRD_3887,MunchTime Electrolyte Drink Classic 100g,CAT_016,SUP_090,701.49,50,428
PRD_3888,FreshCo Protein Powder Value Pack 6pcs,CAT_016,SUP_121,625.21,33,403
PRD_3889,NutriMax Electrolyte Drink Regular 6pcs,CAT_016,SUP_069,343.7,47,223
PRD_3890,FamilyChoice Nutrition Shake Fresh 750g,CAT_016,SUP_011,594.77,60,420
PRD_3891,GlowCare Electrolyte Drink Premium 1L,CAT_016,SUP_121,878.92,40,389
PRD_3892,PrimePick Electrolyte Drink Value Pack 24pcs,CAT_016,SUP_126,330.03,31,222
PRD_3893,PureLeaf Malt Drink Classic 1kg,CAT_016,SUP_072,595.94,56,
PRD_3894,ValueMart Nutrition Shake Daily 24pcs,CAT_016,SUP_047,739.1,29,288
PRD_3895,GoodStore Protein Powder Classic 12pcs,CAT_016,SUP_105,176.49,13,459
PRD_3896,DailyDrop Electrolyte Drink Family Pack 2kg,CAT_016,SUP_121,270.96,54,
PRD_3897,ComfortLine Electrolyte Drink Fresh 1L,CAT_016,SUP_112,184.14,24,
PRD_3898,FreshCo Nutrition Shake Daily 24pcs,CAT_016,SUP_027,538.31,48,217
PRD_3899,PrimePick Malt Drink Classic 200g,CAT_016,SUP_133,494.22,19,
PRD_3900,SwiftCart Protein Powder Value Pack 2kg,CAT_016,SUP_126,280.11,47,400
PRD_3901,GoodStore Protein Powder Classic 500ml,CAT_016,SUP_133,372.42,52,538
PRD_3902,ValueMart Nutrition Shake Max 500ml,CAT_016,SUP_163,200.79,14,247
PRD_3903,FamilyChoice Malt Drink Plus 500g,CAT_016,SUP_083,239.15,54,515
PRD_3904,FamilyChoice Malt Drink Premium 6pcs,CAT_016,SUP_047,620.58,20,336
PRD_3905,CarePlus Nutrition Shake Premium 250g,CAT_016,SUP_011,828.15,23,205
PRD_3906,ComfortLine Electrolyte Drink Value Pack 6pcs,CAT_016,SUP_172,475.64,48,368
PRD_3907,FamilyChoice Malt Drink Value Pack 1L,CAT_016,SUP_150,661.12,47,238
PRD_3908,ValueMart Nutrition Shake Family Pack 100g,CAT_016,SUP_150,785.33,43,
PRD_3909,NutriMax Malt Drink Fresh 12pcs,CAT_016,SUP_150,327.99,36,299
PRD_3910,SwiftCart Malt Drink Value Pack 750g,CAT_016,SUP_069,857.13,24,204
PRD_3911,DailyDrop Electrolyte Drink Value Pack 2kg,CAT_016,SUP_105,120.8,21,266
PRD_3912,ValueMart Electrolyte Drink Regular 1kg,CAT_016,SUP_027,341.57,48,524
PRD_3913,DailyDrop Nutrition Shake Plus 250g,CAT_016,SUP_042,375.26,19,512
PRD_3914,NutriMax Malt Drink Fresh 1kg,CAT_016,SUP_086,232.99,47,316
PRD_3915,SmartLife Malt Drink Classic 500g,CAT_016,SUP_086,451.21,46,321
PRD_3916,HealthySip Protein Powder Value Pack 2kg,CAT_016,SUP_150,135.98,17,346
PRD_3917,SmartLife Nutrition Shake Daily 500ml,CAT_016,SUP_126,525.77,12,290
PRD_3918,CarePlus Protein Powder Premium 12pcs,CAT_016,SUP_072,259.71,41,506
PRD_3919,GoodStore Malt Drink Fresh 12pcs,CAT_016,SUP_126,160.63,23,229
PRD_3920,QuickNest Malt Drink Lite 1kg,CAT_016,SUP_112,606.05,55,363
PRD_3921,PureLeaf Protein Powder Value Pack 100g,CAT_016,SUP_086,652.46,60,489
PRD_3922,SmartLife Protein Powder Family Pack 500g,CAT_016,SUP_045,459.64,26,335
PRD_3923,NutriMax Malt Drink Fresh 500g,CAT_016,SUP_133,509.01,57,428
PRD_3924,SwiftCart Nutrition Shake Family Pack 2kg,CAT_016,SUP_042,316.18,60,186
PRD_3925,SwiftCart Malt Drink Premium 200g,CAT_016,SUP_083,720.2,52,248
PRD_3926,FamilyChoice Electrolyte Drink Premium 200ml,CAT_016,SUP_024,158.57,52,365
PRD_3927,ComfortLine Protein Powder Family Pack 500g,CAT_016,SUP_193,772.01,21,221
PRD_3928,HappyHome Protein Powder Family Pack 200ml,CAT_016,SUP_011,536.21,27,477
PRD_3929,PureLeaf Electrolyte Drink Classic 500g,CAT_016,SUP_150,139.95,58,391
PRD_3930,UrbanBasket Protein Powder Daily 200g,CAT_016,SUP_027,588.11,12,433
PRD_3931,PureLeaf Electrolyte Drink Premium 2kg,CAT_016,SUP_112,356.97,67,435
PRD_3932,GoodStore Electrolyte Drink Fresh 12pcs,CAT_016,SUP_196,702.8,31,458
PRD_3933,ValueMart Protein Powder Classic 500g,CAT_016,SUP_042,147.35,58,503
PRD_3934,EliteOne Protein Powder Regular 200g,CAT_016,SUP_027,140.55,66,239
PRD_3935,SwiftCart Electrolyte Drink Lite 500ml,CAT_016,SUP_090,717.91,30,412
PRD_3936,CarePlus Protein Powder Plus 12pcs,CAT_016,SUP_114,807.74,62,387
PRD_3937,HealthySip Electrolyte Drink Value Pack 750g,CAT_016,SUP_090,172.41,64,460
PRD_3938,KitchenPro Protein Powder Daily 100g,CAT_016,SUP_086,553.72,54,252
PRD_3939,GlowCare Malt Drink Daily 1kg,CAT_016,SUP_042,728.6,42,244
PRD_3940,PrimePick Nutrition Shake Premium 100g,CAT_016,SUP_167,371.39,18,415
PRD_3941,SwiftCart Protein Powder Daily 500ml,CAT_016,SUP_167,791.8,54,461
PRD_3942,GoodStore Protein Powder Family Pack 750g,CAT_016,SUP_121,854.18,24,313
PRD_3943,FamilyChoice Electrolyte Drink Regular 200ml,CAT_016,SUP_196,893.86,13,382
PRD_3944,KitchenPro Malt Drink Lite 500g,CAT_016,SUP_172,218.72,39,278
PRD_3945,HappyHome Malt Drink Daily 1L,CAT_016,SUP_126,574.39,21,270
PRD_3946,UrbanBasket Malt Drink Max 500g,CAT_016,SUP_133,815.85,30,217
PRD_3947,PureLeaf Nutrition Shake Premium 2kg,CAT_016,SUP_069,703.75,47,539
PRD_3948,DailyDrop Nutrition Shake Value Pack 12pcs,CAT_016,SUP_011,863.43,61,464
PRD_3949,DailyDrop Electrolyte Drink Classic 1kg,CAT_016,SUP_027,585.55,69,200
PRD_3950,CarePlus Nutrition Shake Plus 200ml,CAT_016,SUP_150,377.89,60,325
PRD_3951,DailyDrop Electrolyte Drink Premium 500ml,CAT_016,SUP_148,558.87,46,495
PRD_3952,KitchenPro Malt Drink Classic 24pcs,CAT_016,SUP_173,201.55,20,423
PRD_3953,DailyDrop Malt Drink Family Pack 500ml,CAT_016,SUP_072,253.27,18,493
PRD_3954,GlowCare Electrolyte Drink Premium 1L,CAT_016,SUP_027,439.39,30,202
PRD_3955,GlowCare Protein Powder Max 250g,CAT_016,SUP_069,505.78,28,
PRD_3956,HappyHome Nutrition Shake Lite 200g,CAT_016,SUP_027,459.6,61,497
PRD_3957,QuickNest Malt Drink Regular 1kg,CAT_016,SUP_173,219.29,36,535
PRD_3958,FamilyChoice Electrolyte Drink Lite 500ml,CAT_016,SUP_150,517.71,36,469
PRD_3959,HealthySip Protein Powder Max 6pcs,CAT_016,SUP_150,135.62,40,531
PRD_3960,ComfortLine Malt Drink Fresh 500g,CAT_016,SUP_133,380.93,49,406
PRD_3961,DailyDrop Nutrition Shake Family Pack 200g,CAT_016,SUP_167,268.5,40,
PRD_3962,FamilyChoice Protein Powder Family Pack 200ml,CAT_016,SUP_114,526.5,50,370
PRD_3963,CarePlus Nutrition Shake Fresh 200ml,CAT_016,SUP_172,458.58,31,451
PRD_3964,KitchenPro Malt Drink Family Pack 100g,CAT_016,SUP_121,316.21,35,321
PRD_3965,ComfortLine Nutrition Shake Premium 12pcs,CAT_016,SUP_173,478.68,43,315
PRD_3966,NutriMax Protein Powder Classic 200ml,CAT_016,SUP_090,295.4,65,481
PRD_3967,FamilyChoice Protein Powder Daily 1kg,CAT_016,SUP_193,470.42,37,225
PRD_3968,SmartLife Protein Powder Daily 750g,CAT_016,SUP_194,787.79,15,263
PRD_3969,MunchTime Protein Powder Daily 750g,CAT_016,SUP_042,263.31,53,250
PRD_3970,GlowCare Malt Drink Daily 24pcs,CAT_016,SUP_083,817.62,11,231
PRD_3971,ComfortLine Electrolyte Drink Plus 1L,CAT_016,SUP_027,533.22,51,479
PRD_3972,GoodStore Nutrition Shake Daily 6pcs,CAT_016,SUP_027,178.52,47,
PRD_3973,UrbanBasket Electrolyte Drink Value Pack 500ml,CAT_016,SUP_011,746.09,48,441
PRD_3974,EliteOne Nutrition Shake Daily 2kg,CAT_016,SUP_121,559.21,46,365
PRD_3975,PureLeaf Malt Drink Premium 1L,CAT_016,SUP_167,318.14,15,192
PRD_3976,FamilyChoice Protein Powder Daily 750g,CAT_016,SUP_090,666.15,37,465
PRD_3977,ValueMart Malt Drink Premium 500g,CAT_016,SUP_194,595.46,11,237
PRD_3978,SmartLife Malt Drink Lite 24pcs,CAT_016,SUP_027,489.66,54,
PRD_3979,GlowCare Electrolyte Drink Fresh 1L,CAT_016,SUP_173,830.78,24,211
PRD_3980,ComfortLine Electrolyte Drink Classic 12pcs,CAT_016,SUP_024,282.04,70,530
PRD_3981,PrimePick Electrolyte Drink Premium 2kg,CAT_016,SUP_112,799.53,56,449
PRD_3982,FreshCo Electrolyte Drink Max 6pcs,CAT_016,SUP_194,797.63,38,242
PRD_3983,SmartLife Malt Drink Family Pack 500ml,CAT_016,SUP_126,320,18,280
PRD_3984,PureLeaf Malt Drink Daily 6pcs,CAT_016,SUP_072,583.41,37,487
PRD_3985,FamilyChoice Malt Drink Fresh 250g,CAT_016,SUP_027,429.82,37,215
PRD_3986,SmartLife Milk Chocolate Regular 100g,CAT_017,SUP_128,275.15,32,285
PRD_3987,PrimePick Milk Chocolate Daily 12pcs,CAT_017,SUP_156,21.82,22,
PRD_3988,PureLeaf Wafer Chocolate Fresh 100g,CAT_017,SUP_023,26.66,21,362
PRD_3989,EliteOne Wafer Chocolate Regular 24pcs,CAT_017,SUP_197,254.68,100,153
PRD_3990,KitchenPro Dark Chocolate Value Pack 6pcs,CAT_017,SUP_103,156.84,70,263
PRD_3991,GlowCare Truffle Pack Plus 1L,CAT_017,SUP_049,192.84,93,190
PRD_3992,UrbanBasket Wafer Chocolate Classic 500g,CAT_017,SUP_113,105.22,16,333
PRD_3993,KitchenPro Wafer Chocolate Lite 200g,CAT_017,SUP_083,288.64,68,244
PRD_3994,PureLeaf Truffle Pack Regular 1L,CAT_017,SUP_010,220.83,50,136
PRD_3995,HappyHome Chocolate Bar Value Pack 24pcs,CAT_017,SUP_160,67.01,64,310
PRD_3996,PrimePick Truffle Pack Daily 500g,CAT_017,SUP_119,155.82,71,233
PRD_3997,QuickNest Truffle Pack Classic 6pcs,CAT_017,SUP_178,167.99,100,130
PRD_3998,HealthySip Dark Chocolate Family Pack 24pcs,CAT_017,SUP_106,151.68,64,256
PRD_3999,FamilyChoice Milk Chocolate Daily 2kg,CAT_017,SUP_160,251.55,21,341
PRD_4000,UrbanBasket Wafer Chocolate Premium 100g,CAT_017,SUP_093,127.06,66,277
PRD_4001,HappyHome Truffle Pack Premium 200g,CAT_017,SUP_080,140.99,38,
PRD_4002,ComfortLine Dark Chocolate Classic 1kg,CAT_017,SUP_074,224.58,24,106
PRD_4003,GlowCare Milk Chocolate Classic 500ml,CAT_017,SUP_156,266.97,16,
PRD_4004,UrbanBasket Chocolate Bar Daily 750g,CAT_017,SUP_170,184.9,87,160
PRD_4005,DailyDrop Chocolate Bar Plus 200ml,CAT_017,SUP_065,20.95,23,175
PRD_4006,HappyHome Truffle Pack Max 1L,CAT_017,SUP_041,47.77,87,116
PRD_4007,PrimePick Wafer Chocolate Regular 100g,CAT_017,SUP_104,223.76,95,173
PRD_4008,QuickNest Chocolate Bar Max 100g,CAT_017,SUP_114,82.37,21,181
PRD_4009,ComfortLine Wafer Chocolate Plus 750g,CAT_017,SUP_081,265.01,98,224
PRD_4010,MunchTime Milk Chocolate Plus 250g,CAT_017,SUP_128,187.38,73,330
PRD_4011,ComfortLine Dark Chocolate Regular 250g,CAT_017,SUP_178,143.05,100,187
PRD_4012,UrbanBasket Truffle Pack Max 12pcs,CAT_017,SUP_062,147.66,59,235
PRD_4013,GlowCare Wafer Chocolate Lite 100g,CAT_017,SUP_125,106.4,74,347
PRD_4014,UrbanBasket Truffle Pack Value Pack 24pcs,CAT_017,SUP_178,287.43,28,192
PRD_4015,FamilyChoice Wafer Chocolate Fresh 6pcs,CAT_017,SUP_001,265.98,70,357
PRD_4016,HappyHome Milk Chocolate Family Pack 500g,CAT_017,SUP_179,29.09,69,306
PRD_4017,UrbanBasket Dark Chocolate Regular 250g,CAT_017,SUP_049,57.24,50,267
PRD_4018,HappyHome Dark Chocolate Plus 1kg,CAT_017,SUP_141,33.95,31,288
PRD_4019,GoodStore Wafer Chocolate Max 200g,CAT_017,SUP_106,38.2,76,158
PRD_4020,ValueMart Dark Chocolate Premium 6pcs,CAT_017,SUP_103,253.18,48,316
PRD_4021,ValueMart Truffle Pack Plus 100g,CAT_017,SUP_010,205.41,61,319
PRD_4022,KitchenPro Dark Chocolate Fresh 500g,CAT_017,SUP_080,58.15,40,145
PRD_4023,PrimePick Chocolate Bar Max 200ml,CAT_017,SUP_197,30.52,92,317
PRD_4024,NutriMax Truffle Pack Premium 2kg,CAT_017,SUP_083,181.98,93,171
PRD_4025,MunchTime Dark Chocolate Fresh 200g,CAT_017,SUP_139,210.06,79,195
PRD_4026,QuickNest Chocolate Bar Classic 1L,CAT_017,SUP_081,162.52,88,99
PRD_4027,PureLeaf Truffle Pack Lite 100g,CAT_017,SUP_160,214.25,48,
PRD_4028,FamilyChoice Chocolate Bar Premium 100g,CAT_017,SUP_161,166.85,47,160
PRD_4029,SmartLife Chocolate Bar Family Pack 100g,CAT_017,SUP_114,121.96,19,358
PRD_4030,QuickNest Dark Chocolate Plus 200g,CAT_017,SUP_053,237.32,25,141
PRD_4031,SwiftCart Truffle Pack Max 250g,CAT_017,SUP_069,82.93,51,102
PRD_4032,ValueMart Truffle Pack Premium 250g,CAT_017,SUP_106,66.31,98,353
PRD_4033,UrbanBasket Dark Chocolate Daily 200ml,CAT_017,SUP_197,42.16,97,287
PRD_4034,SwiftCart Dark Chocolate Family Pack 6pcs,CAT_017,SUP_001,265.6,55,238
PRD_4035,KitchenPro Truffle Pack Daily 250g,CAT_017,SUP_197,24.3,100,131
PRD_4036,HealthySip Chocolate Bar Daily 24pcs,CAT_017,SUP_114,189.73,88,333
PRD_4037,KitchenPro Dark Chocolate Fresh 500g,CAT_017,SUP_132,202.37,79,327
PRD_4038,FamilyChoice Milk Chocolate Fresh 250g,CAT_017,SUP_142,159.62,99,362
PRD_4039,KitchenPro Chocolate Bar Regular 100g,CAT_017,SUP_104,72.09,99,193
PRD_4040,MunchTime Truffle Pack Classic 12pcs,CAT_017,SUP_069,227.13,63,
PRD_4041,GoodStore Truffle Pack Plus 12pcs,CAT_017,SUP_160,92.94,95,282
PRD_4042,MunchTime Milk Chocolate Classic 200ml,CAT_017,SUP_160,52.93,84,243
PRD_4043,CarePlus Wafer Chocolate Fresh 2kg,CAT_017,SUP_023,82.95,19,293
PRD_4044,NutriMax Milk Chocolate Classic 24pcs,CAT_017,SUP_093,268.85,62,351
PRD_4045,PrimePick Truffle Pack Lite 200g,CAT_017,SUP_065,207.02,75,361
PRD_4046,NutriMax Dark Chocolate Lite 1kg,CAT_017,SUP_103,65.96,58,135
PRD_4047,NutriMax Wafer Chocolate Regular 100g,CAT_017,SUP_197,288.53,78,220
PRD_4048,SwiftCart Wafer Chocolate Value Pack 6pcs,CAT_017,SUP_160,108.91,89,263
PRD_4049,PrimePick Truffle Pack Premium 12pcs,CAT_017,SUP_034,85.03,73,110
PRD_4050,UrbanBasket Dark Chocolate Lite 1L,CAT_017,SUP_200,261.58,43,150
PRD_4051,GlowCare Truffle Pack Daily 200ml,CAT_017,SUP_127,125.52,54,
PRD_4052,EliteOne Truffle Pack Value Pack 500ml,CAT_017,SUP_132,208.07,79,211
PRD_4053,ComfortLine Wafer Chocolate Fresh 1L,CAT_017,SUP_139,134.38,74,350
PRD_4054,FreshCo Truffle Pack Lite 250g,CAT_017,SUP_127,47.15,67,159
PRD_4055,DailyDrop Chocolate Bar Family Pack 1L,CAT_017,SUP_080,167.19,25,
PRD_4056,KitchenPro Truffle Pack Daily 12pcs,CAT_017,SUP_157,186.66,45,101
PRD_4057,FamilyChoice Chocolate Bar Lite 750g,CAT_017,SUP_119,66.48,94,283
PRD_4058,PureLeaf Truffle Pack Daily 12pcs,CAT_017,SUP_194,237.45,25,252
PRD_4059,UrbanBasket Truffle Pack Premium 6pcs,CAT_017,SUP_139,253.3,100,292
PRD_4060,MunchTime Chocolate Bar Fresh 6pcs,CAT_017,SUP_194,197.93,86,281
PRD_4061,DailyDrop Wafer Chocolate Max 12pcs,CAT_017,SUP_103,140.33,18,107
PRD_4062,ValueMart Chocolate Bar Fresh 500g,CAT_017,SUP_160,134.24,34,211
PRD_4063,GlowCare Wafer Chocolate Family Pack 200ml,CAT_017,SUP_197,248.65,40,114
PRD_4064,FreshCo Dark Chocolate Max 1L,CAT_017,SUP_169,27.18,73,
PRD_4065,UrbanBasket Wafer Chocolate Premium 1L,CAT_017,SUP_062,49.81,33,359
PRD_4066,HealthySip Wafer Chocolate Fresh 1L,CAT_017,SUP_069,75.9,29,92
PRD_4067,GoodStore Wafer Chocolate Daily 250g,CAT_017,SUP_125,289.27,60,
PRD_4068,FamilyChoice Wafer Chocolate Lite 200ml,CAT_017,SUP_117,290.59,21,223
PRD_4069,FamilyChoice Chocolate Bar Family Pack 1L,CAT_017,SUP_069,202.25,66,218
PRD_4070,GoodStore Milk Chocolate Fresh 1kg,CAT_017,SUP_106,243.74,83,311
PRD_4071,ValueMart Wafer Chocolate Family Pack 6pcs,CAT_017,SUP_133,47.21,94,352
PRD_4072,QuickNest Milk Chocolate Regular 100g,CAT_017,SUP_093,209.56,16,359
PRD_4073,ComfortLine Wafer Chocolate Max 1kg,CAT_017,SUP_125,219.35,75,103
PRD_4074,FreshCo Milk Chocolate Premium 6pcs,CAT_017,SUP_081,195.24,19,281
PRD_4075,GoodStore Chocolate Bar Regular 250g,CAT_017,SUP_133,100.39,19,202
PRD_4076,QuickNest Chocolate Bar Fresh 250g,CAT_017,SUP_160,233.78,50,168
PRD_4077,EliteOne Wafer Chocolate Family Pack 2kg,CAT_017,SUP_117,175.9,36,251
PRD_4078,ComfortLine Chocolate Bar Lite 750g,CAT_017,SUP_062,148.89,90,106
PRD_4079,PrimePick Dark Chocolate Fresh 6pcs,CAT_017,SUP_125,141.09,96,167
PRD_4080,GlowCare Chocolate Bar Family Pack 500g,CAT_017,SUP_197,256.88,64,147
PRD_4081,SwiftCart Truffle Pack Plus 1kg,CAT_017,SUP_081,223.55,95,224
PRD_4082,UrbanBasket Chocolate Bar Regular 6pcs,CAT_017,SUP_065,98.65,24,158
PRD_4083,PureLeaf Truffle Pack Max 12pcs,CAT_017,SUP_065,105.15,97,198
PRD_4084,GlowCare Chocolate Bar Daily 250g,CAT_017,SUP_081,172.25,84,221
PRD_4085,EliteOne Wafer Chocolate Family Pack 500g,CAT_017,SUP_014,42.8,32,
PRD_4086,ComfortLine Truffle Pack Regular 24pcs,CAT_017,SUP_141,175.64,52,237
PRD_4087,FamilyChoice Dark Chocolate Fresh 200g,CAT_017,SUP_157,163.82,58,
PRD_4088,NutriMax Wafer Chocolate Classic 1kg,CAT_017,SUP_041,35.54,82,314
PRD_4089,FamilyChoice Wafer Chocolate Plus 750g,CAT_017,SUP_113,249.38,76,278
PRD_4090,FreshCo Chocolate Bar Regular 1L,CAT_017,SUP_069,69.06,44,335
PRD_4091,QuickNest Chocolate Bar Classic 500g,CAT_017,SUP_083,154.83,47,330
PRD_4092,ComfortLine Chocolate Bar Fresh 200g,CAT_017,SUP_125,158.49,96,364
PRD_4093,SwiftCart Milk Chocolate Daily 200ml,CAT_017,SUP_053,287.63,33,305
PRD_4094,DailyDrop Dark Chocolate Fresh 500g,CAT_017,SUP_157,207.03,56,
PRD_4095,EliteOne Chocolate Bar Value Pack 500g,CAT_017,SUP_127,203.75,18,94
PRD_4096,NutriMax Milk Chocolate Plus 500g,CAT_017,SUP_119,64.9,75,102
PRD_4097,PureLeaf Milk Chocolate Max 750g,CAT_017,SUP_141,202.37,86,204
PRD_4098,PureLeaf Chocolate Bar Premium 500g,CAT_017,SUP_030,41.48,96,
PRD_4099,NutriMax Dark Chocolate Family Pack 1L,CAT_017,SUP_128,158.65,64,231
PRD_4100,FamilyChoice Wafer Chocolate Family Pack 200g,CAT_017,SUP_161,150.23,16,247
PRD_4101,PureLeaf Wafer Chocolate Classic 100g,CAT_017,SUP_156,209.99,45,325
PRD_4102,PrimePick Chocolate Bar Premium 12pcs,CAT_017,SUP_139,154.69,34,
PRD_4103,DailyDrop Milk Chocolate Regular 24pcs,CAT_017,SUP_065,49.88,37,195
PRD_4104,GlowCare Wafer Chocolate Fresh 1L,CAT_017,SUP_010,245.4,75,
PRD_4105,FamilyChoice Truffle Pack Fresh 200ml,CAT_017,SUP_074,103.08,54,217
PRD_4106,PrimePick Truffle Pack Max 24pcs,CAT_017,SUP_106,141.26,21,347
PRD_4107,NutriMax Chocolate Bar Family Pack 250g,CAT_017,SUP_194,273.24,50,134
PRD_4108,GoodStore Truffle Pack Regular 24pcs,CAT_017,SUP_160,194.25,23,176
PRD_4109,PrimePick Dark Chocolate Fresh 1kg,CAT_017,SUP_161,109.6,63,
PRD_4110,DailyDrop Wafer Chocolate Daily 1kg,CAT_017,SUP_194,210.44,64,211
PRD_4111,MunchTime Wafer Chocolate Max 500ml,CAT_017,SUP_169,82.31,89,120
PRD_4112,ValueMart Chocolate Bar Max 250g,CAT_017,SUP_157,68.03,42,313
PRD_4113,FamilyChoice Chocolate Bar Value Pack 1kg,CAT_017,SUP_197,82.56,39,218
PRD_4114,EliteOne Chocolate Bar Regular 2kg,CAT_017,SUP_200,133,88,
PRD_4115,SmartLife Truffle Pack Fresh 250g,CAT_017,SUP_117,175.98,80,
PRD_4116,ComfortLine Chocolate Bar Premium 200g,CAT_017,SUP_004,130.54,19,365
PRD_4117,PureLeaf Wafer Chocolate Lite 100g,CAT_017,SUP_106,271.17,89,151
PRD_4118,DailyDrop Milk Chocolate Value Pack 250g,CAT_017,SUP_133,126.08,46,275
PRD_4119,EliteOne Dark Chocolate Family Pack 6pcs,CAT_017,SUP_170,275.59,52,272
PRD_4120,PrimePick Dark Chocolate Premium 6pcs,CAT_017,SUP_200,222.07,100,336
PRD_4121,UrbanBasket Chocolate Bar Classic 500g,CAT_017,SUP_200,129.03,57,185
PRD_4122,HealthySip Chocolate Bar Fresh 100g,CAT_017,SUP_030,20.75,66,226
PRD_4123,GoodStore Wafer Chocolate Lite 12pcs,CAT_017,SUP_142,177.11,90,
PRD_4124,SmartLife Milk Chocolate Value Pack 750g,CAT_017,SUP_034,132.07,54,
PRD_4125,ComfortLine Truffle Pack Plus 2kg,CAT_017,SUP_032,30.58,41,275
PRD_4126,HealthySip Truffle Pack Max 250g,CAT_017,SUP_004,263.62,83,350
PRD_4127,KitchenPro Dark Chocolate Max 200ml,CAT_017,SUP_139,39.67,22,354
PRD_4128,PrimePick Wafer Chocolate Classic 12pcs,CAT_017,SUP_117,68.98,21,313
PRD_4129,FamilyChoice Chocolate Bar Lite 12pcs,CAT_017,SUP_133,231.42,29,254
PRD_4130,HappyHome Chocolate Bar Fresh 200g,CAT_017,SUP_030,92.01,20,300
PRD_4131,GoodStore Dark Chocolate Premium 24pcs,CAT_017,SUP_117,276.91,95,216
PRD_4132,UrbanBasket Dark Chocolate Family Pack 250g,CAT_017,SUP_008,82.26,89,99
PRD_4133,FreshCo Dark Chocolate Value Pack 6pcs,CAT_017,SUP_156,199.62,81,151
PRD_4134,DailyDrop Milk Chocolate Classic 2kg,CAT_017,SUP_103,209.3,39,
PRD_4135,CarePlus Truffle Pack Value Pack 2kg,CAT_017,SUP_069,163.55,100,267
PRD_4136,HappyHome Dark Chocolate Fresh 12pcs,CAT_017,SUP_179,130.67,24,238
PRD_4137,FreshCo Chocolate Bar Lite 500ml,CAT_017,SUP_053,278.74,43,355
PRD_4138,FamilyChoice Wafer Chocolate Premium 12pcs,CAT_017,SUP_080,28.7,37,139
PRD_4139,ValueMart Wafer Chocolate Lite 24pcs,CAT_017,SUP_049,34.15,18,202
PRD_4140,MunchTime Wafer Chocolate Value Pack 1kg,CAT_017,SUP_133,155.65,99,142
PRD_4141,QuickNest Truffle Pack Lite 200ml,CAT_017,SUP_093,178.61,79,168
PRD_4142,EliteOne Dark Chocolate Regular 100g,CAT_017,SUP_023,151.37,84,224
PRD_4143,UrbanBasket Truffle Pack Max 500ml,CAT_017,SUP_093,24.34,77,154
PRD_4144,CarePlus Truffle Pack Premium 12pcs,CAT_017,SUP_160,20.69,40,261
PRD_4145,GoodStore Milk Chocolate Max 250g,CAT_017,SUP_010,43.98,91,309
PRD_4146,ValueMart Wafer Chocolate Max 200g,CAT_017,SUP_142,94.85,44,261
PRD_4147,HappyHome Dark Chocolate Family Pack 200ml,CAT_017,SUP_125,278.76,52,
PRD_4148,ValueMart Truffle Pack Regular 100g,CAT_017,SUP_065,268.41,77,278
PRD_4149,PrimePick Dark Chocolate Daily 1L,CAT_017,SUP_156,219.47,48,130
PRD_4150,KitchenPro Dark Chocolate Premium 250g,CAT_017,SUP_161,107.13,51,249
PRD_4151,EliteOne Chocolate Bar Value Pack 200g,CAT_017,SUP_132,66.71,32,262
PRD_4152,GoodStore Truffle Pack Family Pack 250g,CAT_017,SUP_081,57.35,47,350
PRD_4153,NutriMax Chocolate Bar Family Pack 12pcs,CAT_017,SUP_125,244.64,88,253
PRD_4154,HappyHome Truffle Pack Fresh 1kg,CAT_017,SUP_119,138.24,54,94
PRD_4155,KitchenPro Chocolate Bar Max 200g,CAT_017,SUP_041,124.24,31,160
PRD_4156,HealthySip Wafer Chocolate Lite 500g,CAT_017,SUP_160,44.91,36,360
PRD_4157,CarePlus Chocolate Bar Daily 100g,CAT_017,SUP_014,29.35,39,142
PRD_4158,QuickNest Chocolate Bar Max 1L,CAT_017,SUP_156,113.73,80,308
PRD_4159,ValueMart Milk Chocolate Daily 200ml,CAT_017,SUP_032,174.57,35,172
PRD_4160,FreshCo Wafer Chocolate Daily 250g,CAT_017,SUP_065,289.79,28,104
PRD_4161,UrbanBasket Wafer Chocolate Classic 250g,CAT_017,SUP_014,168.71,50,354
PRD_4162,ComfortLine Dark Chocolate Fresh 200ml,CAT_017,SUP_069,228.12,91,296
PRD_4163,HappyHome Milk Chocolate Regular 200ml,CAT_017,SUP_117,126.85,23,335
PRD_4164,GoodStore Truffle Pack Family Pack 500ml,CAT_017,SUP_117,129.77,17,108
PRD_4165,FreshCo Dark Chocolate Premium 24pcs,CAT_017,SUP_117,146.11,21,293
PRD_4166,GlowCare Chocolate Bar Classic 12pcs,CAT_017,SUP_113,31.2,60,232
PRD_4167,ValueMart Dark Chocolate Classic 100g,CAT_017,SUP_001,151.75,65,199
PRD_4168,HealthySip Truffle Pack Max 1L,CAT_017,SUP_034,251.36,76,268
PRD_4169,FamilyChoice Truffle Pack Max 1L,CAT_017,SUP_049,297.01,92,95
PRD_4170,NutriMax Dark Chocolate Fresh 6pcs,CAT_017,SUP_049,118.85,45,95
PRD_4171,CarePlus Dark Chocolate Fresh 6pcs,CAT_017,SUP_160,109.23,43,156
PRD_4172,DailyDrop Milk Chocolate Classic 500g,CAT_017,SUP_169,197.54,42,229
PRD_4173,CarePlus Chocolate Bar Premium 2kg,CAT_017,SUP_125,179.46,27,241
PRD_4174,PureLeaf Truffle Pack Max 200g,CAT_017,SUP_170,279.9,30,198
PRD_4175,ValueMart Chocolate Bar Daily 500g,CAT_017,SUP_103,143,35,293
PRD_4176,PrimePick Milk Chocolate Daily 6pcs,CAT_017,SUP_081,123.9,74,
PRD_4177,NutriMax Truffle Pack Classic 6pcs,CAT_017,SUP_103,268.89,20,162
PRD_4178,HappyHome Chocolate Bar Value Pack 200ml,CAT_017,SUP_041,131.76,72,
PRD_4179,HappyHome Truffle Pack Daily 100g,CAT_017,SUP_083,258.36,100,145
PRD_4180,EliteOne Milk Chocolate Max 2kg,CAT_017,SUP_103,227.88,56,279
PRD_4181,EliteOne Dark Chocolate Premium 200ml,CAT_017,SUP_008,283.23,77,237
PRD_4182,PrimePick Milk Chocolate Classic 2kg,CAT_017,SUP_062,145.16,70,99
PRD_4183,PrimePick Dark Chocolate Family Pack 200g,CAT_017,SUP_081,240.11,84,
PRD_4184,MunchTime Milk Chocolate Max 2kg,CAT_017,SUP_080,52.59,44,217
PRD_4185,DailyDrop Dark Chocolate Daily 200g,CAT_017,SUP_142,43.6,69,123
PRD_4186,SwiftCart Milk Chocolate Plus 200g,CAT_017,SUP_160,64.79,36,194
PRD_4187,PrimePick Milk Chocolate Classic 250g,CAT_017,SUP_010,26.24,34,261
PRD_4188,DailyDrop Truffle Pack Lite 200ml,CAT_017,SUP_014,141.39,33,296
PRD_4189,MunchTime Truffle Pack Family Pack 500g,CAT_017,SUP_156,69.98,93,331
PRD_4190,DailyDrop Dark Chocolate Daily 750g,CAT_017,SUP_083,205.56,50,
PRD_4191,GlowCare Wafer Chocolate Family Pack 1kg,CAT_017,SUP_197,182.25,58,291
PRD_4192,ValueMart Milk Chocolate Value Pack 200ml,CAT_017,SUP_034,112.15,100,231
PRD_4193,PrimePick Milk Chocolate Value Pack 24pcs,CAT_017,SUP_065,37.27,99,140
PRD_4194,UrbanBasket Milk Chocolate Classic 750g,CAT_017,SUP_113,156.03,72,360
PRD_4195,FamilyChoice Wafer Chocolate Regular 250g,CAT_017,SUP_106,194.3,69,99
PRD_4196,PureLeaf Truffle Pack Lite 250g,CAT_017,SUP_008,177.27,56,333
PRD_4197,GlowCare Chocolate Bar Classic 250g,CAT_017,SUP_032,124.25,25,207
PRD_4198,NutriMax Dark Chocolate Plus 1kg,CAT_017,SUP_170,96.64,87,328
PRD_4199,HappyHome Milk Chocolate Daily 12pcs,CAT_017,SUP_008,111.11,45,335
PRD_4200,PrimePick Chocolate Bar Daily 24pcs,CAT_017,SUP_069,127.12,38,300
PRD_4201,SwiftCart Milk Chocolate Max 500g,CAT_017,SUP_010,45.39,44,147
PRD_4202,QuickNest Dark Chocolate Plus 500g,CAT_017,SUP_049,99.35,87,211
PRD_4203,PureLeaf Truffle Pack Regular 500ml,CAT_017,SUP_093,190.13,62,221
PRD_4204,PrimePick Chocolate Bar Classic 500g,CAT_017,SUP_001,194.06,15,287
PRD_4205,PrimePick Milk Chocolate Lite 100g,CAT_017,SUP_053,179.33,89,350
PRD_4206,KitchenPro Milk Chocolate Regular 200g,CAT_017,SUP_156,156.66,61,363
PRD_4207,HealthySip Dark Chocolate Fresh 500g,CAT_017,SUP_069,83.6,91,350
PRD_4208,DailyDrop Chocolate Bar Daily 250g,CAT_017,SUP_156,189.81,100,158
PRD_4209,MunchTime Milk Chocolate Premium 12pcs,CAT_017,SUP_161,276.33,70,
PRD_4210,EliteOne Wafer Chocolate Plus 100g,CAT_017,SUP_104,299.43,26,365
PRD_4211,PrimePick Dark Chocolate Fresh 750g,CAT_017,SUP_041,30.76,67,281
PRD_4212,PureLeaf Milk Chocolate Value Pack 1kg,CAT_017,SUP_081,254.25,41,202
PRD_4213,CarePlus Milk Chocolate Value Pack 12pcs,CAT_017,SUP_127,141.02,35,267
PRD_4214,DailyDrop Dark Chocolate Classic 200g,CAT_017,SUP_156,140.24,17,362
PRD_4215,GlowCare Chocolate Bar Daily 200ml,CAT_017,SUP_062,139.6,20,245
PRD_4216,NutriMax Wafer Chocolate Value Pack 2kg,CAT_017,SUP_156,135.78,72,
PRD_4217,NutriMax Milk Chocolate Daily 200ml,CAT_017,SUP_142,255.75,43,240
PRD_4218,NutriMax Chocolate Bar Plus 750g,CAT_017,SUP_065,143.24,24,180
PRD_4219,QuickNest Dark Chocolate Premium 200ml,CAT_017,SUP_117,190.71,43,284
PRD_4220,MunchTime Chocolate Bar Classic 2kg,CAT_017,SUP_010,28.71,25,303
PRD_4221,GoodStore Milk Chocolate Premium 100g,CAT_017,SUP_194,149.5,20,156
PRD_4222,DailyDrop Milk Chocolate Classic 500g,CAT_017,SUP_128,160.56,23,117
PRD_4223,CarePlus Truffle Pack Max 200g,CAT_017,SUP_160,116.14,91,342
PRD_4224,UrbanBasket Chocolate Bar Lite 200ml,CAT_017,SUP_161,108.86,35,279
PRD_4225,DailyDrop Truffle Pack Classic 500ml,CAT_017,SUP_034,117.02,52,292
PRD_4226,NutriMax Milk Chocolate Premium 200ml,CAT_017,SUP_023,221,95,337
PRD_4227,FreshCo Truffle Pack Premium 12pcs,CAT_017,SUP_014,20.3,44,90
PRD_4228,MunchTime Milk Chocolate Family Pack 200g,CAT_017,SUP_194,122.48,22,158
PRD_4229,KitchenPro Milk Chocolate Premium 200ml,CAT_017,SUP_132,29.53,22,364
PRD_4230,MunchTime Milk Chocolate Family Pack 12pcs,CAT_017,SUP_014,191.45,69,125
PRD_4231,DailyDrop Milk Chocolate Regular 750g,CAT_017,SUP_034,270.57,41,166
PRD_4232,HealthySip Chocolate Bar Family Pack 750g,CAT_017,SUP_160,77.25,68,119
PRD_4233,SwiftCart Dark Chocolate Family Pack 12pcs,CAT_017,SUP_178,169.21,27,211
PRD_4234,EliteOne Milk Chocolate Lite 2kg,CAT_017,SUP_049,233.66,85,336
PRD_4235,FamilyChoice Truffle Pack Regular 6pcs,CAT_017,SUP_114,58.86,59,342
PRD_4236,KitchenPro Wafer Chocolate Value Pack 1L,CAT_017,SUP_069,98.86,93,
PRD_4237,HappyHome Milk Chocolate Fresh 200g,CAT_017,SUP_106,233.18,65,365
PRD_4238,HappyHome Chocolate Bar Family Pack 6pcs,CAT_017,SUP_008,269.93,75,243
PRD_4239,ValueMart Wafer Chocolate Max 24pcs,CAT_017,SUP_001,34.96,34,139
PRD_4240,GlowCare Wafer Chocolate Lite 2kg,CAT_017,SUP_103,143.3,100,239
PRD_4241,EliteOne Chocolate Bar Fresh 200g,CAT_017,SUP_132,273.3,80,321
PRD_4242,HealthySip Dark Chocolate Classic 100g,CAT_017,SUP_074,82.7,96,240
PRD_4243,GlowCare Chocolate Bar Plus 2kg,CAT_017,SUP_141,91.13,23,224
PRD_4244,PureLeaf Chocolate Bar Daily 6pcs,CAT_017,SUP_178,206.02,79,91
PRD_4245,SwiftCart Milk Chocolate Max 100g,CAT_017,SUP_032,141.2,46,332
PRD_4246,MunchTime Wafer Chocolate Value Pack 200g,CAT_017,SUP_127,26.47,34,178
PRD_4247,QuickNest Milk Chocolate Family Pack 1L,CAT_017,SUP_197,287.19,22,
PRD_4248,UrbanBasket Truffle Pack Daily 12pcs,CAT_017,SUP_004,152.56,46,97
PRD_4249,EliteOne Chocolate Bar Regular 100g,CAT_017,SUP_132,162.49,30,195
PRD_4250,PureLeaf Milk Chocolate Lite 24pcs,CAT_017,SUP_127,59.92,32,124
PRD_4251,ComfortLine Chocolate Bar Fresh 1L,CAT_017,SUP_127,188.59,29,142
PRD_4252,SmartLife Truffle Pack Daily 6pcs,CAT_017,SUP_069,199.18,80,331
PRD_4253,ComfortLine Pet Treats Max 500ml,CAT_018,SUP_186,79.05,46,540
PRD_4254,UrbanBasket Cat Food Max 500g,CAT_018,SUP_039,1421.07,43,422
PRD_4255,SwiftCart Pet Treats Plus 2kg,CAT_018,SUP_115,697.33,12,708
PRD_4256,SmartLife Litter Pack Plus 200g,CAT_018,SUP_035,1265.17,55,291
PRD_4257,PrimePick Dog Food Max 500g,CAT_018,SUP_142,1336.65,70,324
PRD_4258,HealthySip Dog Food Daily 200ml,CAT_018,SUP_117,784.17,35,197
PRD_4259,CarePlus Cat Food Regular 250g,CAT_018,SUP_187,1297.22,36,685
PRD_4260,HappyHome Cat Food Fresh 12pcs,CAT_018,SUP_086,1285.16,21,707
PRD_4261,ComfortLine Litter Pack Daily 750g,CAT_018,SUP_126,1315.13,29,462
PRD_4262,ComfortLine Dog Food Classic 200ml,CAT_018,SUP_031,1422.68,39,
PRD_4263,ValueMart Pet Shampoo Lite 2kg,CAT_018,SUP_058,315.33,63,605
PRD_4264,MunchTime Cat Food Fresh 100g,CAT_018,SUP_130,66.3,24,
PRD_4265,ValueMart Litter Pack Premium 200g,CAT_018,SUP_071,1210.94,69,258
PRD_4266,ValueMart Dog Food Classic 6pcs,CAT_018,SUP_186,1186.13,48,635
PRD_4267,SwiftCart Pet Shampoo Premium 500ml,CAT_018,SUP_121,909.28,64,413
PRD_4268,ComfortLine Pet Shampoo Fresh 1L,CAT_018,SUP_115,677.55,56,414
PRD_4269,EliteOne Litter Pack Lite 200ml,CAT_018,SUP_128,595.4,24,217
PRD_4270,MunchTime Dog Food Fresh 100g,CAT_018,SUP_073,664.33,57,
PRD_4271,SmartLife Litter Pack Fresh 6pcs,CAT_018,SUP_058,563.26,35,477
PRD_4272,GoodStore Dog Food Value Pack 2kg,CAT_018,SUP_038,685.27,37,647
PRD_4273,PrimePick Litter Pack Premium 250g,CAT_018,SUP_088,708.18,55,464
PRD_4274,FamilyChoice Pet Shampoo Family Pack 500ml,CAT_018,SUP_126,1079.54,27,
PRD_4275,FamilyChoice Pet Treats Max 1kg,CAT_018,SUP_024,612.19,68,
PRD_4276,ValueMart Litter Pack Classic 100g,CAT_018,SUP_063,608.05,31,237
PRD_4277,DailyDrop Litter Pack Max 2kg,CAT_018,SUP_099,466.55,33,496
PRD_4278,UrbanBasket Pet Treats Family Pack 250g,CAT_018,SUP_035,123.93,45,466
PRD_4279,UrbanBasket Litter Pack Daily 750g,CAT_018,SUP_018,645.91,28,637
PRD_4280,UrbanBasket Dog Food Fresh 250g,CAT_018,SUP_001,999.64,70,329
PRD_4281,QuickNest Litter Pack Lite 24pcs,CAT_018,SUP_115,973.15,32,
PRD_4282,GoodStore Pet Treats Lite 500ml,CAT_018,SUP_130,1115.55,32,327
PRD_4283,EliteOne Pet Treats Max 6pcs,CAT_018,SUP_086,706,49,300
PRD_4284,QuickNest Dog Food Daily 100g,CAT_018,SUP_154,1457.6,17,709
PRD_4285,SwiftCart Cat Food Premium 750g,CAT_018,SUP_147,1262.12,36,322
PRD_4286,KitchenPro Litter Pack Regular 200g,CAT_018,SUP_187,909.96,14,
PRD_4287,HealthySip Dog Food Family Pack 500ml,CAT_018,SUP_181,896.79,16,476
PRD_4288,SmartLife Pet Treats Fresh 6pcs,CAT_018,SUP_149,634.04,35,409
PRD_4289,PureLeaf Cat Food Plus 12pcs,CAT_018,SUP_154,164.78,50,
PRD_4290,MunchTime Dog Food Plus 1L,CAT_018,SUP_181,658.92,33,442
PRD_4291,DailyDrop Pet Shampoo Plus 1L,CAT_018,SUP_140,895.95,44,557
PRD_4292,ComfortLine Pet Shampoo Plus 2kg,CAT_018,SUP_151,478.84,12,514
PRD_4293,QuickNest Cat Food Plus 1L,CAT_018,SUP_058,1158.05,42,487
PRD_4294,MunchTime Pet Shampoo Value Pack 500ml,CAT_018,SUP_075,1060.5,38,631
PRD_4295,MunchTime Dog Food Lite 100g,CAT_018,SUP_149,1045.29,38,408
PRD_4296,SwiftCart Pet Shampoo Lite 2kg,CAT_018,SUP_131,706.53,69,
PRD_4297,EliteOne Pet Shampoo Family Pack 24pcs,CAT_018,SUP_186,1470.36,27,
PRD_4298,QuickNest Pet Treats Fresh 500ml,CAT_018,SUP_184,974.16,24,498
PRD_4299,FamilyChoice Dog Food Family Pack 1L,CAT_018,SUP_117,1399.81,29,216
PRD_4300,GlowCare Litter Pack Fresh 500ml,CAT_018,SUP_124,202.38,31,568
PRD_4301,DailyDrop Litter Pack Lite 2kg,CAT_018,SUP_063,382.41,12,388
PRD_4302,HealthySip Pet Treats Fresh 250g,CAT_018,SUP_088,757.27,33,544
PRD_4303,EliteOne Litter Pack Plus 200g,CAT_018,SUP_058,661.16,65,258
PRD_4304,UrbanBasket Litter Pack Value Pack 200g,CAT_018,SUP_031,1300.95,38,211
PRD_4305,SwiftCart Cat Food Family Pack 1L,CAT_018,SUP_154,459.67,18,423
PRD_4306,ValueMart Litter Pack Plus 500g,CAT_018,SUP_040,1479.78,13,371
PRD_4307,HappyHome Cat Food Plus 200ml,CAT_018,SUP_024,670.12,23,256
PRD_4308,ValueMart Pet Shampoo Classic 500g,CAT_018,SUP_063,1311.85,61,346
PRD_4309,GoodStore Pet Shampoo Premium 500ml,CAT_018,SUP_018,176.91,34,723
PRD_4310,FreshCo Pet Shampoo Regular 250g,CAT_018,SUP_117,544.37,67,274
PRD_4311,HealthySip Pet Shampoo Value Pack 250g,CAT_018,SUP_128,106.25,32,512
PRD_4312,SwiftCart Litter Pack Regular 2kg,CAT_018,SUP_089,1048.38,25,611
PRD_4313,HappyHome Dog Food Value Pack 12pcs,CAT_018,SUP_117,638.35,61,399
PRD_4314,EliteOne Dog Food Plus 2kg,CAT_018,SUP_031,1497.93,24,495
PRD_4315,HealthySip Pet Treats Premium 12pcs,CAT_018,SUP_062,1072.27,61,335
PRD_4316,PrimePick Litter Pack Value Pack 12pcs,CAT_018,SUP_115,512.85,69,644
PRD_4317,EliteOne Litter Pack Fresh 24pcs,CAT_018,SUP_186,928.92,37,194
PRD_4318,GoodStore Dog Food Classic 500ml,CAT_018,SUP_018,863.01,20,235
PRD_4319,GoodStore Pet Treats Premium 250g,CAT_018,SUP_117,298.37,44,405
PRD_4320,MunchTime Dog Food Plus 750g,CAT_018,SUP_077,554.54,19,401
PRD_4321,CarePlus Dog Food Daily 1kg,CAT_018,SUP_181,1156,38,685
PRD_4322,GlowCare Pet Treats Fresh 750g,CAT_018,SUP_187,1414.06,32,357
PRD_4323,GoodStore Litter Pack Family Pack 1L,CAT_018,SUP_140,1210.38,52,317
PRD_4324,GlowCare Litter Pack Daily 12pcs,CAT_018,SUP_149,560.59,39,486
PRD_4325,SmartLife Pet Treats Plus 500ml,CAT_018,SUP_126,633.98,23,457
PRD_4326,UrbanBasket Pet Shampoo Regular 1kg,CAT_018,SUP_039,1499.04,10,676
PRD_4327,PureLeaf Pet Shampoo Classic 24pcs,CAT_018,SUP_128,1333.68,69,215
PRD_4328,ComfortLine Dog Food Daily 250g,CAT_018,SUP_182,1326.74,31,
PRD_4329,DailyDrop Cat Food Max 6pcs,CAT_018,SUP_190,217.34,63,429
PRD_4330,GlowCare Cat Food Classic 12pcs,CAT_018,SUP_154,548.99,48,458
PRD_4331,UrbanBasket Dog Food Premium 200ml,CAT_018,SUP_187,120.54,11,373
PRD_4332,CarePlus Dog Food Fresh 1L,CAT_018,SUP_179,1290.94,60,289
PRD_4333,GlowCare Litter Pack Plus 500g,CAT_018,SUP_099,963.89,48,
PRD_4334,KitchenPro Cat Food Lite 12pcs,CAT_018,SUP_040,1081.43,58,407
PRD_4335,EliteOne Litter Pack Regular 750g,CAT_018,SUP_190,1080.56,25,675
PRD_4336,DailyDrop Litter Pack Max 2kg,CAT_018,SUP_024,1217.79,59,557
PRD_4337,FreshCo Dog Food Daily 1L,CAT_018,SUP_038,544.81,52,683
PRD_4338,SmartLife Cat Food Daily 500ml,CAT_018,SUP_063,859.93,58,711
PRD_4339,DailyDrop Cat Food Plus 750g,CAT_018,SUP_035,231.94,54,213
PRD_4340,GoodStore Pet Shampoo Plus 1L,CAT_018,SUP_187,564.15,60,669
PRD_4341,KitchenPro Pet Treats Regular 100g,CAT_018,SUP_147,1365.01,59,602
PRD_4342,QuickNest Pet Treats Classic 250g,CAT_018,SUP_147,915.51,33,
PRD_4343,PureLeaf Pet Shampoo Regular 2kg,CAT_018,SUP_001,1259.17,45,506
PRD_4344,PureLeaf Pet Treats Classic 500ml,CAT_018,SUP_126,1226.5,56,191
PRD_4345,SmartLife Pet Treats Regular 24pcs,CAT_018,SUP_124,708.9,59,387
PRD_4346,FamilyChoice Cat Food Daily 24pcs,CAT_018,SUP_058,121.92,13,441
PRD_4347,PrimePick Pet Treats Regular 500g,CAT_018,SUP_063,1305.87,48,362
PRD_4348,GlowCare Pet Treats Lite 24pcs,CAT_018,SUP_186,1102.76,54,423
PRD_4349,KitchenPro Cat Food Value Pack 1kg,CAT_018,SUP_119,1037.95,64,572
PRD_4350,GlowCare Dog Food Regular 6pcs,CAT_018,SUP_115,873.33,59,251
PRD_4351,NutriMax Litter Pack Classic 500g,CAT_018,SUP_024,516.32,30,284
PRD_4352,ValueMart Pet Treats Premium 250g,CAT_018,SUP_181,425.32,67,553
PRD_4353,SmartLife Cat Food Max 250g,CAT_018,SUP_187,126.95,52,221
PRD_4354,HealthySip Pet Treats Plus 750g,CAT_018,SUP_184,65.66,53,618
PRD_4355,ComfortLine Pet Shampoo Plus 200g,CAT_018,SUP_058,204.33,30,237
PRD_4356,UrbanBasket Dog Food Value Pack 250g,CAT_018,SUP_097,809.56,26,427
PRD_4357,UrbanBasket Dog Food Fresh 1kg,CAT_018,SUP_063,587.51,69,592
PRD_4358,FamilyChoice Litter Pack Plus 6pcs,CAT_018,SUP_119,1381.09,61,553
PRD_4359,GoodStore Dog Food Premium 100g,CAT_018,SUP_069,1227.87,37,721
PRD_4360,FamilyChoice Litter Pack Max 2kg,CAT_018,SUP_097,93.53,48,530
PRD_4361,GoodStore Pet Treats Family Pack 250g,CAT_018,SUP_166,1125.41,59,674
PRD_4362,EliteOne Cat Food Regular 1L,CAT_018,SUP_088,411.69,23,242
PRD_4363,QuickNest Dog Food Lite 200ml,CAT_018,SUP_097,1302.8,36,603
PRD_4364,QuickNest Pet Treats Plus 250g,CAT_018,SUP_031,740.84,54,329
PRD_4365,SwiftCart Cat Food Classic 250g,CAT_018,SUP_107,544.07,58,
PRD_4366,QuickNest Litter Pack Max 500g,CAT_018,SUP_049,1152.83,20,420
PRD_4367,KitchenPro Cat Food Daily 1kg,CAT_018,SUP_183,1069.01,15,195
PRD_4368,GoodStore Pet Treats Max 100g,CAT_018,SUP_149,246.12,18,286
PRD_4369,ValueMart Pet Shampoo Value Pack 1kg,CAT_018,SUP_073,138.89,36,448
PRD_4370,SmartLife Cat Food Premium 250g,CAT_018,SUP_086,1343.42,18,
PRD_4371,CarePlus Litter Pack Regular 500ml,CAT_018,SUP_063,1410.36,40,
PRD_4372,QuickNest Pet Shampoo Classic 100g,CAT_018,SUP_182,186.34,44,569
PRD_4373,QuickNest Pet Treats Regular 750g,CAT_018,SUP_142,1291.94,51,396
PRD_4374,PureLeaf Pet Treats Lite 12pcs,CAT_018,SUP_070,581.61,31,395
PRD_4375,SwiftCart Dog Food Family Pack 250g,CAT_018,SUP_075,1397.48,63,594
PRD_4376,SmartLife Pet Treats Fresh 24pcs,CAT_018,SUP_138,482.43,42,716
PRD_4377,ComfortLine Pet Treats Premium 12pcs,CAT_018,SUP_088,153.88,40,621
PRD_4378,GlowCare Pet Treats Family Pack 24pcs,CAT_018,SUP_121,226.4,22,645
PRD_4379,ValueMart Pet Shampoo Lite 200ml,CAT_018,SUP_058,759.22,45,591
PRD_4380,GoodStore Cat Food Plus 500ml,CAT_018,SUP_182,662.45,27,315
PRD_4381,UrbanBasket Cat Food Regular 200ml,CAT_018,SUP_097,1371.48,64,427
PRD_4382,GoodStore Dog Food Premium 100g,CAT_018,SUP_115,1333.94,10,560
PRD_4383,CarePlus Pet Treats Value Pack 100g,CAT_018,SUP_049,1293.28,66,655
PRD_4384,DailyDrop Cat Food Daily 2kg,CAT_018,SUP_147,753.65,26,211
PRD_4385,PureLeaf Cat Food Fresh 12pcs,CAT_018,SUP_073,1244.33,49,363
PRD_4386,QuickNest Cat Food Family Pack 1L,CAT_018,SUP_049,1335.15,55,
PRD_4387,SmartLife Cat Food Classic 100g,CAT_018,SUP_140,204.24,48,599
PRD_4388,FamilyChoice Dog Food Plus 200g,CAT_018,SUP_088,1036.84,59,558
PRD_4389,FamilyChoice Pet Treats Fresh 750g,CAT_018,SUP_031,423.08,28,417
PRD_4390,NutriMax Pet Treats Value Pack 250g,CAT_018,SUP_063,781.35,25,680
PRD_4391,NutriMax Pet Shampoo Value Pack 750g,CAT_018,SUP_187,936.51,40,445
PRD_4392,GoodStore Dog Food Fresh 500g,CAT_018,SUP_190,716.53,50,415
PRD_4393,HealthySip Dog Food Daily 1L,CAT_018,SUP_107,835.44,69,493
PRD_4394,GoodStore Pet Treats Classic 200g,CAT_018,SUP_089,1205,54,559
PRD_4395,CarePlus Pet Shampoo Daily 6pcs,CAT_018,SUP_128,571.69,60,599
PRD_4396,GoodStore Cat Food Fresh 200ml,CAT_018,SUP_073,1259.6,60,688
PRD_4397,GoodStore Pet Shampoo Plus 12pcs,CAT_018,SUP_138,101.02,22,436
PRD_4398,EliteOne Litter Pack Daily 2kg,CAT_018,SUP_077,1488.84,57,193
PRD_4399,PrimePick Litter Pack Daily 24pcs,CAT_018,SUP_119,308.13,68,516
PRD_4400,PureLeaf Pet Shampoo Daily 200ml,CAT_018,SUP_140,893.35,49,597
PRD_4401,HealthySip Cat Food Value Pack 200g,CAT_018,SUP_088,400.99,18,529
PRD_4402,QuickNest Cat Food Family Pack 2kg,CAT_018,SUP_030,450.5,38,
PRD_4403,ComfortLine Dog Food Plus 500ml,CAT_018,SUP_097,144.67,34,572
PRD_4404,ValueMart Pet Shampoo Lite 750g,CAT_018,SUP_107,533.54,53,589
PRD_4405,CarePlus Litter Pack Max 1L,CAT_018,SUP_131,462.62,25,511
PRD_4406,CarePlus Litter Pack Daily 500g,CAT_018,SUP_147,1305.26,29,208
PRD_4407,PrimePick Dog Food Fresh 200g,CAT_018,SUP_001,728.54,29,
PRD_4408,GlowCare Dog Food Daily 250g,CAT_018,SUP_107,1358,39,
PRD_4409,FamilyChoice Cat Food Classic 500ml,CAT_018,SUP_097,1477.63,19,434
PRD_4410,GoodStore Litter Pack Lite 500g,CAT_018,SUP_075,1012.01,39,687
PRD_4411,DailyDrop Dog Food Classic 200g,CAT_018,SUP_181,915.95,65,586
PRD_4412,ValueMart Cat Food Classic 100g,CAT_018,SUP_031,428.47,43,
PRD_4413,GlowCare Litter Pack Plus 200ml,CAT_018,SUP_035,1052.97,57,276
PRD_4414,DailyDrop Dog Food Fresh 100g,CAT_018,SUP_186,998.97,11,
PRD_4415,GoodStore Litter Pack Max 24pcs,CAT_018,SUP_097,423.95,13,685
PRD_4416,SwiftCart Pet Treats Fresh 100g,CAT_018,SUP_166,1305.11,12,359
PRD_4417,HappyHome Pet Shampoo Plus 1kg,CAT_018,SUP_147,879.98,62,466
PRD_4418,SmartLife Dog Food Family Pack 100g,CAT_018,SUP_149,869.06,10,441
PRD_4419,PureLeaf Pet Shampoo Family Pack 6pcs,CAT_018,SUP_089,247.16,48,360
PRD_4420,EliteOne Dog Food Classic 500ml,CAT_018,SUP_147,1066.4,27,
PRD_4421,QuickNest Pet Treats Fresh 2kg,CAT_018,SUP_089,1219.56,22,645
PRD_4422,HappyHome Cat Food Value Pack 1kg,CAT_018,SUP_071,1325.66,34,436
PRD_4423,PureLeaf Litter Pack Premium 6pcs,CAT_018,SUP_030,115.16,30,194
PRD_4424,HappyHome Dog Food Classic 12pcs,CAT_018,SUP_130,121.61,57,666
PRD_4425,ValueMart Pet Treats Regular 100g,CAT_018,SUP_117,224.58,13,567
PRD_4426,EliteOne Pet Shampoo Max 2kg,CAT_018,SUP_031,1146.44,42,634
PRD_4427,FreshCo Pet Shampoo Classic 12pcs,CAT_018,SUP_187,1407.65,25,489
PRD_4428,GlowCare Pet Treats Value Pack 2kg,CAT_018,SUP_166,1268.34,15,245
PRD_4429,FreshCo Dog Food Plus 6pcs,CAT_018,SUP_190,793.31,54,458
PRD_4430,UrbanBasket Pet Shampoo Premium 12pcs,CAT_018,SUP_097,220.99,54,350
PRD_4431,SmartLife Cat Food Max 100g,CAT_018,SUP_151,418.12,48,324
PRD_4432,SwiftCart Pet Shampoo Daily 2kg,CAT_018,SUP_039,1077.62,36,687
PRD_4433,ComfortLine Pet Shampoo Classic 200ml,CAT_018,SUP_077,91.91,14,477
PRD_4434,FreshCo Litter Pack Fresh 1kg,CAT_018,SUP_179,404.86,57,646
PRD_4435,KitchenPro Cat Food Fresh 2kg,CAT_018,SUP_070,1480.99,19,696
PRD_4436,GoodStore Pet Shampoo Plus 250g,CAT_018,SUP_151,121.17,62,
PRD_4437,EliteOne Litter Pack Plus 1L,CAT_018,SUP_131,613.13,32,497
PRD_4438,ComfortLine Pet Treats Classic 200ml,CAT_018,SUP_077,499.57,58,455
PRD_4439,GoodStore Cat Food Fresh 2kg,CAT_018,SUP_149,1074.34,53,408
PRD_4440,EliteOne Litter Pack Max 200g,CAT_018,SUP_077,1313.97,42,355
PRD_4441,ComfortLine Pet Treats Regular 200g,CAT_018,SUP_058,678.99,53,508
PRD_4442,EliteOne Pet Shampoo Lite 2kg,CAT_018,SUP_190,1238.23,26,535
PRD_4443,UrbanBasket Pet Treats Max 1L,CAT_018,SUP_035,1488.48,16,374
PRD_4444,ComfortLine Dog Food Lite 500g,CAT_018,SUP_058,707.4,41,702
PRD_4445,PrimePick Dog Food Regular 2kg,CAT_018,SUP_130,746.59,35,375
PRD_4446,EliteOne Litter Pack Lite 500ml,CAT_018,SUP_035,1183.48,37,529
PRD_4447,SmartLife Dog Food Fresh 200g,CAT_018,SUP_024,460.06,55,395
PRD_4448,NutriMax Litter Pack Premium 250g,CAT_018,SUP_147,1350.03,47,720
PRD_4449,NutriMax Pet Treats Fresh 1kg,CAT_018,SUP_099,1105.4,38,663
PRD_4450,MunchTime Dog Food Max 200ml,CAT_018,SUP_142,1071.31,15,558
PRD_4451,PrimePick Dog Food Value Pack 200ml,CAT_018,SUP_035,492.28,55,434
PRD_4452,ValueMart Litter Pack Premium 24pcs,CAT_018,SUP_040,685.05,61,443
PRD_4453,GoodStore Litter Pack Value Pack 250g,CAT_018,SUP_166,1235.69,22,603
PRD_4454,EliteOne Litter Pack Lite 2kg,CAT_018,SUP_187,553.73,40,279
PRD_4455,ValueMart Pet Shampoo Lite 250g,CAT_018,SUP_115,193.09,61,654
PRD_4456,PureLeaf Pet Treats Daily 500ml,CAT_018,SUP_031,688.35,32,362
PRD_4457,DailyDrop Pet Treats Value Pack 24pcs,CAT_018,SUP_183,1237.8,46,269
PRD_4458,QuickNest Pet Shampoo Premium 250g,CAT_018,SUP_149,408.82,55,713
PRD_4459,SmartLife Pet Shampoo Max 1kg,CAT_018,SUP_030,120.7,67,721
PRD_4460,KitchenPro Pet Shampoo Fresh 24pcs,CAT_018,SUP_184,1213.74,51,581
PRD_4461,EliteOne Dog Food Lite 250g,CAT_018,SUP_190,1384.12,48,698
PRD_4462,FreshCo Pet Treats Daily 12pcs,CAT_018,SUP_058,973,55,
PRD_4463,UrbanBasket Dog Food Plus 6pcs,CAT_018,SUP_124,436.02,49,253
PRD_4464,KitchenPro Pet Shampoo Classic 750g,CAT_018,SUP_130,914.86,47,
PRD_4465,HappyHome Cat Food Value Pack 250g,CAT_018,SUP_069,1025.76,57,
PRD_4466,FamilyChoice Cat Food Fresh 250g,CAT_018,SUP_138,961.53,24,313
PRD_4467,QuickNest Pet Shampoo Classic 100g,CAT_018,SUP_166,512.51,17,
PRD_4468,FamilyChoice Pet Treats Fresh 6pcs,CAT_018,SUP_181,585.61,56,467
PRD_4469,QuickNest Cat Food Max 12pcs,CAT_018,SUP_121,1433.95,61,642
PRD_4470,PrimePick Dog Food Premium 2kg,CAT_018,SUP_035,1197.95,33,347
PRD_4471,NutriMax Litter Pack Max 100g,CAT_018,SUP_031,872.65,20,249
PRD_4472,NutriMax Dog Food Classic 500ml,CAT_018,SUP_166,453.14,34,436
PRD_4473,EliteOne Dog Food Classic 1kg,CAT_018,SUP_138,81.36,41,320
PRD_4474,MunchTime Cat Food Premium 24pcs,CAT_018,SUP_086,901.84,65,331
PRD_4475,PureLeaf Dog Food Plus 250g,CAT_018,SUP_166,926.86,33,458
PRD_4476,NutriMax Dog Food Max 500g,CAT_018,SUP_119,1106.31,30,721
PRD_4477,PrimePick Litter Pack Classic 500g,CAT_018,SUP_030,1091.57,25,246
PRD_4478,UrbanBasket Pet Treats Plus 24pcs,CAT_018,SUP_039,742.79,67,458
PRD_4479,FreshCo Pet Shampoo Max 100g,CAT_018,SUP_063,1408.95,10,578
PRD_4480,FamilyChoice Dog Food Value Pack 1L,CAT_018,SUP_149,455.96,43,365
PRD_4481,SmartLife Pet Shampoo Lite 500g,CAT_018,SUP_126,1067.99,13,686
PRD_4482,MunchTime Litter Pack Daily 2kg,CAT_018,SUP_149,1283.52,42,468
PRD_4483,HappyHome Litter Pack Regular 2kg,CAT_018,SUP_184,1440.61,10,681
PRD_4484,QuickNest Litter Pack Max 750g,CAT_018,SUP_062,988.1,36,642
PRD_4485,KitchenPro Dog Food Premium 12pcs,CAT_018,SUP_138,699.45,34,328
PRD_4486,PrimePick Litter Pack Family Pack 200ml,CAT_018,SUP_038,485.97,12,631
PRD_4487,UrbanBasket Litter Pack Premium 500g,CAT_018,SUP_030,1349.84,37,442
PRD_4488,PureLeaf Pet Shampoo Lite 100g,CAT_018,SUP_154,235.13,33,
PRD_4489,ComfortLine Litter Pack Family Pack 2kg,CAT_018,SUP_182,1438.54,28,487
PRD_4490,UrbanBasket Cat Food Value Pack 200ml,CAT_018,SUP_107,748.14,46,555
PRD_4491,MunchTime Pet Shampoo Fresh 750g,CAT_018,SUP_179,75.88,21,254
PRD_4492,PureLeaf Cat Food Plus 250g,CAT_018,SUP_077,352.54,57,241
PRD_4493,GlowCare Dog Food Fresh 750g,CAT_018,SUP_187,1377.5,53,366
PRD_4494,KitchenPro Dog Food Family Pack 200ml,CAT_018,SUP_039,1318.64,57,447
PRD_4495,CarePlus Litter Pack Value Pack 12pcs,CAT_018,SUP_038,409.76,70,266
PRD_4496,FamilyChoice Tape Roll Fresh 500g,CAT_019,SUP_026,165.87,71,1776
PRD_4497,PureLeaf Pen Pack Family Pack 24pcs,CAT_019,SUP_004,60.18,22,1302
PRD_4498,SmartLife Folder Lite 2kg,CAT_019,SUP_102,230.72,87,804
PRD_4499,PureLeaf Notebook Classic 1kg,CAT_019,SUP_040,429.76,64,1662
PRD_4500,QuickNest Stapler Classic 12pcs,CAT_019,SUP_037,348.02,90,
PRD_4501,MunchTime Marker Set Regular 1L,CAT_019,SUP_135,346.18,22,1002
PRD_4502,NutriMax Notebook Lite 2kg,CAT_019,SUP_127,195.86,78,1744
PRD_4503,ValueMart Tape Roll Classic 12pcs,CAT_019,SUP_192,263.77,40,1590
PRD_4504,GoodStore Notebook Regular 1kg,CAT_019,SUP_122,247.33,85,652
PRD_4505,HealthySip Notebook Value Pack 6pcs,CAT_019,SUP_059,102.07,61,467
PRD_4506,ComfortLine Notebook Family Pack 200g,CAT_019,SUP_122,94.96,68,
PRD_4507,SwiftCart Notebook Fresh 200ml,CAT_019,SUP_004,170.38,57,1993
PRD_4508,ComfortLine Notebook Classic 6pcs,CAT_019,SUP_099,19.67,44,1953
PRD_4509,SmartLife Marker Set Max 12pcs,CAT_019,SUP_018,417.79,77,1634
PRD_4510,DailyDrop Stapler Lite 6pcs,CAT_019,SUP_170,342.45,61,1740
PRD_4511,FreshCo Folder Daily 2kg,CAT_019,SUP_117,186.46,85,711
PRD_4512,PureLeaf Pen Pack Premium 750g,CAT_019,SUP_018,87.34,36,1987
PRD_4513,FreshCo Pen Pack Lite 200g,CAT_019,SUP_167,298.67,68,556
PRD_4514,PureLeaf Stapler Daily 24pcs,CAT_019,SUP_135,398.61,53,1739
PRD_4515,FreshCo Notebook Plus 250g,CAT_019,SUP_112,216.86,58,
PRD_4516,DailyDrop Folder Regular 200g,CAT_019,SUP_181,378.38,75,971
PRD_4517,HappyHome Marker Set Lite 12pcs,CAT_019,SUP_135,199.71,13,
PRD_4518,EliteOne Folder Max 750g,CAT_019,SUP_125,87.48,75,562
PRD_4519,PureLeaf Tape Roll Max 100g,CAT_019,SUP_085,23.88,38,1473
PRD_4520,HealthySip Notebook Max 200g,CAT_019,SUP_074,144.77,81,587
PRD_4521,PrimePick Pen Pack Daily 200ml,CAT_019,SUP_021,270.76,17,1634
PRD_4522,NutriMax Notebook Daily 12pcs,CAT_019,SUP_018,201.95,37,835
PRD_4523,FreshCo Marker Set Premium 500g,CAT_019,SUP_012,145.09,78,1333
PRD_4524,GlowCare Notebook Daily 750g,CAT_019,SUP_127,389.61,13,1271
PRD_4525,FreshCo Marker Set Daily 500g,CAT_019,SUP_181,86.24,73,
PRD_4526,QuickNest Notebook Lite 1kg,CAT_019,SUP_106,208.88,16,724
PRD_4527,KitchenPro Pen Pack Fresh 100g,CAT_019,SUP_196,484.03,73,1619
PRD_4528,SmartLife Folder Premium 200g,CAT_019,SUP_102,279.19,31,1285
PRD_4529,ComfortLine Marker Set Family Pack 200g,CAT_019,SUP_139,275.08,48,1265
PRD_4530,ComfortLine Marker Set Lite 1L,CAT_019,SUP_102,362.79,76,532
PRD_4531,NutriMax Marker Set Family Pack 24pcs,CAT_019,SUP_117,464.7,78,971
PRD_4532,EliteOne Folder Lite 1kg,CAT_019,SUP_106,489.83,52,1901
PRD_4533,GlowCare Marker Set Classic 200g,CAT_019,SUP_012,171.28,88,
PRD_4534,HealthySip Stapler Daily 1L,CAT_019,SUP_060,425.33,18,1389
PRD_4535,FreshCo Folder Daily 2kg,CAT_019,SUP_168,315.9,32,1495
PRD_4536,DailyDrop Tape Roll Fresh 200g,CAT_019,SUP_004,455.88,11,762
PRD_4537,MunchTime Folder Value Pack 200ml,CAT_019,SUP_106,171.21,72,
PRD_4538,CarePlus Folder Fresh 200ml,CAT_019,SUP_152,341.12,84,498
PRD_4539,PrimePick Folder Family Pack 12pcs,CAT_019,SUP_186,39.62,75,844
PRD_4540,EliteOne Pen Pack Value Pack 750g,CAT_019,SUP_137,194.6,76,990
PRD_4541,NutriMax Folder Classic 500g,CAT_019,SUP_060,256.18,10,1304
PRD_4542,HealthySip Stapler Plus 200ml,CAT_019,SUP_112,276.51,36,850
PRD_4543,PureLeaf Pen Pack Classic 1kg,CAT_019,SUP_127,276.34,21,431
PRD_4544,NutriMax Pen Pack Premium 100g,CAT_019,SUP_068,378.7,75,1678
PRD_4545,GlowCare Pen Pack Value Pack 1kg,CAT_019,SUP_098,324.86,48,1303
PRD_4546,ValueMart Stapler Premium 750g,CAT_019,SUP_020,232.12,12,1306
PRD_4547,QuickNest Tape Roll Daily 250g,CAT_019,SUP_012,56.81,90,1884
PRD_4548,ValueMart Folder Daily 6pcs,CAT_019,SUP_061,342.6,83,737
PRD_4549,CarePlus Pen Pack Family Pack 24pcs,CAT_019,SUP_026,63.01,49,
PRD_4550,SwiftCart Marker Set Classic 200g,CAT_019,SUP_024,328.68,19,1312
PRD_4551,EliteOne Notebook Plus 100g,CAT_019,SUP_018,377.27,64,1306
PRD_4552,NutriMax Notebook Classic 500g,CAT_019,SUP_125,407.3,35,775
PRD_4553,GoodStore Tape Roll Fresh 2kg,CAT_019,SUP_129,286.58,35,817
PRD_4554,FreshCo Pen Pack Premium 250g,CAT_019,SUP_191,112.08,82,
PRD_4555,GlowCare Stapler Family Pack 200ml,CAT_019,SUP_098,465.98,27,1903
PRD_4556,FreshCo Tape Roll Regular 750g,CAT_019,SUP_020,488.85,16,1357
PRD_4557,EliteOne Marker Set Fresh 500ml,CAT_019,SUP_040,486.52,54,991
PRD_4558,EliteOne Marker Set Premium 250g,CAT_019,SUP_170,130.49,18,1615
PRD_4559,EliteOne Tape Roll Plus 24pcs,CAT_019,SUP_026,461.03,71,1118
PRD_4560,GlowCare Pen Pack Family Pack 100g,CAT_019,SUP_033,226.21,86,
PRD_4561,ValueMart Stapler Classic 24pcs,CAT_019,SUP_061,25.86,90,1267
PRD_4562,MunchTime Pen Pack Regular 1kg,CAT_019,SUP_160,281.35,59,1924
PRD_4563,UrbanBasket Pen Pack Max 750g,CAT_019,SUP_020,46.42,42,513
PRD_4564,ComfortLine Notebook Classic 250g,CAT_019,SUP_040,225.86,62,1178
PRD_4565,UrbanBasket Notebook Regular 24pcs,CAT_019,SUP_170,375.27,15,598
PRD_4566,GoodStore Pen Pack Lite 100g,CAT_019,SUP_039,426.04,62,561
PRD_4567,ValueMart Stapler Daily 200g,CAT_019,SUP_059,96.83,83,1424
PRD_4568,ValueMart Folder Regular 200g,CAT_019,SUP_160,34.4,30,894
PRD_4569,FamilyChoice Notebook Max 1L,CAT_019,SUP_059,138.37,10,1018
PRD_4570,NutriMax Notebook Premium 1L,CAT_019,SUP_168,400.65,60,955
PRD_4571,SwiftCart Notebook Plus 500ml,CAT_019,SUP_127,425.31,45,938
PRD_4572,NutriMax Tape Roll Fresh 1kg,CAT_019,SUP_021,155.57,51,1645
PRD_4573,EliteOne Notebook Daily 1kg,CAT_019,SUP_024,477.54,63,464
PRD_4574,HealthySip Stapler Premium 250g,CAT_019,SUP_004,141.08,16,514
PRD_4575,FamilyChoice Tape Roll Classic 100g,CAT_019,SUP_112,497.85,54,1718
PRD_4576,CarePlus Marker Set Fresh 200ml,CAT_019,SUP_112,241.79,19,1511
PRD_4577,ComfortLine Folder Premium 500g,CAT_019,SUP_021,440.04,84,882
PRD_4578,ComfortLine Stapler Fresh 250g,CAT_019,SUP_137,413.49,28,979
PRD_4579,ValueMart Stapler Fresh 24pcs,CAT_019,SUP_152,170.5,71,1751
PRD_4580,SmartLife Marker Set Premium 100g,CAT_019,SUP_087,494.65,62,420
PRD_4581,ValueMart Pen Pack Max 12pcs,CAT_019,SUP_170,399.86,31,944
PRD_4582,DailyDrop Notebook Fresh 250g,CAT_019,SUP_127,165.7,75,628
PRD_4583,SmartLife Tape Roll Lite 500ml,CAT_019,SUP_125,440.59,47,1367
PRD_4584,PrimePick Pen Pack Lite 6pcs,CAT_019,SUP_012,122.58,37,665
PRD_4585,UrbanBasket Marker Set Value Pack 750g,CAT_019,SUP_068,60.27,76,1009
PRD_4586,HappyHome Marker Set Lite 12pcs,CAT_019,SUP_024,297.81,21,1982
PRD_4587,SwiftCart Tape Roll Plus 200g,CAT_019,SUP_117,389.53,30,1837
PRD_4588,ComfortLine Tape Roll Family Pack 12pcs,CAT_019,SUP_061,232.05,73,541
PRD_4589,PrimePick Notebook Classic 12pcs,CAT_019,SUP_098,391.58,82,1548
PRD_4590,HappyHome Notebook Value Pack 100g,CAT_019,SUP_074,348.2,30,1523
PRD_4591,PrimePick Folder Lite 500g,CAT_019,SUP_098,77.63,36,1908
PRD_4592,MunchTime Folder Regular 200ml,CAT_019,SUP_098,154.29,88,558
PRD_4593,SwiftCart Folder Regular 500g,CAT_019,SUP_074,48.05,19,1758
PRD_4594,DailyDrop Pen Pack Lite 24pcs,CAT_019,SUP_087,317.81,12,1658
PRD_4595,KitchenPro Notebook Classic 1kg,CAT_019,SUP_105,123.28,70,528
PRD_4596,GlowCare Marker Set Classic 500g,CAT_019,SUP_018,310.88,89,497
PRD_4597,NutriMax Notebook Daily 12pcs,CAT_019,SUP_010,228.83,47,1362
PRD_4598,MunchTime Stapler Regular 200ml,CAT_019,SUP_037,61.13,65,1707
PRD_4599,SwiftCart Tape Roll Fresh 1L,CAT_019,SUP_010,29.23,57,981
PRD_4600,UrbanBasket Pen Pack Classic 6pcs,CAT_019,SUP_139,335.54,86,863
PRD_4601,ComfortLine Pen Pack Plus 200g,CAT_019,SUP_018,202.06,64,931
PRD_4602,UrbanBasket Folder Value Pack 200ml,CAT_019,SUP_004,406.7,13,449
PRD_4603,DailyDrop Tape Roll Daily 250g,CAT_019,SUP_024,446.25,62,1190
PRD_4604,HappyHome Tape Roll Classic 200g,CAT_019,SUP_129,224.32,76,1151
PRD_4605,GoodStore Pen Pack Premium 750g,CAT_019,SUP_196,462.68,42,1507
PRD_4606,GlowCare Stapler Lite 250g,CAT_019,SUP_182,260.03,32,497
PRD_4607,HappyHome Notebook Plus 200g,CAT_019,SUP_068,300.7,15,1053
PRD_4608,FamilyChoice Notebook Regular 100g,CAT_019,SUP_037,36.13,86,
PRD_4609,NutriMax Tape Roll Plus 2kg,CAT_019,SUP_020,230.34,73,529
PRD_4610,GlowCare Notebook Plus 500g,CAT_019,SUP_099,89.19,54,1606
PRD_4611,EliteOne Notebook Plus 500ml,CAT_019,SUP_117,485.04,49,1357
PRD_4612,DailyDrop Marker Set Daily 750g,CAT_019,SUP_085,96.06,14,1121
PRD_4613,SmartLife Marker Set Classic 6pcs,CAT_019,SUP_040,43.49,18,1774
PRD_4614,GlowCare Stapler Value Pack 500g,CAT_019,SUP_192,448.04,60,992
PRD_4615,CarePlus Pen Pack Plus 1L,CAT_019,SUP_135,361.95,16,
PRD_4616,SmartLife Notebook Daily 6pcs,CAT_019,SUP_004,495.88,65,437
PRD_4617,MunchTime Pen Pack Lite 500g,CAT_019,SUP_170,250.94,59,486
PRD_4618,PrimePick Stapler Premium 2kg,CAT_019,SUP_191,344.41,10,1354
PRD_4619,PrimePick Marker Set Family Pack 750g,CAT_019,SUP_105,170.89,71,955
PRD_4620,PrimePick Folder Regular 12pcs,CAT_019,SUP_139,45.95,74,1572
PRD_4621,PureLeaf Tape Roll Lite 750g,CAT_019,SUP_122,394.54,17,1704
PRD_4622,FamilyChoice Folder Classic 500ml,CAT_019,SUP_102,50.35,90,1733
PRD_4623,HealthySip Folder Daily 1L,CAT_019,SUP_122,142.92,21,1353
PRD_4624,ComfortLine Folder Lite 2kg,CAT_019,SUP_125,488.82,63,1733
PRD_4625,SmartLife Pen Pack Premium 12pcs,CAT_019,SUP_186,241.82,69,688
PRD_4626,EliteOne Tape Roll Plus 6pcs,CAT_019,SUP_129,388.19,47,1917
PRD_4627,HappyHome Pen Pack Regular 500ml,CAT_019,SUP_033,383.52,45,438
PRD_4628,SmartLife Pen Pack Lite 200ml,CAT_019,SUP_117,468.63,25,1914
PRD_4629,DailyDrop Folder Fresh 1kg,CAT_019,SUP_033,340.27,13,1289
PRD_4630,CarePlus Pen Pack Family Pack 750g,CAT_019,SUP_106,65.58,15,493
PRD_4631,CarePlus Folder Premium 200g,CAT_019,SUP_074,61.21,10,596
PRD_4632,FamilyChoice Marker Set Plus 200ml,CAT_019,SUP_199,390.25,76,429
PRD_4633,QuickNest Marker Set Max 1kg,CAT_019,SUP_059,114.19,30,1612
PRD_4634,EliteOne Stapler Value Pack 6pcs,CAT_019,SUP_068,349.91,31,730
PRD_4635,MunchTime Marker Set Daily 2kg,CAT_019,SUP_074,478.8,64,792
PRD_4636,QuickNest Folder Regular 12pcs,CAT_019,SUP_039,495.22,90,1889
PRD_4637,CarePlus Marker Set Regular 2kg,CAT_019,SUP_182,128.62,61,457
PRD_4638,QuickNest Stapler Plus 2kg,CAT_019,SUP_059,191.99,74,1398
PRD_4639,FamilyChoice Tape Roll Premium 2kg,CAT_019,SUP_168,187.99,75,1844
PRD_4640,QuickNest Pen Pack Premium 250g,CAT_019,SUP_167,289.21,35,1781
PRD_4641,SmartLife Marker Set Classic 1kg,CAT_019,SUP_102,465.7,72,1495
PRD_4642,FreshCo Folder Regular 1L,CAT_019,SUP_196,48.24,23,
PRD_4643,FamilyChoice Marker Set Regular 200g,CAT_019,SUP_167,304.72,84,1764
PRD_4644,ComfortLine Stapler Regular 250g,CAT_019,SUP_117,200.69,60,1531
PRD_4645,GlowCare Tape Roll Value Pack 2kg,CAT_019,SUP_040,367.03,48,624
PRD_4646,SwiftCart Pen Pack Classic 500g,CAT_019,SUP_020,302.96,15,
PRD_4647,PrimePick Marker Set Regular 500g,CAT_019,SUP_074,176.1,83,998
PRD_4648,SwiftCart Tape Roll Lite 750g,CAT_019,SUP_004,316.12,76,1606
PRD_4649,SmartLife Notebook Value Pack 100g,CAT_019,SUP_139,353.96,27,1720
PRD_4650,EliteOne Tape Roll Family Pack 500g,CAT_019,SUP_170,197.63,33,711
PRD_4651,SwiftCart Stapler Regular 750g,CAT_019,SUP_026,298.86,24,795
PRD_4652,DailyDrop Pen Pack Daily 200ml,CAT_019,SUP_105,316.58,53,1472
PRD_4653,MunchTime Pen Pack Premium 500g,CAT_019,SUP_018,170.7,77,1697
PRD_4654,FreshCo Notebook Premium 500ml,CAT_019,SUP_068,18.4,31,470
PRD_4655,NutriMax Tape Roll Lite 250g,CAT_019,SUP_181,441.1,55,1930
PRD_4656,NutriMax Notebook Fresh 12pcs,CAT_019,SUP_040,193.78,25,443
PRD_4657,GoodStore Notebook Regular 750g,CAT_019,SUP_170,16.07,32,
PRD_4658,NutriMax Pen Pack Value Pack 6pcs,CAT_019,SUP_024,14.07,88,
PRD_4659,KitchenPro Pen Pack Max 500ml,CAT_019,SUP_129,221.53,30,1902
PRD_4660,HealthySip Marker Set Premium 100g,CAT_019,SUP_068,14.02,81,
PRD_4661,ValueMart Pen Pack Classic 6pcs,CAT_019,SUP_061,143.57,28,1004
PRD_4662,KitchenPro Tape Roll Regular 24pcs,CAT_019,SUP_024,353.3,62,1731
PRD_4663,CarePlus Pen Pack Max 200ml,CAT_019,SUP_040,60.77,56,1726
PRD_4664,EliteOne Pen Pack Plus 2kg,CAT_019,SUP_018,54.79,16,1503
PRD_4665,KitchenPro Marker Set Family Pack 500g,CAT_019,SUP_020,61.73,72,590
PRD_4666,SwiftCart Notebook Classic 750g,CAT_019,SUP_139,398.68,40,1209
PRD_4667,NutriMax Notebook Max 250g,CAT_019,SUP_102,333.27,78,1347
PRD_4668,FreshCo Notebook Regular 1kg,CAT_019,SUP_139,177.19,42,1643
PRD_4669,DailyDrop Tape Roll Classic 100g,CAT_019,SUP_099,238.83,42,1319
PRD_4670,ValueMart Stapler Lite 12pcs,CAT_019,SUP_082,397.07,50,1912
PRD_4671,ValueMart Marker Set Max 1kg,CAT_019,SUP_186,105.09,20,461
PRD_4672,SwiftCart Pen Pack Classic 2kg,CAT_019,SUP_192,120.65,66,1430
PRD_4673,CarePlus Marker Set Premium 1L,CAT_019,SUP_127,477.96,40,1056
PRD_4674,FamilyChoice Stapler Premium 24pcs,CAT_019,SUP_068,202.85,47,1676
PRD_4675,DailyDrop Pen Pack Premium 500g,CAT_019,SUP_039,397.21,17,1094
PRD_4676,ComfortLine Stapler Regular 1kg,CAT_019,SUP_074,389.67,29,872
PRD_4677,FamilyChoice Pen Pack Plus 24pcs,CAT_019,SUP_167,169.97,18,1403
PRD_4678,FreshCo Folder Lite 1L,CAT_019,SUP_182,82.57,72,1607
PRD_4679,HealthySip Folder Family Pack 24pcs,CAT_019,SUP_135,34.57,44,
PRD_4680,NutriMax Pen Pack Regular 1L,CAT_019,SUP_186,288.29,57,1212
PRD_4681,HappyHome Folder Lite 500g,CAT_019,SUP_170,468.34,71,1248
PRD_4682,MunchTime Pen Pack Daily 500g,CAT_019,SUP_039,360.2,30,859
PRD_4683,ComfortLine Tape Roll Lite 1L,CAT_019,SUP_060,163.34,24,1650
PRD_4684,NutriMax Marker Set Family Pack 200ml,CAT_019,SUP_135,280.23,65,925
PRD_4685,PrimePick Pen Pack Plus 500g,CAT_019,SUP_168,17.73,74,904
PRD_4686,FamilyChoice Notebook Classic 1kg,CAT_019,SUP_121,440.61,57,1453
PRD_4687,UrbanBasket Stapler Fresh 100g,CAT_019,SUP_020,344.54,52,1181
PRD_4688,FamilyChoice Notebook Plus 250g,CAT_019,SUP_192,335.09,85,1813
PRD_4689,SwiftCart Stapler Fresh 24pcs,CAT_019,SUP_170,415.47,70,376
PRD_4690,GlowCare Pen Pack Premium 100g,CAT_019,SUP_060,304.06,90,817
PRD_4691,SwiftCart Stapler Plus 250g,CAT_019,SUP_122,272.41,43,412
PRD_4692,GoodStore Marker Set Fresh 500g,CAT_019,SUP_018,374.43,44,1507
PRD_4693,ValueMart Tape Roll Premium 12pcs,CAT_019,SUP_068,211.5,45,1851
PRD_4694,KitchenPro Folder Value Pack 12pcs,CAT_019,SUP_102,45.14,51,1969
PRD_4695,GlowCare Marker Set Family Pack 200ml,CAT_019,SUP_113,345.88,48,
PRD_4696,QuickNest Stapler Lite 250g,CAT_019,SUP_127,70.17,56,912
PRD_4697,PrimePick Pen Pack Lite 250g,CAT_019,SUP_074,202.28,85,1470
PRD_4698,FreshCo Tape Roll Premium 6pcs,CAT_019,SUP_112,97.49,52,398
PRD_4699,SmartLife Tape Roll Lite 750g,CAT_019,SUP_135,290.83,58,1022
PRD_4700,EliteOne Tape Roll Lite 250g,CAT_019,SUP_167,189.67,66,
PRD_4701,NutriMax Folder Classic 2kg,CAT_019,SUP_004,468.49,33,
PRD_4702,ComfortLine Pen Pack Family Pack 1kg,CAT_019,SUP_117,139.89,47,
PRD_4703,DailyDrop Folder Family Pack 2kg,CAT_019,SUP_125,234.8,20,452
PRD_4704,HealthySip Folder Family Pack 24pcs,CAT_019,SUP_082,102.49,30,
PRD_4705,SwiftCart Folder Classic 500ml,CAT_019,SUP_152,217.94,56,1275
PRD_4706,HealthySip Stapler Premium 750g,CAT_019,SUP_033,194.04,71,1266
PRD_4707,HealthySip Notebook Regular 6pcs,CAT_019,SUP_010,139.96,85,742
PRD_4708,SmartLife Tape Roll Premium 24pcs,CAT_019,SUP_139,260.39,22,573
PRD_4709,PureLeaf Tape Roll Classic 250g,CAT_019,SUP_186,311.98,50,
PRD_4710,CarePlus Notebook Plus 24pcs,CAT_019,SUP_167,292.57,21,1617
PRD_4711,DailyDrop Stapler Value Pack 500ml,CAT_019,SUP_186,350.53,59,1920
PRD_4712,CarePlus Stapler Max 1L,CAT_019,SUP_186,439.66,88,786
PRD_4713,GlowCare Marker Set Regular 200g,CAT_019,SUP_059,17.55,70,1566
PRD_4714,HealthySip Marker Set Regular 100g,CAT_019,SUP_113,157.26,29,1040
PRD_4715,EliteOne Marker Set Lite 200g,CAT_019,SUP_125,120.9,24,426
PRD_4716,UrbanBasket Folder Premium 1kg,CAT_019,SUP_168,218.19,12,1993
PRD_4717,QuickNest Folder Premium 200g,CAT_019,SUP_182,94.39,14,1511
PRD_4718,PureLeaf Folder Plus 1kg,CAT_019,SUP_152,495.15,44,819
PRD_4719,EliteOne Notebook Premium 6pcs,CAT_019,SUP_182,129.96,10,1087
PRD_4720,GlowCare Folder Family Pack 1L,CAT_019,SUP_137,170.09,85,1600
PRD_4721,MunchTime Marker Set Max 500ml,CAT_019,SUP_135,232.43,68,425
PRD_4722,DailyDrop Pen Pack Classic 200ml,CAT_019,SUP_098,153.24,27,1941
PRD_4723,QuickNest Notebook Plus 250g,CAT_019,SUP_170,343.94,13,1325
PRD_4724,FreshCo Folder Daily 200g,CAT_019,SUP_139,114.19,24,1058
PRD_4725,SwiftCart Stapler Premium 250g,CAT_019,SUP_099,143.32,24,1310
PRD_4726,UrbanBasket Marker Set Daily 500g,CAT_019,SUP_033,200.11,27,1980
PRD_4727,KitchenPro Folder Plus 1L,CAT_019,SUP_020,17.7,29,
PRD_4728,EliteOne Tape Roll Max 6pcs,CAT_019,SUP_037,22.42,39,419
PRD_4729,EliteOne Notebook Max 500ml,CAT_019,SUP_127,258.32,35,1829
PRD_4730,ValueMart Notebook Max 2kg,CAT_019,SUP_121,295.07,11,1631
PRD_4731,UrbanBasket Pen Pack Daily 24pcs,CAT_019,SUP_167,262.95,71,1166
PRD_4732,MunchTime Pen Pack Plus 6pcs,CAT_019,SUP_018,56.04,65,931
PRD_4733,MunchTime Notebook Daily 1kg,CAT_019,SUP_160,459.15,34,704
PRD_4734,ComfortLine Tape Roll Fresh 200ml,CAT_019,SUP_105,317.05,23,
PRD_4735,CarePlus Marker Set Family Pack 6pcs,CAT_019,SUP_125,260.79,52,1367
PRD_4736,EliteOne Folder Value Pack 12pcs,CAT_019,SUP_039,162.4,85,1500
PRD_4737,ComfortLine Notebook Plus 200g,CAT_019,SUP_193,337.12,11,1314
PRD_4738,HappyHome Marker Set Fresh 100g,CAT_019,SUP_018,469.13,52,1321
PRD_4739,EliteOne Folder Regular 6pcs,CAT_019,SUP_167,132.75,60,1814
PRD_4740,SwiftCart Pen Pack Classic 250g,CAT_019,SUP_170,167.46,39,1297
PRD_4741,EliteOne Notebook Regular 200g,CAT_019,SUP_199,87.27,62,1067
PRD_4742,HealthySip Marker Set Plus 24pcs,CAT_019,SUP_152,398.49,87,1283
PRD_4743,EliteOne Marker Set Max 6pcs,CAT_019,SUP_085,239.36,59,449
PRD_4744,FreshCo Stapler Classic 12pcs,CAT_019,SUP_060,218.4,13,
PRD_4745,KitchenPro Pen Pack Max 500ml,CAT_019,SUP_037,36.72,87,1127
PRD_4746,SmartLife Marker Set Plus 500ml,CAT_019,SUP_068,207.97,27,1163
PRD_4747,SmartLife Batteries Max 1L,CAT_020,SUP_136,1177.25,30,1051
PRD_4748,SmartLife Batteries Plus 200g,CAT_020,SUP_157,305.83,77,1049
PRD_4749,GlowCare Foil Pack Plus 1kg,CAT_020,SUP_047,92.83,39,1209
PRD_4750,QuickNest Tissue Roll Classic 1kg,CAT_020,SUP_195,493.58,54,609
PRD_4751,CarePlus Batteries Regular 1kg,CAT_020,SUP_047,658.38,54,960
PRD_4752,HealthySip Foil Pack Classic 500g,CAT_020,SUP_136,1070.4,68,1378
PRD_4753,GlowCare Trash Bag Daily 750g,CAT_020,SUP_092,1136.64,41,
PRD_4754,ValueMart Light Bulb Max 200ml,CAT_020,SUP_181,515.72,22,1348
PRD_4755,EliteOne Tissue Roll Regular 6pcs,CAT_020,SUP_114,52.97,69,769
PRD_4756,GlowCare Light Bulb Regular 500g,CAT_020,SUP_178,368.6,70,1344
PRD_4757,NutriMax Tissue Roll Max 1L,CAT_020,SUP_044,747.35,63,759
PRD_4758,ValueMart Tissue Roll Regular 1kg,CAT_020,SUP_026,710.05,20,1226
PRD_4759,FamilyChoice Foil Pack Max 250g,CAT_020,SUP_092,914.43,47,451
PRD_4760,HappyHome Trash Bag Value Pack 2kg,CAT_020,SUP_077,823.47,12,
PRD_4761,PureLeaf Tissue Roll Value Pack 1L,CAT_020,SUP_062,481.31,61,650
PRD_4762,ComfortLine Light Bulb Daily 500ml,CAT_020,SUP_045,878,78,733
PRD_4763,ComfortLine Storage Bag Regular 2kg,CAT_020,SUP_062,710.36,23,1061
PRD_4764,KitchenPro Storage Bag Plus 6pcs,CAT_020,SUP_077,670.73,17,
PRD_4765,PureLeaf Storage Bag Value Pack 24pcs,CAT_020,SUP_098,393.77,41,459
PRD_4766,CarePlus Storage Bag Value Pack 750g,CAT_020,SUP_021,219.27,54,868
PRD_4767,SmartLife Tissue Roll Premium 1L,CAT_020,SUP_076,483.78,62,543
PRD_4768,ComfortLine Light Bulb Family Pack 1L,CAT_020,SUP_045,968.25,18,1131
PRD_4769,CarePlus Light Bulb Value Pack 12pcs,CAT_020,SUP_008,915.21,61,607
PRD_4770,MunchTime Light Bulb Family Pack 750g,CAT_020,SUP_136,338.38,17,890
PRD_4771,KitchenPro Storage Bag Classic 750g,CAT_020,SUP_038,925.12,33,1055
PRD_4772,GoodStore Trash Bag Lite 250g,CAT_020,SUP_077,777.28,72,1382
PRD_4773,EliteOne Tissue Roll Fresh 1kg,CAT_020,SUP_092,609.4,16,476
PRD_4774,ComfortLine Foil Pack Max 12pcs,CAT_020,SUP_044,584.21,69,397
PRD_4775,EliteOne Foil Pack Fresh 6pcs,CAT_020,SUP_145,354.53,12,406
PRD_4776,EliteOne Light Bulb Premium 750g,CAT_020,SUP_077,481.18,60,1021
PRD_4777,SwiftCart Foil Pack Daily 100g,CAT_020,SUP_096,730.64,29,1154
PRD_4778,DailyDrop Foil Pack Lite 12pcs,CAT_020,SUP_026,1071.79,52,962
PRD_4779,DailyDrop Batteries Regular 200ml,CAT_020,SUP_012,356.09,19,1300
PRD_4780,NutriMax Light Bulb Value Pack 500g,CAT_020,SUP_145,125.59,30,1363
PRD_4781,KitchenPro Trash Bag Regular 1kg,CAT_020,SUP_111,1052.68,69,1378
PRD_4782,PrimePick Light Bulb Lite 24pcs,CAT_020,SUP_163,1035.78,29,548
PRD_4783,FreshCo Foil Pack Value Pack 100g,CAT_020,SUP_008,265.99,45,1461
PRD_4784,KitchenPro Light Bulb Plus 750g,CAT_020,SUP_062,590.46,78,1333
PRD_4785,PrimePick Tissue Roll Daily 12pcs,CAT_020,SUP_077,122.25,22,
PRD_4786,DailyDrop Light Bulb Lite 100g,CAT_020,SUP_159,659.37,46,587
PRD_4787,NutriMax Trash Bag Lite 200g,CAT_020,SUP_045,1015.95,30,693
PRD_4788,HappyHome Tissue Roll Max 12pcs,CAT_020,SUP_084,502.72,11,972
PRD_4789,NutriMax Batteries Daily 500ml,CAT_020,SUP_076,1190.55,30,1284
PRD_4790,PureLeaf Foil Pack Regular 1L,CAT_020,SUP_145,129.75,54,856
PRD_4791,HealthySip Trash Bag Fresh 100g,CAT_020,SUP_128,240.42,62,672
PRD_4792,UrbanBasket Batteries Daily 1L,CAT_020,SUP_178,370.06,44,1055
PRD_4793,QuickNest Tissue Roll Regular 12pcs,CAT_020,SUP_063,1111.33,19,1115
PRD_4794,HappyHome Storage Bag Regular 750g,CAT_020,SUP_076,958.71,76,531
PRD_4795,CarePlus Batteries Premium 200g,CAT_020,SUP_077,812.61,38,1431
PRD_4796,GoodStore Light Bulb Classic 1kg,CAT_020,SUP_159,917.38,40,1057
PRD_4797,SmartLife Foil Pack Family Pack 250g,CAT_020,SUP_157,735.45,47,805
PRD_4798,ValueMart Batteries Lite 6pcs,CAT_020,SUP_163,90.44,11,888
PRD_4799,HappyHome Foil Pack Max 750g,CAT_020,SUP_012,873.81,30,527
PRD_4800,QuickNest Foil Pack Family Pack 2kg,CAT_020,SUP_145,904.9,80,763
PRD_4801,FreshCo Tissue Roll Family Pack 750g,CAT_020,SUP_175,276.19,77,1420
PRD_4802,EliteOne Batteries Fresh 2kg,CAT_020,SUP_044,752.84,36,
PRD_4803,GlowCare Trash Bag Fresh 24pcs,CAT_020,SUP_157,280.38,53,1366
PRD_4804,DailyDrop Tissue Roll Regular 500ml,CAT_020,SUP_047,632.49,18,398
PRD_4805,PrimePick Trash Bag Value Pack 1L,CAT_020,SUP_076,168.53,24,1322
PRD_4806,DailyDrop Light Bulb Premium 250g,CAT_020,SUP_145,193.5,67,584
PRD_4807,HealthySip Trash Bag Value Pack 200ml,CAT_020,SUP_181,190.25,25,439
PRD_4808,QuickNest Batteries Classic 500g,CAT_020,SUP_012,909.91,42,438
PRD_4809,PureLeaf Foil Pack Lite 100g,CAT_020,SUP_077,266.36,44,1386
PRD_4810,NutriMax Light Bulb Lite 100g,CAT_020,SUP_043,899.05,12,1108
PRD_4811,ComfortLine Light Bulb Plus 750g,CAT_020,SUP_076,88.48,37,940
PRD_4812,ValueMart Storage Bag Regular 200ml,CAT_020,SUP_044,215.14,23,1267
PRD_4813,HappyHome Foil Pack Lite 500g,CAT_020,SUP_038,804.41,40,585
PRD_4814,ComfortLine Foil Pack Family Pack 24pcs,CAT_020,SUP_195,172.84,60,
PRD_4815,FreshCo Foil Pack Regular 250g,CAT_020,SUP_076,644.32,34,1321
PRD_4816,SwiftCart Light Bulb Family Pack 500g,CAT_020,SUP_159,129.07,13,604
PRD_4817,CarePlus Tissue Roll Family Pack 100g,CAT_020,SUP_178,66.95,40,1071
PRD_4818,KitchenPro Storage Bag Max 200ml,CAT_020,SUP_181,171.38,26,708
PRD_4819,SwiftCart Trash Bag Plus 6pcs,CAT_020,SUP_021,284.82,41,1347
PRD_4820,NutriMax Batteries Max 100g,CAT_020,SUP_098,232.01,28,
PRD_4821,PrimePick Batteries Max 24pcs,CAT_020,SUP_106,888.96,44,
PRD_4822,NutriMax Light Bulb Regular 24pcs,CAT_020,SUP_077,905.26,16,1394
PRD_4823,DailyDrop Trash Bag Value Pack 250g,CAT_020,SUP_145,689.12,42,1242
PRD_4824,HappyHome Storage Bag Premium 100g,CAT_020,SUP_128,320.79,49,1331
PRD_4825,CarePlus Foil Pack Daily 12pcs,CAT_020,SUP_063,235.47,10,581
PRD_4826,HealthySip Storage Bag Family Pack 250g,CAT_020,SUP_195,190.37,61,1039
PRD_4827,QuickNest Foil Pack Lite 12pcs,CAT_020,SUP_163,93.66,14,672
PRD_4828,GoodStore Foil Pack Max 750g,CAT_020,SUP_181,813.71,38,756
PRD_4829,FreshCo Light Bulb Max 200g,CAT_020,SUP_047,631.43,10,1161
PRD_4830,ValueMart Foil Pack Lite 6pcs,CAT_020,SUP_012,884.33,46,1097
PRD_4831,NutriMax Tissue Roll Max 100g,CAT_020,SUP_157,665.2,61,708
PRD_4832,KitchenPro Trash Bag Fresh 750g,CAT_020,SUP_096,1170.39,61,493
PRD_4833,SwiftCart Trash Bag Max 200ml,CAT_020,SUP_084,391.87,52,435
PRD_4834,KitchenPro Storage Bag Daily 200g,CAT_020,SUP_021,716.31,12,386
PRD_4835,ValueMart Light Bulb Classic 750g,CAT_020,SUP_076,470.09,59,1122
PRD_4836,GoodStore Storage Bag Fresh 500g,CAT_020,SUP_098,887.17,39,1027
PRD_4837,PrimePick Batteries Max 24pcs,CAT_020,SUP_145,271.42,56,769
PRD_4838,PureLeaf Foil Pack Premium 500ml,CAT_020,SUP_043,189.32,77,1281
PRD_4839,PureLeaf Foil Pack Classic 1L,CAT_020,SUP_021,664.96,24,415
PRD_4840,PureLeaf Light Bulb Plus 2kg,CAT_020,SUP_045,843.2,68,959
PRD_4841,SmartLife Light Bulb Value Pack 12pcs,CAT_020,SUP_062,838.56,43,1437
PRD_4842,PrimePick Light Bulb Max 500g,CAT_020,SUP_077,220.08,78,1139
PRD_4843,HappyHome Trash Bag Daily 200ml,CAT_020,SUP_045,513.96,60,761
PRD_4844,ValueMart Tissue Roll Lite 200g,CAT_020,SUP_181,592.83,80,1485
PRD_4845,DailyDrop Tissue Roll Fresh 200g,CAT_020,SUP_096,97.91,54,977
PRD_4846,DailyDrop Light Bulb Regular 500g,CAT_020,SUP_047,925.13,63,579
PRD_4847,KitchenPro Light Bulb Daily 24pcs,CAT_020,SUP_163,723.54,38,466
PRD_4848,UrbanBasket Trash Bag Classic 200ml,CAT_020,SUP_098,157.28,36,980
PRD_4849,SmartLife Batteries Classic 12pcs,CAT_020,SUP_021,745.44,40,1040
PRD_4850,CarePlus Trash Bag Lite 1L,CAT_020,SUP_015,94.92,46,656
PRD_4851,EliteOne Tissue Roll Daily 1L,CAT_020,SUP_008,238.97,55,928
PRD_4852,NutriMax Trash Bag Daily 250g,CAT_020,SUP_084,529.55,19,588
PRD_4853,SwiftCart Trash Bag Premium 200ml,CAT_020,SUP_043,674.71,26,474
PRD_4854,PrimePick Foil Pack Plus 200ml,CAT_020,SUP_044,745.12,50,1370
PRD_4855,CarePlus Storage Bag Fresh 500g,CAT_020,SUP_096,924.54,59,
PRD_4856,ValueMart Foil Pack Regular 100g,CAT_020,SUP_098,147.47,53,985
PRD_4857,PrimePick Storage Bag Premium 250g,CAT_020,SUP_076,121.32,53,431
PRD_4858,GlowCare Foil Pack Regular 6pcs,CAT_020,SUP_175,279.46,27,
PRD_4859,EliteOne Storage Bag Plus 6pcs,CAT_020,SUP_098,255.04,69,1462
PRD_4860,HappyHome Foil Pack Classic 12pcs,CAT_020,SUP_047,310.58,77,
PRD_4861,HappyHome Light Bulb Value Pack 500g,CAT_020,SUP_012,556.18,10,1185
PRD_4862,MunchTime Storage Bag Value Pack 100g,CAT_020,SUP_038,589.83,21,1418
PRD_4863,HealthySip Light Bulb Daily 500ml,CAT_020,SUP_136,293.32,16,1480
PRD_4864,FreshCo Storage Bag Max 750g,CAT_020,SUP_195,178.19,72,1355
PRD_4865,FreshCo Foil Pack Daily 1kg,CAT_020,SUP_175,691.79,80,791
PRD_4866,FamilyChoice Batteries Regular 6pcs,CAT_020,SUP_181,167.21,27,1282
PRD_4867,PureLeaf Light Bulb Max 500g,CAT_020,SUP_111,1119.98,70,991
PRD_4868,ComfortLine Storage Bag Lite 12pcs,CAT_020,SUP_076,193.45,17,
PRD_4869,HappyHome Batteries Daily 250g,CAT_020,SUP_044,884,30,395
PRD_4870,KitchenPro Storage Bag Value Pack 500g,CAT_020,SUP_043,808.29,36,437
PRD_4871,HealthySip Batteries Regular 200ml,CAT_020,SUP_021,681.48,42,840
PRD_4872,ValueMart Foil Pack Daily 1kg,CAT_020,SUP_114,1151.27,40,576
PRD_4873,KitchenPro Tissue Roll Plus 200g,CAT_020,SUP_015,809.58,24,1422
PRD_4874,UrbanBasket Light Bulb Daily 250g,CAT_020,SUP_114,270.15,13,462
PRD_4875,NutriMax Tissue Roll Lite 1L,CAT_020,SUP_114,1043.93,37,1077
PRD_4876,SmartLife Light Bulb Premium 200g,CAT_020,SUP_084,163.31,67,566
PRD_4877,HappyHome Batteries Lite 100g,CAT_020,SUP_136,123.84,75,
PRD_4878,PureLeaf Storage Bag Daily 24pcs,CAT_020,SUP_076,194.78,64,776
PRD_4879,KitchenPro Foil Pack Max 500g,CAT_020,SUP_175,1174.79,59,941
PRD_4880,PrimePick Trash Bag Plus 6pcs,CAT_020,SUP_043,1052.58,61,758
PRD_4881,SmartLife Light Bulb Lite 6pcs,CAT_020,SUP_163,426.09,24,
PRD_4882,GlowCare Batteries Regular 200g,CAT_020,SUP_175,75.6,18,753
PRD_4883,ComfortLine Storage Bag Classic 500ml,CAT_020,SUP_145,1082.33,73,
PRD_4884,GoodStore Trash Bag Premium 1kg,CAT_020,SUP_178,1071.42,18,1014
PRD_4885,SwiftCart Foil Pack Fresh 500g,CAT_020,SUP_045,500.66,71,847
PRD_4886,DailyDrop Tissue Roll Daily 750g,CAT_020,SUP_063,1011.45,28,983
PRD_4887,ValueMart Foil Pack Premium 200g,CAT_020,SUP_043,95.48,24,866
PRD_4888,SwiftCart Foil Pack Premium 250g,CAT_020,SUP_015,862.58,62,814
PRD_4889,SmartLife Trash Bag Premium 500ml,CAT_020,SUP_047,320.76,53,1184
PRD_4890,GoodStore Storage Bag Plus 250g,CAT_020,SUP_063,498.46,56,1184
PRD_4891,GoodStore Batteries Plus 200ml,CAT_020,SUP_012,966.81,55,
PRD_4892,SwiftCart Tissue Roll Daily 24pcs,CAT_020,SUP_026,677.4,73,1447
PRD_4893,PureLeaf Light Bulb Fresh 750g,CAT_020,SUP_063,757.41,53,790
PRD_4894,GlowCare Tissue Roll Value Pack 750g,CAT_020,SUP_045,650.33,66,824
PRD_4895,FreshCo Foil Pack Plus 100g,CAT_020,SUP_043,51.47,53,1403
PRD_4896,FamilyChoice Light Bulb Max 200ml,CAT_020,SUP_145,159.27,60,673
PRD_4897,HealthySip Light Bulb Regular 500g,CAT_020,SUP_038,843.74,17,999
PRD_4898,GlowCare Storage Bag Plus 6pcs,CAT_020,SUP_012,735.91,79,897
PRD_4899,SmartLife Batteries Premium 24pcs,CAT_020,SUP_106,394.91,16,1478
PRD_4900,PrimePick Batteries Value Pack 500g,CAT_020,SUP_175,170.33,58,771
PRD_4901,SwiftCart Foil Pack Lite 1L,CAT_020,SUP_047,430.65,62,
PRD_4902,PrimePick Batteries Premium 250g,CAT_020,SUP_178,101.1,72,1391
PRD_4903,FreshCo Foil Pack Premium 750g,CAT_020,SUP_163,1166.08,58,1237
PRD_4904,ValueMart Storage Bag Value Pack 1L,CAT_020,SUP_063,1113.67,23,584
PRD_4905,SwiftCart Foil Pack Max 750g,CAT_020,SUP_128,770.53,15,866
PRD_4906,EliteOne Light Bulb Premium 24pcs,CAT_020,SUP_181,103.07,13,495
PRD_4907,ComfortLine Batteries Lite 200ml,CAT_020,SUP_157,373.12,40,1294
PRD_4908,EliteOne Batteries Daily 1L,CAT_020,SUP_106,230.93,63,852
PRD_4909,EliteOne Storage Bag Fresh 12pcs,CAT_020,SUP_026,1025.22,24,677
PRD_4910,ValueMart Trash Bag Family Pack 500ml,CAT_020,SUP_026,573.04,44,378
PRD_4911,GoodStore Trash Bag Classic 100g,CAT_020,SUP_077,636.54,23,463
PRD_4912,KitchenPro Batteries Classic 2kg,CAT_020,SUP_044,1107.05,10,398
PRD_4913,ValueMart Trash Bag Classic 12pcs,CAT_020,SUP_163,211.72,13,953
PRD_4914,NutriMax Tissue Roll Lite 500g,CAT_020,SUP_063,594.23,18,
PRD_4915,HappyHome Storage Bag Plus 500ml,CAT_020,SUP_178,750.61,76,
PRD_4916,FreshCo Tissue Roll Classic 1kg,CAT_020,SUP_084,461.35,71,1318
PRD_4917,QuickNest Foil Pack Fresh 500g,CAT_020,SUP_159,1055.89,76,
PRD_4918,GoodStore Foil Pack Classic 12pcs,CAT_020,SUP_062,1193.8,24,1420
PRD_4919,GoodStore Storage Bag Lite 12pcs,CAT_020,SUP_062,775.65,13,1162
PRD_4920,ComfortLine Batteries Daily 250g,CAT_020,SUP_045,241.83,30,917
PRD_4921,DailyDrop Light Bulb Max 100g,CAT_020,SUP_076,777.32,28,1107
PRD_4922,KitchenPro Light Bulb Max 250g,CAT_020,SUP_045,661.88,72,768
PRD_4923,CarePlus Batteries Lite 500g,CAT_020,SUP_098,1173.3,40,
PRD_4924,HappyHome Light Bulb Daily 500ml,CAT_020,SUP_159,685.15,29,1015
PRD_4925,HappyHome Batteries Max 500g,CAT_020,SUP_092,34.11,53,1470
PRD_4926,UrbanBasket Trash Bag Regular 500ml,CAT_020,SUP_145,265,43,931
PRD_4927,GoodStore Tissue Roll Plus 24pcs,CAT_020,SUP_043,386.77,10,620
PRD_4928,MunchTime Batteries Family Pack 200g,CAT_020,SUP_092,522.03,18,1227
PRD_4929,SmartLife Light Bulb Premium 24pcs,CAT_020,SUP_195,334.66,61,510
PRD_4930,HappyHome Tissue Roll Fresh 250g,CAT_020,SUP_021,772.29,42,624
PRD_4931,HappyHome Foil Pack Daily 500g,CAT_020,SUP_114,530.4,61,629
PRD_4932,GoodStore Tissue Roll Family Pack 500ml,CAT_020,SUP_015,1145.68,17,
PRD_4933,MunchTime Foil Pack Daily 12pcs,CAT_020,SUP_044,528.42,72,1477
PRD_4934,FamilyChoice Tissue Roll Regular 200ml,CAT_020,SUP_047,685.81,51,492
PRD_4935,FreshCo Trash Bag Max 2kg,CAT_020,SUP_111,636.43,35,937
PRD_4936,SwiftCart Batteries Classic 6pcs,CAT_020,SUP_092,506.58,76,1314
PRD_4937,NutriMax Trash Bag Lite 1L,CAT_020,SUP_195,194.18,69,915
PRD_4938,GoodStore Trash Bag Premium 500ml,CAT_020,SUP_098,317.93,30,1180
PRD_4939,QuickNest Trash Bag Premium 500g,CAT_020,SUP_106,223.99,45,1028
PRD_4940,MunchTime Foil Pack Max 1L,CAT_020,SUP_128,1169.5,30,1022
PRD_4941,SwiftCart Batteries Fresh 200ml,CAT_020,SUP_047,934.58,15,535
PRD_4942,NutriMax Tissue Roll Plus 1L,CAT_020,SUP_136,476.44,17,1289
PRD_4943,CarePlus Light Bulb Value Pack 500ml,CAT_020,SUP_015,344.43,67,808
PRD_4944,HealthySip Trash Bag Classic 250g,CAT_020,SUP_047,147.65,40,398
PRD_4945,PrimePick Trash Bag Plus 12pcs,CAT_020,SUP_076,346.39,76,970
PRD_4946,GlowCare Storage Bag Plus 500ml,CAT_020,SUP_045,326.54,16,1080
PRD_4947,ComfortLine Foil Pack Daily 1kg,CAT_020,SUP_157,253.8,24,489
PRD_4948,PrimePick Tissue Roll Max 1kg,CAT_020,SUP_178,34.8,12,969
PRD_4949,ComfortLine Storage Bag Daily 500ml,CAT_020,SUP_136,916.95,15,1309
PRD_4950,PureLeaf Foil Pack Family Pack 1kg,CAT_020,SUP_106,351.03,29,569
PRD_4951,KitchenPro Storage Bag Classic 6pcs,CAT_020,SUP_045,1039.13,54,1188
PRD_4952,SmartLife Batteries Daily 250g,CAT_020,SUP_098,913.57,54,532
PRD_4953,FreshCo Light Bulb Value Pack 200ml,CAT_020,SUP_145,1173.55,38,1327
PRD_4954,PrimePick Batteries Daily 24pcs,CAT_020,SUP_092,442,75,1314
PRD_4955,EliteOne Batteries Premium 750g,CAT_020,SUP_045,926.48,58,908
PRD_4956,EliteOne Batteries Plus 1L,CAT_020,SUP_111,691.71,10,
PRD_4957,GoodStore Tissue Roll Fresh 100g,CAT_020,SUP_021,1093.58,80,441
PRD_4958,MunchTime Light Bulb Max 750g,CAT_020,SUP_008,67.52,23,713
PRD_4959,NutriMax Light Bulb Daily 6pcs,CAT_020,SUP_098,433.08,33,502
PRD_4960,SmartLife Light Bulb Value Pack 2kg,CAT_020,SUP_181,640.83,23,
PRD_4961,HappyHome Light Bulb Daily 24pcs,CAT_020,SUP_021,796.13,32,1203
PRD_4962,SmartLife Light Bulb Plus 200g,CAT_020,SUP_096,80.77,75,1211
PRD_4963,SmartLife Foil Pack Fresh 200ml,CAT_020,SUP_128,675.64,61,
PRD_4964,PureLeaf Trash Bag Plus 500g,CAT_020,SUP_044,266.9,73,
PRD_4965,GoodStore Light Bulb Fresh 24pcs,CAT_020,SUP_026,747.75,11,945
PRD_4966,SmartLife Batteries Daily 24pcs,CAT_020,SUP_063,794.95,77,1347
PRD_4967,QuickNest Tissue Roll Regular 750g,CAT_020,SUP_195,35.01,22,941
PRD_4968,ValueMart Light Bulb Fresh 6pcs,CAT_020,SUP_021,428.76,36,443
PRD_4969,FreshCo Batteries Lite 1kg,CAT_020,SUP_026,660.86,57,1117
PRD_4970,ValueMart Tissue Roll Lite 2kg,CAT_020,SUP_128,1111.75,77,536
PRD_4971,DailyDrop Batteries Plus 2kg,CAT_020,SUP_012,32.19,47,758
PRD_4972,ComfortLine Light Bulb Classic 100g,CAT_020,SUP_157,149.54,15,612
PRD_4973,ValueMart Light Bulb Fresh 750g,CAT_020,SUP_157,338.91,24,805
PRD_4974,NutriMax Storage Bag Premium 500ml,CAT_020,SUP_045,659.05,65,371
PRD_4975,FreshCo Foil Pack Fresh 500ml,CAT_020,SUP_136,270.56,73,1494
PRD_4976,HappyHome Light Bulb Classic 6pcs,CAT_020,SUP_084,840.59,22,479
PRD_4977,SmartLife Batteries Fresh 6pcs,CAT_020,SUP_063,879.25,66,746
PRD_4978,ComfortLine Foil Pack Max 1L,CAT_020,SUP_008,367.92,63,639
PRD_4979,SwiftCart Trash Bag Regular 500ml,CAT_020,SUP_092,677.55,78,408
PRD_4980,FreshCo Foil Pack Max 250g,CAT_020,SUP_021,248.6,71,898
PRD_4981,FreshCo Storage Bag Classic 100g,CAT_020,SUP_178,700.12,49,601
PRD_4982,NutriMax Tissue Roll Plus 12pcs,CAT_020,SUP_045,619.89,63,402
PRD_4983,GlowCare Trash Bag Daily 200g,CAT_020,SUP_159,1184.19,23,
PRD_4984,NutriMax Light Bulb Family Pack 6pcs,CAT_020,SUP_195,387.7,47,812
PRD_4985,GlowCare Storage Bag Premium 750g,CAT_020,SUP_063,494.4,79,1453
PRD_4986,EliteOne Storage Bag Max 500g,CAT_020,SUP_063,1024.47,24,590
PRD_4987,SmartLife Trash Bag Max 2kg,CAT_020,SUP_136,209.13,76,657
PRD_4988,FamilyChoice Tissue Roll Max 24pcs,CAT_020,SUP_062,446.98,47,1133
PRD_4989,FreshCo Trash Bag Premium 6pcs,CAT_020,SUP_038,616.01,28,1440
PRD_4990,ValueMart Batteries Classic 2kg,CAT_020,SUP_195,287.12,64,1402
PRD_4991,HappyHome Tissue Roll Regular 2kg,CAT_020,SUP_159,1030.74,36,1477
PRD_4992,SwiftCart Trash Bag Family Pack 100g,CAT_020,SUP_008,1017.97,57,1394
PRD_4993,SmartLife Storage Bag Lite 750g,CAT_020,SUP_106,599.03,61,1173
PRD_4994,DailyDrop Light Bulb Max 2kg,CAT_020,SUP_008,808.14,11,1147
PRD_4995,PureLeaf Trash Bag Fresh 2kg,CAT_020,SUP_159,451.64,37,449
PRD_4996,NutriMax Batteries Value Pack 250g,CAT_020,SUP_128,1178.84,19,1118
PRD_4997,GlowCare Tissue Roll Lite 250g,CAT_020,SUP_026,1079.73,37,
PRD_4998,NutriMax Storage Bag Daily 1L,CAT_020,SUP_092,303.87,77,918
PRD_4999,PrimePick Batteries Plus 1kg,CAT_020,SUP_045,158.03,32,1174
PRD_5000,ValueMart Foil Pack Premium 250g,CAT_020,SUP_106,998.11,18,1351
