po_id,product_id,supplier_id,warehouse_id,order_date,expected_date,received_date,order_qty,received_qty
PO_00001,PRD_4743,SUP_085,WH_073,2022-08-24,2022-08-26,2022-08-26,125,125.0
PO_00002,PRD_2128,SUP_122,WH_017,2023-02-12,2023-02-16,2023-02-23,445,445.0
PO_00003,PRD_3471,SUP_051,WH_046,2024-12-20,2024-12-27,2024-12-27,354,354.0
PO_00004,PRD_3849,SUP_045,WH_007,2024-03-07,2024-03-21,2024-03-21,260,260.0
PO_00005,PRD_1475,SUP_200,WH_037,2025-06-15,2025-06-19,2025-06-19,92,71.0
PO_00006,PRD_2805,SUP_033,WH_047,2022-02-07,2022-02-21,2022-02-21,242,242.0
PO_00007,PRD_0726,SUP_012,WH_047,2023-05-04,2023-05-17,2023-05-17,192,192.0
PO_00008,PRD_2139,SUP_149,WH_030,2024-10-13,2024-10-20,2024-10-20,489,489.0
PO_00009,PRD_3104,SUP_148,WH_045,2025-12-23,2025-12-26,2025-12-26,165,165.0
PO_00010,PRD_1827,SUP_084,WH_037,2024-02-22,2024-02-23,2024-02-28,148,148.0
PO_00011,PRD_0458,SUP_175,WH_060,2025-01-07,2025-01-11,2025-01-11,102,102.0
PO_00012,PRD_0165,SUP_126,WH_054,2022-05-17,2022-05-20,2022-05-20,93,93.0
PO_00013,PRD_1961,SUP_006,WH_076,2025-08-14,2025-08-28,2025-08-28,473,473.0
PO_00014,PRD_1956,SUP_043,WH_042,2022-12-12,2022-12-21,2022-12-21,209,209.0
PO_00015,PRD_2208,SUP_063,WH_042,2025-10-12,2025-10-23,2025-10-23,337,337.0
PO_00016,PRD_1715,SUP_033,WH_016,2022-12-26,2023-01-09,2023-01-13,185,127.0
PO_00017,PRD_0826,SUP_160,WH_010,2023-03-11,2023-03-16,2023-03-21,308,308.0
PO_00018,PRD_1247,SUP_017,WH_013,2025-12-14,2025-12-17,2025-12-17,384,384.0
PO_00019,PRD_2617,SUP_071,WH_033,2023-12-14,2023-12-24,2023-12-24,441,441.0
PO_00020,PRD_4536,SUP_004,WH_065,2023-05-23,2023-06-05,,180,
PO_00021,PRD_4782,SUP_163,WH_028,2023-04-11,2023-04-18,2023-04-18,137,137.0
PO_00022,PRD_3734,SUP_193,WH_007,2023-04-06,2023-04-08,2023-04-08,270,270.0
PO_00023,PRD_0232,SUP_086,WH_057,2022-04-05,2022-04-07,2022-04-14,98,98.0
PO_00024,PRD_0164,SUP_028,WH_052,2025-01-23,2025-02-04,2025-02-04,253,253.0
PO_00025,PRD_1781,SUP_067,WH_024,2022-02-11,2022-02-15,2022-02-15,181,134.0
PO_00026,PRD_2092,SUP_028,WH_026,2025-04-17,2025-04-29,,223,
PO_00027,PRD_1065,SUP_177,WH_055,2022-03-06,2022-03-07,2022-03-07,119,100.0
PO_00028,PRD_4064,SUP_169,WH_078,2024-02-21,2024-02-25,2024-02-25,226,226.0
PO_00029,PRD_4023,SUP_197,WH_006,2025-07-10,2025-07-19,2025-07-19,45,45.0
PO_00030,PRD_1980,SUP_095,WH_057,2024-02-02,2024-02-04,2024-02-04,498,498.0
PO_00031,PRD_4053,SUP_139,WH_043,2024-12-15,2024-12-16,2024-12-19,447,447.0
PO_00032,PRD_1564,SUP_140,WH_080,2025-04-14,2025-04-25,2025-04-25,408,408.0
PO_00033,PRD_1599,SUP_087,WH_050,2024-11-17,2024-11-29,2024-11-29,400,355.0
PO_00034,PRD_4254,SUP_039,WH_039,2022-12-08,2022-12-15,,226,
PO_00035,PRD_2966,SUP_021,WH_036,2022-02-21,2022-03-03,2022-03-03,456,456.0
PO_00036,PRD_4803,SUP_157,WH_070,2022-05-24,2022-05-25,2022-05-25,357,357.0
PO_00037,PRD_2969,SUP_062,WH_058,2025-08-12,2025-08-20,2025-08-20,468,468.0
PO_00038,PRD_1259,SUP_192,WH_068,2025-05-26,2025-05-28,2025-05-31,203,203.0
PO_00039,PRD_4954,SUP_092,WH_003,2022-07-20,2022-07-21,2022-07-25,205,205.0
PO_00040,PRD_2883,SUP_183,WH_014,2022-06-20,2022-07-04,,356,
PO_00041,PRD_2587,SUP_188,WH_078,2024-08-11,2024-08-20,,32,
PO_00042,PRD_4730,SUP_121,WH_041,2022-03-26,2022-03-29,2022-04-03,135,135.0
PO_00043,PRD_3657,SUP_011,WH_070,2023-09-05,2023-09-16,2023-09-16,42,42.0
PO_00044,PRD_0810,SUP_080,WH_047,2024-01-22,2024-01-23,2024-01-23,144,144.0
PO_00045,PRD_1582,SUP_098,WH_027,2023-01-06,2023-01-16,,225,
PO_00046,PRD_0579,SUP_028,WH_058,2022-08-05,2022-08-17,2022-08-17,138,138.0
PO_00047,PRD_0584,SUP_153,WH_028,2023-09-20,2023-09-24,2023-09-24,411,411.0
PO_00048,PRD_2700,SUP_095,WH_050,2025-11-25,2025-11-27,2025-11-27,346,346.0
PO_00049,PRD_3466,SUP_176,WH_013,2025-07-02,2025-07-13,2025-07-13,60,60.0
PO_00050,PRD_0415,SUP_028,WH_019,2025-05-10,2025-05-22,,326,
PO_00051,PRD_0923,SUP_187,WH_003,2025-10-02,2025-10-05,,38,
PO_00052,PRD_0168,SUP_071,WH_006,2023-12-17,2023-12-27,2023-12-31,37,37.0
PO_00053,PRD_2521,SUP_148,WH_079,2022-06-04,2022-06-07,2022-06-07,387,387.0
PO_00054,PRD_4275,SUP_024,WH_060,2023-10-20,2023-10-29,2023-11-01,473,395.0
PO_00055,PRD_0989,SUP_160,WH_017,2022-05-27,2022-06-01,2022-06-01,169,169.0
PO_00056,PRD_0438,SUP_059,WH_054,2025-04-19,2025-04-22,2025-04-24,432,432.0
PO_00057,PRD_0023,SUP_185,WH_043,2023-06-09,2023-06-23,2023-06-23,224,224.0
PO_00058,PRD_3139,SUP_156,WH_077,2024-09-22,2024-09-24,2024-09-30,453,453.0
PO_00059,PRD_3832,SUP_024,WH_074,2024-02-17,2024-02-26,2024-02-26,400,400.0
PO_00060,PRD_4080,SUP_197,WH_037,2023-12-08,2023-12-17,2023-12-17,435,435.0
PO_00061,PRD_1535,SUP_125,WH_023,2024-06-08,2024-06-12,2024-06-12,393,393.0
PO_00062,PRD_3898,SUP_027,WH_041,2023-08-19,2023-08-31,2023-09-07,66,57.0
PO_00063,PRD_2851,SUP_149,WH_021,2023-04-23,2023-04-30,2023-04-30,410,410.0
PO_00064,PRD_1691,SUP_123,WH_069,2022-02-27,2022-03-11,2022-03-11,469,469.0
PO_00065,PRD_0216,SUP_012,WH_057,2023-09-07,2023-09-20,2023-09-20,169,169.0
PO_00066,PRD_0795,SUP_111,WH_040,2022-08-12,2022-08-14,2022-08-14,229,229.0
PO_00067,PRD_4987,SUP_136,WH_035,2025-03-16,2025-03-23,,147,
PO_00068,PRD_0943,SUP_177,WH_076,2023-01-12,2023-01-13,2023-01-13,43,43.0
PO_00069,PRD_2214,SUP_176,WH_041,2023-11-11,2023-11-22,2023-11-22,124,124.0
PO_00070,PRD_3149,SUP_078,WH_023,2023-09-21,2023-09-22,2023-09-22,59,59.0
PO_00071,PRD_4530,SUP_102,WH_036,2022-01-12,2022-01-19,2022-01-23,84,84.0
PO_00072,PRD_1156,SUP_173,WH_064,2023-01-12,2023-01-13,2023-01-13,472,472.0
PO_00073,PRD_2907,SUP_089,WH_058,2023-04-24,2023-05-01,2023-05-01,254,254.0
PO_00074,PRD_3392,SUP_176,WH_068,2023-02-19,2023-03-02,2023-03-02,133,133.0
PO_00075,PRD_0482,SUP_171,WH_042,2025-05-15,2025-05-21,,156,
PO_00076,PRD_0900,SUP_184,WH_070,2024-08-23,2024-08-26,2024-08-28,302,188.0
PO_00077,PRD_0972,SUP_111,WH_004,2022-11-21,2022-11-23,,262,
PO_00078,PRD_1569,SUP_087,WH_012,2025-07-01,2025-07-13,2025-07-13,86,86.0
PO_00079,PRD_1070,SUP_122,WH_003,2025-07-13,2025-07-17,2025-07-17,55,55.0
PO_00080,PRD_2244,SUP_174,WH_036,2024-10-10,2024-10-18,2024-10-18,313,313.0
PO_00081,PRD_3520,SUP_139,WH_010,2025-07-08,2025-07-09,2025-07-09,289,289.0
PO_00082,PRD_3762,SUP_172,WH_049,2025-07-18,2025-07-26,2025-07-26,443,443.0
PO_00083,PRD_2728,SUP_057,WH_007,2022-09-22,2022-09-27,2022-09-27,258,258.0
PO_00084,PRD_0013,SUP_024,WH_011,2025-09-17,2025-09-26,2025-09-29,151,151.0
PO_00085,PRD_3048,SUP_164,WH_044,2022-04-13,2022-04-22,2022-04-22,386,386.0
PO_00086,PRD_3781,SUP_027,WH_048,2022-01-03,2022-01-15,2022-01-15,60,60.0
PO_00087,PRD_3235,SUP_030,WH_047,2025-07-21,2025-08-02,2025-08-02,62,62.0
PO_00088,PRD_1141,SUP_194,WH_076,2023-04-21,2023-04-27,2023-04-27,171,171.0
PO_00089,PRD_2465,SUP_167,WH_011,2022-10-18,2022-10-21,2022-10-21,191,191.0
PO_00090,PRD_3549,SUP_113,WH_067,2024-05-12,2024-05-18,2024-05-18,238,147.0
PO_00091,PRD_1245,SUP_139,WH_031,2022-03-01,2022-03-02,2022-03-02,178,178.0
PO_00092,PRD_2433,SUP_097,WH_055,2024-02-10,2024-02-22,2024-02-22,330,330.0
PO_00093,PRD_2545,SUP_175,WH_063,2025-03-19,2025-03-23,2025-03-23,484,484.0
PO_00094,PRD_0801,SUP_076,WH_049,2024-12-08,2024-12-10,2024-12-10,67,67.0
PO_00095,PRD_3792,SUP_133,WH_029,2025-11-16,2025-11-25,2025-11-25,455,455.0
PO_00096,PRD_2638,SUP_105,WH_027,2022-04-10,2022-04-21,2022-04-21,392,392.0
PO_00097,PRD_1351,SUP_062,WH_070,2024-06-09,2024-06-17,2024-06-17,172,172.0
PO_00098,PRD_4327,SUP_128,WH_009,2025-10-18,2025-10-21,2025-10-21,447,447.0
PO_00099,PRD_1221,SUP_055,WH_075,2023-10-17,2023-10-26,2023-10-28,63,63.0
PO_00100,PRD_3096,SUP_048,WH_015,2023-06-11,2023-06-24,2023-06-24,481,397.0
PO_00101,PRD_0914,SUP_105,WH_007,2023-01-17,2023-01-28,2023-01-28,484,417.0
PO_00102,PRD_4948,SUP_178,WH_007,2023-10-14,2023-10-22,,244,
PO_00103,PRD_1805,SUP_117,WH_056,2023-02-20,2023-03-04,2023-03-04,243,243.0
PO_00104,PRD_2717,SUP_172,WH_074,2024-04-05,2024-04-13,,295,
PO_00105,PRD_0481,SUP_140,WH_035,2024-03-04,2024-03-15,2024-03-22,345,345.0
PO_00106,PRD_4704,SUP_082,WH_061,2025-08-15,2025-08-16,2025-08-16,121,121.0
PO_00107,PRD_1661,SUP_002,WH_014,2022-08-06,2022-08-07,,132,
PO_00108,PRD_4870,SUP_043,WH_074,2025-11-01,2025-11-10,2025-11-10,481,481.0
PO_00109,PRD_0265,SUP_042,WH_073,2022-10-10,2022-10-11,2022-10-11,361,361.0
PO_00110,PRD_0399,SUP_193,WH_071,2025-09-04,2025-09-06,2025-09-06,446,446.0
PO_00111,PRD_0568,SUP_199,WH_020,2024-09-12,2024-09-13,2024-09-21,256,256.0
PO_00112,PRD_4189,SUP_156,WH_029,2025-08-01,2025-08-03,2025-08-09,173,173.0
PO_00113,PRD_4015,SUP_001,WH_070,2024-09-24,2024-10-01,2024-10-01,373,373.0
PO_00114,PRD_3706,SUP_148,WH_073,2022-11-04,2022-11-07,2022-11-07,91,91.0
PO_00115,PRD_1255,SUP_161,WH_033,2022-12-03,2022-12-08,2022-12-08,236,236.0
PO_00116,PRD_3304,SUP_140,WH_068,2024-01-23,2024-02-03,,443,
PO_00117,PRD_3209,SUP_051,WH_069,2023-04-04,2023-04-11,2023-04-11,474,474.0
PO_00118,PRD_3662,SUP_037,WH_033,2024-10-06,2024-10-18,2024-10-18,242,242.0
PO_00119,PRD_1920,SUP_067,WH_002,2025-05-10,2025-05-14,2025-05-14,103,103.0
PO_00120,PRD_4669,SUP_099,WH_057,2022-04-06,2022-04-12,2022-04-15,274,274.0
PO_00121,PRD_3999,SUP_160,WH_043,2023-07-09,2023-07-14,2023-07-14,159,159.0
PO_00122,PRD_0948,SUP_081,WH_025,2024-11-26,2024-12-04,2024-12-04,69,69.0
PO_00123,PRD_1771,SUP_035,WH_050,2024-02-16,2024-02-26,2024-02-26,60,51.0
PO_00124,PRD_0720,SUP_176,WH_009,2025-01-13,2025-01-24,2025-01-24,439,439.0
PO_00125,PRD_4276,SUP_063,WH_009,2022-12-02,2022-12-13,2022-12-13,388,388.0
PO_00126,PRD_4381,SUP_097,WH_024,2024-02-26,2024-03-09,2024-03-09,217,217.0
PO_00127,PRD_3324,SUP_009,WH_040,2022-12-01,2022-12-08,2022-12-08,354,354.0
PO_00128,PRD_0976,SUP_187,WH_031,2024-12-10,2024-12-13,2024-12-13,409,409.0
PO_00129,PRD_2672,SUP_091,WH_008,2022-06-08,2022-06-09,,281,
PO_00130,PRD_4653,SUP_018,WH_036,2024-05-27,2024-06-02,,487,
PO_00131,PRD_1374,SUP_017,WH_028,2022-11-09,2022-11-12,2022-11-12,497,497.0
PO_00132,PRD_4670,SUP_082,WH_053,2023-11-06,2023-11-07,2023-11-07,456,456.0
PO_00133,PRD_4413,SUP_035,WH_011,2024-11-24,2024-12-04,2024-12-04,216,197.0
PO_00134,PRD_0514,SUP_153,WH_047,2025-08-25,2025-08-29,2025-09-05,251,251.0
PO_00135,PRD_1977,SUP_011,WH_049,2024-09-15,2024-09-26,2024-09-26,300,300.0
PO_00136,PRD_0216,SUP_012,WH_036,2025-07-23,2025-08-05,2025-08-05,20,20.0
PO_00137,PRD_2490,SUP_055,WH_056,2024-07-15,2024-07-24,2024-07-24,253,253.0
PO_00138,PRD_2145,SUP_200,WH_008,2023-12-17,2023-12-21,2023-12-21,221,221.0
PO_00139,PRD_4476,SUP_119,WH_009,2022-10-08,2022-10-14,2022-10-14,76,76.0
PO_00140,PRD_1825,SUP_047,WH_079,2024-11-18,2024-11-22,,448,
PO_00141,PRD_2089,SUP_056,WH_020,2025-11-23,2025-12-07,2025-12-07,417,417.0
PO_00142,PRD_0763,SUP_001,WH_010,2025-11-13,2025-11-20,2025-11-20,483,483.0
PO_00143,PRD_3556,SUP_069,WH_069,2022-08-12,2022-08-26,2022-08-26,284,182.0
PO_00144,PRD_4101,SUP_156,WH_055,2022-08-18,2022-08-20,2022-08-20,331,294.0
PO_00145,PRD_3464,SUP_009,WH_067,2024-02-24,2024-03-02,2024-03-06,123,123.0
PO_00146,PRD_2388,SUP_080,WH_040,2025-05-09,2025-05-10,2025-05-10,36,36.0
PO_00147,PRD_3496,SUP_079,WH_050,2022-05-14,2022-05-19,2022-05-20,496,496.0
PO_00148,PRD_3823,SUP_042,WH_020,2024-06-20,2024-06-21,,436,
PO_00149,PRD_4992,SUP_008,WH_036,2022-10-12,2022-10-19,2022-10-25,371,291.0
PO_00150,PRD_3841,SUP_042,WH_007,2024-07-07,2024-07-08,2024-07-08,460,295.0
PO_00151,PRD_4251,SUP_127,WH_045,2025-05-12,2025-05-22,2025-05-22,305,305.0
PO_00152,PRD_0096,SUP_126,WH_033,2022-02-20,2022-02-23,2022-02-23,252,252.0
PO_00153,PRD_4829,SUP_047,WH_042,2023-06-23,2023-06-27,2023-06-27,344,328.0
PO_00154,PRD_0056,SUP_155,WH_005,2024-02-07,2024-02-08,2024-02-08,232,232.0
PO_00155,PRD_2995,SUP_142,WH_009,2022-04-09,2022-04-18,2022-04-18,370,370.0
PO_00156,PRD_3389,SUP_177,WH_012,2025-11-07,2025-11-08,2025-11-08,168,168.0
PO_00157,PRD_4988,SUP_062,WH_056,2022-12-21,2022-12-29,,34,
PO_00158,PRD_1459,SUP_105,WH_020,2025-04-12,2025-04-23,2025-04-23,472,472.0
PO_00159,PRD_3836,SUP_148,WH_054,2025-05-14,2025-05-17,2025-05-17,407,407.0
PO_00160,PRD_4998,SUP_092,WH_035,2024-04-22,2024-04-23,2024-04-23,452,452.0
PO_00161,PRD_4146,SUP_142,WH_028,2025-01-06,2025-01-15,2025-01-23,59,59.0
PO_00162,PRD_4908,SUP_106,WH_074,2025-08-14,2025-08-15,2025-08-20,149,135.0
PO_00163,PRD_3306,SUP_105,WH_030,2023-03-14,2023-03-25,2023-03-30,346,346.0
PO_00164,PRD_1097,SUP_163,WH_019,2022-01-24,2022-01-31,2022-01-31,135,135.0
PO_00165,PRD_3879,SUP_196,WH_008,2022-10-11,2022-10-24,,232,
PO_00166,PRD_4355,SUP_058,WH_042,2025-01-21,2025-01-22,2025-01-22,76,76.0
PO_00167,PRD_1356,SUP_020,WH_055,2025-08-06,2025-08-08,2025-08-08,191,191.0
PO_00168,PRD_2953,SUP_116,WH_048,2022-04-06,2022-04-15,2022-04-15,470,470.0
PO_00169,PRD_2098,SUP_095,WH_069,2023-09-21,2023-09-23,2023-09-23,46,44.0
PO_00170,PRD_4282,SUP_130,WH_001,2022-06-24,2022-06-28,2022-07-03,115,115.0
PO_00171,PRD_2777,SUP_063,WH_062,2024-12-02,2024-12-13,2024-12-13,112,112.0
PO_00172,PRD_0817,SUP_032,WH_048,2024-05-27,2024-06-10,2024-06-10,261,247.0
PO_00173,PRD_4471,SUP_031,WH_047,2023-11-07,2023-11-11,2023-11-11,259,259.0
PO_00174,PRD_2036,SUP_052,WH_021,2025-03-11,2025-03-17,2025-03-17,103,103.0
PO_00175,PRD_2963,SUP_088,WH_002,2025-06-19,2025-06-25,2025-06-25,446,446.0
PO_00176,PRD_4055,SUP_080,WH_032,2023-09-12,2023-09-13,2023-09-18,131,131.0
PO_00177,PRD_1367,SUP_074,WH_041,2023-10-02,2023-10-16,2023-10-19,305,305.0
PO_00178,PRD_1806,SUP_119,WH_019,2024-04-25,2024-05-01,2024-05-01,428,428.0
PO_00179,PRD_1186,SUP_131,WH_013,2025-06-10,2025-06-17,2025-06-17,48,48.0
PO_00180,PRD_3954,SUP_027,WH_074,2022-07-05,2022-07-17,2022-07-17,192,192.0
PO_00181,PRD_3582,SUP_127,WH_022,2022-09-23,2022-10-03,2022-10-03,450,450.0
PO_00182,PRD_1825,SUP_047,WH_048,2025-01-20,2025-01-24,2025-01-30,239,239.0
PO_00183,PRD_2122,SUP_186,WH_042,2024-01-10,2024-01-19,2024-01-19,311,311.0
PO_00184,PRD_0363,SUP_046,WH_040,2024-02-12,2024-02-21,2024-02-21,402,247.0
PO_00185,PRD_2398,SUP_145,WH_006,2024-06-09,2024-06-16,2024-06-16,270,270.0
PO_00186,PRD_1305,SUP_143,WH_067,2023-06-13,2023-06-22,2023-06-22,222,222.0
PO_00187,PRD_2846,SUP_089,WH_067,2023-06-19,2023-06-26,2023-06-26,25,23.0
PO_00188,PRD_1551,SUP_123,WH_058,2023-12-11,2023-12-23,2023-12-25,214,214.0
PO_00189,PRD_1289,SUP_164,WH_047,2025-03-15,2025-03-24,2025-03-24,207,207.0
PO_00190,PRD_1783,SUP_120,WH_049,2024-05-05,2024-05-18,2024-05-20,277,203.0
PO_00191,PRD_2885,SUP_135,WH_069,2023-06-07,2023-06-15,2023-06-20,499,499.0
PO_00192,PRD_3425,SUP_051,WH_019,2025-10-20,2025-10-27,2025-10-27,304,304.0
PO_00193,PRD_0678,SUP_008,WH_053,2024-01-20,2024-01-27,2024-01-27,70,70.0
PO_00194,PRD_0165,SUP_126,WH_009,2025-05-23,2025-05-26,2025-05-29,134,134.0
PO_00195,PRD_1112,SUP_044,WH_058,2024-06-26,2024-07-07,2024-07-07,199,199.0
PO_00196,PRD_1762,SUP_152,WH_039,2025-03-05,2025-03-14,2025-03-14,308,308.0
PO_00197,PRD_2340,SUP_095,WH_057,2023-01-24,2023-01-26,2023-01-26,179,179.0
PO_00198,PRD_3111,SUP_142,WH_070,2024-01-06,2024-01-15,2024-01-15,277,277.0
PO_00199,PRD_1733,SUP_035,WH_063,2025-01-10,2025-01-20,2025-01-25,248,248.0
PO_00200,PRD_4835,SUP_076,WH_076,2023-12-05,2023-12-07,2023-12-07,241,158.0
PO_00201,PRD_0255,SUP_058,WH_043,2024-04-18,2024-04-19,,336,
PO_00202,PRD_2034,SUP_006,WH_065,2024-05-27,2024-06-10,2024-06-15,185,185.0
PO_00203,PRD_4512,SUP_018,WH_010,2025-09-11,2025-09-17,2025-09-17,141,141.0
PO_00204,PRD_1827,SUP_084,WH_079,2025-07-25,2025-07-26,2025-07-26,175,175.0
PO_00205,PRD_3711,SUP_007,WH_047,2024-12-27,2025-01-01,2025-01-01,219,219.0
PO_00206,PRD_3988,SUP_023,WH_050,2025-03-01,2025-03-15,2025-03-15,384,384.0
PO_00207,PRD_0933,SUP_187,WH_021,2025-04-25,2025-04-28,2025-04-28,48,48.0
PO_00208,PRD_1268,SUP_020,WH_022,2025-06-03,2025-06-05,2025-06-12,278,278.0
PO_00209,PRD_1684,SUP_138,WH_036,2023-05-03,2023-05-11,2023-05-11,319,319.0
PO_00210,PRD_2203,SUP_089,WH_017,2025-01-11,2025-01-18,2025-01-18,188,188.0
PO_00211,PRD_3168,SUP_039,WH_016,2024-12-05,2024-12-12,2024-12-20,190,176.0
PO_00212,PRD_0616,SUP_187,WH_072,2024-10-09,2024-10-12,2024-10-12,103,103.0
PO_00213,PRD_0364,SUP_159,WH_056,2022-12-11,2022-12-23,2022-12-23,232,232.0
PO_00214,PRD_1659,SUP_008,WH_078,2024-07-15,2024-07-22,2024-07-22,228,228.0
PO_00215,PRD_0303,SUP_175,WH_050,2025-03-20,2025-03-24,2025-03-24,333,333.0
PO_00216,PRD_4250,SUP_127,WH_020,2024-04-11,2024-04-21,2024-04-21,266,252.0
PO_00217,PRD_1194,SUP_162,WH_075,2025-07-20,2025-07-31,2025-07-31,105,105.0
PO_00218,PRD_0121,SUP_164,WH_040,2025-10-14,2025-10-23,2025-10-23,183,183.0
PO_00219,PRD_3058,SUP_048,WH_064,2022-01-23,2022-02-05,2022-02-05,389,323.0
PO_00220,PRD_0469,SUP_020,WH_032,2022-03-08,2022-03-10,2022-03-10,37,37.0
PO_00221,PRD_0103,SUP_040,WH_047,2023-04-06,2023-04-20,2023-04-20,77,77.0
PO_00222,PRD_3402,SUP_105,WH_023,2024-02-25,2024-03-07,2024-03-07,399,352.0
PO_00223,PRD_4762,SUP_045,WH_050,2022-07-27,2022-08-10,2022-08-10,214,200.0
PO_00224,PRD_1756,SUP_165,WH_041,2023-02-23,2023-03-04,2023-03-08,103,103.0
PO_00225,PRD_4772,SUP_077,WH_001,2024-05-17,2024-05-20,2024-05-20,406,406.0
PO_00226,PRD_4215,SUP_062,WH_067,2024-09-09,2024-09-17,2024-09-17,170,170.0
PO_00227,PRD_4304,SUP_031,WH_009,2022-04-09,2022-04-13,2022-04-18,473,473.0
PO_00228,PRD_3772,SUP_167,WH_013,2023-02-03,2023-02-06,2023-02-06,298,298.0
PO_00229,PRD_1674,SUP_125,WH_052,2024-04-07,2024-04-11,2024-04-15,208,208.0
PO_00230,PRD_3392,SUP_176,WH_066,2025-05-17,2025-05-28,2025-05-29,262,262.0
PO_00231,PRD_4575,SUP_112,WH_065,2025-12-21,2025-12-27,2025-12-27,34,34.0
PO_00232,PRD_2229,SUP_031,WH_027,2023-10-15,2023-10-19,2023-10-19,478,478.0
PO_00233,PRD_0926,SUP_054,WH_026,2025-01-14,2025-01-25,2025-01-29,174,174.0
PO_00234,PRD_4050,SUP_200,WH_064,2023-08-20,2023-08-24,2023-08-24,149,149.0
PO_00235,PRD_4580,SUP_087,WH_029,2025-01-24,2025-02-05,2025-02-05,156,111.0
PO_00236,PRD_4812,SUP_044,WH_010,2023-08-09,2023-08-20,2023-08-20,147,147.0
PO_00237,PRD_2494,SUP_098,WH_030,2025-08-14,2025-08-24,2025-08-24,453,453.0
PO_00238,PRD_1972,SUP_120,WH_006,2023-10-20,2023-11-02,2023-11-02,212,212.0
PO_00239,PRD_4670,SUP_082,WH_063,2025-03-20,2025-03-21,2025-03-21,351,351.0
PO_00240,PRD_4200,SUP_069,WH_034,2023-12-07,2023-12-21,2023-12-23,432,432.0
PO_00241,PRD_4556,SUP_020,WH_005,2024-07-23,2024-07-25,2024-07-30,96,96.0
PO_00242,PRD_3871,SUP_011,WH_036,2024-09-20,2024-10-01,2024-10-01,359,359.0
PO_00243,PRD_1872,SUP_160,WH_014,2022-11-06,2022-11-11,2022-11-18,217,217.0
PO_00244,PRD_2923,SUP_189,WH_080,2022-10-26,2022-11-08,2022-11-08,141,141.0
PO_00245,PRD_0061,SUP_109,WH_028,2022-05-18,2022-05-23,,404,
PO_00246,PRD_0470,SUP_159,WH_017,2023-02-12,2023-02-24,2023-02-24,212,150.0
PO_00247,PRD_0592,SUP_198,WH_063,2024-10-14,2024-10-18,2024-10-18,417,417.0
PO_00248,PRD_0139,SUP_073,WH_040,2023-12-24,2024-01-05,2024-01-11,179,179.0
PO_00249,PRD_1152,SUP_127,WH_064,2022-07-19,2022-07-29,2022-07-29,236,236.0
PO_00250,PRD_4518,SUP_125,WH_012,2022-04-02,2022-04-06,,221,
PO_00251,PRD_0651,SUP_156,WH_069,2024-09-21,2024-09-23,2024-09-23,430,430.0
PO_00252,PRD_0199,SUP_184,WH_054,2024-12-08,2024-12-11,2024-12-14,124,124.0
PO_00253,PRD_0954,SUP_130,WH_049,2022-11-19,2022-11-23,2022-11-23,138,138.0
PO_00254,PRD_1372,SUP_061,WH_051,2023-02-14,2023-02-26,2023-03-02,375,375.0
PO_00255,PRD_0844,SUP_184,WH_002,2024-02-24,2024-02-27,2024-02-27,107,107.0
PO_00256,PRD_0349,SUP_091,WH_003,2022-06-04,2022-06-05,2022-06-05,245,245.0
PO_00257,PRD_3766,SUP_150,WH_078,2024-03-19,2024-03-31,2024-03-31,387,387.0
PO_00258,PRD_2654,SUP_148,WH_009,2025-03-20,2025-03-23,2025-03-23,378,378.0
PO_00259,PRD_1392,SUP_144,WH_020,2022-10-15,2022-10-17,2022-10-25,487,487.0
PO_00260,PRD_0616,SUP_187,WH_028,2022-07-26,2022-07-29,2022-07-29,329,329.0
PO_00261,PRD_1447,SUP_105,WH_004,2025-10-25,2025-11-05,2025-11-05,203,203.0
PO_00262,PRD_4588,SUP_061,WH_012,2023-03-06,2023-03-18,2023-03-18,72,72.0
PO_00263,PRD_0613,SUP_012,WH_036,2023-02-21,2023-03-06,2023-03-06,104,104.0
PO_00264,PRD_1936,SUP_122,WH_052,2022-10-27,2022-10-31,2022-11-01,374,374.0
PO_00265,PRD_1171,SUP_057,WH_063,2025-10-03,2025-10-08,2025-10-14,361,361.0
PO_00266,PRD_2313,SUP_027,WH_047,2023-07-25,2023-08-06,2023-08-14,444,444.0
PO_00267,PRD_4518,SUP_125,WH_001,2023-05-24,2023-05-28,2023-05-28,499,499.0
PO_00268,PRD_1677,SUP_104,WH_045,2022-01-17,2022-01-25,2022-01-25,110,110.0
PO_00269,PRD_2969,SUP_062,WH_004,2022-05-07,2022-05-15,2022-05-16,48,48.0
PO_00270,PRD_1536,SUP_104,WH_054,2022-03-01,2022-03-09,2022-03-17,118,118.0
PO_00271,PRD_0293,SUP_095,WH_040,2025-07-21,2025-07-23,2025-07-23,478,478.0
PO_00272,PRD_3096,SUP_048,WH_016,2023-12-15,2023-12-28,2023-12-28,204,166.0
PO_00273,PRD_2976,SUP_016,WH_010,2025-06-05,2025-06-16,2025-06-16,329,329.0
PO_00274,PRD_0824,SUP_185,WH_027,2024-04-19,2024-05-03,2024-05-03,194,152.0
PO_00275,PRD_4848,SUP_098,WH_051,2023-11-18,2023-11-28,2023-11-28,189,160.0
PO_00276,PRD_4805,SUP_076,WH_020,2025-03-23,2025-03-25,2025-03-25,440,278.0
PO_00277,PRD_2535,SUP_063,WH_012,2023-11-23,2023-12-04,2023-12-04,469,469.0
PO_00278,PRD_4646,SUP_020,WH_054,2023-04-06,2023-04-08,2023-04-08,294,294.0
PO_00279,PRD_4616,SUP_004,WH_007,2023-10-15,2023-10-28,,436,
PO_00280,PRD_1822,SUP_120,WH_050,2025-10-21,2025-11-03,2025-11-03,273,273.0
PO_00281,PRD_2965,SUP_078,WH_062,2023-11-14,2023-11-15,2023-11-15,468,468.0
PO_00282,PRD_0829,SUP_199,WH_076,2023-10-10,2023-10-11,,274,
PO_00283,PRD_2623,SUP_004,WH_065,2024-01-11,2024-01-24,2024-01-28,34,22.0
PO_00284,PRD_4528,SUP_102,WH_039,2023-02-24,2023-03-03,2023-03-05,206,172.0
PO_00285,PRD_3090,SUP_146,WH_063,2022-07-16,2022-07-30,2022-07-30,336,255.0
PO_00286,PRD_2541,SUP_119,WH_056,2025-03-26,2025-04-01,2025-04-01,160,160.0
PO_00287,PRD_2196,SUP_152,WH_051,2025-08-05,2025-08-14,2025-08-14,410,410.0
PO_00288,PRD_0146,SUP_012,WH_029,2024-06-19,2024-07-02,2024-07-02,174,174.0
PO_00289,PRD_3033,SUP_116,WH_047,2025-09-23,2025-10-02,2025-10-02,132,132.0
PO_00290,PRD_2380,SUP_177,WH_050,2025-09-10,2025-09-11,2025-09-11,389,389.0
PO_00291,PRD_1322,SUP_114,WH_008,2022-11-04,2022-11-15,2022-11-21,140,128.0
PO_00292,PRD_4898,SUP_012,WH_003,2025-10-08,2025-10-21,2025-10-26,378,326.0
PO_00293,PRD_0778,SUP_160,WH_049,2025-06-16,2025-06-21,,226,
PO_00294,PRD_2852,SUP_024,WH_014,2023-05-08,2023-05-17,2023-05-17,28,28.0
PO_00295,PRD_4948,SUP_178,WH_001,2022-09-05,2022-09-13,2022-09-13,294,287.0
PO_00296,PRD_4865,SUP_175,WH_015,2025-02-12,2025-02-16,2025-02-16,99,99.0
PO_00297,PRD_0265,SUP_042,WH_059,2022-05-03,2022-05-04,2022-05-04,218,161.0
PO_00298,PRD_4739,SUP_167,WH_021,2024-08-16,2024-08-19,2024-08-19,180,180.0
PO_00299,PRD_3877,SUP_069,WH_046,2022-08-02,2022-08-16,2022-08-16,329,329.0
PO_00300,PRD_0772,SUP_050,WH_051,2024-06-10,2024-06-13,2024-06-13,182,182.0
PO_00301,PRD_4221,SUP_194,WH_037,2023-07-19,2023-07-25,,335,
PO_00302,PRD_1608,SUP_155,WH_078,2023-02-19,2023-02-20,2023-02-20,143,143.0
PO_00303,PRD_4407,SUP_001,WH_072,2023-01-23,2023-01-30,2023-01-30,343,343.0
PO_00304,PRD_1349,SUP_061,WH_002,2024-06-03,2024-06-15,,350,
PO_00305,PRD_1165,SUP_199,WH_001,2023-03-09,2023-03-10,2023-03-10,451,451.0
PO_00306,PRD_4553,SUP_129,WH_063,2023-05-26,2023-05-29,2023-05-31,34,21.0
PO_00307,PRD_1863,SUP_101,WH_050,2023-04-23,2023-04-27,,192,
PO_00308,PRD_2781,SUP_093,WH_030,2022-08-02,2022-08-05,2022-08-05,466,466.0
PO_00309,PRD_2420,SUP_089,WH_012,2024-04-27,2024-05-04,2024-05-04,224,224.0
PO_00310,PRD_3843,SUP_042,WH_015,2024-08-09,2024-08-10,2024-08-10,248,248.0
PO_00311,PRD_3587,SUP_043,WH_038,2022-09-03,2022-09-12,2022-09-12,58,41.0
PO_00312,PRD_2430,SUP_161,WH_047,2025-01-27,2025-02-01,2025-02-01,157,157.0
PO_00313,PRD_4587,SUP_117,WH_007,2022-01-19,2022-01-31,,69,
PO_00314,PRD_0408,SUP_064,WH_019,2022-02-20,2022-02-26,,435,
PO_00315,PRD_0152,SUP_142,WH_055,2022-11-01,2022-11-10,2022-11-10,398,398.0
PO_00316,PRD_3855,SUP_148,WH_026,2023-11-11,2023-11-14,,120,
PO_00317,PRD_2582,SUP_138,WH_055,2022-04-22,2022-04-30,2022-04-30,243,243.0
PO_00318,PRD_3679,SUP_190,WH_018,2023-08-22,2023-08-24,2023-08-24,418,418.0
PO_00319,PRD_0761,SUP_146,WH_005,2024-04-12,2024-04-26,2024-04-26,496,496.0
PO_00320,PRD_4633,SUP_059,WH_067,2023-04-25,2023-04-28,2023-04-28,224,224.0
PO_00321,PRD_0465,SUP_142,WH_067,2025-03-13,2025-03-22,2025-03-27,370,370.0
PO_00322,PRD_2435,SUP_158,WH_057,2023-09-16,2023-09-30,2023-10-06,172,172.0
PO_00323,PRD_3428,SUP_009,WH_001,2023-07-02,2023-07-09,2023-07-09,279,229.0
PO_00324,PRD_0486,SUP_156,WH_055,2023-09-22,2023-09-24,,23,
PO_00325,PRD_0105,SUP_184,WH_022,2022-07-23,2022-07-26,,25,
PO_00326,PRD_1421,SUP_171,WH_047,2024-05-23,2024-05-29,2024-06-05,249,249.0
PO_00327,PRD_1657,SUP_196,WH_011,2022-12-01,2022-12-14,2022-12-17,429,429.0
PO_00328,PRD_3688,SUP_180,WH_054,2022-02-26,2022-03-04,2022-03-06,221,221.0
PO_00329,PRD_0231,SUP_073,WH_074,2025-06-21,2025-07-03,2025-07-03,90,90.0
PO_00330,PRD_4029,SUP_114,WH_048,2023-08-26,2023-09-06,2023-09-06,276,257.0
PO_00331,PRD_3182,SUP_027,WH_032,2024-08-16,2024-08-28,2024-08-28,257,257.0
PO_00332,PRD_0297,SUP_029,WH_045,2024-10-10,2024-10-22,,293,
PO_00333,PRD_4501,SUP_135,WH_035,2023-02-05,2023-02-13,2023-02-13,368,368.0
PO_00334,PRD_3651,SUP_065,WH_025,2023-04-03,2023-04-11,2023-04-11,402,402.0
PO_00335,PRD_3327,SUP_161,WH_080,2025-09-11,2025-09-16,2025-09-16,323,318.0
PO_00336,PRD_4450,SUP_142,WH_021,2025-06-20,2025-06-29,2025-06-29,62,62.0
PO_00337,PRD_2900,SUP_200,WH_056,2024-02-11,2024-02-15,2024-02-15,107,77.0
PO_00338,PRD_0499,SUP_018,WH_049,2024-02-04,2024-02-10,2024-02-10,96,96.0
PO_00339,PRD_3349,SUP_180,WH_062,2023-03-09,2023-03-15,2023-03-15,138,138.0
PO_00340,PRD_2914,SUP_033,WH_049,2024-01-26,2024-02-09,2024-02-14,88,88.0
PO_00341,PRD_4548,SUP_061,WH_034,2022-12-01,2022-12-13,2022-12-13,132,92.0
PO_00342,PRD_0637,SUP_199,WH_040,2025-10-07,2025-10-08,2025-10-08,74,74.0
PO_00343,PRD_4699,SUP_135,WH_075,2024-08-04,2024-08-12,2024-08-12,433,433.0
PO_00344,PRD_0128,SUP_073,WH_075,2024-06-15,2024-06-27,2024-06-27,420,381.0
PO_00345,PRD_3539,SUP_032,WH_016,2025-06-07,2025-06-21,,239,
PO_00346,PRD_0068,SUP_184,WH_019,2025-05-21,2025-05-24,2025-05-24,197,197.0
PO_00347,PRD_0878,SUP_171,WH_033,2025-11-02,2025-11-08,2025-11-08,90,90.0
PO_00348,PRD_1255,SUP_161,WH_042,2023-11-09,2023-11-14,,174,
PO_00349,PRD_2733,SUP_004,WH_019,2023-04-27,2023-05-10,2023-05-18,194,194.0
PO_00350,PRD_4437,SUP_131,WH_053,2022-04-08,2022-04-15,,474,
PO_00351,PRD_2764,SUP_073,WH_073,2022-05-20,2022-06-01,2022-06-03,169,169.0
PO_00352,PRD_1001,SUP_019,WH_073,2024-11-06,2024-11-18,2024-11-18,471,471.0
PO_00353,PRD_2859,SUP_079,WH_024,2024-04-06,2024-04-11,2024-04-11,226,226.0
PO_00354,PRD_4954,SUP_092,WH_006,2024-01-22,2024-01-23,2024-01-23,402,402.0
PO_00355,PRD_0124,SUP_065,WH_056,2023-09-16,2023-09-24,2023-09-24,297,297.0
PO_00356,PRD_4435,SUP_070,WH_029,2022-11-04,2022-11-05,2022-11-05,328,328.0
PO_00357,PRD_4320,SUP_077,WH_038,2025-08-03,2025-08-06,2025-08-11,62,62.0
PO_00358,PRD_3890,SUP_011,WH_060,2022-09-15,2022-09-26,2022-09-26,319,319.0
PO_00359,PRD_0534,SUP_165,WH_075,2023-11-21,2023-11-30,,23,
PO_00360,PRD_1008,SUP_073,WH_003,2024-09-06,2024-09-18,2024-09-18,442,442.0
PO_00361,PRD_0832,SUP_018,WH_075,2022-04-02,2022-04-08,2022-04-08,100,100.0
PO_00362,PRD_3974,SUP_121,WH_038,2022-11-07,2022-11-10,2022-11-10,158,158.0
PO_00363,PRD_2854,SUP_026,WH_036,2023-04-18,2023-04-24,2023-05-02,122,122.0
PO_00364,PRD_0954,SUP_130,WH_040,2023-07-19,2023-07-23,2023-07-23,257,257.0
PO_00365,PRD_3556,SUP_069,WH_061,2025-07-01,2025-07-15,2025-07-22,428,428.0
PO_00366,PRD_2013,SUP_200,WH_015,2023-12-04,2023-12-08,2023-12-08,291,291.0
PO_00367,PRD_2601,SUP_152,WH_048,2024-06-18,2024-06-27,2024-06-27,453,453.0
PO_00368,PRD_2577,SUP_155,WH_077,2025-10-05,2025-10-06,2025-10-06,250,250.0
PO_00369,PRD_4614,SUP_192,WH_049,2022-06-11,2022-06-13,2022-06-15,270,270.0
PO_00370,PRD_1345,SUP_099,WH_061,2024-10-07,2024-10-13,2024-10-18,189,189.0
PO_00371,PRD_1871,SUP_119,WH_063,2024-12-25,2024-12-31,2024-12-31,111,111.0
PO_00372,PRD_0646,SUP_068,WH_074,2022-05-25,2022-05-26,2022-05-26,99,87.0
PO_00373,PRD_3352,SUP_180,WH_052,2024-07-23,2024-07-29,,76,
PO_00374,PRD_2631,SUP_071,WH_014,2023-10-15,2023-10-25,2023-10-25,152,152.0
PO_00375,PRD_1914,SUP_014,WH_040,2025-08-19,2025-09-01,2025-09-05,248,248.0
PO_00376,PRD_3254,SUP_009,WH_067,2025-04-18,2025-04-25,2025-04-25,361,361.0
PO_00377,PRD_4730,SUP_121,WH_065,2025-01-08,2025-01-11,2025-01-11,463,463.0
PO_00378,PRD_4484,SUP_062,WH_011,2023-09-27,2023-10-05,2023-10-05,232,232.0
PO_00379,PRD_0274,SUP_057,WH_046,2022-06-01,2022-06-06,,121,
PO_00380,PRD_0711,SUP_068,WH_075,2022-05-13,2022-05-14,,396,
PO_00381,PRD_0847,SUP_032,WH_061,2022-03-04,2022-03-18,2022-03-18,278,217.0
PO_00382,PRD_2196,SUP_152,WH_024,2025-12-26,2026-01-04,2026-01-04,114,114.0
PO_00383,PRD_1969,SUP_186,WH_057,2023-06-19,2023-06-28,,465,
PO_00384,PRD_2051,SUP_200,WH_028,2022-07-17,2022-07-21,2022-07-21,454,454.0
PO_00385,PRD_0552,SUP_068,WH_028,2024-06-26,2024-06-27,2024-06-27,133,133.0
PO_00386,PRD_2153,SUP_145,WH_025,2025-07-12,2025-07-19,2025-07-19,37,37.0
PO_00387,PRD_3945,SUP_126,WH_016,2022-04-18,2022-04-21,2022-04-21,263,263.0
PO_00388,PRD_1171,SUP_057,WH_053,2022-10-02,2022-10-07,,141,
PO_00389,PRD_1019,SUP_099,WH_009,2025-10-13,2025-10-19,2025-10-23,345,345.0
PO_00390,PRD_3779,SUP_193,WH_049,2025-04-25,2025-04-27,2025-04-27,50,48.0
PO_00391,PRD_3648,SUP_192,WH_027,2024-05-27,2024-05-29,2024-05-29,228,228.0
PO_00392,PRD_1876,SUP_072,WH_045,2025-03-25,2025-03-29,2025-03-29,112,112.0
PO_00393,PRD_2652,SUP_167,WH_045,2022-05-05,2022-05-08,2022-05-08,94,94.0
PO_00394,PRD_2502,SUP_152,WH_058,2025-04-04,2025-04-13,2025-04-13,149,149.0
PO_00395,PRD_0527,SUP_067,WH_013,2024-03-01,2024-03-05,2024-03-05,319,319.0
PO_00396,PRD_2678,SUP_055,WH_076,2024-10-19,2024-10-28,2024-11-01,396,396.0
PO_00397,PRD_3879,SUP_196,WH_003,2022-10-07,2022-10-20,2022-10-26,372,372.0
PO_00398,PRD_4282,SUP_130,WH_078,2023-01-18,2023-01-22,,438,
PO_00399,PRD_2200,SUP_031,WH_029,2024-11-14,2024-11-18,2024-11-18,89,77.0
PO_00400,PRD_2443,SUP_173,WH_071,2024-06-05,2024-06-06,2024-06-06,173,173.0
PO_00401,PRD_0853,SUP_130,WH_052,2023-08-21,2023-08-25,2023-08-25,109,109.0
PO_00402,PRD_4253,SUP_186,WH_068,2023-03-10,2023-03-19,2023-03-19,461,461.0
PO_00403,PRD_2168,SUP_066,WH_009,2025-07-26,2025-08-04,2025-08-04,187,187.0
PO_00404,PRD_1064,SUP_050,WH_037,2022-10-08,2022-10-11,2022-10-11,449,449.0
PO_00405,PRD_1513,SUP_155,WH_072,2023-10-06,2023-10-07,2023-10-07,229,184.0
PO_00406,PRD_0538,SUP_028,WH_060,2025-12-18,2025-12-30,2026-01-07,39,39.0
PO_00407,PRD_0279,SUP_106,WH_070,2022-06-09,2022-06-10,2022-06-10,387,387.0
PO_00408,PRD_3555,SUP_192,WH_026,2025-06-11,2025-06-13,2025-06-16,49,49.0
PO_00409,PRD_0768,SUP_076,WH_067,2025-01-22,2025-01-24,2025-01-27,194,194.0
PO_00410,PRD_1096,SUP_107,WH_020,2023-10-19,2023-10-25,2023-10-25,284,284.0
PO_00411,PRD_0057,SUP_186,WH_040,2024-02-22,2024-03-02,2024-03-02,463,463.0
PO_00412,PRD_0027,SUP_086,WH_068,2022-04-26,2022-04-28,2022-04-28,462,462.0
PO_00413,PRD_4651,SUP_026,WH_015,2024-04-07,2024-04-13,,265,
PO_00414,PRD_0663,SUP_149,WH_052,2025-07-16,2025-07-23,2025-07-23,172,172.0
PO_00415,PRD_4757,SUP_044,WH_024,2025-09-21,2025-10-02,2025-10-02,400,400.0
PO_00416,PRD_3336,SUP_180,WH_072,2024-09-14,2024-09-20,2024-09-20,174,174.0
PO_00417,PRD_1916,SUP_110,WH_061,2025-03-15,2025-03-19,2025-03-19,161,161.0
PO_00418,PRD_1322,SUP_114,WH_063,2024-04-21,2024-05-02,2024-05-02,406,406.0
PO_00419,PRD_0846,SUP_018,WH_072,2023-04-01,2023-04-07,2023-04-15,133,133.0
PO_00420,PRD_1701,SUP_196,WH_075,2025-04-16,2025-04-29,,322,
PO_00421,PRD_1519,SUP_112,WH_047,2024-10-02,2024-10-08,2024-10-08,48,48.0
PO_00422,PRD_0280,SUP_142,WH_023,2025-04-23,2025-05-02,2025-05-04,190,190.0
PO_00423,PRD_0520,SUP_046,WH_053,2023-01-19,2023-01-28,2023-02-02,28,28.0
PO_00424,PRD_4126,SUP_004,WH_040,2023-11-24,2023-12-07,2023-12-11,212,212.0
PO_00425,PRD_4269,SUP_128,WH_059,2025-03-10,2025-03-13,2025-03-13,492,469.0
PO_00426,PRD_4040,SUP_069,WH_040,2024-12-03,2024-12-17,2024-12-17,81,80.0
PO_00427,PRD_1310,SUP_188,WH_053,2022-05-10,2022-05-19,2022-05-19,438,438.0
PO_00428,PRD_4348,SUP_186,WH_066,2024-02-19,2024-02-28,2024-03-04,392,392.0
PO_00429,PRD_0249,SUP_086,WH_032,2023-08-16,2023-08-18,,423,
PO_00430,PRD_4815,SUP_076,WH_012,2023-08-13,2023-08-15,2023-08-15,114,114.0
PO_00431,PRD_1423,SUP_122,WH_068,2025-10-13,2025-10-17,2025-10-17,107,107.0
PO_00432,PRD_4994,SUP_008,WH_029,2025-11-17,2025-11-24,2025-11-24,194,194.0
PO_00433,PRD_4648,SUP_004,WH_029,2025-09-20,2025-10-03,2025-10-03,247,247.0
PO_00434,PRD_4557,SUP_040,WH_020,2025-12-24,2026-01-07,2026-01-07,457,457.0
PO_00435,PRD_3671,SUP_111,WH_067,2025-03-05,2025-03-07,2025-03-13,160,160.0
PO_00436,PRD_2854,SUP_026,WH_032,2025-07-11,2025-07-17,2025-07-17,27,27.0
PO_00437,PRD_3455,SUP_068,WH_076,2024-12-11,2024-12-12,2024-12-12,420,406.0
PO_00438,PRD_1429,SUP_017,WH_006,2022-04-13,2022-04-16,2022-04-16,380,380.0
PO_00439,PRD_4192,SUP_034,WH_054,2023-12-26,2024-01-06,2024-01-12,363,363.0
PO_00440,PRD_2791,SUP_135,WH_056,2022-08-05,2022-08-13,2022-08-13,382,382.0
PO_00441,PRD_1305,SUP_143,WH_030,2025-04-06,2025-04-15,2025-04-15,346,346.0
PO_00442,PRD_3186,SUP_088,WH_064,2023-06-24,2023-06-30,,241,
PO_00443,PRD_4527,SUP_196,WH_004,2024-05-24,2024-06-06,2024-06-10,444,444.0
PO_00444,PRD_3160,SUP_022,WH_063,2025-03-05,2025-03-18,2025-03-20,192,172.0
PO_00445,PRD_0635,SUP_138,WH_020,2025-05-07,2025-05-15,2025-05-15,278,278.0
PO_00446,PRD_2092,SUP_028,WH_038,2022-11-10,2022-11-22,2022-11-22,241,241.0
PO_00447,PRD_1299,SUP_185,WH_005,2022-06-14,2022-06-28,2022-06-28,253,253.0
PO_00448,PRD_3440,SUP_121,WH_017,2022-01-02,2022-01-05,,173,
PO_00449,PRD_2335,SUP_078,WH_071,2023-11-24,2023-11-25,2023-11-25,119,119.0
PO_00450,PRD_3299,SUP_051,WH_024,2024-04-04,2024-04-11,2024-04-17,187,187.0
PO_00451,PRD_4557,SUP_040,WH_055,2024-10-20,2024-11-03,2024-11-03,94,94.0
PO_00452,PRD_1814,SUP_007,WH_017,2023-09-03,2023-09-08,2023-09-08,344,344.0
PO_00453,PRD_3337,SUP_177,WH_004,2025-11-01,2025-11-02,2025-11-02,156,156.0
PO_00454,PRD_1543,SUP_057,WH_079,2023-05-20,2023-05-25,2023-05-25,395,395.0
PO_00455,PRD_0543,SUP_148,WH_031,2024-02-10,2024-02-13,,147,
PO_00456,PRD_3340,SUP_075,WH_072,2022-08-17,2022-08-24,2022-08-24,383,383.0
PO_00457,PRD_3496,SUP_079,WH_047,2024-07-11,2024-07-16,2024-07-16,402,402.0
PO_00458,PRD_3383,SUP_075,WH_076,2024-10-12,2024-10-19,,56,
PO_00459,PRD_4496,SUP_026,WH_033,2023-09-12,2023-09-18,2023-09-18,193,193.0
PO_00460,PRD_3402,SUP_105,WH_052,2022-11-14,2022-11-25,2022-11-25,26,26.0
PO_00461,PRD_2021,SUP_178,WH_061,2023-12-06,2023-12-14,2023-12-14,451,451.0
PO_00462,PRD_3412,SUP_030,WH_011,2023-04-27,2023-05-09,2023-05-09,174,174.0
PO_00463,PRD_2897,SUP_151,WH_029,2023-10-22,2023-11-01,,461,
PO_00464,PRD_2808,SUP_059,WH_062,2024-09-09,2024-09-12,2024-09-12,127,127.0
PO_00465,PRD_4298,SUP_184,WH_047,2023-09-18,2023-09-21,2023-09-21,201,201.0
PO_00466,PRD_2266,SUP_177,WH_044,2022-07-25,2022-07-26,2022-07-26,206,206.0
PO_00467,PRD_4389,SUP_031,WH_066,2022-06-16,2022-06-20,2022-06-20,448,448.0
PO_00468,PRD_2390,SUP_080,WH_040,2025-08-26,2025-08-27,2025-08-27,114,114.0
PO_00469,PRD_1362,SUP_161,WH_025,2025-03-10,2025-03-15,2025-03-15,393,393.0
PO_00470,PRD_3092,SUP_148,WH_005,2023-01-06,2023-01-09,,463,
PO_00471,PRD_2311,SUP_080,WH_017,2024-11-05,2024-11-06,2024-11-06,41,41.0
PO_00472,PRD_1495,SUP_192,WH_045,2022-10-22,2022-10-24,2022-10-24,335,335.0
PO_00473,PRD_0510,SUP_067,WH_020,2023-07-23,2023-07-27,2023-08-04,190,190.0
PO_00474,PRD_4236,SUP_069,WH_023,2025-06-01,2025-06-15,2025-06-15,251,251.0
PO_00475,PRD_4815,SUP_076,WH_072,2023-04-17,2023-04-19,2023-04-19,189,141.0
PO_00476,PRD_3261,SUP_105,WH_014,2023-03-06,2023-03-17,2023-03-17,181,181.0
PO_00477,PRD_3590,SUP_148,WH_053,2023-06-12,2023-06-15,2023-06-20,455,363.0
PO_00478,PRD_2391,SUP_051,WH_001,2025-03-05,2025-03-12,2025-03-12,452,452.0
PO_00479,PRD_0254,SUP_038,WH_039,2023-04-05,2023-04-14,2023-04-19,385,385.0
PO_00480,PRD_1285,SUP_105,WH_056,2025-12-14,2025-12-25,2025-12-25,252,252.0
PO_00481,PRD_0079,SUP_163,WH_066,2025-11-18,2025-11-25,2025-11-25,380,380.0
PO_00482,PRD_0985,SUP_171,WH_002,2023-06-02,2023-06-08,2023-06-08,377,377.0
PO_00483,PRD_0833,SUP_098,WH_079,2024-07-10,2024-07-20,,384,
PO_00484,PRD_4863,SUP_136,WH_060,2022-12-19,2022-12-26,2022-12-26,303,275.0
PO_00485,PRD_4064,SUP_169,WH_065,2023-04-14,2023-04-18,2023-04-19,47,47.0
PO_00486,PRD_0656,SUP_018,WH_031,2024-12-18,2024-12-24,2025-01-01,267,267.0
PO_00487,PRD_1364,SUP_040,WH_061,2022-05-19,2022-06-02,2022-06-02,225,225.0
PO_00488,PRD_1488,SUP_100,WH_046,2024-01-22,2024-01-29,2024-01-29,290,221.0
PO_00489,PRD_3306,SUP_105,WH_048,2024-12-17,2024-12-28,2024-12-28,439,439.0
PO_00490,PRD_3890,SUP_011,WH_039,2023-04-27,2023-05-08,2023-05-08,406,406.0
PO_00491,PRD_1217,SUP_007,WH_072,2025-06-06,2025-06-11,2025-06-14,401,261.0
PO_00492,PRD_4059,SUP_139,WH_001,2023-04-27,2023-04-28,2023-04-28,218,218.0
PO_00493,PRD_2764,SUP_073,WH_041,2024-02-12,2024-02-24,2024-02-24,355,355.0
PO_00494,PRD_2326,SUP_110,WH_015,2023-05-10,2023-05-14,,388,
PO_00495,PRD_0417,SUP_179,WH_074,2023-03-09,2023-03-13,,176,
PO_00496,PRD_3316,SUP_060,WH_001,2024-09-10,2024-09-20,2024-09-20,108,108.0
PO_00497,PRD_3110,SUP_121,WH_015,2024-10-21,2024-10-24,2024-10-24,313,313.0
PO_00498,PRD_0548,SUP_090,WH_044,2022-04-11,2022-04-16,2022-04-20,199,162.0
PO_00499,PRD_3101,SUP_055,WH_052,2024-06-10,2024-06-19,2024-06-24,345,345.0
PO_00500,PRD_2403,SUP_078,WH_038,2024-05-27,2024-05-28,2024-05-28,407,407.0
PO_00501,PRD_3794,SUP_045,WH_076,2024-07-05,2024-07-19,2024-07-22,37,26.0
PO_00502,PRD_1745,SUP_101,WH_030,2022-12-06,2022-12-10,2022-12-10,450,450.0
PO_00503,PRD_3171,SUP_075,WH_080,2024-02-08,2024-02-15,2024-02-15,159,159.0
PO_00504,PRD_2724,SUP_026,WH_047,2023-06-06,2023-06-12,2023-06-12,464,464.0
PO_00505,PRD_3150,SUP_075,WH_072,2023-08-23,2023-08-30,2023-09-06,467,467.0
PO_00506,PRD_1480,SUP_071,WH_054,2025-05-11,2025-05-21,,465,
PO_00507,PRD_0176,SUP_053,WH_048,2022-01-13,2022-01-21,2022-01-28,295,295.0
PO_00508,PRD_4478,SUP_039,WH_021,2023-12-27,2024-01-03,2024-01-03,172,172.0
PO_00509,PRD_4824,SUP_128,WH_056,2025-02-13,2025-02-16,,499,
PO_00510,PRD_4821,SUP_106,WH_052,2022-03-03,2022-03-04,2022-03-04,121,86.0
PO_00511,PRD_0945,SUP_160,WH_066,2024-03-21,2024-03-26,2024-03-26,464,464.0
PO_00512,PRD_4555,SUP_098,WH_005,2024-05-03,2024-05-13,2024-05-13,453,453.0
PO_00513,PRD_0161,SUP_065,WH_025,2025-03-22,2025-03-30,2025-03-30,478,478.0
PO_00514,PRD_2506,SUP_072,WH_068,2025-02-01,2025-02-05,2025-02-05,219,219.0
PO_00515,PRD_1132,SUP_022,WH_050,2025-03-18,2025-03-31,2025-04-05,453,453.0
PO_00516,PRD_1976,SUP_122,WH_058,2023-11-18,2023-11-22,2023-11-22,409,409.0
PO_00517,PRD_1296,SUP_100,WH_078,2022-09-20,2022-09-27,2022-10-02,483,350.0
PO_00518,PRD_2386,SUP_089,WH_038,2022-05-19,2022-05-26,2022-05-27,41,41.0
PO_00519,PRD_1338,SUP_157,WH_011,2024-08-19,2024-08-20,2024-08-20,101,101.0
PO_00520,PRD_2651,SUP_157,WH_043,2025-04-08,2025-04-09,2025-04-09,110,110.0
PO_00521,PRD_4888,SUP_015,WH_004,2025-12-11,2025-12-18,2025-12-18,160,160.0
PO_00522,PRD_2807,SUP_122,WH_052,2025-02-13,2025-02-17,2025-02-17,407,407.0
PO_00523,PRD_4564,SUP_040,WH_063,2023-01-27,2023-02-10,2023-02-17,234,234.0
PO_00524,PRD_3126,SUP_123,WH_027,2023-06-11,2023-06-23,2023-06-23,250,250.0
PO_00525,PRD_4317,SUP_186,WH_026,2023-12-21,2023-12-30,2023-12-30,105,90.0
PO_00526,PRD_3034,SUP_048,WH_014,2023-06-25,2023-07-08,2023-07-08,81,51.0
PO_00527,PRD_0812,SUP_085,WH_031,2023-09-26,2023-09-28,2023-09-28,250,250.0
PO_00528,PRD_3111,SUP_142,WH_063,2022-06-27,2022-07-06,2022-07-06,186,186.0
PO_00529,PRD_1653,SUP_091,WH_017,2022-05-22,2022-05-23,2022-05-23,203,183.0
PO_00530,PRD_4928,SUP_092,WH_050,2024-10-25,2024-10-26,2024-10-26,129,129.0
PO_00531,PRD_4828,SUP_181,WH_054,2023-05-20,2023-05-28,2023-05-28,475,475.0
PO_00532,PRD_3700,SUP_079,WH_075,2025-02-21,2025-02-26,2025-02-26,403,403.0
PO_00533,PRD_0247,SUP_200,WH_078,2022-04-19,2022-04-23,2022-04-23,126,126.0
PO_00534,PRD_0196,SUP_086,WH_021,2022-09-25,2022-09-27,2022-09-27,460,460.0
PO_00535,PRD_2276,SUP_148,WH_039,2023-08-01,2023-08-04,2023-08-05,434,434.0
PO_00536,PRD_4329,SUP_190,WH_018,2024-12-05,2024-12-07,2024-12-07,101,101.0
PO_00537,PRD_3307,SUP_153,WH_074,2025-04-22,2025-04-26,2025-04-26,171,162.0
PO_00538,PRD_3184,SUP_019,WH_050,2024-12-07,2024-12-19,2024-12-19,354,354.0
PO_00539,PRD_4268,SUP_115,WH_055,2023-09-07,2023-09-08,2023-09-08,434,434.0
PO_00540,PRD_4777,SUP_096,WH_051,2022-04-02,2022-04-07,2022-04-07,61,40.0
PO_00541,PRD_3924,SUP_042,WH_067,2022-03-05,2022-03-06,2022-03-06,94,94.0
PO_00542,PRD_0645,SUP_067,WH_039,2023-02-20,2023-02-24,2023-03-04,469,469.0
PO_00543,PRD_2651,SUP_157,WH_075,2024-07-23,2024-07-24,,332,
PO_00544,PRD_0313,SUP_007,WH_080,2023-06-15,2023-06-20,,127,
PO_00545,PRD_2338,SUP_089,WH_079,2022-04-12,2022-04-19,2022-04-22,141,141.0
PO_00546,PRD_2385,SUP_184,WH_034,2023-09-27,2023-09-30,2023-09-30,500,500.0
PO_00547,PRD_0437,SUP_186,WH_058,2023-06-12,2023-06-21,2023-06-26,106,106.0
PO_00548,PRD_2815,SUP_149,WH_020,2024-01-07,2024-01-14,2024-01-14,239,239.0
PO_00549,PRD_0499,SUP_018,WH_078,2023-12-22,2023-12-28,2023-12-28,167,167.0
PO_00550,PRD_1337,SUP_041,WH_071,2025-10-20,2025-10-21,2025-10-21,76,76.0
PO_00551,PRD_3739,SUP_121,WH_041,2024-01-04,2024-01-07,2024-01-07,61,61.0
PO_00552,PRD_2013,SUP_200,WH_079,2023-02-04,2023-02-08,2023-02-09,293,293.0
PO_00553,PRD_0060,SUP_176,WH_031,2022-09-13,2022-09-24,2022-09-24,161,106.0
PO_00554,PRD_4579,SUP_152,WH_004,2022-04-08,2022-04-17,2022-04-17,335,335.0
PO_00555,PRD_4902,SUP_178,WH_078,2023-11-07,2023-11-15,2023-11-15,120,120.0
PO_00556,PRD_0153,SUP_053,WH_072,2024-10-18,2024-10-26,2024-10-26,396,396.0
PO_00557,PRD_4054,SUP_127,WH_062,2024-04-10,2024-04-20,2024-04-20,305,305.0
PO_00558,PRD_3848,SUP_194,WH_046,2023-02-03,2023-02-09,2023-02-16,320,320.0
PO_00559,PRD_1766,SUP_137,WH_077,2024-06-14,2024-06-16,2024-06-16,244,244.0
PO_00560,PRD_3226,SUP_109,WH_058,2022-10-14,2022-10-19,2022-10-19,262,262.0
PO_00561,PRD_3917,SUP_126,WH_039,2024-07-26,2024-07-29,,322,
PO_00562,PRD_3232,SUP_153,WH_032,2025-05-09,2025-05-13,2025-05-18,174,174.0
PO_00563,PRD_3952,SUP_173,WH_009,2023-08-09,2023-08-10,2023-08-10,158,158.0
PO_00564,PRD_3330,SUP_058,WH_057,2023-08-26,2023-08-27,2023-08-27,69,69.0
PO_00565,PRD_3369,SUP_058,WH_009,2022-08-02,2022-08-03,2022-08-03,466,466.0
PO_00566,PRD_1856,SUP_007,WH_072,2023-03-18,2023-03-23,2023-03-23,135,135.0
PO_00567,PRD_0978,SUP_085,WH_031,2025-04-17,2025-04-19,2025-04-23,57,57.0
PO_00568,PRD_3360,SUP_105,WH_017,2024-07-14,2024-07-25,2024-07-25,223,223.0
PO_00569,PRD_4225,SUP_034,WH_054,2022-04-02,2022-04-13,2022-04-13,168,168.0
PO_00570,PRD_3297,SUP_051,WH_051,2024-04-08,2024-04-15,2024-04-15,338,338.0
PO_00571,PRD_4646,SUP_020,WH_063,2023-01-07,2023-01-09,2023-01-09,104,104.0
PO_00572,PRD_1844,SUP_117,WH_051,2023-05-17,2023-05-29,2023-05-29,483,483.0
PO_00573,PRD_2036,SUP_052,WH_033,2024-09-13,2024-09-19,,402,
PO_00574,PRD_4614,SUP_192,WH_044,2024-02-27,2024-02-29,2024-02-29,248,155.0
PO_00575,PRD_3810,SUP_112,WH_049,2023-11-07,2023-11-13,2023-11-15,49,49.0
PO_00576,PRD_0258,SUP_007,WH_010,2024-06-13,2024-06-18,2024-06-18,267,267.0
PO_00577,PRD_2045,SUP_066,WH_033,2022-07-08,2022-07-17,2022-07-17,479,360.0
PO_00578,PRD_0075,SUP_001,WH_004,2024-07-17,2024-07-24,,499,
PO_00579,PRD_4827,SUP_163,WH_021,2022-10-21,2022-10-28,,498,
PO_00580,PRD_0154,SUP_014,WH_046,2025-01-07,2025-01-20,2025-01-20,235,235.0
PO_00581,PRD_0213,SUP_155,WH_037,2022-04-09,2022-04-10,2022-04-10,486,486.0
PO_00582,PRD_3493,SUP_120,WH_080,2023-03-04,2023-03-17,,138,
PO_00583,PRD_3431,SUP_019,WH_077,2023-08-02,2023-08-14,2023-08-16,279,279.0
PO_00584,PRD_4925,SUP_092,WH_022,2023-09-04,2023-09-05,2023-09-05,360,360.0
PO_00585,PRD_2590,SUP_125,WH_018,2022-02-20,2022-02-24,2022-02-24,132,111.0
PO_00586,PRD_2232,SUP_080,WH_016,2024-06-16,2024-06-17,2024-06-17,375,375.0
PO_00587,PRD_2680,SUP_003,WH_066,2022-05-09,2022-05-13,2022-05-13,499,499.0
PO_00588,PRD_1192,SUP_189,WH_060,2022-02-07,2022-02-20,2022-02-20,82,82.0
PO_00589,PRD_0764,SUP_098,WH_023,2024-10-25,2024-11-04,2024-11-04,266,266.0
PO_00590,PRD_4675,SUP_039,WH_026,2025-10-03,2025-10-10,2025-10-10,318,318.0
PO_00591,PRD_2693,SUP_095,WH_056,2022-09-23,2022-09-25,2022-09-25,381,381.0
PO_00592,PRD_1268,SUP_020,WH_003,2025-12-26,2025-12-28,2026-01-04,480,480.0
PO_00593,PRD_2626,SUP_003,WH_058,2024-11-16,2024-11-20,,253,
PO_00594,PRD_3226,SUP_109,WH_049,2023-07-03,2023-07-08,2023-07-16,405,405.0
PO_00595,PRD_1436,SUP_099,WH_074,2022-11-22,2022-11-28,2022-11-28,323,323.0
PO_00596,PRD_2982,SUP_058,WH_007,2022-03-26,2022-03-27,2022-03-27,367,367.0
PO_00597,PRD_0114,SUP_088,WH_028,2024-02-11,2024-02-17,2024-02-25,134,134.0
PO_00598,PRD_3989,SUP_197,WH_032,2024-04-02,2024-04-11,2024-04-11,491,491.0
PO_00599,PRD_3020,SUP_065,WH_018,2023-09-24,2023-10-02,2023-10-10,240,240.0
PO_00600,PRD_3507,SUP_019,WH_048,2025-08-15,2025-08-27,2025-08-27,308,308.0
PO_00601,PRD_2306,SUP_177,WH_055,2024-09-16,2024-09-17,2024-09-17,104,98.0
PO_00602,PRD_0505,SUP_085,WH_029,2022-01-02,2022-01-04,2022-01-04,224,224.0
PO_00603,PRD_3370,SUP_140,WH_059,2023-11-15,2023-11-26,2023-11-26,380,380.0
PO_00604,PRD_2480,SUP_003,WH_007,2023-03-04,2023-03-08,2023-03-09,272,272.0
PO_00605,PRD_4203,SUP_093,WH_080,2024-07-23,2024-07-26,,224,
PO_00606,PRD_1417,SUP_067,WH_066,2025-01-09,2025-01-13,2025-01-13,453,287.0
PO_00607,PRD_2459,SUP_069,WH_027,2025-03-22,2025-04-05,2025-04-05,105,105.0
PO_00608,PRD_2783,SUP_178,WH_034,2024-02-02,2024-02-10,2024-02-10,36,36.0
PO_00609,PRD_3521,SUP_139,WH_017,2022-01-22,2022-01-23,2022-01-23,383,383.0
PO_00610,PRD_3464,SUP_009,WH_001,2022-06-11,2022-06-18,2022-06-18,409,409.0
PO_00611,PRD_0694,SUP_165,WH_032,2025-05-13,2025-05-22,2025-05-22,276,276.0
PO_00612,PRD_2325,SUP_174,WH_059,2025-03-11,2025-03-19,2025-03-19,297,297.0
PO_00613,PRD_2006,SUP_056,WH_033,2023-01-13,2023-01-27,2023-01-27,68,68.0
PO_00614,PRD_2239,SUP_011,WH_080,2023-01-26,2023-02-06,,189,
PO_00615,PRD_0723,SUP_103,WH_065,2025-01-13,2025-01-24,2025-01-24,249,249.0
PO_00616,PRD_3067,SUP_107,WH_069,2023-10-04,2023-10-10,2023-10-10,215,142.0
PO_00617,PRD_2134,SUP_172,WH_007,2025-08-23,2025-08-31,2025-08-31,88,88.0
PO_00618,PRD_2583,SUP_196,WH_035,2023-07-08,2023-07-21,2023-07-21,141,141.0
PO_00619,PRD_1075,SUP_058,WH_008,2025-11-07,2025-11-08,2025-11-08,426,364.0
PO_00620,PRD_3529,SUP_024,WH_014,2022-11-15,2022-11-24,2022-11-26,379,379.0
PO_00621,PRD_2858,SUP_065,WH_076,2025-08-01,2025-08-09,2025-08-09,428,428.0
PO_00622,PRD_1275,SUP_161,WH_043,2022-08-19,2022-08-24,2022-08-24,273,214.0
PO_00623,PRD_0974,SUP_105,WH_041,2024-11-13,2024-11-24,2024-11-24,461,461.0
PO_00624,PRD_1867,SUP_139,WH_077,2024-10-13,2024-10-14,2024-10-14,310,310.0
PO_00625,PRD_1047,SUP_169,WH_071,2025-09-19,2025-09-23,2025-10-01,443,443.0
PO_00626,PRD_0139,SUP_073,WH_008,2023-03-13,2023-03-25,2023-03-25,150,115.0
PO_00627,PRD_1727,SUP_170,WH_014,2022-08-06,2022-08-14,2022-08-14,24,24.0
PO_00628,PRD_0392,SUP_057,WH_061,2022-11-12,2022-11-17,2022-11-17,313,313.0
PO_00629,PRD_2804,SUP_141,WH_025,2025-06-23,2025-07-05,2025-07-05,108,108.0
PO_00630,PRD_1966,SUP_145,WH_035,2024-09-26,2024-10-03,2024-10-03,432,432.0
PO_00631,PRD_1714,SUP_084,WH_024,2022-03-06,2022-03-07,2022-03-07,115,87.0
PO_00632,PRD_3182,SUP_027,WH_019,2024-02-21,2024-03-04,2024-03-09,372,372.0
PO_00633,PRD_2985,SUP_153,WH_048,2022-11-24,2022-11-28,2022-11-28,124,124.0
PO_00634,PRD_3135,SUP_054,WH_019,2023-06-20,2023-07-01,2023-07-01,166,166.0
PO_00635,PRD_4079,SUP_125,WH_048,2025-12-02,2025-12-06,2025-12-06,443,443.0
PO_00636,PRD_3626,SUP_079,WH_070,2024-02-18,2024-02-23,2024-02-23,21,21.0
PO_00637,PRD_1880,SUP_121,WH_077,2024-01-23,2024-01-26,2024-01-26,267,267.0
PO_00638,PRD_2370,SUP_031,WH_027,2024-04-27,2024-05-01,,98,
PO_00639,PRD_0587,SUP_103,WH_004,2025-09-13,2025-09-24,2025-09-24,101,101.0
PO_00640,PRD_4420,SUP_147,WH_065,2022-02-19,2022-03-01,2022-03-01,165,165.0
PO_00641,PRD_4481,SUP_126,WH_057,2025-10-22,2025-10-25,2025-10-25,360,360.0
PO_00642,PRD_4337,SUP_038,WH_002,2022-09-02,2022-09-11,2022-09-11,448,448.0
PO_00643,PRD_3951,SUP_148,WH_024,2022-06-24,2022-06-27,2022-06-27,443,443.0
PO_00644,PRD_1985,SUP_066,WH_078,2023-03-19,2023-03-28,2023-03-28,213,213.0
PO_00645,PRD_0584,SUP_153,WH_072,2022-02-18,2022-02-22,,234,
PO_00646,PRD_4936,SUP_092,WH_072,2024-10-25,2024-10-26,2024-10-26,275,275.0
PO_00647,PRD_4822,SUP_077,WH_067,2023-11-13,2023-11-16,2023-11-16,234,234.0
PO_00648,PRD_0146,SUP_012,WH_058,2025-08-05,2025-08-18,,421,
PO_00649,PRD_2395,SUP_089,WH_044,2023-08-05,2023-08-12,2023-08-12,227,160.0
PO_00650,PRD_2617,SUP_071,WH_049,2023-07-01,2023-07-11,,187,
PO_00651,PRD_3832,SUP_024,WH_001,2024-07-07,2024-07-16,2024-07-16,370,370.0
PO_00652,PRD_3666,SUP_065,WH_013,2024-11-01,2024-11-09,2024-11-09,95,95.0
PO_00653,PRD_4159,SUP_032,WH_058,2022-07-23,2022-08-06,2022-08-06,190,190.0
PO_00654,PRD_2689,SUP_093,WH_007,2022-12-01,2022-12-04,2022-12-04,313,313.0
PO_00655,PRD_0262,SUP_168,WH_017,2023-08-05,2023-08-08,2023-08-12,255,255.0
PO_00656,PRD_1040,SUP_051,WH_006,2022-05-15,2022-05-22,2022-05-22,213,213.0
PO_00657,PRD_4796,SUP_159,WH_007,2023-04-16,2023-04-28,2023-04-28,63,63.0
PO_00658,PRD_1706,SUP_140,WH_075,2024-04-26,2024-05-07,2024-05-08,266,266.0
PO_00659,PRD_2128,SUP_122,WH_069,2024-12-02,2024-12-06,2024-12-06,27,27.0
PO_00660,PRD_1558,SUP_138,WH_079,2023-08-11,2023-08-19,2023-08-20,59,59.0
PO_00661,PRD_2093,SUP_120,WH_035,2023-10-07,2023-10-20,2023-10-25,435,435.0
PO_00662,PRD_0830,SUP_108,WH_074,2024-07-26,2024-08-03,,317,
PO_00663,PRD_3964,SUP_121,WH_011,2024-08-15,2024-08-18,,453,
PO_00664,PRD_4436,SUP_151,WH_080,2022-04-12,2022-04-22,2022-04-22,428,307.0
PO_00665,PRD_0554,SUP_134,WH_024,2023-07-22,2023-07-23,2023-07-28,279,279.0
PO_00666,PRD_3257,SUP_151,WH_063,2025-06-08,2025-06-18,2025-06-18,455,455.0
PO_00667,PRD_0590,SUP_067,WH_051,2023-12-06,2023-12-10,2023-12-10,188,188.0
PO_00668,PRD_1027,SUP_007,WH_056,2025-09-15,2025-09-20,2025-09-25,398,398.0
PO_00669,PRD_3214,SUP_030,WH_054,2022-03-03,2022-03-15,2022-03-15,365,365.0
PO_00670,PRD_0543,SUP_148,WH_004,2024-05-21,2024-05-24,2024-05-24,416,416.0
PO_00671,PRD_2840,SUP_004,WH_024,2022-08-26,2022-09-08,2022-09-08,75,75.0
PO_00672,PRD_1108,SUP_061,WH_004,2024-08-25,2024-09-06,2024-09-06,173,156.0
PO_00673,PRD_1580,SUP_140,WH_002,2022-12-12,2022-12-23,2022-12-23,296,199.0
PO_00674,PRD_3165,SUP_016,WH_011,2023-12-17,2023-12-28,,354,
PO_00675,PRD_4300,SUP_124,WH_029,2024-11-21,2024-12-02,,328,
PO_00676,PRD_1463,SUP_085,WH_012,2023-12-04,2023-12-06,2023-12-06,380,380.0
PO_00677,PRD_0383,SUP_167,WH_008,2025-02-25,2025-02-28,2025-02-28,363,363.0
PO_00678,PRD_0570,SUP_049,WH_050,2024-04-12,2024-04-21,2024-04-21,437,437.0
PO_00679,PRD_2194,SUP_154,WH_027,2023-07-18,2023-07-30,2023-07-30,299,299.0
PO_00680,PRD_0199,SUP_184,WH_038,2022-05-22,2022-05-25,2022-05-27,329,329.0
PO_00681,PRD_1927,SUP_120,WH_013,2023-11-17,2023-11-30,2023-11-30,113,109.0
PO_00682,PRD_1071,SUP_163,WH_039,2022-06-14,2022-06-21,2022-06-21,35,35.0
PO_00683,PRD_2301,SUP_177,WH_061,2025-01-24,2025-01-25,2025-01-30,376,376.0
PO_00684,PRD_3224,SUP_181,WH_008,2025-08-09,2025-08-17,2025-08-17,110,110.0
PO_00685,PRD_1941,SUP_064,WH_063,2025-03-10,2025-03-16,2025-03-16,67,67.0
PO_00686,PRD_1348,SUP_188,WH_010,2024-02-01,2024-02-10,2024-02-10,285,285.0
PO_00687,PRD_0323,SUP_169,WH_008,2022-06-08,2022-06-12,2022-06-12,337,337.0
PO_00688,PRD_0209,SUP_040,WH_065,2024-06-02,2024-06-16,2024-06-16,264,264.0
PO_00689,PRD_4367,SUP_183,WH_006,2022-03-22,2022-04-05,2022-04-05,287,287.0
PO_00690,PRD_3737,SUP_121,WH_008,2023-03-07,2023-03-10,,83,
PO_00691,PRD_2825,SUP_135,WH_051,2024-07-24,2024-08-01,,398,
PO_00692,PRD_2224,SUP_089,WH_060,2024-04-21,2024-04-28,2024-04-28,97,97.0
PO_00693,PRD_2712,SUP_200,WH_070,2025-02-07,2025-02-11,,96,
PO_00694,PRD_3035,SUP_073,WH_059,2024-01-01,2024-01-13,2024-01-13,396,396.0
PO_00695,PRD_0175,SUP_176,WH_029,2024-03-07,2024-03-18,2024-03-18,364,364.0
PO_00696,PRD_3778,SUP_133,WH_041,2023-07-27,2023-08-05,2023-08-05,299,299.0
PO_00697,PRD_2290,SUP_148,WH_063,2023-11-19,2023-11-22,2023-11-22,196,196.0
PO_00698,PRD_0170,SUP_164,WH_075,2023-08-22,2023-08-31,2023-08-31,354,354.0
PO_00699,PRD_4784,SUP_062,WH_028,2023-12-13,2023-12-21,2023-12-21,51,51.0
PO_00700,PRD_4336,SUP_024,WH_037,2023-08-04,2023-08-13,2023-08-13,93,93.0
PO_00701,PRD_2577,SUP_155,WH_021,2022-12-25,2022-12-26,2022-12-30,396,274.0
PO_00702,PRD_0037,SUP_130,WH_037,2023-04-26,2023-04-30,2023-04-30,61,61.0
PO_00703,PRD_2168,SUP_066,WH_028,2022-07-07,2022-07-16,2022-07-22,189,189.0
PO_00704,PRD_4462,SUP_058,WH_023,2025-10-20,2025-10-21,2025-10-26,210,210.0
PO_00705,PRD_0265,SUP_042,WH_001,2025-05-05,2025-05-06,2025-05-12,396,396.0
PO_00706,PRD_3839,SUP_112,WH_045,2024-11-06,2024-11-12,2024-11-12,183,183.0
PO_00707,PRD_1658,SUP_196,WH_079,2023-07-23,2023-08-05,2023-08-05,77,77.0
PO_00708,PRD_0733,SUP_112,WH_055,2025-03-06,2025-03-12,2025-03-18,382,315.0
PO_00709,PRD_0661,SUP_089,WH_014,2024-01-04,2024-01-11,2024-01-11,367,367.0
PO_00710,PRD_1658,SUP_196,WH_007,2023-01-14,2023-01-27,2023-02-02,171,171.0
PO_00711,PRD_4153,SUP_125,WH_021,2023-06-19,2023-06-23,2023-06-27,473,473.0
PO_00712,PRD_1436,SUP_099,WH_050,2022-04-06,2022-04-12,2022-04-12,158,158.0
PO_00713,PRD_0240,SUP_024,WH_070,2022-06-11,2022-06-20,2022-06-20,452,375.0
PO_00714,PRD_2116,SUP_180,WH_071,2023-11-26,2023-12-02,2023-12-02,441,441.0
PO_00715,PRD_0107,SUP_191,WH_069,2025-04-07,2025-04-21,2025-04-21,369,369.0
PO_00716,PRD_3517,SUP_192,WH_011,2023-07-05,2023-07-07,2023-07-14,471,471.0
PO_00717,PRD_4114,SUP_200,WH_003,2025-07-06,2025-07-10,2025-07-10,55,55.0
PO_00718,PRD_1898,SUP_005,WH_008,2024-02-15,2024-02-19,2024-02-19,103,103.0
PO_00719,PRD_3805,SUP_072,WH_062,2024-02-13,2024-02-17,,207,
PO_00720,PRD_1040,SUP_051,WH_012,2022-09-16,2022-09-23,2022-09-24,265,265.0
PO_00721,PRD_3316,SUP_060,WH_067,2022-06-03,2022-06-13,2022-06-18,233,233.0
PO_00722,PRD_0777,SUP_077,WH_059,2025-05-14,2025-05-17,,164,
PO_00723,PRD_3405,SUP_075,WH_055,2023-05-13,2023-05-20,2023-05-20,270,270.0
PO_00724,PRD_1055,SUP_109,WH_011,2023-01-10,2023-01-15,2023-01-15,81,81.0
PO_00725,PRD_3965,SUP_173,WH_026,2024-01-07,2024-01-08,2024-01-08,62,62.0
PO_00726,PRD_0596,SUP_030,WH_002,2023-12-09,2023-12-21,2023-12-21,346,286.0
PO_00727,PRD_3236,SUP_075,WH_069,2025-10-05,2025-10-12,2025-10-12,326,326.0
PO_00728,PRD_2246,SUP_095,WH_054,2024-06-24,2024-06-26,2024-06-26,401,401.0
PO_00729,PRD_0827,SUP_084,WH_038,2025-10-27,2025-10-28,2025-10-28,169,169.0
PO_00730,PRD_4972,SUP_157,WH_040,2024-03-14,2024-03-15,2024-03-15,135,135.0
PO_00731,PRD_1569,SUP_087,WH_060,2024-06-03,2024-06-15,,386,
PO_00732,PRD_2391,SUP_051,WH_024,2023-07-19,2023-07-26,,445,
PO_00733,PRD_2809,SUP_141,WH_023,2022-08-23,2022-09-04,2022-09-04,423,423.0
PO_00734,PRD_3112,SUP_004,WH_069,2022-06-15,2022-06-28,2022-06-28,88,88.0
PO_00735,PRD_4025,SUP_139,WH_062,2023-09-26,2023-09-27,2023-09-27,499,499.0
PO_00736,PRD_4691,SUP_122,WH_048,2025-06-01,2025-06-05,2025-06-12,166,166.0
PO_00737,PRD_3161,SUP_107,WH_005,2023-03-17,2023-03-23,2023-03-23,478,367.0
PO_00738,PRD_2042,SUP_120,WH_062,2025-03-09,2025-03-22,2025-03-22,286,277.0
PO_00739,PRD_2172,SUP_152,WH_003,2025-02-12,2025-02-21,,490,
PO_00740,PRD_2892,SUP_091,WH_008,2022-05-01,2022-05-02,2022-05-02,492,492.0
PO_00741,PRD_0629,SUP_085,WH_045,2022-07-01,2022-07-03,2022-07-03,391,391.0
PO_00742,PRD_4997,SUP_026,WH_049,2022-03-23,2022-03-29,2022-03-29,276,276.0
PO_00743,PRD_1823,SUP_170,WH_019,2025-10-20,2025-10-28,2025-10-28,211,211.0
PO_00744,PRD_3995,SUP_160,WH_063,2025-12-12,2025-12-17,2025-12-22,356,356.0
PO_00745,PRD_3429,SUP_153,WH_010,2025-08-23,2025-08-27,2025-08-27,42,42.0
PO_00746,PRD_4986,SUP_063,WH_045,2025-08-15,2025-08-26,2025-08-26,420,420.0
PO_00747,PRD_1884,SUP_120,WH_030,2023-10-24,2023-11-06,2023-11-06,52,52.0
PO_00748,PRD_2386,SUP_089,WH_012,2022-09-13,2022-09-20,2022-09-20,127,127.0
PO_00749,PRD_4749,SUP_047,WH_003,2024-10-02,2024-10-06,2024-10-06,463,463.0
PO_00750,PRD_4169,SUP_049,WH_012,2023-04-10,2023-04-19,2023-04-19,490,490.0
PO_00751,PRD_3348,SUP_109,WH_051,2024-02-13,2024-02-18,2024-02-19,371,371.0
PO_00752,PRD_1582,SUP_098,WH_004,2025-09-12,2025-09-22,2025-09-22,47,47.0
PO_00753,PRD_0476,SUP_027,WH_045,2022-12-25,2023-01-06,,232,
PO_00754,PRD_0687,SUP_030,WH_067,2025-03-22,2025-04-03,2025-04-04,205,205.0
PO_00755,PRD_2246,SUP_095,WH_073,2025-10-24,2025-10-26,2025-10-30,413,413.0
PO_00756,PRD_3565,SUP_154,WH_068,2023-11-20,2023-12-02,2023-12-03,305,305.0
PO_00757,PRD_4279,SUP_018,WH_064,2025-10-15,2025-10-21,2025-10-21,301,301.0
PO_00758,PRD_2039,SUP_120,WH_037,2022-08-15,2022-08-28,2022-08-28,153,153.0
PO_00759,PRD_2135,SUP_194,WH_013,2022-01-18,2022-01-24,2022-01-24,106,106.0
PO_00760,PRD_1182,SUP_117,WH_013,2023-03-11,2023-03-23,2023-03-23,364,364.0
PO_00761,PRD_2378,SUP_089,WH_031,2022-09-06,2022-09-13,2022-09-20,483,483.0
PO_00762,PRD_4095,SUP_127,WH_039,2022-12-10,2022-12-20,2022-12-28,174,174.0
PO_00763,PRD_1148,SUP_099,WH_051,2024-10-07,2024-10-13,2024-10-13,345,345.0
PO_00764,PRD_4281,SUP_115,WH_062,2022-11-24,2022-11-25,2022-12-03,332,332.0
PO_00765,PRD_1412,SUP_082,WH_075,2022-05-03,2022-05-04,2022-05-04,471,349.0
PO_00766,PRD_1383,SUP_032,WH_072,2022-09-01,2022-09-15,2022-09-15,113,81.0
PO_00767,PRD_2558,SUP_088,WH_045,2022-05-18,2022-05-24,2022-05-24,472,472.0
PO_00768,PRD_3094,SUP_185,WH_018,2024-05-03,2024-05-17,2024-05-17,279,279.0
PO_00769,PRD_1829,SUP_098,WH_014,2024-10-04,2024-10-14,2024-10-14,118,118.0
PO_00770,PRD_4270,SUP_073,WH_013,2025-10-20,2025-11-01,2025-11-03,158,158.0
PO_00771,PRD_4591,SUP_098,WH_060,2022-05-09,2022-05-19,2022-05-19,140,140.0
PO_00772,PRD_2179,SUP_170,WH_001,2022-12-01,2022-12-09,2022-12-09,203,143.0
PO_00773,PRD_3624,SUP_016,WH_033,2024-09-12,2024-09-23,2024-09-23,72,72.0
PO_00774,PRD_3485,SUP_069,WH_044,2025-07-14,2025-07-28,2025-07-28,117,117.0
PO_00775,PRD_1058,SUP_177,WH_039,2023-04-17,2023-04-18,2023-04-18,93,93.0
PO_00776,PRD_4228,SUP_194,WH_043,2022-05-01,2022-05-07,2022-05-07,376,268.0
PO_00777,PRD_4856,SUP_098,WH_023,2023-10-11,2023-10-21,2023-10-26,467,467.0
PO_00778,PRD_3780,SUP_121,WH_014,2025-09-09,2025-09-12,2025-09-12,54,54.0
PO_00779,PRD_1177,SUP_120,WH_071,2024-03-07,2024-03-20,2024-03-20,308,308.0
PO_00780,PRD_3722,SUP_083,WH_004,2022-04-25,2022-05-06,2022-05-06,447,447.0
PO_00781,PRD_0059,SUP_014,WH_003,2025-03-24,2025-04-06,2025-04-06,313,313.0
PO_00782,PRD_2129,SUP_156,WH_043,2023-11-03,2023-11-05,2023-11-05,47,47.0
PO_00783,PRD_3971,SUP_027,WH_054,2022-10-13,2022-10-25,2022-10-25,323,323.0
PO_00784,PRD_4241,SUP_132,WH_039,2024-08-26,2024-08-30,2024-09-01,382,382.0
PO_00785,PRD_2046,SUP_160,WH_016,2022-03-23,2022-03-28,2022-04-03,213,213.0
PO_00786,PRD_4059,SUP_139,WH_069,2025-07-11,2025-07-12,2025-07-12,142,142.0
PO_00787,PRD_4970,SUP_128,WH_037,2025-06-05,2025-06-08,2025-06-08,412,412.0
PO_00788,PRD_1045,SUP_157,WH_033,2024-05-21,2024-05-22,,411,
PO_00789,PRD_2969,SUP_062,WH_017,2025-01-06,2025-01-14,2025-01-14,383,383.0
PO_00790,PRD_4433,SUP_077,WH_069,2023-11-10,2023-11-13,2023-11-15,80,80.0
PO_00791,PRD_1549,SUP_189,WH_047,2022-06-19,2022-07-02,2022-07-02,260,260.0
PO_00792,PRD_3992,SUP_113,WH_055,2022-02-04,2022-02-10,2022-02-10,332,332.0
PO_00793,PRD_3338,SUP_176,WH_014,2022-08-04,2022-08-15,2022-08-15,404,248.0
PO_00794,PRD_4741,SUP_199,WH_014,2023-08-15,2023-08-16,2023-08-18,461,385.0
PO_00795,PRD_3789,SUP_083,WH_029,2024-02-10,2024-02-21,2024-02-21,390,390.0
PO_00796,PRD_0652,SUP_081,WH_022,2024-06-20,2024-06-28,2024-06-28,245,245.0
PO_00797,PRD_1928,SUP_047,WH_041,2022-03-04,2022-03-08,2022-03-08,108,108.0
PO_00798,PRD_0068,SUP_184,WH_013,2022-05-12,2022-05-15,2022-05-22,328,328.0
PO_00799,PRD_1110,SUP_028,WH_057,2025-03-12,2025-03-24,,202,
PO_00800,PRD_4013,SUP_125,WH_014,2024-11-18,2024-11-22,2024-11-22,492,492.0
PO_00801,PRD_4112,SUP_157,WH_044,2024-07-25,2024-07-26,2024-07-29,140,140.0
PO_00802,PRD_0037,SUP_130,WH_076,2023-11-14,2023-11-18,2023-11-23,264,264.0
PO_00803,PRD_2224,SUP_089,WH_063,2023-08-06,2023-08-13,,31,
PO_00804,PRD_4669,SUP_099,WH_033,2024-11-08,2024-11-14,,348,
PO_00805,PRD_0115,SUP_053,WH_068,2025-05-04,2025-05-12,,51,
PO_00806,PRD_0017,SUP_185,WH_025,2022-12-18,2023-01-01,2023-01-08,464,464.0
PO_00807,PRD_4407,SUP_001,WH_077,2024-08-11,2024-08-18,2024-08-18,449,435.0
PO_00808,PRD_0367,SUP_091,WH_052,2024-07-08,2024-07-09,2024-07-09,432,397.0
PO_00809,PRD_3188,SUP_041,WH_042,2022-01-07,2022-01-08,,229,
PO_00810,PRD_4554,SUP_191,WH_038,2025-04-22,2025-05-06,2025-05-11,115,115.0
PO_00811,PRD_2008,SUP_186,WH_060,2022-11-06,2022-11-15,2022-11-15,493,493.0
PO_00812,PRD_3408,SUP_019,WH_041,2024-02-12,2024-02-24,2024-02-24,286,286.0
PO_00813,PRD_4299,SUP_117,WH_002,2025-07-05,2025-07-17,2025-07-17,382,382.0
PO_00814,PRD_3153,SUP_147,WH_041,2023-12-16,2023-12-26,2023-12-26,61,61.0
PO_00815,PRD_0359,SUP_106,WH_002,2024-09-06,2024-09-07,2024-09-07,32,32.0
PO_00816,PRD_4455,SUP_115,WH_004,2025-11-11,2025-11-12,2025-11-12,143,132.0
PO_00817,PRD_4307,SUP_024,WH_071,2023-04-19,2023-04-28,2023-04-28,144,115.0
PO_00818,PRD_2027,SUP_194,WH_001,2023-08-17,2023-08-23,2023-08-25,146,146.0
PO_00819,PRD_3737,SUP_121,WH_069,2025-07-18,2025-07-21,2025-07-25,254,254.0
PO_00820,PRD_4292,SUP_151,WH_062,2023-12-24,2024-01-03,2024-01-03,278,278.0
PO_00821,PRD_1267,SUP_152,WH_007,2024-02-16,2024-02-25,2024-02-25,186,186.0
PO_00822,PRD_0083,SUP_001,WH_059,2024-12-10,2024-12-17,2024-12-21,156,156.0
PO_00823,PRD_4444,SUP_058,WH_009,2023-09-26,2023-09-27,2023-09-27,40,40.0
PO_00824,PRD_1394,SUP_141,WH_022,2022-10-23,2022-11-04,2022-11-09,413,413.0
PO_00825,PRD_3829,SUP_086,WH_049,2025-05-22,2025-05-24,2025-05-24,312,312.0
PO_00826,PRD_0925,SUP_081,WH_047,2025-11-12,2025-11-20,2025-11-20,22,22.0
PO_00827,PRD_0556,SUP_046,WH_075,2023-03-02,2023-03-11,2023-03-11,251,242.0
PO_00828,PRD_0022,SUP_024,WH_017,2023-07-22,2023-07-31,2023-07-31,213,144.0
PO_00829,PRD_1366,SUP_141,WH_077,2023-01-14,2023-01-26,2023-01-26,415,415.0
PO_00830,PRD_1268,SUP_020,WH_072,2023-02-25,2023-02-27,2023-02-27,435,435.0
PO_00831,PRD_1948,SUP_178,WH_040,2022-10-04,2022-10-12,2022-10-12,341,341.0
PO_00832,PRD_3199,SUP_074,WH_026,2022-10-08,2022-10-22,2022-10-22,468,468.0
PO_00833,PRD_4429,SUP_190,WH_063,2025-09-23,2025-09-25,2025-09-25,296,296.0
PO_00834,PRD_2653,SUP_105,WH_045,2022-09-09,2022-09-20,,421,
PO_00835,PRD_4989,SUP_038,WH_012,2025-05-16,2025-05-25,2025-05-26,245,150.0
PO_00836,PRD_1882,SUP_035,WH_031,2022-07-18,2022-07-28,2022-07-28,120,120.0
PO_00837,PRD_4131,SUP_117,WH_045,2025-12-14,2025-12-26,2025-12-26,238,238.0
PO_00838,PRD_4223,SUP_160,WH_029,2022-12-27,2023-01-01,2023-01-01,267,267.0
PO_00839,PRD_4225,SUP_034,WH_078,2023-04-11,2023-04-22,2023-04-24,326,326.0
PO_00840,PRD_4915,SUP_178,WH_004,2023-10-02,2023-10-10,2023-10-10,77,77.0
PO_00841,PRD_4548,SUP_061,WH_063,2023-03-26,2023-04-07,2023-04-07,39,26.0
PO_00842,PRD_1226,SUP_163,WH_076,2023-04-18,2023-04-25,2023-04-25,33,33.0
PO_00843,PRD_4794,SUP_076,WH_077,2025-08-15,2025-08-17,2025-08-17,258,210.0
PO_00844,PRD_4995,SUP_159,WH_039,2024-04-04,2024-04-16,2024-04-22,482,482.0
PO_00845,PRD_2685,SUP_093,WH_021,2024-01-23,2024-01-26,2024-01-26,496,496.0
PO_00846,PRD_4881,SUP_163,WH_066,2022-04-18,2022-04-25,,128,
PO_00847,PRD_0786,SUP_033,WH_036,2024-04-18,2024-05-02,2024-05-02,221,221.0
PO_00848,PRD_4436,SUP_151,WH_011,2024-06-13,2024-06-23,2024-06-23,47,47.0
PO_00849,PRD_0992,SUP_044,WH_061,2024-02-22,2024-03-04,2024-03-04,28,28.0
PO_00850,PRD_2763,SUP_031,WH_067,2024-08-25,2024-08-29,,120,
PO_00851,PRD_2465,SUP_167,WH_069,2023-10-02,2023-10-05,,216,
PO_00852,PRD_3963,SUP_172,WH_035,2023-03-14,2023-03-22,2023-03-22,46,39.0
PO_00853,PRD_0362,SUP_003,WH_074,2023-04-07,2023-04-11,2023-04-11,325,325.0
PO_00854,PRD_4528,SUP_102,WH_067,2023-06-15,2023-06-22,,414,
PO_00855,PRD_3260,SUP_117,WH_045,2022-10-16,2022-10-28,2022-10-28,198,198.0
PO_00856,PRD_4041,SUP_160,WH_024,2024-07-27,2024-08-01,2024-08-01,367,367.0
PO_00857,PRD_4567,SUP_059,WH_003,2022-12-24,2022-12-27,2022-12-27,266,266.0
PO_00858,PRD_0659,SUP_072,WH_073,2024-01-17,2024-01-21,2024-01-21,464,464.0
PO_00859,PRD_1723,SUP_182,WH_042,2023-08-19,2023-08-23,2023-08-23,171,171.0
PO_00860,PRD_1056,SUP_132,WH_043,2025-01-27,2025-01-31,,184,
PO_00861,PRD_2817,SUP_117,WH_048,2022-11-26,2022-12-08,2022-12-08,385,385.0
PO_00862,PRD_0201,SUP_024,WH_071,2023-11-12,2023-11-21,2023-11-21,278,278.0
PO_00863,PRD_0109,SUP_054,WH_001,2022-11-09,2022-11-20,2022-11-22,84,84.0
PO_00864,PRD_4605,SUP_196,WH_015,2024-04-05,2024-04-18,2024-04-20,424,424.0
PO_00865,PRD_1249,SUP_192,WH_035,2024-05-03,2024-05-05,2024-05-05,489,489.0
PO_00866,PRD_2339,SUP_170,WH_062,2025-09-12,2025-09-20,2025-09-20,21,12.0
PO_00867,PRD_2826,SUP_014,WH_015,2024-09-26,2024-10-09,2024-10-09,396,303.0
PO_00868,PRD_3674,SUP_104,WH_018,2025-11-13,2025-11-21,2025-11-21,450,450.0
PO_00869,PRD_3482,SUP_083,WH_007,2022-09-23,2022-10-04,2022-10-04,75,75.0
PO_00870,PRD_3876,SUP_069,WH_063,2024-06-26,2024-07-10,2024-07-10,73,73.0
PO_00871,PRD_4364,SUP_031,WH_062,2024-04-18,2024-04-22,2024-04-22,228,228.0
PO_00872,PRD_1990,SUP_178,WH_007,2023-06-25,2023-07-03,2023-07-03,141,141.0
PO_00873,PRD_2731,SUP_200,WH_057,2023-02-17,2023-02-21,2023-02-27,212,212.0
PO_00874,PRD_0243,SUP_065,WH_080,2024-01-25,2024-02-02,2024-02-05,300,300.0
PO_00875,PRD_0466,SUP_111,WH_005,2024-11-18,2024-11-20,2024-11-20,396,396.0
PO_00876,PRD_2047,SUP_145,WH_035,2023-03-02,2023-03-09,,487,
PO_00877,PRD_3770,SUP_042,WH_040,2024-07-13,2024-07-14,,247,
PO_00878,PRD_0660,SUP_067,WH_065,2025-12-21,2025-12-25,2025-12-30,309,309.0
PO_00879,PRD_1103,SUP_174,WH_006,2023-04-13,2023-04-21,2023-04-21,67,51.0
PO_00880,PRD_0127,SUP_071,WH_041,2022-07-01,2022-07-11,2022-07-11,42,42.0
PO_00881,PRD_2821,SUP_194,WH_059,2024-07-03,2024-07-09,2024-07-09,415,415.0
PO_00882,PRD_3545,SUP_153,WH_072,2025-08-04,2025-08-08,2025-08-08,52,52.0
PO_00883,PRD_4107,SUP_194,WH_062,2025-01-20,2025-01-26,2025-01-26,92,92.0
PO_00884,PRD_2949,SUP_041,WH_046,2022-05-03,2022-05-04,2022-05-04,392,392.0
PO_00885,PRD_3389,SUP_177,WH_072,2024-03-05,2024-03-06,2024-03-06,255,255.0
PO_00886,PRD_4429,SUP_190,WH_047,2024-01-22,2024-01-24,2024-02-01,278,278.0
PO_00887,PRD_3150,SUP_075,WH_035,2023-03-05,2023-03-12,2023-03-12,152,152.0
PO_00888,PRD_4302,SUP_088,WH_022,2022-12-16,2022-12-22,2022-12-22,366,366.0
PO_00889,PRD_4180,SUP_103,WH_061,2022-02-27,2022-03-10,2022-03-15,265,215.0
PO_00890,PRD_0441,SUP_185,WH_023,2022-11-22,2022-12-06,2022-12-06,36,36.0
PO_00891,PRD_2172,SUP_152,WH_044,2022-09-03,2022-09-12,2022-09-12,24,24.0
PO_00892,PRD_3644,SUP_151,WH_080,2023-01-15,2023-01-25,2023-01-25,452,402.0
PO_00893,PRD_2176,SUP_184,WH_066,2023-08-23,2023-08-26,,307,
PO_00894,PRD_2345,SUP_063,WH_037,2023-02-04,2023-02-15,,472,
PO_00895,PRD_3729,SUP_045,WH_001,2025-07-04,2025-07-18,2025-07-18,251,157.0
PO_00896,PRD_2551,SUP_126,WH_048,2025-11-12,2025-11-15,2025-11-17,175,175.0
PO_00897,PRD_3160,SUP_022,WH_028,2024-03-21,2024-04-03,2024-04-03,497,497.0
PO_00898,PRD_3502,SUP_104,WH_078,2022-05-20,2022-05-28,2022-05-28,488,488.0
PO_00899,PRD_0538,SUP_028,WH_067,2025-12-01,2025-12-13,2025-12-20,317,317.0
PO_00900,PRD_0989,SUP_160,WH_026,2023-09-16,2023-09-21,2023-09-21,134,134.0
PO_00901,PRD_2982,SUP_058,WH_079,2022-06-12,2022-06-13,,57,
PO_00902,PRD_2853,SUP_050,WH_042,2025-10-10,2025-10-13,2025-10-13,320,285.0
PO_00903,PRD_4710,SUP_167,WH_068,2025-03-27,2025-03-30,2025-03-30,152,152.0
PO_00904,PRD_2017,SUP_200,WH_020,2022-09-09,2022-09-13,2022-09-13,379,379.0
PO_00905,PRD_3771,SUP_150,WH_060,2025-10-22,2025-11-03,,144,
PO_00906,PRD_0714,SUP_049,WH_011,2025-02-12,2025-02-21,2025-02-21,64,64.0
PO_00907,PRD_3092,SUP_148,WH_057,2025-10-03,2025-10-06,2025-10-06,124,124.0
PO_00908,PRD_1587,SUP_087,WH_049,2025-01-16,2025-01-28,2025-01-30,234,234.0
PO_00909,PRD_0021,SUP_071,WH_076,2023-02-21,2023-03-03,2023-03-03,245,245.0
PO_00910,PRD_3593,SUP_146,WH_013,2023-09-05,2023-09-19,2023-09-19,71,71.0
PO_00911,PRD_3405,SUP_075,WH_074,2024-01-15,2024-01-22,,150,
PO_00912,PRD_2223,SUP_102,WH_061,2022-03-24,2022-03-31,2022-03-31,37,37.0
PO_00913,PRD_2505,SUP_153,WH_062,2025-02-01,2025-02-05,,47,
PO_00914,PRD_3199,SUP_074,WH_067,2023-01-20,2023-02-03,2023-02-03,347,347.0
PO_00915,PRD_4143,SUP_093,WH_054,2025-08-27,2025-08-30,2025-09-05,132,132.0
PO_00916,PRD_0743,SUP_148,WH_068,2022-07-23,2022-07-26,2022-07-26,333,333.0
PO_00917,PRD_3139,SUP_156,WH_040,2023-05-24,2023-05-26,2023-05-26,89,89.0
PO_00918,PRD_0457,SUP_090,WH_070,2022-07-15,2022-07-20,2022-07-20,347,217.0
PO_00919,PRD_3394,SUP_060,WH_041,2022-09-19,2022-09-29,2022-10-01,209,132.0
PO_00920,PRD_3663,SUP_154,WH_073,2023-11-04,2023-11-16,2023-11-16,197,197.0
PO_00921,PRD_0227,SUP_073,WH_042,2023-02-05,2023-02-17,,193,
PO_00922,PRD_1587,SUP_087,WH_009,2022-08-25,2022-09-06,2022-09-12,286,286.0
PO_00923,PRD_3036,SUP_021,WH_041,2025-06-17,2025-06-27,2025-06-27,94,94.0
PO_00924,PRD_0509,SUP_138,WH_018,2022-10-07,2022-10-15,2022-10-15,373,373.0
PO_00925,PRD_4355,SUP_058,WH_039,2024-02-25,2024-02-26,2024-02-26,363,363.0
PO_00926,PRD_4406,SUP_147,WH_057,2022-04-23,2022-05-03,2022-05-03,433,433.0
PO_00927,PRD_4631,SUP_074,WH_013,2023-09-08,2023-09-22,2023-09-22,267,267.0
PO_00928,PRD_0742,SUP_072,WH_030,2024-02-12,2024-02-16,2024-02-18,191,191.0
PO_00929,PRD_3695,SUP_011,WH_027,2022-02-24,2022-03-07,,168,
PO_00930,PRD_0895,SUP_054,WH_067,2024-06-10,2024-06-21,2024-06-21,44,44.0
PO_00931,PRD_4764,SUP_077,WH_040,2025-05-22,2025-05-25,2025-05-26,472,472.0
PO_00932,PRD_2144,SUP_149,WH_042,2024-12-05,2024-12-12,2024-12-12,25,15.0
PO_00933,PRD_1446,SUP_119,WH_048,2025-08-14,2025-08-20,,427,
PO_00934,PRD_4230,SUP_014,WH_008,2023-08-13,2023-08-26,2023-08-26,273,273.0
PO_00935,PRD_2847,SUP_172,WH_041,2025-07-07,2025-07-15,2025-07-15,281,272.0
PO_00936,PRD_0833,SUP_098,WH_050,2022-09-14,2022-09-24,2022-09-24,124,124.0
PO_00937,PRD_3812,SUP_150,WH_035,2025-09-08,2025-09-20,2025-09-20,206,206.0
PO_00938,PRD_2319,SUP_078,WH_077,2022-10-27,2022-10-28,2022-10-29,438,438.0
PO_00939,PRD_1648,SUP_138,WH_018,2024-03-19,2024-03-27,,340,
PO_00940,PRD_4062,SUP_160,WH_008,2023-03-26,2023-03-31,2023-04-03,354,236.0
PO_00941,PRD_2101,SUP_042,WH_005,2024-08-01,2024-08-02,2024-08-10,267,267.0
PO_00942,PRD_0365,SUP_039,WH_049,2025-12-24,2025-12-31,2026-01-02,89,89.0
PO_00943,PRD_3970,SUP_083,WH_050,2023-05-04,2023-05-15,2023-05-15,462,462.0
PO_00944,PRD_1703,SUP_138,WH_027,2022-07-14,2022-07-22,2022-07-22,499,499.0
PO_00945,PRD_1487,SUP_200,WH_049,2024-01-27,2024-01-31,2024-01-31,212,212.0
PO_00946,PRD_3004,SUP_143,WH_051,2022-04-09,2022-04-18,2022-04-18,163,163.0
PO_00947,PRD_1469,SUP_020,WH_076,2024-10-17,2024-10-19,2024-10-19,291,291.0
PO_00948,PRD_4058,SUP_194,WH_005,2023-01-19,2023-01-25,2023-01-25,336,336.0
PO_00949,PRD_0776,SUP_130,WH_047,2024-11-07,2024-11-11,,475,
PO_00950,PRD_0723,SUP_103,WH_035,2025-12-02,2025-12-13,2025-12-13,346,346.0
PO_00951,PRD_1866,SUP_021,WH_045,2022-10-06,2022-10-16,2022-10-16,81,81.0
PO_00952,PRD_1071,SUP_163,WH_026,2022-07-25,2022-08-01,2022-08-01,142,142.0
PO_00953,PRD_2998,SUP_116,WH_006,2023-10-04,2023-10-13,2023-10-13,377,377.0
PO_00954,PRD_2556,SUP_173,WH_069,2023-07-14,2023-07-15,,150,
PO_00955,PRD_2980,SUP_016,WH_022,2023-10-11,2023-10-22,2023-10-22,254,254.0
PO_00956,PRD_1161,SUP_174,WH_032,2022-11-04,2022-11-12,2022-11-12,344,344.0
PO_00957,PRD_1260,SUP_020,WH_022,2023-06-14,2023-06-16,2023-06-16,378,378.0
PO_00958,PRD_2951,SUP_030,WH_031,2023-06-16,2023-06-28,,499,
PO_00959,PRD_0373,SUP_039,WH_052,2025-02-26,2025-03-05,2025-03-05,218,218.0
PO_00960,PRD_1849,SUP_145,WH_079,2024-11-19,2024-11-26,2024-12-03,97,97.0
PO_00961,PRD_4349,SUP_119,WH_078,2022-06-10,2022-06-16,,172,
PO_00962,PRD_1108,SUP_061,WH_061,2024-03-21,2024-04-02,2024-04-02,261,261.0
PO_00963,PRD_1609,SUP_174,WH_035,2024-06-03,2024-06-11,2024-06-18,356,356.0
PO_00964,PRD_3065,SUP_153,WH_054,2024-02-05,2024-02-09,2024-02-09,412,412.0
PO_00965,PRD_1848,SUP_022,WH_029,2022-03-08,2022-03-21,2022-03-21,182,182.0
PO_00966,PRD_3292,SUP_170,WH_031,2023-09-11,2023-09-19,2023-09-19,332,332.0
PO_00967,PRD_0519,SUP_010,WH_068,2025-08-19,2025-09-01,2025-09-01,343,343.0
PO_00968,PRD_1720,SUP_121,WH_079,2025-06-11,2025-06-14,2025-06-14,77,77.0
PO_00969,PRD_4341,SUP_147,WH_050,2025-05-10,2025-05-20,2025-05-20,262,257.0
PO_00970,PRD_2829,SUP_046,WH_047,2022-09-04,2022-09-13,2022-09-13,427,427.0
PO_00971,PRD_1659,SUP_008,WH_068,2025-10-02,2025-10-09,2025-10-14,310,310.0
PO_00972,PRD_1031,SUP_080,WH_052,2025-08-09,2025-08-10,2025-08-10,303,240.0
PO_00973,PRD_2367,SUP_154,WH_002,2023-08-12,2023-08-24,2023-08-24,29,29.0
PO_00974,PRD_3034,SUP_048,WH_004,2022-05-24,2022-06-06,2022-06-13,194,194.0
PO_00975,PRD_0128,SUP_073,WH_043,2025-03-26,2025-04-07,2025-04-07,114,114.0
PO_00976,PRD_2843,SUP_070,WH_042,2023-12-24,2023-12-25,2023-12-25,255,255.0
PO_00977,PRD_0319,SUP_144,WH_051,2023-12-15,2023-12-17,2023-12-17,104,104.0
PO_00978,PRD_4840,SUP_045,WH_064,2025-06-25,2025-07-09,2025-07-09,64,64.0
PO_00979,PRD_1091,SUP_122,WH_021,2024-04-18,2024-04-22,2024-04-29,249,249.0
PO_00980,PRD_0346,SUP_039,WH_033,2022-09-12,2022-09-19,,24,
PO_00981,PRD_1968,SUP_200,WH_003,2023-01-13,2023-01-17,,335,
PO_00982,PRD_0502,SUP_103,WH_052,2022-04-16,2022-04-27,2022-04-27,315,255.0
PO_00983,PRD_0861,SUP_187,WH_005,2025-02-25,2025-02-28,2025-02-28,456,456.0
PO_00984,PRD_3845,SUP_150,WH_013,2024-11-11,2024-11-23,2024-11-23,285,285.0
PO_00985,PRD_1984,SUP_030,WH_044,2025-07-11,2025-07-23,2025-07-23,268,268.0
PO_00986,PRD_0745,SUP_134,WH_039,2024-01-20,2024-01-21,2024-01-21,162,103.0
PO_00987,PRD_0405,SUP_057,WH_020,2025-07-03,2025-07-08,2025-07-08,39,25.0
PO_00988,PRD_1184,SUP_174,WH_028,2022-04-10,2022-04-18,2022-04-21,464,464.0
PO_00989,PRD_0989,SUP_160,WH_035,2023-10-05,2023-10-10,2023-10-13,359,359.0
PO_00990,PRD_2356,SUP_051,WH_043,2022-10-09,2022-10-16,2022-10-16,478,382.0
PO_00991,PRD_4872,SUP_114,WH_020,2023-04-13,2023-04-24,,234,
PO_00992,PRD_1400,SUP_116,WH_037,2025-08-23,2025-09-01,2025-09-01,72,52.0
PO_00993,PRD_1078,SUP_002,WH_008,2025-08-17,2025-08-18,2025-08-23,181,133.0
PO_00994,PRD_1061,SUP_169,WH_058,2024-09-03,2024-09-07,2024-09-07,392,392.0
PO_00995,PRD_4462,SUP_058,WH_021,2024-02-06,2024-02-07,2024-02-07,73,73.0
PO_00996,PRD_0503,SUP_176,WH_076,2025-02-16,2025-02-27,2025-02-27,75,75.0
PO_00997,PRD_1912,SUP_007,WH_043,2025-01-02,2025-01-07,2025-01-07,87,64.0
PO_00998,PRD_2644,SUP_163,WH_049,2023-12-12,2023-12-19,2023-12-25,180,180.0
PO_00999,PRD_3366,SUP_109,WH_024,2024-02-03,2024-02-08,,62,
PO_01000,PRD_4821,SUP_106,WH_036,2022-07-04,2022-07-05,2022-07-05,111,111.0
PO_01001,PRD_2252,SUP_095,WH_053,2023-01-13,2023-01-15,2023-01-15,55,55.0
PO_01002,PRD_2342,SUP_080,WH_008,2023-06-24,2023-06-25,2023-06-25,158,158.0
PO_01003,PRD_4884,SUP_178,WH_059,2022-04-06,2022-04-14,2022-04-14,309,309.0
PO_01004,PRD_1766,SUP_137,WH_049,2023-06-25,2023-06-27,2023-07-01,470,470.0
PO_01005,PRD_4521,SUP_021,WH_025,2024-09-25,2024-10-05,2024-10-12,126,126.0
PO_01006,PRD_4895,SUP_043,WH_007,2022-05-09,2022-05-18,2022-05-18,360,360.0
PO_01007,PRD_1946,SUP_056,WH_049,2022-07-15,2022-07-29,,435,
PO_01008,PRD_0449,SUP_175,WH_017,2023-10-11,2023-10-15,2023-10-15,77,77.0
PO_01009,PRD_1000,SUP_157,WH_043,2023-09-22,2023-09-23,,428,
PO_01010,PRD_3466,SUP_176,WH_061,2025-01-02,2025-01-13,2025-01-13,122,116.0
PO_01011,PRD_0565,SUP_153,WH_063,2023-06-02,2023-06-06,2023-06-06,321,321.0
PO_01012,PRD_1621,SUP_112,WH_055,2025-10-05,2025-10-11,2025-10-19,41,30.0
PO_01013,PRD_2632,SUP_083,WH_077,2024-01-18,2024-01-29,,261,
PO_01014,PRD_4467,SUP_166,WH_074,2022-03-12,2022-03-15,,217,
PO_01015,PRD_3856,SUP_011,WH_058,2025-11-09,2025-11-20,2025-11-20,294,294.0
PO_01016,PRD_1494,SUP_192,WH_039,2025-03-02,2025-03-04,,256,
PO_01017,PRD_1592,SUP_193,WH_065,2025-02-23,2025-02-25,2025-03-03,279,279.0
PO_01018,PRD_1362,SUP_161,WH_077,2025-05-19,2025-05-24,2025-06-01,309,309.0
PO_01019,PRD_1316,SUP_061,WH_068,2024-06-11,2024-06-23,2024-06-23,223,223.0
PO_01020,PRD_0678,SUP_008,WH_026,2025-11-10,2025-11-17,2025-11-17,449,449.0
PO_01021,PRD_1447,SUP_105,WH_021,2025-02-19,2025-03-02,2025-03-10,435,435.0
PO_01022,PRD_0229,SUP_191,WH_050,2024-09-26,2024-10-10,2024-10-16,439,439.0
PO_01023,PRD_4759,SUP_092,WH_038,2022-09-12,2022-09-13,2022-09-13,481,481.0
PO_01024,PRD_0348,SUP_098,WH_013,2023-08-12,2023-08-22,2023-08-22,492,492.0
PO_01025,PRD_1408,SUP_200,WH_040,2023-02-05,2023-02-09,2023-02-09,333,281.0
PO_01026,PRD_4836,SUP_098,WH_020,2024-10-17,2024-10-27,2024-10-27,206,206.0
PO_01027,PRD_3628,SUP_078,WH_004,2025-07-03,2025-07-04,2025-07-04,186,186.0
PO_01028,PRD_4648,SUP_004,WH_029,2023-12-01,2023-12-14,2023-12-14,129,129.0
PO_01029,PRD_2855,SUP_050,WH_005,2022-11-22,2022-11-25,2022-11-25,414,414.0
PO_01030,PRD_1550,SUP_193,WH_026,2022-10-22,2022-10-24,2022-10-24,62,62.0
PO_01031,PRD_0926,SUP_054,WH_046,2025-02-17,2025-02-28,2025-02-28,449,449.0
PO_01032,PRD_4529,SUP_139,WH_030,2024-01-07,2024-01-08,2024-01-16,498,498.0
PO_01033,PRD_4166,SUP_113,WH_075,2024-08-08,2024-08-14,,463,
PO_01034,PRD_2992,SUP_116,WH_080,2024-05-07,2024-05-16,2024-05-21,273,273.0
PO_01035,PRD_4993,SUP_106,WH_003,2024-09-21,2024-09-22,2024-09-22,450,450.0
PO_01036,PRD_4746,SUP_068,WH_035,2022-04-04,2022-04-05,2022-04-05,137,137.0
PO_01037,PRD_4673,SUP_127,WH_045,2022-01-01,2022-01-11,2022-01-12,115,115.0
PO_01038,PRD_1517,SUP_057,WH_045,2025-04-27,2025-05-02,2025-05-02,251,251.0
PO_01039,PRD_1844,SUP_117,WH_024,2023-05-14,2023-05-26,2023-05-26,397,397.0
PO_01040,PRD_0115,SUP_053,WH_001,2025-08-23,2025-08-31,2025-08-31,353,353.0
PO_01041,PRD_0574,SUP_081,WH_072,2023-02-21,2023-03-01,2023-03-01,304,304.0
PO_01042,PRD_4121,SUP_200,WH_039,2025-02-06,2025-02-10,2025-02-10,179,179.0
PO_01043,PRD_3821,SUP_042,WH_045,2022-06-04,2022-06-05,2022-06-09,445,445.0
PO_01044,PRD_2203,SUP_089,WH_071,2022-05-08,2022-05-15,2022-05-15,175,175.0
PO_01045,PRD_3120,SUP_027,WH_047,2022-05-22,2022-06-03,2022-06-07,483,483.0
PO_01046,PRD_3122,SUP_114,WH_074,2022-01-21,2022-02-01,2022-02-08,70,70.0
PO_01047,PRD_3753,SUP_126,WH_001,2022-04-04,2022-04-07,2022-04-07,73,73.0
PO_01048,PRD_1067,SUP_022,WH_048,2022-12-12,2022-12-25,2022-12-25,352,352.0
PO_01049,PRD_2165,SUP_066,WH_014,2022-11-05,2022-11-14,2022-11-14,80,80.0
PO_01050,PRD_0509,SUP_138,WH_048,2024-08-20,2024-08-28,2024-08-28,447,447.0
PO_01051,PRD_2485,SUP_119,WH_010,2025-10-15,2025-10-21,2025-10-25,268,268.0
PO_01052,PRD_3652,SUP_111,WH_054,2025-08-14,2025-08-16,2025-08-16,460,460.0
PO_01053,PRD_4667,SUP_102,WH_034,2022-10-08,2022-10-15,2022-10-15,359,359.0
PO_01054,PRD_4657,SUP_170,WH_052,2023-05-26,2023-06-03,2023-06-03,121,112.0
PO_01055,PRD_1642,SUP_148,WH_055,2022-02-22,2022-02-25,2022-02-25,493,481.0
PO_01056,PRD_2368,SUP_110,WH_042,2024-08-24,2024-08-28,2024-08-28,296,296.0
PO_01057,PRD_1277,SUP_130,WH_004,2024-12-10,2024-12-14,2024-12-14,43,43.0
PO_01058,PRD_1843,SUP_098,WH_018,2022-04-25,2022-05-05,2022-05-05,27,27.0
PO_01059,PRD_2417,SUP_152,WH_029,2025-02-18,2025-02-27,2025-02-27,69,54.0
PO_01060,PRD_1702,SUP_087,WH_062,2024-12-10,2024-12-22,2024-12-30,319,198.0
PO_01061,PRD_2184,SUP_097,WH_025,2023-01-12,2023-01-24,2023-01-24,144,111.0
PO_01062,PRD_0533,SUP_198,WH_043,2025-03-10,2025-03-14,2025-03-14,478,478.0
PO_01063,PRD_4371,SUP_063,WH_032,2023-07-26,2023-08-06,2023-08-06,376,256.0
PO_01064,PRD_2992,SUP_116,WH_031,2023-04-10,2023-04-19,2023-04-19,354,354.0
PO_01065,PRD_1527,SUP_087,WH_021,2024-06-23,2024-07-05,2024-07-05,236,141.0
PO_01066,PRD_3292,SUP_170,WH_036,2023-11-24,2023-12-02,2023-12-02,487,487.0
PO_01067,PRD_4498,SUP_102,WH_060,2023-09-20,2023-09-27,2023-10-01,327,327.0
PO_01068,PRD_3124,SUP_148,WH_038,2023-09-13,2023-09-16,2023-09-16,311,311.0
PO_01069,PRD_1907,SUP_165,WH_005,2022-01-08,2022-01-17,2022-01-17,181,181.0
PO_01070,PRD_0246,SUP_126,WH_059,2025-05-13,2025-05-16,2025-05-16,64,64.0
PO_01071,PRD_0567,SUP_008,WH_005,2023-01-01,2023-01-08,2023-01-14,304,304.0
PO_01072,PRD_2376,SUP_020,WH_068,2025-01-13,2025-01-15,2025-01-15,101,101.0
PO_01073,PRD_4965,SUP_026,WH_039,2024-03-15,2024-03-21,2024-03-21,334,329.0
PO_01074,PRD_4172,SUP_169,WH_062,2022-10-06,2022-10-10,2022-10-10,44,44.0
PO_01075,PRD_0162,SUP_065,WH_004,2022-04-14,2022-04-22,2022-04-22,133,133.0
PO_01076,PRD_0448,SUP_169,WH_008,2025-08-02,2025-08-06,2025-08-06,367,367.0
PO_01077,PRD_0585,SUP_099,WH_038,2025-02-17,2025-02-23,2025-02-23,215,176.0
PO_01078,PRD_0253,SUP_098,WH_037,2023-11-19,2023-11-29,,367,
PO_01079,PRD_4657,SUP_170,WH_077,2023-02-09,2023-02-17,2023-02-23,114,114.0
PO_01080,PRD_3394,SUP_060,WH_038,2023-12-08,2023-12-18,2023-12-26,148,148.0
PO_01081,PRD_1066,SUP_007,WH_010,2023-03-18,2023-03-23,2023-03-31,241,240.0
PO_01082,PRD_2249,SUP_031,WH_027,2024-12-15,2024-12-19,2024-12-22,483,483.0
PO_01083,PRD_3035,SUP_073,WH_002,2023-04-22,2023-05-04,2023-05-11,234,234.0
PO_01084,PRD_4278,SUP_035,WH_066,2025-03-19,2025-03-29,2025-03-29,233,233.0
PO_01085,PRD_3171,SUP_075,WH_054,2022-03-08,2022-03-15,2022-03-18,160,160.0
PO_01086,PRD_2931,SUP_162,WH_015,2022-10-16,2022-10-27,2022-10-27,335,335.0
PO_01087,PRD_1868,SUP_165,WH_045,2022-02-23,2022-03-04,2022-03-04,59,59.0
PO_01088,PRD_0173,SUP_114,WH_073,2024-07-26,2024-08-06,2024-08-06,71,71.0
PO_01089,PRD_1078,SUP_002,WH_059,2025-02-04,2025-02-05,2025-02-05,451,451.0
PO_01090,PRD_0533,SUP_198,WH_044,2025-02-22,2025-02-26,2025-02-26,29,29.0
PO_01091,PRD_0941,SUP_033,WH_014,2024-03-22,2024-04-05,2024-04-05,385,325.0
PO_01092,PRD_0650,SUP_149,WH_056,2024-02-02,2024-02-09,2024-02-11,438,438.0
PO_01093,PRD_0789,SUP_081,WH_033,2022-06-04,2022-06-12,2022-06-15,84,84.0
PO_01094,PRD_1580,SUP_140,WH_034,2025-10-11,2025-10-22,2025-10-25,209,209.0
PO_01095,PRD_3456,SUP_105,WH_042,2025-06-01,2025-06-12,2025-06-19,437,437.0
PO_01096,PRD_4088,SUP_041,WH_024,2023-03-21,2023-03-22,2023-03-22,303,303.0
PO_01097,PRD_0996,SUP_099,WH_005,2024-01-12,2024-01-18,2024-01-18,240,240.0
PO_01098,PRD_0610,SUP_018,WH_024,2023-04-15,2023-04-21,2023-04-22,173,173.0
PO_01099,PRD_2638,SUP_105,WH_005,2024-01-27,2024-02-07,2024-02-07,396,396.0
PO_01100,PRD_2629,SUP_022,WH_023,2023-02-10,2023-02-23,2023-02-23,314,213.0
PO_01101,PRD_4240,SUP_103,WH_056,2023-06-11,2023-06-22,2023-06-22,297,265.0
PO_01102,PRD_4995,SUP_159,WH_055,2023-03-10,2023-03-22,2023-03-22,129,101.0
PO_01103,PRD_1887,SUP_160,WH_031,2022-06-27,2022-07-02,,442,
PO_01104,PRD_3339,SUP_181,WH_005,2022-02-27,2022-03-07,2022-03-11,153,91.0
PO_01105,PRD_4771,SUP_038,WH_079,2022-12-22,2022-12-31,2022-12-31,414,414.0
PO_01106,PRD_4840,SUP_045,WH_013,2024-12-05,2024-12-19,2024-12-19,421,421.0
PO_01107,PRD_2203,SUP_089,WH_008,2025-12-21,2025-12-28,2025-12-30,366,366.0
PO_01108,PRD_4138,SUP_080,WH_015,2023-09-02,2023-09-03,2023-09-05,165,165.0
PO_01109,PRD_3701,SUP_153,WH_015,2023-05-14,2023-05-18,2023-05-18,378,378.0
PO_01110,PRD_1514,SUP_193,WH_067,2022-12-09,2022-12-11,2022-12-11,302,302.0
PO_01111,PRD_2506,SUP_072,WH_010,2023-06-12,2023-06-16,2023-06-16,275,275.0
PO_01112,PRD_2105,SUP_186,WH_080,2022-01-09,2022-01-18,2022-01-19,259,259.0
PO_01113,PRD_1571,SUP_057,WH_039,2022-01-05,2022-01-10,2022-01-10,451,451.0
PO_01114,PRD_1218,SUP_170,WH_052,2022-07-20,2022-07-28,2022-07-28,301,301.0
PO_01115,PRD_3926,SUP_024,WH_032,2022-06-26,2022-07-05,2022-07-05,336,336.0
PO_01116,PRD_4877,SUP_136,WH_051,2024-07-14,2024-07-21,2024-07-21,196,196.0
PO_01117,PRD_4495,SUP_038,WH_009,2023-04-26,2023-05-05,2023-05-05,447,404.0
PO_01118,PRD_0575,SUP_112,WH_022,2024-10-06,2024-10-12,2024-10-12,469,469.0
PO_01119,PRD_3837,SUP_045,WH_019,2023-09-11,2023-09-25,2023-09-25,339,339.0
PO_01120,PRD_3491,SUP_043,WH_064,2022-12-05,2022-12-14,2022-12-14,160,160.0
PO_01121,PRD_1914,SUP_014,WH_050,2025-07-26,2025-08-08,2025-08-08,437,437.0
PO_01122,PRD_0095,SUP_142,WH_064,2025-09-26,2025-10-05,2025-10-13,49,49.0
PO_01123,PRD_1104,SUP_148,WH_033,2025-06-25,2025-06-28,2025-06-28,343,343.0
PO_01124,PRD_1828,SUP_196,WH_046,2022-12-22,2023-01-04,2023-01-06,312,312.0
PO_01125,PRD_1794,SUP_145,WH_025,2022-11-04,2022-11-11,2022-11-11,404,316.0
PO_01126,PRD_2912,SUP_060,WH_059,2022-11-09,2022-11-19,2022-11-19,202,189.0
PO_01127,PRD_1477,SUP_117,WH_032,2024-07-25,2024-08-06,2024-08-06,486,486.0
PO_01128,PRD_3174,SUP_021,WH_021,2022-03-08,2022-03-18,2022-03-21,323,323.0
PO_01129,PRD_1238,SUP_071,WH_076,2022-04-23,2022-05-03,2022-05-03,98,98.0
PO_01130,PRD_0960,SUP_094,WH_018,2022-09-10,2022-09-24,2022-09-24,78,78.0
PO_01131,PRD_3287,SUP_058,WH_008,2023-09-06,2023-09-07,2023-09-07,330,330.0
PO_01132,PRD_3429,SUP_153,WH_076,2025-05-17,2025-05-21,2025-05-21,119,110.0
PO_01133,PRD_0717,SUP_131,WH_003,2025-06-23,2025-06-30,2025-06-30,372,244.0
PO_01134,PRD_1961,SUP_006,WH_080,2025-02-13,2025-02-27,2025-03-06,485,485.0
PO_01135,PRD_3912,SUP_027,WH_051,2024-02-10,2024-02-22,2024-02-22,85,85.0
PO_01136,PRD_3376,SUP_117,WH_003,2023-11-19,2023-12-01,2023-12-01,344,344.0
PO_01137,PRD_1694,SUP_002,WH_028,2023-10-10,2023-10-11,2023-10-11,152,152.0
PO_01138,PRD_2839,SUP_079,WH_006,2023-07-10,2023-07-15,2023-07-15,190,190.0
PO_01139,PRD_4041,SUP_160,WH_055,2024-11-03,2024-11-08,2024-11-14,186,186.0
PO_01140,PRD_2902,SUP_163,WH_003,2023-06-20,2023-06-27,2023-06-27,334,293.0
PO_01141,PRD_0303,SUP_175,WH_044,2025-02-11,2025-02-15,2025-02-15,233,148.0
PO_01142,PRD_4985,SUP_063,WH_007,2024-03-22,2024-04-02,2024-04-02,290,233.0
PO_01143,PRD_1531,SUP_155,WH_047,2024-03-01,2024-03-02,,66,
PO_01144,PRD_0393,SUP_095,WH_076,2024-05-18,2024-05-20,2024-05-20,45,45.0
PO_01145,PRD_2880,SUP_078,WH_048,2025-02-09,2025-02-10,2025-02-10,229,229.0
PO_01146,PRD_2553,SUP_063,WH_010,2024-02-06,2024-02-17,2024-02-17,269,269.0
PO_01147,PRD_0554,SUP_134,WH_017,2024-01-24,2024-01-25,2024-01-25,496,496.0
PO_01148,PRD_3215,SUP_170,WH_007,2022-09-20,2022-09-28,2022-09-28,207,207.0
PO_01149,PRD_4885,SUP_045,WH_075,2024-03-23,2024-04-06,2024-04-06,331,314.0
PO_01150,PRD_3269,SUP_180,WH_012,2024-04-10,2024-04-16,2024-04-16,393,393.0
PO_01151,PRD_4135,SUP_069,WH_015,2025-05-20,2025-06-03,2025-06-03,54,54.0
PO_01152,PRD_4396,SUP_073,WH_027,2023-07-02,2023-07-14,2023-07-14,281,281.0
PO_01153,PRD_4997,SUP_026,WH_002,2024-10-08,2024-10-14,,451,
PO_01154,PRD_1942,SUP_095,WH_018,2023-02-16,2023-02-18,2023-02-18,392,344.0
PO_01155,PRD_3625,SUP_079,WH_036,2025-09-13,2025-09-18,2025-09-18,138,138.0
PO_01156,PRD_0767,SUP_074,WH_016,2022-09-08,2022-09-22,,282,
PO_01157,PRD_3918,SUP_072,WH_056,2025-06-11,2025-06-15,2025-06-15,70,70.0
PO_01158,PRD_0333,SUP_118,WH_036,2025-03-15,2025-03-26,2025-03-27,286,286.0
PO_01159,PRD_1631,SUP_172,WH_014,2025-09-13,2025-09-21,2025-09-21,221,221.0
PO_01160,PRD_1084,SUP_044,WH_023,2023-09-20,2023-10-01,2023-10-01,316,312.0
PO_01161,PRD_4411,SUP_181,WH_032,2023-01-08,2023-01-16,2023-01-16,370,370.0
PO_01162,PRD_1621,SUP_112,WH_075,2025-06-11,2025-06-17,2025-06-18,141,141.0
PO_01163,PRD_2385,SUP_184,WH_072,2022-03-18,2022-03-21,2022-03-21,80,80.0
PO_01164,PRD_3242,SUP_151,WH_061,2024-05-10,2024-05-20,2024-05-20,121,121.0
PO_01165,PRD_2663,SUP_127,WH_010,2022-04-01,2022-04-11,2022-04-11,119,119.0
PO_01166,PRD_4046,SUP_103,WH_037,2023-03-03,2023-03-14,2023-03-19,385,385.0
PO_01167,PRD_4068,SUP_117,WH_001,2022-11-06,2022-11-18,2022-11-18,149,101.0
PO_01168,PRD_3754,SUP_086,WH_070,2022-11-08,2022-11-10,2022-11-12,402,402.0
PO_01169,PRD_0212,SUP_065,WH_027,2024-03-06,2024-03-14,2024-03-14,373,243.0
PO_01170,PRD_0018,SUP_001,WH_015,2025-09-23,2025-09-30,2025-10-03,359,359.0
PO_01171,PRD_0046,SUP_142,WH_065,2024-09-20,2024-09-29,2024-10-05,312,312.0
PO_01172,PRD_0794,SUP_098,WH_052,2023-05-09,2023-05-19,2023-05-22,500,500.0
PO_01173,PRD_0202,SUP_071,WH_074,2025-06-16,2025-06-26,2025-06-26,231,231.0
PO_01174,PRD_4262,SUP_031,WH_069,2025-03-14,2025-03-18,2025-03-18,296,296.0
PO_01175,PRD_3282,SUP_121,WH_052,2025-04-23,2025-04-26,,257,
PO_01176,PRD_0692,SUP_179,WH_073,2025-05-10,2025-05-14,2025-05-15,371,371.0
PO_01177,PRD_2136,SUP_040,WH_040,2025-10-19,2025-11-02,2025-11-02,407,407.0
PO_01178,PRD_2300,SUP_176,WH_029,2023-07-25,2023-08-05,2023-08-05,55,55.0
PO_01179,PRD_3266,SUP_161,WH_010,2022-04-22,2022-04-27,2022-04-27,364,364.0
PO_01180,PRD_1026,SUP_174,WH_022,2025-10-24,2025-11-01,2025-11-01,438,438.0
PO_01181,PRD_3637,SUP_111,WH_017,2023-04-14,2023-04-16,2023-04-16,71,64.0
PO_01182,PRD_2201,SUP_031,WH_005,2023-07-09,2023-07-13,2023-07-15,269,269.0
PO_01183,PRD_1476,SUP_040,WH_067,2025-03-12,2025-03-26,2025-03-26,131,131.0
PO_01184,PRD_3378,SUP_193,WH_046,2024-12-10,2024-12-12,2024-12-12,489,489.0
PO_01185,PRD_0746,SUP_199,WH_068,2024-08-24,2024-08-25,2024-08-25,474,474.0
PO_01186,PRD_4155,SUP_041,WH_052,2022-03-05,2022-03-06,,169,
PO_01187,PRD_2050,SUP_028,WH_080,2022-04-21,2022-05-03,2022-05-03,348,348.0
PO_01188,PRD_1573,SUP_104,WH_075,2025-11-20,2025-11-28,2025-11-28,322,322.0
PO_01189,PRD_1559,SUP_100,WH_078,2023-09-27,2023-10-04,2023-10-04,303,303.0
PO_01190,PRD_1444,SUP_053,WH_030,2024-11-06,2024-11-14,2024-11-14,115,115.0
PO_01191,PRD_3364,SUP_140,WH_011,2022-03-24,2022-04-04,2022-04-04,156,156.0
PO_01192,PRD_2090,SUP_052,WH_029,2024-03-04,2024-03-10,2024-03-10,96,96.0
PO_01193,PRD_3615,SUP_021,WH_030,2022-02-16,2022-02-26,2022-02-26,500,500.0
PO_01194,PRD_0304,SUP_079,WH_080,2024-06-08,2024-06-13,2024-06-13,344,213.0
PO_01195,PRD_2698,SUP_141,WH_057,2023-01-19,2023-01-31,2023-01-31,241,241.0
PO_01196,PRD_3833,SUP_024,WH_078,2023-06-24,2023-07-03,2023-07-03,249,249.0
PO_01197,PRD_1771,SUP_035,WH_014,2025-04-09,2025-04-19,2025-04-19,340,340.0
PO_01198,PRD_2089,SUP_056,WH_024,2023-04-19,2023-05-03,2023-05-03,419,346.0
PO_01199,PRD_1299,SUP_185,WH_037,2025-04-11,2025-04-25,2025-04-25,327,317.0
PO_01200,PRD_3992,SUP_113,WH_069,2022-11-03,2022-11-09,2022-11-09,460,460.0
PO_01201,PRD_1661,SUP_002,WH_038,2023-02-27,2023-02-28,,99,
PO_01202,PRD_3273,SUP_117,WH_011,2025-11-03,2025-11-15,,418,
PO_01203,PRD_2600,SUP_093,WH_009,2024-11-27,2024-11-30,2024-11-30,146,146.0
PO_01204,PRD_1308,SUP_161,WH_015,2024-04-21,2024-04-26,2024-04-26,425,425.0
PO_01205,PRD_3304,SUP_140,WH_001,2022-09-07,2022-09-18,2022-09-18,298,298.0
PO_01206,PRD_3350,SUP_181,WH_006,2024-12-27,2025-01-04,2025-01-06,138,138.0
PO_01207,PRD_3500,SUP_074,WH_041,2025-12-10,2025-12-24,2025-12-24,68,68.0
PO_01208,PRD_4113,SUP_197,WH_021,2023-12-11,2023-12-20,2023-12-20,54,37.0
PO_01209,PRD_3028,SUP_017,WH_054,2023-08-20,2023-08-23,2023-08-23,287,174.0
PO_01210,PRD_4724,SUP_139,WH_028,2023-12-22,2023-12-23,2023-12-23,310,310.0
PO_01211,PRD_0341,SUP_144,WH_039,2022-04-09,2022-04-11,,362,
PO_01212,PRD_2414,SUP_145,WH_044,2023-01-14,2023-01-21,2023-01-29,263,263.0
PO_01213,PRD_4705,SUP_152,WH_071,2024-08-26,2024-09-04,2024-09-04,55,55.0
PO_01214,PRD_1627,SUP_140,WH_033,2022-10-13,2022-10-24,2022-10-24,181,181.0
PO_01215,PRD_3196,SUP_181,WH_078,2022-06-01,2022-06-09,2022-06-09,152,152.0
PO_01216,PRD_2110,SUP_028,WH_038,2025-08-18,2025-08-30,2025-08-30,108,108.0
PO_01217,PRD_0357,SUP_168,WH_018,2023-04-26,2023-04-29,,359,
PO_01218,PRD_4957,SUP_021,WH_052,2025-07-08,2025-07-18,,400,
PO_01219,PRD_2710,SUP_046,WH_029,2025-04-13,2025-04-22,2025-04-28,279,279.0
PO_01220,PRD_1827,SUP_084,WH_010,2024-09-21,2024-09-22,2024-09-22,485,485.0
PO_01221,PRD_0182,SUP_071,WH_062,2022-09-12,2022-09-22,2022-09-25,284,284.0
PO_01222,PRD_0856,SUP_111,WH_080,2022-09-07,2022-09-09,2022-09-11,436,436.0
PO_01223,PRD_4317,SUP_186,WH_064,2023-08-01,2023-08-10,2023-08-10,462,462.0
PO_01224,PRD_0621,SUP_174,WH_046,2024-01-21,2024-01-29,2024-02-02,370,370.0
PO_01225,PRD_1851,SUP_055,WH_031,2024-08-12,2024-08-21,2024-08-21,314,314.0
PO_01226,PRD_2612,SUP_098,WH_010,2025-01-23,2025-02-02,2025-02-07,406,406.0
PO_01227,PRD_4939,SUP_106,WH_033,2025-08-09,2025-08-10,,386,
PO_01228,PRD_2844,SUP_104,WH_035,2023-11-26,2023-12-04,2023-12-04,234,234.0
PO_01229,PRD_1633,SUP_125,WH_064,2023-05-05,2023-05-09,2023-05-09,131,92.0
PO_01230,PRD_4026,SUP_081,WH_040,2022-11-20,2022-11-28,2022-11-29,490,490.0
PO_01231,PRD_3751,SUP_196,WH_040,2023-12-19,2024-01-01,2024-01-01,329,329.0
PO_01232,PRD_0376,SUP_007,WH_026,2023-01-15,2023-01-20,2023-01-20,288,288.0
PO_01233,PRD_0488,SUP_198,WH_008,2024-02-23,2024-02-27,2024-02-27,355,355.0
PO_01234,PRD_3658,SUP_129,WH_043,2023-04-25,2023-04-28,2023-04-28,179,127.0
PO_01235,PRD_2629,SUP_022,WH_025,2022-12-27,2023-01-09,2023-01-09,135,135.0
PO_01236,PRD_3144,SUP_048,WH_008,2024-04-12,2024-04-25,,482,
PO_01237,PRD_1802,SUP_121,WH_051,2025-12-19,2025-12-22,2025-12-22,326,326.0
PO_01238,PRD_3188,SUP_041,WH_009,2023-05-05,2023-05-06,2023-05-06,446,446.0
PO_01239,PRD_3865,SUP_105,WH_036,2023-10-26,2023-11-06,,352,
PO_01240,PRD_0693,SUP_174,WH_046,2022-03-20,2022-03-28,2022-03-28,226,152.0
PO_01241,PRD_3560,SUP_074,WH_029,2025-07-03,2025-07-17,2025-07-20,210,210.0
PO_01242,PRD_3406,SUP_177,WH_009,2024-05-12,2024-05-13,2024-05-13,500,500.0
PO_01243,PRD_1281,SUP_036,WH_034,2025-06-26,2025-07-03,2025-07-03,345,345.0
PO_01244,PRD_4471,SUP_031,WH_044,2025-05-25,2025-05-29,2025-06-02,66,66.0
PO_01245,PRD_3684,SUP_153,WH_047,2023-12-07,2023-12-11,,472,
PO_01246,PRD_4059,SUP_139,WH_061,2024-07-23,2024-07-24,2024-07-29,54,54.0
PO_01247,PRD_0560,SUP_067,WH_034,2022-01-06,2022-01-10,2022-01-10,199,199.0
PO_01248,PRD_0656,SUP_018,WH_064,2023-03-15,2023-03-21,2023-03-21,466,466.0
PO_01249,PRD_4879,SUP_175,WH_049,2024-01-23,2024-01-27,2024-01-27,45,45.0
PO_01250,PRD_0494,SUP_187,WH_008,2023-03-07,2023-03-10,2023-03-10,109,109.0
PO_01251,PRD_2683,SUP_155,WH_053,2025-10-09,2025-10-10,2025-10-10,80,80.0
PO_01252,PRD_2704,SUP_171,WH_077,2025-06-08,2025-06-14,2025-06-14,142,142.0
PO_01253,PRD_1036,SUP_127,WH_058,2024-01-24,2024-02-03,2024-02-03,443,443.0
PO_01254,PRD_4562,SUP_160,WH_061,2025-03-06,2025-03-11,2025-03-11,483,483.0
PO_01255,PRD_2136,SUP_040,WH_001,2023-06-07,2023-06-21,2023-06-28,86,86.0
PO_01256,PRD_3860,SUP_090,WH_016,2023-01-25,2023-01-30,2023-01-30,121,108.0
PO_01257,PRD_1584,SUP_100,WH_058,2024-02-04,2024-02-11,2024-02-11,120,120.0
PO_01258,PRD_1047,SUP_169,WH_069,2023-04-10,2023-04-14,2023-04-14,263,178.0
PO_01259,PRD_2917,SUP_174,WH_056,2024-04-12,2024-04-20,,220,
PO_01260,PRD_2801,SUP_026,WH_024,2025-02-05,2025-02-11,2025-02-11,241,241.0
PO_01261,PRD_3084,SUP_045,WH_062,2025-03-24,2025-04-07,2025-04-07,353,257.0
PO_01262,PRD_3030,SUP_077,WH_033,2024-08-24,2024-08-27,,389,
PO_01263,PRD_2794,SUP_163,WH_034,2024-10-07,2024-10-14,2024-10-20,366,366.0
PO_01264,PRD_4786,SUP_159,WH_066,2024-01-18,2024-01-30,2024-01-30,151,151.0
PO_01265,PRD_2022,SUP_156,WH_078,2025-02-21,2025-02-23,2025-02-23,198,198.0
PO_01266,PRD_2698,SUP_141,WH_031,2024-06-25,2024-07-07,2024-07-07,145,145.0
PO_01267,PRD_1389,SUP_071,WH_024,2023-07-21,2023-07-31,2023-07-31,212,212.0
PO_01268,PRD_2147,SUP_149,WH_057,2022-01-19,2022-01-26,,154,
PO_01269,PRD_0276,SUP_121,WH_043,2024-09-14,2024-09-17,,57,
PO_01270,PRD_2106,SUP_160,WH_034,2024-11-03,2024-11-08,2024-11-08,94,94.0
PO_01271,PRD_4132,SUP_008,WH_026,2025-10-06,2025-10-13,2025-10-13,22,22.0
PO_01272,PRD_0092,SUP_185,WH_009,2022-12-18,2023-01-01,2023-01-01,190,190.0
PO_01273,PRD_3838,SUP_196,WH_050,2024-10-16,2024-10-29,2024-10-29,483,483.0
PO_01274,PRD_1347,SUP_144,WH_058,2024-09-04,2024-09-06,2024-09-12,407,407.0
PO_01275,PRD_4190,SUP_083,WH_070,2023-10-01,2023-10-12,,401,
PO_01276,PRD_2713,SUP_076,WH_019,2023-03-14,2023-03-16,2023-03-16,478,478.0
PO_01277,PRD_0515,SUP_131,WH_046,2022-02-09,2022-02-16,2022-02-16,80,80.0
PO_01278,PRD_2224,SUP_089,WH_035,2022-03-21,2022-03-28,2022-03-28,228,216.0
PO_01279,PRD_4776,SUP_077,WH_080,2024-11-27,2024-11-30,2024-11-30,186,186.0
PO_01280,PRD_1967,SUP_178,WH_071,2022-03-15,2022-03-23,2022-03-23,343,343.0
PO_01281,PRD_1448,SUP_035,WH_036,2025-07-05,2025-07-15,2025-07-18,194,194.0
PO_01282,PRD_2127,SUP_043,WH_069,2025-03-08,2025-03-17,,318,
PO_01283,PRD_0061,SUP_109,WH_039,2024-09-14,2024-09-19,2024-09-19,300,300.0
PO_01284,PRD_3156,SUP_189,WH_080,2022-01-09,2022-01-22,,48,
PO_01285,PRD_4571,SUP_127,WH_080,2024-02-03,2024-02-13,,266,
PO_01286,PRD_0384,SUP_159,WH_070,2024-02-04,2024-02-16,,316,
PO_01287,PRD_3698,SUP_024,WH_052,2024-02-17,2024-02-26,2024-03-04,109,109.0
PO_01288,PRD_2089,SUP_056,WH_023,2023-07-11,2023-07-25,2023-07-25,52,52.0
PO_01289,PRD_3813,SUP_133,WH_014,2023-05-27,2023-06-05,2023-06-08,267,267.0
PO_01290,PRD_3737,SUP_121,WH_025,2024-01-04,2024-01-07,2024-01-07,77,77.0
PO_01291,PRD_0697,SUP_066,WH_044,2025-10-06,2025-10-15,2025-10-15,184,116.0
PO_01292,PRD_3307,SUP_153,WH_021,2024-12-27,2024-12-31,,413,
PO_01293,PRD_0533,SUP_198,WH_063,2022-03-27,2022-03-31,2022-04-04,353,353.0
PO_01294,PRD_0703,SUP_198,WH_031,2024-06-20,2024-06-24,2024-06-24,330,330.0
PO_01295,PRD_1618,SUP_186,WH_009,2023-10-10,2023-10-19,2023-10-19,450,450.0
PO_01296,PRD_1766,SUP_137,WH_010,2024-08-13,2024-08-15,2024-08-15,106,106.0
PO_01297,PRD_3259,SUP_121,WH_055,2024-09-26,2024-09-29,,400,
PO_01298,PRD_3403,SUP_161,WH_016,2022-02-09,2022-02-14,,491,
PO_01299,PRD_3476,SUP_170,WH_022,2024-08-17,2024-08-25,2024-08-25,369,369.0
PO_01300,PRD_3254,SUP_009,WH_080,2025-04-23,2025-04-30,2025-04-30,329,329.0
PO_01301,PRD_4729,SUP_127,WH_056,2025-09-08,2025-09-18,2025-09-18,284,284.0
PO_01302,PRD_1412,SUP_082,WH_010,2025-08-22,2025-08-23,2025-08-23,492,492.0
PO_01303,PRD_3805,SUP_072,WH_073,2023-01-06,2023-01-10,,237,
PO_01304,PRD_1486,SUP_082,WH_017,2023-02-12,2023-02-13,2023-02-13,294,294.0
PO_01305,PRD_4523,SUP_012,WH_055,2022-05-16,2022-05-29,2022-05-29,376,376.0
PO_01306,PRD_3735,SUP_090,WH_014,2022-10-02,2022-10-07,2022-10-07,291,291.0
PO_01307,PRD_2193,SUP_170,WH_067,2022-07-13,2022-07-21,2022-07-21,215,215.0
PO_01308,PRD_4995,SUP_159,WH_019,2024-10-12,2024-10-24,2024-10-24,111,111.0
PO_01309,PRD_1414,SUP_082,WH_025,2022-12-25,2022-12-26,2022-12-26,66,66.0
PO_01310,PRD_4896,SUP_145,WH_065,2024-02-15,2024-02-22,2024-02-27,70,70.0
PO_01311,PRD_1550,SUP_193,WH_038,2025-05-08,2025-05-10,2025-05-10,410,410.0
PO_01312,PRD_3617,SUP_180,WH_031,2024-05-08,2024-05-14,2024-05-14,472,472.0
PO_01313,PRD_2343,SUP_177,WH_062,2023-02-10,2023-02-11,2023-02-11,357,357.0
PO_01314,PRD_0786,SUP_033,WH_009,2022-06-17,2022-07-01,,499,
PO_01315,PRD_2834,SUP_151,WH_041,2022-08-22,2022-09-01,2022-09-01,492,492.0
PO_01316,PRD_1481,SUP_100,WH_009,2024-07-02,2024-07-09,2024-07-09,472,472.0
PO_01317,PRD_2730,SUP_004,WH_011,2025-01-05,2025-01-18,2025-01-18,123,123.0
PO_01318,PRD_0016,SUP_065,WH_058,2023-03-06,2023-03-14,2023-03-14,288,288.0
PO_01319,PRD_3868,SUP_069,WH_055,2025-08-18,2025-09-01,,88,
PO_01320,PRD_4963,SUP_128,WH_026,2023-11-24,2023-11-27,2023-11-27,277,222.0
PO_01321,PRD_0797,SUP_108,WH_051,2024-10-20,2024-10-28,2024-10-28,181,181.0
PO_01322,PRD_1998,SUP_080,WH_071,2025-02-02,2025-02-03,2025-02-10,192,192.0
PO_01323,PRD_2425,SUP_027,WH_021,2022-04-07,2022-04-19,2022-04-19,205,205.0
PO_01324,PRD_1827,SUP_084,WH_047,2023-04-05,2023-04-06,2023-04-06,308,308.0
PO_01325,PRD_1433,SUP_107,WH_012,2024-10-01,2024-10-07,2024-10-09,365,344.0
PO_01326,PRD_2457,SUP_046,WH_052,2024-06-16,2024-06-25,,31,
PO_01327,PRD_3696,SUP_069,WH_042,2024-01-12,2024-01-26,2024-01-26,295,295.0
PO_01328,PRD_2394,SUP_176,WH_075,2022-02-02,2022-02-13,2022-02-13,498,498.0
PO_01329,PRD_4677,SUP_167,WH_058,2023-10-10,2023-10-13,2023-10-13,394,394.0
PO_01330,PRD_3933,SUP_042,WH_001,2024-06-02,2024-06-03,2024-06-03,483,483.0
PO_01331,PRD_1032,SUP_099,WH_048,2022-06-22,2022-06-28,2022-06-28,397,397.0
PO_01332,PRD_0549,SUP_148,WH_035,2023-06-01,2023-06-04,2023-06-04,247,247.0
PO_01333,PRD_2512,SUP_124,WH_048,2022-12-13,2022-12-24,2022-12-24,134,134.0
PO_01334,PRD_1581,SUP_196,WH_051,2025-11-16,2025-11-29,,465,
PO_01335,PRD_3858,SUP_083,WH_079,2024-11-11,2024-11-22,2024-11-22,133,133.0
PO_01336,PRD_1888,SUP_072,WH_056,2023-06-01,2023-06-05,2023-06-05,343,343.0
PO_01337,PRD_2461,SUP_063,WH_040,2022-03-08,2022-03-19,2022-03-19,284,284.0
PO_01338,PRD_4160,SUP_065,WH_015,2023-05-22,2023-05-30,2023-06-05,120,120.0
PO_01339,PRD_1590,SUP_172,WH_017,2022-07-16,2022-07-24,2022-07-24,152,152.0
PO_01340,PRD_1581,SUP_196,WH_073,2022-12-07,2022-12-20,2022-12-22,22,19.0
PO_01341,PRD_0189,SUP_014,WH_036,2025-05-20,2025-06-02,2025-06-07,485,485.0
PO_01342,PRD_2413,SUP_031,WH_019,2023-11-25,2023-11-29,2023-11-29,233,233.0
PO_01343,PRD_0626,SUP_174,WH_012,2023-06-24,2023-07-02,2023-07-02,62,49.0
PO_01344,PRD_3661,SUP_153,WH_034,2023-01-01,2023-01-05,2023-01-05,146,146.0
PO_01345,PRD_2796,SUP_171,WH_007,2023-12-02,2023-12-08,2023-12-08,128,128.0
PO_01346,PRD_4436,SUP_151,WH_022,2022-03-03,2022-03-13,,439,
PO_01347,PRD_0490,SUP_001,WH_074,2023-10-23,2023-10-30,2023-10-30,289,289.0
PO_01348,PRD_3934,SUP_027,WH_018,2022-08-15,2022-08-27,2022-08-27,249,173.0
PO_01349,PRD_0152,SUP_142,WH_028,2025-11-22,2025-12-01,2025-12-01,474,474.0
PO_01350,PRD_4140,SUP_133,WH_025,2023-12-17,2023-12-26,2023-12-26,161,161.0
PO_01351,PRD_4881,SUP_163,WH_006,2023-08-08,2023-08-15,2023-08-22,462,462.0
PO_01352,PRD_3011,SUP_103,WH_080,2022-09-12,2022-09-23,2022-09-23,22,22.0
PO_01353,PRD_3489,SUP_037,WH_011,2025-01-15,2025-01-27,2025-01-27,156,156.0
PO_01354,PRD_0499,SUP_018,WH_050,2022-12-17,2022-12-23,2022-12-23,175,175.0
PO_01355,PRD_0313,SUP_007,WH_040,2022-05-18,2022-05-23,,194,
PO_01356,PRD_0253,SUP_098,WH_001,2023-05-07,2023-05-17,2023-05-17,441,441.0
PO_01357,PRD_2213,SUP_020,WH_054,2022-03-09,2022-03-11,2022-03-11,435,431.0
PO_01358,PRD_1644,SUP_057,WH_016,2024-07-03,2024-07-08,2024-07-08,302,302.0
PO_01359,PRD_1731,SUP_022,WH_031,2023-03-16,2023-03-29,2023-03-29,347,347.0
PO_01360,PRD_4044,SUP_093,WH_034,2024-05-19,2024-05-22,2024-05-30,369,230.0
PO_01361,PRD_0883,SUP_171,WH_016,2023-09-16,2023-09-22,2023-09-22,274,274.0
PO_01362,PRD_4705,SUP_152,WH_043,2023-10-04,2023-10-13,2023-10-13,29,29.0
PO_01363,PRD_1066,SUP_007,WH_074,2025-05-27,2025-06-01,2025-06-04,98,98.0
PO_01364,PRD_4877,SUP_136,WH_014,2024-04-14,2024-04-21,2024-04-21,79,79.0
PO_01365,PRD_0387,SUP_168,WH_078,2024-04-17,2024-04-20,2024-04-20,84,84.0
PO_01366,PRD_2399,SUP_018,WH_009,2022-03-05,2022-03-11,2022-03-11,101,101.0
PO_01367,PRD_4662,SUP_024,WH_017,2022-07-10,2022-07-19,,23,
PO_01368,PRD_0149,SUP_186,WH_048,2025-03-03,2025-03-12,2025-03-12,86,86.0
PO_01369,PRD_1672,SUP_125,WH_051,2022-05-08,2022-05-12,,395,
PO_01370,PRD_0206,SUP_184,WH_073,2022-11-01,2022-11-04,2022-11-04,333,333.0
PO_01371,PRD_0611,SUP_001,WH_054,2023-02-24,2023-03-03,2023-03-03,301,274.0
PO_01372,PRD_0673,SUP_153,WH_044,2023-09-27,2023-10-01,2023-10-01,316,316.0
PO_01373,PRD_1776,SUP_014,WH_054,2025-09-14,2025-09-27,2025-10-05,67,67.0
PO_01374,PRD_1723,SUP_182,WH_078,2024-06-06,2024-06-10,2024-06-10,410,410.0
PO_01375,PRD_1603,SUP_125,WH_035,2022-11-09,2022-11-13,2022-11-13,116,116.0
PO_01376,PRD_1034,SUP_086,WH_008,2025-10-18,2025-10-20,2025-10-27,189,189.0
PO_01377,PRD_0274,SUP_057,WH_015,2024-07-05,2024-07-10,,384,
PO_01378,PRD_3045,SUP_121,WH_026,2024-10-16,2024-10-19,2024-10-19,314,314.0
PO_01379,PRD_0238,SUP_126,WH_046,2025-02-26,2025-03-01,2025-03-01,366,366.0
PO_01380,PRD_2818,SUP_109,WH_056,2022-12-22,2022-12-27,2022-12-27,94,94.0
PO_01381,PRD_4593,SUP_074,WH_070,2023-06-17,2023-07-01,2023-07-01,33,33.0
PO_01382,PRD_4420,SUP_147,WH_003,2024-02-15,2024-02-25,2024-02-25,453,453.0
PO_01383,PRD_4882,SUP_175,WH_064,2022-06-01,2022-06-05,2022-06-09,259,259.0
PO_01384,PRD_4517,SUP_135,WH_043,2023-01-01,2023-01-09,2023-01-09,161,161.0
PO_01385,PRD_0797,SUP_108,WH_052,2024-07-12,2024-07-20,2024-07-20,36,36.0
PO_01386,PRD_2317,SUP_161,WH_005,2022-03-12,2022-03-17,,141,
PO_01387,PRD_2728,SUP_057,WH_058,2022-02-22,2022-02-27,2022-02-27,418,418.0
PO_01388,PRD_2370,SUP_031,WH_013,2023-05-21,2023-05-25,2023-05-29,188,188.0
PO_01389,PRD_1679,SUP_002,WH_048,2023-04-08,2023-04-09,2023-04-16,362,233.0
PO_01390,PRD_0013,SUP_024,WH_031,2023-06-26,2023-07-05,,411,
PO_01391,PRD_4204,SUP_001,WH_075,2023-08-13,2023-08-20,2023-08-28,425,425.0
PO_01392,PRD_3280,SUP_058,WH_064,2022-09-20,2022-09-21,2022-09-21,361,338.0
PO_01393,PRD_2952,SUP_116,WH_020,2023-03-04,2023-03-13,2023-03-17,486,486.0
PO_01394,PRD_2722,SUP_122,WH_065,2022-07-09,2022-07-13,2022-07-13,185,185.0
PO_01395,PRD_0351,SUP_159,WH_034,2024-09-01,2024-09-13,2024-09-13,322,322.0
PO_01396,PRD_2134,SUP_172,WH_019,2022-11-27,2022-12-05,2022-12-05,178,131.0
PO_01397,PRD_4218,SUP_065,WH_068,2024-10-21,2024-10-29,2024-10-29,245,195.0
PO_01398,PRD_4423,SUP_030,WH_042,2022-11-04,2022-11-16,2022-11-16,258,258.0
PO_01399,PRD_4987,SUP_136,WH_070,2024-06-16,2024-06-23,2024-07-01,384,384.0
PO_01400,PRD_1756,SUP_165,WH_058,2023-11-02,2023-11-11,2023-11-11,232,232.0
PO_01401,PRD_1257,SUP_060,WH_007,2024-10-05,2024-10-15,2024-10-15,342,342.0
PO_01402,PRD_4547,SUP_012,WH_053,2025-11-13,2025-11-26,2025-11-26,53,53.0
PO_01403,PRD_4255,SUP_115,WH_046,2022-07-03,2022-07-04,2022-07-10,192,155.0
PO_01404,PRD_2065,SUP_194,WH_067,2024-04-02,2024-04-08,,287,
PO_01405,PRD_3759,SUP_196,WH_071,2024-07-24,2024-08-06,2024-08-09,291,291.0
PO_01406,PRD_0184,SUP_086,WH_076,2024-07-01,2024-07-03,2024-07-03,323,323.0
PO_01407,PRD_2243,SUP_161,WH_002,2024-08-23,2024-08-28,,249,
PO_01408,PRD_2617,SUP_071,WH_008,2024-03-04,2024-03-14,,427,
PO_01409,PRD_0589,SUP_001,WH_071,2022-02-01,2022-02-08,,295,
PO_01410,PRD_0828,SUP_001,WH_032,2023-05-06,2023-05-13,2023-05-13,453,453.0
PO_01411,PRD_0615,SUP_030,WH_064,2024-05-01,2024-05-13,2024-05-13,128,113.0
PO_01412,PRD_2263,SUP_179,WH_066,2025-12-10,2025-12-14,,499,
PO_01413,PRD_2932,SUP_195,WH_039,2022-12-19,2022-12-22,2022-12-22,54,46.0
PO_01414,PRD_1108,SUP_061,WH_025,2022-04-07,2022-04-19,2022-04-19,413,413.0
PO_01415,PRD_0849,SUP_177,WH_002,2023-02-01,2023-02-02,2023-02-02,45,45.0
PO_01416,PRD_2666,SUP_067,WH_022,2025-01-06,2025-01-10,2025-01-10,213,213.0
PO_01417,PRD_4688,SUP_192,WH_050,2022-07-24,2022-07-26,,305,
PO_01418,PRD_1197,SUP_159,WH_042,2023-07-26,2023-08-07,2023-08-07,236,236.0
PO_01419,PRD_2225,SUP_018,WH_035,2022-10-06,2022-10-12,2022-10-13,283,243.0
PO_01420,PRD_4621,SUP_122,WH_070,2025-06-08,2025-06-12,2025-06-12,203,200.0
PO_01421,PRD_0480,SUP_105,WH_079,2022-08-07,2022-08-18,,315,
PO_01422,PRD_1563,SUP_070,WH_017,2025-12-26,2025-12-27,2025-12-30,465,332.0
PO_01423,PRD_2096,SUP_122,WH_014,2022-03-10,2022-03-14,2022-03-14,68,68.0
PO_01424,PRD_0907,SUP_084,WH_013,2023-09-14,2023-09-15,2023-09-15,397,397.0
PO_01425,PRD_1919,SUP_047,WH_021,2023-10-02,2023-10-06,,246,
PO_01426,PRD_2053,SUP_122,WH_005,2025-11-20,2025-11-24,2025-11-24,235,235.0
PO_01427,PRD_1111,SUP_189,WH_053,2024-09-19,2024-10-02,2024-10-02,37,23.0
PO_01428,PRD_3179,SUP_041,WH_053,2024-09-12,2024-09-13,2024-09-13,379,379.0
PO_01429,PRD_4230,SUP_014,WH_012,2023-08-04,2023-08-17,2023-08-17,72,72.0
PO_01430,PRD_0495,SUP_001,WH_001,2025-05-13,2025-05-20,2025-05-28,301,269.0
PO_01431,PRD_1697,SUP_091,WH_029,2024-08-21,2024-08-22,2024-08-22,208,173.0
PO_01432,PRD_3439,SUP_116,WH_059,2022-08-01,2022-08-10,2022-08-10,473,473.0
PO_01433,PRD_3021,SUP_077,WH_050,2025-02-02,2025-02-05,2025-02-05,347,347.0
PO_01434,PRD_1530,SUP_008,WH_029,2023-06-22,2023-06-29,2023-06-29,492,492.0
PO_01435,PRD_1575,SUP_098,WH_050,2023-03-18,2023-03-28,,337,
PO_01436,PRD_4137,SUP_053,WH_040,2022-06-25,2022-07-03,,131,
PO_01437,PRD_0815,SUP_158,WH_038,2022-02-09,2022-02-23,2022-02-23,172,172.0
PO_01438,PRD_1392,SUP_144,WH_023,2022-06-01,2022-06-03,2022-06-03,382,236.0
PO_01439,PRD_3987,SUP_156,WH_034,2025-08-13,2025-08-15,2025-08-15,336,336.0
PO_01440,PRD_2571,SUP_022,WH_026,2025-10-21,2025-11-03,2025-11-03,133,133.0
PO_01441,PRD_4681,SUP_170,WH_002,2022-12-27,2023-01-04,2023-01-04,329,329.0
PO_01442,PRD_0061,SUP_109,WH_079,2024-01-21,2024-01-26,2024-01-26,199,199.0
PO_01443,PRD_2215,SUP_184,WH_021,2022-04-09,2022-04-12,2022-04-12,336,257.0
PO_01444,PRD_4452,SUP_040,WH_030,2022-01-23,2022-02-06,2022-02-06,250,250.0
PO_01445,PRD_3651,SUP_065,WH_063,2023-09-16,2023-09-24,2023-09-26,451,429.0
PO_01446,PRD_4112,SUP_157,WH_063,2023-06-20,2023-06-21,2023-06-28,72,72.0
PO_01447,PRD_1002,SUP_114,WH_007,2022-10-17,2022-10-28,2022-10-28,52,52.0
PO_01448,PRD_0652,SUP_081,WH_045,2022-07-19,2022-07-27,2022-07-27,104,104.0
PO_01449,PRD_4691,SUP_122,WH_066,2025-05-26,2025-05-30,2025-05-30,28,28.0
PO_01450,PRD_0689,SUP_179,WH_048,2025-07-13,2025-07-17,2025-07-17,210,188.0
PO_01451,PRD_2556,SUP_173,WH_076,2022-04-08,2022-04-09,2022-04-09,109,109.0
PO_01452,PRD_3016,SUP_159,WH_022,2024-10-13,2024-10-25,2024-10-25,445,445.0
PO_01453,PRD_2601,SUP_152,WH_018,2023-04-10,2023-04-19,,495,
PO_01454,PRD_1129,SUP_028,WH_013,2025-08-20,2025-09-01,2025-09-01,472,463.0
PO_01455,PRD_2503,SUP_163,WH_019,2022-03-13,2022-03-20,2022-03-20,149,149.0
PO_01456,PRD_1406,SUP_055,WH_073,2025-01-27,2025-02-05,2025-02-05,342,342.0
PO_01457,PRD_0185,SUP_155,WH_020,2025-09-07,2025-09-08,2025-09-08,21,21.0
PO_01458,PRD_3760,SUP_148,WH_023,2024-08-11,2024-08-14,2024-08-14,240,240.0
PO_01459,PRD_1999,SUP_178,WH_034,2023-08-23,2023-08-31,,271,
PO_01460,PRD_1193,SUP_061,WH_005,2024-06-15,2024-06-27,2024-06-27,387,387.0
PO_01461,PRD_4020,SUP_103,WH_067,2023-04-01,2023-04-12,2023-04-12,378,378.0
PO_01462,PRD_2001,SUP_011,WH_014,2024-11-18,2024-11-29,2024-11-29,425,425.0
PO_01463,PRD_3111,SUP_142,WH_018,2022-05-05,2022-05-14,2022-05-14,307,307.0
PO_01464,PRD_1792,SUP_087,WH_008,2025-01-04,2025-01-16,2025-01-16,92,92.0
PO_01465,PRD_0536,SUP_089,WH_029,2023-09-23,2023-09-30,2023-10-08,128,127.0
PO_01466,PRD_1728,SUP_087,WH_009,2022-09-21,2022-10-03,2022-10-03,127,127.0
PO_01467,PRD_2519,SUP_125,WH_024,2025-12-10,2025-12-14,2025-12-16,112,112.0
PO_01468,PRD_3917,SUP_126,WH_065,2022-06-05,2022-06-08,,286,
PO_01469,PRD_0228,SUP_042,WH_048,2023-12-24,2023-12-25,,181,
PO_01470,PRD_2752,SUP_183,WH_079,2022-10-08,2022-10-22,2022-10-26,211,135.0
PO_01471,PRD_3920,SUP_112,WH_061,2023-11-09,2023-11-15,2023-11-19,474,474.0
PO_01472,PRD_3502,SUP_104,WH_007,2024-09-19,2024-09-27,2024-09-27,451,451.0
PO_01473,PRD_3273,SUP_117,WH_080,2024-03-13,2024-03-25,2024-03-25,208,208.0
PO_01474,PRD_4782,SUP_163,WH_067,2023-07-02,2023-07-09,2023-07-09,221,221.0
PO_01475,PRD_2880,SUP_078,WH_052,2023-03-06,2023-03-07,,304,
PO_01476,PRD_4847,SUP_163,WH_056,2024-09-14,2024-09-21,2024-09-21,279,279.0
PO_01477,PRD_0522,SUP_174,WH_028,2024-05-06,2024-05-14,2024-05-14,358,358.0
PO_01478,PRD_3560,SUP_074,WH_038,2023-04-06,2023-04-20,2023-04-20,55,55.0
PO_01479,PRD_1376,SUP_100,WH_058,2025-08-25,2025-09-01,2025-09-01,177,177.0
PO_01480,PRD_4627,SUP_033,WH_053,2025-07-02,2025-07-16,2025-07-16,397,397.0
PO_01481,PRD_3629,SUP_043,WH_015,2023-10-21,2023-10-30,2023-10-30,231,231.0
PO_01482,PRD_2316,SUP_027,WH_064,2025-04-23,2025-05-05,,438,
PO_01483,PRD_2574,SUP_105,WH_007,2023-05-06,2023-05-17,2023-05-17,155,155.0
PO_01484,PRD_1508,SUP_100,WH_017,2024-03-15,2024-03-22,2024-03-26,295,260.0
PO_01485,PRD_3962,SUP_114,WH_002,2024-04-14,2024-04-25,2024-04-25,362,348.0
PO_01486,PRD_3026,SUP_068,WH_073,2023-10-08,2023-10-09,2023-10-09,152,152.0
PO_01487,PRD_1133,SUP_127,WH_027,2025-02-25,2025-03-07,2025-03-07,338,290.0
PO_01488,PRD_2495,SUP_072,WH_030,2024-01-05,2024-01-09,,374,
PO_01489,PRD_1739,SUP_084,WH_015,2023-11-21,2023-11-22,2023-11-22,119,119.0
PO_01490,PRD_0610,SUP_018,WH_056,2024-07-05,2024-07-11,,180,
PO_01491,PRD_3327,SUP_161,WH_080,2025-01-15,2025-01-20,2025-01-20,54,54.0
PO_01492,PRD_2519,SUP_125,WH_053,2024-10-26,2024-10-30,2024-10-30,376,310.0
PO_01493,PRD_0938,SUP_076,WH_015,2024-01-26,2024-01-28,2024-01-28,316,316.0
PO_01494,PRD_4752,SUP_136,WH_043,2022-09-17,2022-09-24,,90,
PO_01495,PRD_0557,SUP_179,WH_015,2025-04-13,2025-04-17,2025-04-25,193,193.0
PO_01496,PRD_3717,SUP_072,WH_017,2023-12-11,2023-12-15,2023-12-15,174,137.0
PO_01497,PRD_1616,SUP_091,WH_064,2023-06-05,2023-06-06,2023-06-09,214,214.0
PO_01498,PRD_4226,SUP_023,WH_052,2024-03-13,2024-03-27,2024-04-03,142,142.0
PO_01499,PRD_1067,SUP_022,WH_027,2023-08-02,2023-08-15,2023-08-15,261,191.0
PO_01500,PRD_2477,SUP_146,WH_044,2023-01-11,2023-01-25,2023-01-25,282,282.0
PO_01501,PRD_2340,SUP_095,WH_049,2023-06-05,2023-06-07,2023-06-07,328,328.0
PO_01502,PRD_3654,SUP_007,WH_009,2022-04-14,2022-04-19,2022-04-19,312,312.0
PO_01503,PRD_4518,SUP_125,WH_064,2025-11-25,2025-11-29,,31,
PO_01504,PRD_2838,SUP_024,WH_004,2025-01-18,2025-01-27,2025-01-27,479,414.0
PO_01505,PRD_3765,SUP_072,WH_009,2024-07-09,2024-07-13,,230,
PO_01506,PRD_0553,SUP_046,WH_064,2023-05-25,2023-06-03,2023-06-03,418,418.0
PO_01507,PRD_2287,SUP_102,WH_007,2022-12-10,2022-12-17,2022-12-19,150,150.0
PO_01508,PRD_2134,SUP_172,WH_066,2023-02-10,2023-02-18,2023-02-18,183,165.0
PO_01509,PRD_2514,SUP_049,WH_030,2024-04-18,2024-04-27,2024-04-27,452,452.0
PO_01510,PRD_3327,SUP_161,WH_050,2022-04-10,2022-04-15,2022-04-15,467,301.0
PO_01511,PRD_2536,SUP_070,WH_069,2022-01-16,2022-01-17,2022-01-17,438,438.0
PO_01512,PRD_3757,SUP_069,WH_015,2025-01-12,2025-01-26,2025-01-29,32,32.0
PO_01513,PRD_3336,SUP_180,WH_009,2025-03-05,2025-03-11,2025-03-11,147,147.0
PO_01514,PRD_3609,SUP_011,WH_029,2025-03-04,2025-03-15,2025-03-15,172,172.0
PO_01515,PRD_2362,SUP_154,WH_076,2022-03-08,2022-03-20,2022-03-20,425,425.0
PO_01516,PRD_2390,SUP_080,WH_048,2023-01-11,2023-01-12,2023-01-12,90,90.0
PO_01517,PRD_1926,SUP_152,WH_032,2024-04-08,2024-04-17,2024-04-17,437,437.0
PO_01518,PRD_4232,SUP_160,WH_067,2025-11-08,2025-11-13,2025-11-19,233,233.0
PO_01519,PRD_2680,SUP_003,WH_037,2024-05-18,2024-05-22,2024-05-28,465,465.0
PO_01520,PRD_2746,SUP_014,WH_036,2023-03-20,2023-04-02,2023-04-02,428,428.0
PO_01521,PRD_2883,SUP_183,WH_044,2023-05-13,2023-05-27,,106,
PO_01522,PRD_3590,SUP_148,WH_077,2025-09-05,2025-09-08,2025-09-08,292,292.0
PO_01523,PRD_3771,SUP_150,WH_077,2023-03-19,2023-03-31,2023-03-31,388,336.0
PO_01524,PRD_3621,SUP_078,WH_008,2023-09-04,2023-09-05,2023-09-05,444,444.0
PO_01525,PRD_3058,SUP_048,WH_044,2025-08-03,2025-08-16,2025-08-16,156,103.0
PO_01526,PRD_0162,SUP_065,WH_010,2025-11-20,2025-11-28,2025-11-28,274,224.0
PO_01527,PRD_2148,SUP_194,WH_014,2025-02-16,2025-02-22,2025-02-27,117,94.0
PO_01528,PRD_2880,SUP_078,WH_076,2022-04-24,2022-04-25,2022-04-26,216,216.0
PO_01529,PRD_4708,SUP_139,WH_071,2022-02-26,2022-02-27,2022-02-27,284,284.0
PO_01530,PRD_1042,SUP_173,WH_034,2024-08-26,2024-08-27,,346,
PO_01531,PRD_0429,SUP_038,WH_047,2023-04-27,2023-05-06,2023-05-06,66,66.0
PO_01532,PRD_1332,SUP_141,WH_042,2024-07-22,2024-08-03,2024-08-03,251,200.0
PO_01533,PRD_3844,SUP_126,WH_037,2025-02-09,2025-02-12,2025-02-12,80,80.0
PO_01534,PRD_2628,SUP_072,WH_020,2023-09-12,2023-09-16,,458,
PO_01535,PRD_3306,SUP_105,WH_040,2025-03-08,2025-03-19,2025-03-19,77,77.0
PO_01536,PRD_2210,SUP_089,WH_028,2024-11-14,2024-11-21,2024-11-21,378,347.0
PO_01537,PRD_1108,SUP_061,WH_020,2025-01-11,2025-01-23,,362,
PO_01538,PRD_0194,SUP_186,WH_024,2022-01-15,2022-01-24,2022-01-29,174,174.0
PO_01539,PRD_0029,SUP_071,WH_054,2023-05-02,2023-05-12,2023-05-12,310,310.0
PO_01540,PRD_0344,SUP_150,WH_059,2024-11-11,2024-11-23,2024-11-30,180,180.0
PO_01541,PRD_0506,SUP_198,WH_014,2025-11-20,2025-11-24,2025-11-24,71,71.0
PO_01542,PRD_3436,SUP_153,WH_007,2024-07-18,2024-07-22,2024-07-22,490,490.0
PO_01543,PRD_1900,SUP_022,WH_057,2025-10-08,2025-10-21,,341,
PO_01544,PRD_1395,SUP_040,WH_048,2025-07-26,2025-08-09,2025-08-12,187,187.0
PO_01545,PRD_1318,SUP_197,WH_016,2023-01-23,2023-02-01,2023-02-01,403,403.0
PO_01546,PRD_1599,SUP_087,WH_023,2024-04-04,2024-04-16,2024-04-20,159,159.0
PO_01547,PRD_3461,SUP_075,WH_045,2023-09-23,2023-09-30,2023-10-06,315,315.0
PO_01548,PRD_3181,SUP_088,WH_015,2023-03-20,2023-03-26,2023-03-26,293,293.0
PO_01549,PRD_2751,SUP_024,WH_070,2024-01-09,2024-01-18,2024-01-18,319,319.0
PO_01550,PRD_2878,SUP_081,WH_017,2023-02-27,2023-03-07,2023-03-14,328,328.0
PO_01551,PRD_2166,SUP_006,WH_010,2022-11-18,2022-12-02,2022-12-04,73,73.0
PO_01552,PRD_0273,SUP_061,WH_022,2024-08-14,2024-08-26,2024-08-31,257,257.0
PO_01553,PRD_4028,SUP_161,WH_052,2024-06-12,2024-06-17,2024-06-17,318,318.0
PO_01554,PRD_3375,SUP_109,WH_019,2025-02-04,2025-02-09,2025-02-09,178,178.0
PO_01555,PRD_2971,SUP_116,WH_016,2025-07-23,2025-08-01,2025-08-01,38,38.0
PO_01556,PRD_2581,SUP_083,WH_016,2025-01-08,2025-01-19,2025-01-19,371,371.0
PO_01557,PRD_1465,SUP_013,WH_074,2025-12-20,2025-12-24,2025-12-24,478,478.0
PO_01558,PRD_3526,SUP_019,WH_046,2022-05-17,2022-05-29,2022-05-29,49,49.0
PO_01559,PRD_1736,SUP_090,WH_035,2022-07-12,2022-07-17,2022-07-17,498,453.0
PO_01560,PRD_4058,SUP_194,WH_006,2025-01-09,2025-01-15,2025-01-15,105,105.0
PO_01561,PRD_0371,SUP_040,WH_059,2022-01-01,2022-01-15,2022-01-15,488,322.0
PO_01562,PRD_4599,SUP_010,WH_060,2024-03-08,2024-03-21,2024-03-21,59,59.0
PO_01563,PRD_4895,SUP_043,WH_043,2023-08-06,2023-08-15,2023-08-15,162,162.0
PO_01564,PRD_3279,SUP_019,WH_063,2022-05-06,2022-05-18,2022-05-18,329,285.0
PO_01565,PRD_3257,SUP_151,WH_005,2024-06-27,2024-07-07,2024-07-14,125,125.0
PO_01566,PRD_3860,SUP_090,WH_068,2024-12-02,2024-12-07,2024-12-07,77,77.0
PO_01567,PRD_4118,SUP_133,WH_067,2024-03-13,2024-03-22,2024-03-25,279,216.0
PO_01568,PRD_1693,SUP_174,WH_005,2022-12-21,2022-12-29,2022-12-29,190,158.0
PO_01569,PRD_4756,SUP_178,WH_020,2023-10-17,2023-10-25,2023-10-25,402,402.0
PO_01570,PRD_2983,SUP_030,WH_022,2025-03-07,2025-03-19,2025-03-24,67,67.0
PO_01571,PRD_2748,SUP_109,WH_006,2023-02-01,2023-02-06,2023-02-06,262,262.0
PO_01572,PRD_0246,SUP_126,WH_051,2023-03-26,2023-03-29,2023-03-29,458,458.0
PO_01573,PRD_2163,SUP_028,WH_036,2024-07-26,2024-08-07,2024-08-07,242,242.0
PO_01574,PRD_4497,SUP_004,WH_033,2023-06-14,2023-06-27,2023-06-27,145,145.0
PO_01575,PRD_0899,SUP_078,WH_022,2022-04-08,2022-04-09,2022-04-09,45,45.0
PO_01576,PRD_3002,SUP_193,WH_042,2024-02-07,2024-02-09,2024-02-09,484,383.0
PO_01577,PRD_4797,SUP_157,WH_032,2022-06-22,2022-06-23,2022-06-30,234,234.0
PO_01578,PRD_3841,SUP_042,WH_008,2024-02-15,2024-02-16,2024-02-17,173,173.0
PO_01579,PRD_2440,SUP_133,WH_049,2025-07-21,2025-07-30,2025-08-02,461,461.0
PO_01580,PRD_0286,SUP_179,WH_040,2024-01-27,2024-01-31,2024-01-31,336,336.0
PO_01581,PRD_0414,SUP_086,WH_020,2023-09-22,2023-09-24,,258,
PO_01582,PRD_3501,SUP_083,WH_047,2025-09-01,2025-09-12,,392,
PO_01583,PRD_2159,SUP_172,WH_038,2025-07-12,2025-07-20,2025-07-23,479,479.0
PO_01584,PRD_2173,SUP_020,WH_026,2025-08-19,2025-08-21,2025-08-21,411,411.0
PO_01585,PRD_1368,SUP_139,WH_080,2022-01-16,2022-01-17,2022-01-17,403,403.0
PO_01586,PRD_0270,SUP_142,WH_043,2023-12-21,2023-12-30,,87,
PO_01587,PRD_0087,SUP_163,WH_027,2023-07-02,2023-07-09,2023-07-09,128,128.0
PO_01588,PRD_1380,SUP_100,WH_031,2025-05-26,2025-06-02,2025-06-02,415,415.0
PO_01589,PRD_2247,SUP_179,WH_051,2024-03-11,2024-03-15,2024-03-15,92,92.0
PO_01590,PRD_3255,SUP_193,WH_002,2023-06-27,2023-06-29,2023-06-29,275,275.0
PO_01591,PRD_2927,SUP_058,WH_012,2025-05-08,2025-05-09,2025-05-15,317,317.0
PO_01592,PRD_3315,SUP_121,WH_041,2024-02-06,2024-02-09,2024-02-09,296,296.0
PO_01593,PRD_1442,SUP_113,WH_024,2025-08-21,2025-08-27,2025-08-27,451,451.0
PO_01594,PRD_0584,SUP_153,WH_015,2024-04-18,2024-04-22,2024-04-25,400,400.0
PO_01595,PRD_2759,SUP_089,WH_015,2022-03-27,2022-04-03,,269,
PO_01596,PRD_1473,SUP_197,WH_045,2025-04-19,2025-04-28,2025-04-28,42,29.0
PO_01597,PRD_3721,SUP_172,WH_023,2024-03-25,2024-04-02,2024-04-02,287,287.0
PO_01598,PRD_3322,SUP_140,WH_077,2025-09-05,2025-09-16,2025-09-16,309,306.0
PO_01599,PRD_1195,SUP_080,WH_017,2025-05-04,2025-05-05,2025-05-05,457,457.0
PO_01600,PRD_2853,SUP_050,WH_032,2024-10-22,2024-10-25,2024-10-25,25,21.0
PO_01601,PRD_3630,SUP_032,WH_043,2023-04-15,2023-04-29,2023-04-29,32,32.0
PO_01602,PRD_3198,SUP_177,WH_012,2022-05-17,2022-05-18,2022-05-18,441,441.0
PO_01603,PRD_3970,SUP_083,WH_021,2023-05-02,2023-05-13,,385,
PO_01604,PRD_1310,SUP_188,WH_034,2024-03-23,2024-04-01,2024-04-01,288,288.0
PO_01605,PRD_4267,SUP_121,WH_067,2022-12-25,2022-12-28,2022-12-28,148,148.0
PO_01606,PRD_3572,SUP_190,WH_056,2024-10-08,2024-10-10,2024-10-17,480,480.0
PO_01607,PRD_1772,SUP_047,WH_031,2024-03-24,2024-03-28,2024-03-28,269,269.0
PO_01608,PRD_4209,SUP_161,WH_026,2024-11-18,2024-11-23,2024-11-23,54,54.0
PO_01609,PRD_3866,SUP_024,WH_066,2022-12-02,2022-12-11,2022-12-19,497,497.0
PO_01610,PRD_0921,SUP_184,WH_046,2024-12-21,2024-12-24,2024-12-24,449,449.0
PO_01611,PRD_3188,SUP_041,WH_054,2024-11-16,2024-11-17,2024-11-17,321,321.0
PO_01612,PRD_4241,SUP_132,WH_004,2025-08-27,2025-08-31,2025-08-31,167,156.0
PO_01613,PRD_4824,SUP_128,WH_048,2025-01-23,2025-01-26,2025-01-26,31,31.0
PO_01614,PRD_0207,SUP_053,WH_007,2022-12-12,2022-12-20,2022-12-22,58,49.0
PO_01615,PRD_2987,SUP_073,WH_002,2024-08-03,2024-08-15,2024-08-15,497,497.0
PO_01616,PRD_0130,SUP_040,WH_036,2024-01-05,2024-01-19,2024-01-19,443,280.0
PO_01617,PRD_1273,SUP_197,WH_072,2025-02-18,2025-02-27,2025-03-07,417,417.0
PO_01618,PRD_3708,SUP_024,WH_012,2024-12-10,2024-12-19,2024-12-19,21,21.0
PO_01619,PRD_1769,SUP_047,WH_061,2022-10-23,2022-10-27,2022-10-27,79,79.0
PO_01620,PRD_4087,SUP_157,WH_073,2024-01-09,2024-01-10,2024-01-10,210,129.0
PO_01621,PRD_1179,SUP_024,WH_053,2022-04-24,2022-05-03,,260,
PO_01622,PRD_4124,SUP_034,WH_080,2024-04-04,2024-04-15,2024-04-15,255,255.0
PO_01623,PRD_2131,SUP_167,WH_021,2024-04-23,2024-04-26,,216,
PO_01624,PRD_4086,SUP_141,WH_054,2024-06-26,2024-07-08,2024-07-08,476,446.0
PO_01625,PRD_2019,SUP_122,WH_032,2024-09-21,2024-09-25,,285,
PO_01626,PRD_3238,SUP_058,WH_074,2025-05-07,2025-05-08,2025-05-08,418,418.0
PO_01627,PRD_1158,SUP_057,WH_040,2023-10-11,2023-10-16,2023-10-24,72,72.0
PO_01628,PRD_4220,SUP_010,WH_011,2025-10-23,2025-11-05,,488,
PO_01629,PRD_2832,SUP_005,WH_079,2025-04-13,2025-04-17,2025-04-17,133,133.0
PO_01630,PRD_3412,SUP_030,WH_010,2023-11-03,2023-11-15,2023-11-15,246,185.0
PO_01631,PRD_4147,SUP_125,WH_004,2023-01-06,2023-01-10,2023-01-10,291,291.0
PO_01632,PRD_0512,SUP_179,WH_034,2025-05-22,2025-05-26,2025-05-27,267,267.0
PO_01633,PRD_3228,SUP_058,WH_023,2022-11-22,2022-11-23,2022-11-23,447,447.0
PO_01634,PRD_2476,SUP_047,WH_043,2025-04-09,2025-04-13,2025-04-13,255,255.0
PO_01635,PRD_2945,SUP_062,WH_078,2023-08-23,2023-08-31,2023-08-31,278,278.0
PO_01636,PRD_1906,SUP_072,WH_018,2024-09-13,2024-09-17,2024-09-17,480,480.0
PO_01637,PRD_3968,SUP_194,WH_023,2024-06-18,2024-06-24,2024-06-25,315,269.0
PO_01638,PRD_2584,SUP_063,WH_045,2025-09-10,2025-09-21,2025-09-21,444,444.0
PO_01639,PRD_0790,SUP_085,WH_051,2025-08-10,2025-08-12,,112,
PO_01640,PRD_4739,SUP_167,WH_025,2025-04-24,2025-04-27,2025-04-27,417,417.0
PO_01641,PRD_3626,SUP_079,WH_033,2022-07-25,2022-07-30,,445,
PO_01642,PRD_2962,SUP_103,WH_013,2023-08-10,2023-08-21,2023-08-23,66,66.0
PO_01643,PRD_2771,SUP_151,WH_009,2025-08-10,2025-08-20,2025-08-20,48,48.0
PO_01644,PRD_1422,SUP_136,WH_038,2023-09-15,2023-09-22,2023-09-22,239,239.0
PO_01645,PRD_0871,SUP_187,WH_029,2024-08-24,2024-08-27,2024-08-31,189,189.0
PO_01646,PRD_0039,SUP_024,WH_044,2024-05-02,2024-05-11,2024-05-11,385,385.0
PO_01647,PRD_1221,SUP_055,WH_074,2025-06-10,2025-06-19,2025-06-19,177,177.0
PO_01648,PRD_3924,SUP_042,WH_009,2022-03-06,2022-03-07,2022-03-07,475,382.0
PO_01649,PRD_0703,SUP_198,WH_028,2023-01-13,2023-01-17,2023-01-17,281,266.0
PO_01650,PRD_0032,SUP_185,WH_059,2022-02-27,2022-03-13,2022-03-20,93,93.0
PO_01651,PRD_0973,SUP_032,WH_075,2025-09-07,2025-09-21,2025-09-21,332,332.0
PO_01652,PRD_3274,SUP_060,WH_043,2022-12-13,2022-12-23,2022-12-23,90,90.0
PO_01653,PRD_3366,SUP_109,WH_028,2024-01-13,2024-01-18,2024-01-18,132,132.0
PO_01654,PRD_4167,SUP_001,WH_044,2025-05-25,2025-06-01,,301,
PO_01655,PRD_0519,SUP_010,WH_049,2023-12-22,2024-01-04,2024-01-04,291,291.0
PO_01656,PRD_3445,SUP_177,WH_047,2023-06-27,2023-06-28,2023-06-28,71,71.0
PO_01657,PRD_4756,SUP_178,WH_010,2022-10-19,2022-10-27,2022-10-27,474,474.0
PO_01658,PRD_3379,SUP_075,WH_075,2023-12-14,2023-12-21,,171,
PO_01659,PRD_3628,SUP_078,WH_052,2023-10-07,2023-10-08,2023-10-09,472,472.0
PO_01660,PRD_1617,SUP_192,WH_049,2024-10-24,2024-10-26,2024-10-26,208,208.0
PO_01661,PRD_4697,SUP_074,WH_045,2025-01-04,2025-01-18,2025-01-18,227,227.0
PO_01662,PRD_1921,SUP_152,WH_058,2025-05-05,2025-05-14,2025-05-14,71,71.0
PO_01663,PRD_1615,SUP_123,WH_033,2024-01-09,2024-01-21,2024-01-21,104,104.0
PO_01664,PRD_0849,SUP_177,WH_054,2023-01-19,2023-01-20,2023-01-25,52,52.0
PO_01665,PRD_4076,SUP_160,WH_060,2024-10-10,2024-10-15,2024-10-15,368,368.0
PO_01666,PRD_2240,SUP_011,WH_019,2023-07-06,2023-07-17,2023-07-24,268,196.0
PO_01667,PRD_1524,SUP_008,WH_039,2024-10-20,2024-10-27,2024-11-01,141,141.0
PO_01668,PRD_4837,SUP_145,WH_062,2022-06-20,2022-06-27,2022-07-02,83,83.0
PO_01669,PRD_4722,SUP_098,WH_004,2025-07-06,2025-07-16,2025-07-16,83,83.0
PO_01670,PRD_1672,SUP_125,WH_014,2025-02-15,2025-02-19,2025-02-19,211,192.0
PO_01671,PRD_1448,SUP_035,WH_076,2022-01-19,2022-01-29,2022-01-29,446,446.0
PO_01672,PRD_4584,SUP_012,WH_042,2023-10-12,2023-10-25,2023-10-31,416,416.0
PO_01673,PRD_1927,SUP_120,WH_022,2025-12-27,2026-01-09,2026-01-09,109,104.0
PO_01674,PRD_2573,SUP_199,WH_027,2022-04-13,2022-04-14,2022-04-14,377,377.0
PO_01675,PRD_1783,SUP_120,WH_041,2025-10-26,2025-11-08,2025-11-08,399,399.0
PO_01676,PRD_2415,SUP_161,WH_029,2022-11-20,2022-11-25,,284,
PO_01677,PRD_0537,SUP_148,WH_057,2023-01-23,2023-01-26,2023-01-26,156,156.0
PO_01678,PRD_0529,SUP_012,WH_049,2025-09-15,2025-09-28,2025-09-28,55,55.0
PO_01679,PRD_2853,SUP_050,WH_034,2025-01-01,2025-01-04,2025-01-04,84,55.0
PO_01680,PRD_2937,SUP_148,WH_034,2024-11-16,2024-11-19,2024-11-19,366,366.0
PO_01681,PRD_4145,SUP_010,WH_022,2022-10-16,2022-10-29,2022-10-29,382,254.0
PO_01682,PRD_3361,SUP_117,WH_070,2023-06-14,2023-06-26,2023-06-26,160,160.0
PO_01683,PRD_1206,SUP_028,WH_005,2024-12-05,2024-12-17,2024-12-17,257,257.0
PO_01684,PRD_4667,SUP_102,WH_076,2025-10-05,2025-10-12,2025-10-12,302,302.0
PO_01685,PRD_4515,SUP_112,WH_006,2024-05-16,2024-05-22,2024-05-24,304,304.0
PO_01686,PRD_2488,SUP_088,WH_045,2024-06-07,2024-06-13,2024-06-13,229,229.0
PO_01687,PRD_3422,SUP_176,WH_074,2024-03-17,2024-03-28,2024-03-28,33,33.0
PO_01688,PRD_4622,SUP_102,WH_066,2022-10-25,2022-11-01,2022-11-01,188,188.0
PO_01689,PRD_1442,SUP_113,WH_048,2025-09-16,2025-09-22,2025-09-22,145,145.0
PO_01690,PRD_1602,SUP_112,WH_014,2025-08-21,2025-08-27,2025-08-27,206,206.0
PO_01691,PRD_3427,SUP_073,WH_044,2022-07-02,2022-07-14,2022-07-18,442,442.0
PO_01692,PRD_4238,SUP_008,WH_056,2024-07-19,2024-07-26,2024-07-28,182,182.0
PO_01693,PRD_3818,SUP_105,WH_038,2023-06-02,2023-06-13,2023-06-13,271,249.0
PO_01694,PRD_0824,SUP_185,WH_055,2025-04-18,2025-05-02,2025-05-02,60,60.0
PO_01695,PRD_1975,SUP_145,WH_029,2024-09-02,2024-09-09,2024-09-09,189,116.0
PO_01696,PRD_1941,SUP_064,WH_049,2022-06-11,2022-06-17,2022-06-17,131,88.0
PO_01697,PRD_2128,SUP_122,WH_062,2022-11-01,2022-11-05,2022-11-12,239,239.0
PO_01698,PRD_3071,SUP_193,WH_031,2022-09-27,2022-09-29,2022-09-29,165,159.0
PO_01699,PRD_3715,SUP_150,WH_068,2024-08-27,2024-09-08,2024-09-08,310,310.0
PO_01700,PRD_0004,SUP_130,WH_050,2022-04-22,2022-04-26,2022-04-26,30,30.0
PO_01701,PRD_4867,SUP_111,WH_055,2025-12-07,2025-12-09,2025-12-09,380,325.0
PO_01702,PRD_0432,SUP_171,WH_035,2025-04-13,2025-04-19,2025-04-26,213,213.0
PO_01703,PRD_1601,SUP_192,WH_009,2022-02-27,2022-03-01,2022-03-01,298,298.0
PO_01704,PRD_3089,SUP_004,WH_057,2023-04-21,2023-05-04,2023-05-04,263,263.0
PO_01705,PRD_3705,SUP_043,WH_041,2023-03-08,2023-03-17,,381,
PO_01706,PRD_4573,SUP_024,WH_050,2025-03-09,2025-03-18,2025-03-18,412,412.0
PO_01707,PRD_2118,SUP_172,WH_002,2024-01-12,2024-01-20,2024-01-20,157,157.0
PO_01708,PRD_4977,SUP_063,WH_019,2024-03-08,2024-03-19,2024-03-19,243,243.0
PO_01709,PRD_0989,SUP_160,WH_058,2023-09-11,2023-09-16,2023-09-16,94,94.0
PO_01710,PRD_0010,SUP_155,WH_034,2023-11-25,2023-11-26,2023-11-26,84,55.0
PO_01711,PRD_0920,SUP_130,WH_038,2022-11-11,2022-11-15,2022-11-15,310,310.0
PO_01712,PRD_2228,SUP_161,WH_007,2025-05-01,2025-05-06,,334,
PO_01713,PRD_1858,SUP_055,WH_078,2025-11-14,2025-11-23,,394,
PO_01714,PRD_3818,SUP_105,WH_017,2023-12-10,2023-12-21,2023-12-21,104,104.0
PO_01715,PRD_2305,SUP_097,WH_045,2023-08-05,2023-08-17,2023-08-17,162,162.0
PO_01716,PRD_0471,SUP_144,WH_075,2023-04-26,2023-04-28,2023-04-28,203,203.0
PO_01717,PRD_2915,SUP_073,WH_008,2024-08-03,2024-08-15,2024-08-15,363,363.0
PO_01718,PRD_3348,SUP_109,WH_008,2023-09-18,2023-09-23,2023-09-26,361,361.0
PO_01719,PRD_2639,SUP_088,WH_021,2024-05-04,2024-05-10,2024-05-10,240,240.0
PO_01720,PRD_1556,SUP_057,WH_015,2025-07-23,2025-07-28,2025-07-28,147,130.0
PO_01721,PRD_3503,SUP_065,WH_063,2025-12-16,2025-12-24,2025-12-24,451,451.0
PO_01722,PRD_2529,SUP_163,WH_026,2024-01-15,2024-01-22,2024-01-22,307,307.0
PO_01723,PRD_2989,SUP_017,WH_080,2023-02-24,2023-02-27,2023-02-27,25,25.0
PO_01724,PRD_3795,SUP_193,WH_060,2023-09-26,2023-09-28,2023-09-28,164,164.0
PO_01725,PRD_4193,SUP_065,WH_051,2025-12-02,2025-12-10,2025-12-10,99,99.0
PO_01726,PRD_1213,SUP_012,WH_019,2024-11-12,2024-11-25,2024-11-25,384,384.0
PO_01727,PRD_2210,SUP_089,WH_030,2025-03-16,2025-03-23,2025-03-23,186,186.0
PO_01728,PRD_3449,SUP_116,WH_052,2022-10-09,2022-10-18,2022-10-25,89,89.0
PO_01729,PRD_0630,SUP_066,WH_060,2022-10-01,2022-10-10,2022-10-10,419,419.0
PO_01730,PRD_3582,SUP_127,WH_048,2023-08-27,2023-09-06,2023-09-06,322,322.0
PO_01731,PRD_2806,SUP_141,WH_077,2025-07-18,2025-07-30,2025-07-30,324,324.0
PO_01732,PRD_1600,SUP_186,WH_078,2023-01-11,2023-01-20,,295,
PO_01733,PRD_2207,SUP_177,WH_048,2022-07-13,2022-07-14,,91,
PO_01734,PRD_0391,SUP_052,WH_055,2025-02-13,2025-02-19,2025-02-19,188,188.0
PO_01735,PRD_2760,SUP_070,WH_065,2023-11-23,2023-11-24,2023-11-24,249,195.0
PO_01736,PRD_2160,SUP_040,WH_069,2024-08-18,2024-09-01,2024-09-01,372,372.0
PO_01737,PRD_0501,SUP_199,WH_078,2022-09-23,2022-09-24,2022-09-24,80,80.0
PO_01738,PRD_1233,SUP_117,WH_067,2024-09-21,2024-10-03,2024-10-03,184,184.0
PO_01739,PRD_2267,SUP_011,WH_016,2024-11-12,2024-11-23,2024-11-23,409,409.0
PO_01740,PRD_2452,SUP_155,WH_029,2023-06-24,2023-06-25,,23,
PO_01741,PRD_0698,SUP_176,WH_040,2024-02-03,2024-02-14,2024-02-14,333,333.0
PO_01742,PRD_2158,SUP_186,WH_021,2024-04-05,2024-04-14,2024-04-14,21,21.0
PO_01743,PRD_2540,SUP_143,WH_005,2024-08-05,2024-08-14,2024-08-14,490,490.0
PO_01744,PRD_3190,SUP_027,WH_019,2022-07-04,2022-07-16,2022-07-16,166,106.0
PO_01745,PRD_2956,SUP_153,WH_064,2024-09-05,2024-09-09,2024-09-09,345,345.0
PO_01746,PRD_3032,SUP_114,WH_021,2023-12-13,2023-12-24,2023-12-24,349,349.0
PO_01747,PRD_3812,SUP_150,WH_003,2023-03-12,2023-03-24,2023-03-27,311,311.0
PO_01748,PRD_3784,SUP_133,WH_056,2022-06-12,2022-06-21,2022-06-21,257,257.0
PO_01749,PRD_1897,SUP_022,WH_007,2022-09-08,2022-09-21,2022-09-21,444,444.0
PO_01750,PRD_3618,SUP_011,WH_074,2022-11-09,2022-11-20,,359,
PO_01751,PRD_4978,SUP_008,WH_063,2025-10-09,2025-10-16,2025-10-16,430,430.0
PO_01752,PRD_0004,SUP_130,WH_075,2022-04-10,2022-04-14,2022-04-17,68,68.0
PO_01753,PRD_2897,SUP_151,WH_013,2023-02-16,2023-02-26,2023-02-26,143,143.0
PO_01754,PRD_3995,SUP_160,WH_022,2024-04-09,2024-04-14,2024-04-14,412,412.0
PO_01755,PRD_2298,SUP_089,WH_053,2023-03-08,2023-03-15,,237,
PO_01756,PRD_0841,SUP_179,WH_047,2023-03-04,2023-03-08,2023-03-08,286,286.0
PO_01757,PRD_0513,SUP_193,WH_064,2024-12-18,2024-12-20,2024-12-23,164,127.0
PO_01758,PRD_1242,SUP_064,WH_018,2025-08-09,2025-08-15,2025-08-20,429,325.0
PO_01759,PRD_2603,SUP_134,WH_012,2023-08-14,2023-08-15,2023-08-15,400,400.0
PO_01760,PRD_0233,SUP_086,WH_001,2022-04-25,2022-04-27,2022-05-05,420,420.0
PO_01761,PRD_0367,SUP_091,WH_009,2023-07-14,2023-07-15,2023-07-15,98,63.0
PO_01762,PRD_3615,SUP_021,WH_033,2025-12-10,2025-12-20,2025-12-20,59,59.0
PO_01763,PRD_3652,SUP_111,WH_023,2024-08-05,2024-08-07,2024-08-07,464,404.0
PO_01764,PRD_2847,SUP_172,WH_048,2022-04-11,2022-04-19,2022-04-19,250,250.0
PO_01765,PRD_4129,SUP_133,WH_025,2022-02-07,2022-02-16,2022-02-16,441,390.0
PO_01766,PRD_4052,SUP_132,WH_045,2023-01-18,2023-01-22,2023-01-22,351,351.0
PO_01767,PRD_2567,SUP_070,WH_049,2022-01-08,2022-01-09,2022-01-09,39,39.0
PO_01768,PRD_1118,SUP_007,WH_049,2024-10-16,2024-10-21,,261,
PO_01769,PRD_1900,SUP_022,WH_026,2022-08-25,2022-09-07,2022-09-10,102,102.0
PO_01770,PRD_4572,SUP_021,WH_070,2025-09-23,2025-10-03,,255,
PO_01771,PRD_2520,SUP_069,WH_054,2025-09-18,2025-10-02,,170,
PO_01772,PRD_2807,SUP_122,WH_009,2023-08-11,2023-08-15,2023-08-15,263,182.0
PO_01773,PRD_2384,SUP_027,WH_072,2024-04-12,2024-04-24,2024-04-26,293,274.0
PO_01774,PRD_1130,SUP_109,WH_038,2025-05-26,2025-05-31,2025-06-02,161,108.0
PO_01775,PRD_3459,SUP_060,WH_007,2023-09-15,2023-09-25,2023-09-25,110,110.0
PO_01776,PRD_2087,SUP_167,WH_034,2022-07-22,2022-07-25,2022-07-25,157,98.0
PO_01777,PRD_3000,SUP_142,WH_073,2025-02-04,2025-02-13,,291,
PO_01778,PRD_1992,SUP_178,WH_038,2025-11-07,2025-11-15,2025-11-15,500,495.0
PO_01779,PRD_3976,SUP_090,WH_062,2024-03-20,2024-03-25,2024-03-25,212,212.0
PO_01780,PRD_1593,SUP_112,WH_027,2025-01-10,2025-01-16,2025-01-16,470,470.0
PO_01781,PRD_1915,SUP_121,WH_006,2024-11-06,2024-11-09,2024-11-09,306,306.0
PO_01782,PRD_3719,SUP_047,WH_015,2022-08-27,2022-08-31,2022-08-31,107,107.0
PO_01783,PRD_0819,SUP_081,WH_069,2025-10-06,2025-10-14,,239,
PO_01784,PRD_1308,SUP_161,WH_012,2022-10-15,2022-10-20,2022-10-20,449,449.0
PO_01785,PRD_3554,SUP_069,WH_025,2025-10-09,2025-10-23,2025-10-23,433,433.0
PO_01786,PRD_0550,SUP_156,WH_068,2022-08-10,2022-08-12,2022-08-12,493,493.0
PO_01787,PRD_4269,SUP_128,WH_015,2022-04-02,2022-04-05,2022-04-05,213,213.0
PO_01788,PRD_0224,SUP_184,WH_070,2023-02-08,2023-02-11,2023-02-11,329,329.0
PO_01789,PRD_1264,SUP_105,WH_031,2022-02-13,2022-02-24,2022-02-24,228,228.0
PO_01790,PRD_3270,SUP_176,WH_074,2023-08-10,2023-08-21,2023-08-21,257,257.0
PO_01791,PRD_1151,SUP_120,WH_046,2022-03-19,2022-04-01,2022-04-01,139,139.0
PO_01792,PRD_1965,SUP_011,WH_046,2022-08-18,2022-08-29,2022-08-29,157,157.0
PO_01793,PRD_0523,SUP_001,WH_009,2025-09-18,2025-09-25,2025-09-25,60,60.0
PO_01794,PRD_2857,SUP_194,WH_038,2023-06-12,2023-06-18,2023-06-18,335,335.0
PO_01795,PRD_1515,SUP_087,WH_067,2022-07-07,2022-07-19,2022-07-19,295,295.0
PO_01796,PRD_4634,SUP_068,WH_051,2024-03-03,2024-03-04,2024-03-11,434,434.0
PO_01797,PRD_1285,SUP_105,WH_030,2022-08-27,2022-09-07,,212,
PO_01798,PRD_4115,SUP_117,WH_034,2023-04-07,2023-04-19,2023-04-19,127,78.0
PO_01799,PRD_1848,SUP_022,WH_010,2024-02-15,2024-02-28,2024-02-28,371,371.0
PO_01800,PRD_0617,SUP_149,WH_034,2024-04-04,2024-04-11,2024-04-11,302,302.0
PO_01801,PRD_4928,SUP_092,WH_004,2025-03-23,2025-03-24,2025-03-24,338,338.0
PO_01802,PRD_2992,SUP_116,WH_062,2022-11-20,2022-11-29,,152,
PO_01803,PRD_1135,SUP_080,WH_067,2024-04-12,2024-04-13,2024-04-13,131,131.0
PO_01804,PRD_2786,SUP_046,WH_031,2022-10-21,2022-10-30,2022-10-30,210,210.0
PO_01805,PRD_0735,SUP_081,WH_004,2023-06-12,2023-06-20,2023-06-20,122,122.0
PO_01806,PRD_1856,SUP_007,WH_029,2023-03-16,2023-03-21,2023-03-29,255,255.0
PO_01807,PRD_3643,SUP_111,WH_050,2022-01-20,2022-01-22,2022-01-22,238,238.0
PO_01808,PRD_1773,SUP_160,WH_038,2025-08-26,2025-08-31,,348,
PO_01809,PRD_4426,SUP_031,WH_007,2024-12-11,2024-12-15,2024-12-15,429,429.0
PO_01810,PRD_4723,SUP_170,WH_050,2022-11-27,2022-12-05,2022-12-05,283,283.0
PO_01811,PRD_1404,SUP_036,WH_031,2022-04-21,2022-04-28,2022-04-28,23,23.0
PO_01812,PRD_2827,SUP_115,WH_043,2025-11-19,2025-11-20,2025-11-20,173,138.0
PO_01813,PRD_0014,SUP_155,WH_015,2022-07-06,2022-07-07,2022-07-07,495,495.0
PO_01814,PRD_2984,SUP_148,WH_040,2022-11-12,2022-11-15,2022-11-15,325,325.0
PO_01815,PRD_2540,SUP_143,WH_063,2025-09-24,2025-10-03,2025-10-03,194,156.0
PO_01816,PRD_2221,SUP_011,WH_008,2022-10-02,2022-10-13,,356,
PO_01817,PRD_3002,SUP_193,WH_014,2023-10-27,2023-10-29,2023-10-29,377,377.0
PO_01818,PRD_4501,SUP_135,WH_060,2023-01-05,2023-01-13,2023-01-16,353,353.0
PO_01819,PRD_1104,SUP_148,WH_022,2023-11-04,2023-11-07,2023-11-13,494,494.0
PO_01820,PRD_3738,SUP_126,WH_043,2024-11-27,2024-11-30,2024-11-30,203,192.0
PO_01821,PRD_2822,SUP_124,WH_033,2022-02-17,2022-02-28,2022-02-28,239,239.0
PO_01822,PRD_4339,SUP_035,WH_031,2025-01-26,2025-02-05,2025-02-05,268,229.0
PO_01823,PRD_1711,SUP_108,WH_023,2023-03-01,2023-03-09,2023-03-11,185,185.0
PO_01824,PRD_0428,SUP_069,WH_030,2022-04-25,2022-05-09,2022-05-09,384,345.0
PO_01825,PRD_0554,SUP_134,WH_008,2022-10-13,2022-10-14,2022-10-14,41,41.0
PO_01826,PRD_4895,SUP_043,WH_059,2025-07-01,2025-07-10,2025-07-12,428,428.0
PO_01827,PRD_3671,SUP_111,WH_042,2023-07-27,2023-07-29,2023-07-29,331,331.0
PO_01828,PRD_0938,SUP_076,WH_020,2025-01-26,2025-01-28,2025-01-28,388,388.0
PO_01829,PRD_0457,SUP_090,WH_064,2023-04-02,2023-04-07,2023-04-07,349,349.0
PO_01830,PRD_1734,SUP_087,WH_027,2025-04-06,2025-04-18,2025-04-18,150,150.0
PO_01831,PRD_1298,SUP_171,WH_045,2023-12-19,2023-12-25,2023-12-26,398,398.0
PO_01832,PRD_3580,SUP_155,WH_069,2025-05-12,2025-05-13,2025-05-13,402,263.0
PO_01833,PRD_1346,SUP_200,WH_063,2025-11-06,2025-11-10,2025-11-10,223,152.0
PO_01834,PRD_1704,SUP_140,WH_028,2023-03-03,2023-03-14,2023-03-14,298,298.0
PO_01835,PRD_2848,SUP_004,WH_072,2022-01-04,2022-01-17,2022-01-21,339,339.0
PO_01836,PRD_3011,SUP_103,WH_051,2023-10-05,2023-10-16,2023-10-16,389,389.0
PO_01837,PRD_0524,SUP_179,WH_075,2025-10-12,2025-10-16,2025-10-16,158,158.0
PO_01838,PRD_2672,SUP_091,WH_077,2024-05-24,2024-05-25,2024-05-29,246,246.0
PO_01839,PRD_4644,SUP_117,WH_039,2023-03-06,2023-03-18,2023-03-18,331,246.0
PO_01840,PRD_2446,SUP_062,WH_064,2024-07-19,2024-07-27,2024-07-27,76,76.0
PO_01841,PRD_3597,SUP_192,WH_055,2024-10-12,2024-10-14,2024-10-14,286,286.0
PO_01842,PRD_4552,SUP_125,WH_023,2024-01-17,2024-01-21,2024-01-21,389,389.0
PO_01843,PRD_2393,SUP_170,WH_066,2024-06-08,2024-06-16,,158,
PO_01844,PRD_2900,SUP_200,WH_070,2023-01-17,2023-01-21,2023-01-21,485,485.0
PO_01845,PRD_4078,SUP_062,WH_056,2025-07-16,2025-07-24,2025-07-24,311,311.0
PO_01846,PRD_2649,SUP_199,WH_064,2022-08-20,2022-08-21,2022-08-21,250,240.0
PO_01847,PRD_0964,SUP_084,WH_072,2025-01-02,2025-01-03,2025-01-03,224,224.0
PO_01848,PRD_0429,SUP_038,WH_051,2023-11-05,2023-11-14,2023-11-14,344,344.0
PO_01849,PRD_4761,SUP_062,WH_053,2023-02-16,2023-02-24,,171,
PO_01850,PRD_2295,SUP_161,WH_044,2022-09-21,2022-09-26,2022-10-04,141,141.0
PO_01851,PRD_0043,SUP_163,WH_041,2025-02-09,2025-02-16,2025-02-16,409,409.0
PO_01852,PRD_2715,SUP_122,WH_053,2024-01-25,2024-01-29,2024-01-29,38,22.0
PO_01853,PRD_1358,SUP_107,WH_055,2022-08-13,2022-08-19,,336,
PO_01854,PRD_2150,SUP_149,WH_049,2023-07-21,2023-07-28,2023-07-28,209,209.0
PO_01855,PRD_2926,SUP_114,WH_006,2022-02-02,2022-02-13,2022-02-13,22,22.0
PO_01856,PRD_2453,SUP_148,WH_051,2023-12-13,2023-12-16,2023-12-16,359,341.0
PO_01857,PRD_3193,SUP_180,WH_029,2025-09-03,2025-09-09,2025-09-09,457,457.0
PO_01858,PRD_1504,SUP_108,WH_065,2024-04-17,2024-04-25,2024-04-25,36,36.0
PO_01859,PRD_0838,SUP_177,WH_054,2022-11-11,2022-11-12,2022-11-20,208,208.0
PO_01860,PRD_0001,SUP_130,WH_021,2025-03-18,2025-03-22,2025-03-30,148,148.0
PO_01861,PRD_1479,SUP_060,WH_043,2023-09-17,2023-09-27,,475,
PO_01862,PRD_1432,SUP_174,WH_015,2024-01-26,2024-02-03,2024-02-10,21,21.0
PO_01863,PRD_1837,SUP_119,WH_072,2025-01-15,2025-01-21,2025-01-27,400,400.0
PO_01864,PRD_2308,SUP_063,WH_034,2023-12-14,2023-12-25,2023-12-25,479,479.0
PO_01865,PRD_1102,SUP_080,WH_064,2023-12-21,2023-12-22,2023-12-22,176,176.0
PO_01866,PRD_0786,SUP_033,WH_038,2023-03-01,2023-03-15,2023-03-15,141,141.0
PO_01867,PRD_3861,SUP_090,WH_012,2023-12-04,2023-12-09,2023-12-09,314,247.0
PO_01868,PRD_4894,SUP_045,WH_043,2022-05-02,2022-05-16,2022-05-16,64,64.0
PO_01869,PRD_4591,SUP_098,WH_077,2025-08-18,2025-08-28,2025-08-28,55,55.0
PO_01870,PRD_2566,SUP_055,WH_029,2023-09-10,2023-09-19,2023-09-19,311,311.0
PO_01871,PRD_1860,SUP_160,WH_043,2025-07-14,2025-07-19,2025-07-19,351,351.0
PO_01872,PRD_4674,SUP_068,WH_078,2024-01-21,2024-01-22,2024-01-22,224,224.0
PO_01873,PRD_0546,SUP_149,WH_056,2022-06-13,2022-06-20,2022-06-20,403,403.0
PO_01874,PRD_2853,SUP_050,WH_077,2025-09-23,2025-09-26,2025-09-26,69,56.0
PO_01875,PRD_4507,SUP_004,WH_061,2025-12-08,2025-12-21,2025-12-21,276,276.0
PO_01876,PRD_1063,SUP_170,WH_001,2022-06-19,2022-06-27,2022-06-27,480,479.0
PO_01877,PRD_4491,SUP_179,WH_012,2024-12-01,2024-12-05,2024-12-05,257,257.0
PO_01878,PRD_4712,SUP_186,WH_059,2025-05-01,2025-05-10,2025-05-10,208,128.0
PO_01879,PRD_0652,SUP_081,WH_037,2023-05-11,2023-05-19,2023-05-19,108,108.0
PO_01880,PRD_1720,SUP_121,WH_055,2025-10-19,2025-10-22,2025-10-22,479,479.0
PO_01881,PRD_4999,SUP_045,WH_013,2022-08-10,2022-08-24,2022-08-24,421,356.0
PO_01882,PRD_0024,SUP_073,WH_037,2024-05-24,2024-06-05,2024-06-05,256,256.0
PO_01883,PRD_4958,SUP_008,WH_050,2022-08-04,2022-08-11,2022-08-11,132,105.0
PO_01884,PRD_3706,SUP_148,WH_035,2025-09-22,2025-09-25,2025-09-29,341,341.0
PO_01885,PRD_2967,SUP_079,WH_079,2024-10-05,2024-10-10,2024-10-10,323,323.0
PO_01886,PRD_1704,SUP_140,WH_034,2023-05-13,2023-05-24,2023-05-24,220,220.0
PO_01887,PRD_2930,SUP_039,WH_077,2023-11-02,2023-11-09,2023-11-09,322,268.0
PO_01888,PRD_0135,SUP_155,WH_039,2025-03-26,2025-03-27,2025-03-30,226,226.0
PO_01889,PRD_2412,SUP_011,WH_012,2024-03-13,2024-03-24,2024-03-24,146,146.0
PO_01890,PRD_3335,SUP_105,WH_042,2023-08-05,2023-08-16,2023-08-16,190,172.0
PO_01891,PRD_3812,SUP_150,WH_071,2024-11-12,2024-11-24,2024-11-24,499,499.0
PO_01892,PRD_0286,SUP_179,WH_048,2022-05-17,2022-05-21,2022-05-21,467,467.0
PO_01893,PRD_0990,SUP_050,WH_078,2024-11-02,2024-11-05,2024-11-10,153,153.0
PO_01894,PRD_3029,SUP_077,WH_058,2024-02-17,2024-02-20,2024-02-20,194,194.0
PO_01895,PRD_3628,SUP_078,WH_075,2023-05-05,2023-05-06,2023-05-06,25,25.0
PO_01896,PRD_0243,SUP_065,WH_052,2024-10-27,2024-11-04,2024-11-07,326,326.0
PO_01897,PRD_4809,SUP_077,WH_036,2025-12-24,2025-12-27,2025-12-30,92,92.0
PO_01898,PRD_0824,SUP_185,WH_022,2022-11-24,2022-12-08,2022-12-08,445,445.0
PO_01899,PRD_4560,SUP_033,WH_027,2025-02-07,2025-02-21,2025-02-21,410,410.0
PO_01900,PRD_2950,SUP_030,WH_076,2022-08-11,2022-08-23,2022-08-23,412,412.0
PO_01901,PRD_1312,SUP_041,WH_063,2022-12-03,2022-12-04,,103,
PO_01902,PRD_3794,SUP_045,WH_008,2024-08-07,2024-08-21,2024-08-21,56,56.0
PO_01903,PRD_1077,SUP_159,WH_018,2022-04-05,2022-04-17,2022-04-17,223,223.0
PO_01904,PRD_0905,SUP_033,WH_048,2022-04-05,2022-04-19,2022-04-19,42,42.0
PO_01905,PRD_2063,SUP_056,WH_077,2022-07-01,2022-07-15,,428,
PO_01906,PRD_0235,SUP_042,WH_056,2024-02-12,2024-02-13,2024-02-13,445,445.0
PO_01907,PRD_1459,SUP_105,WH_064,2022-12-16,2022-12-27,2022-12-27,357,339.0
PO_01908,PRD_1391,SUP_161,WH_029,2024-10-12,2024-10-17,2024-10-17,284,190.0
PO_01909,PRD_1127,SUP_159,WH_004,2023-07-07,2023-07-19,2023-07-19,160,160.0
PO_01910,PRD_2121,SUP_040,WH_047,2025-04-05,2025-04-19,2025-04-19,108,108.0
PO_01911,PRD_3144,SUP_048,WH_075,2023-10-12,2023-10-25,,244,
PO_01912,PRD_0899,SUP_078,WH_043,2025-08-23,2025-08-24,2025-08-24,73,73.0
PO_01913,PRD_2138,SUP_040,WH_077,2024-03-27,2024-04-10,2024-04-10,394,394.0
PO_01914,PRD_2836,SUP_056,WH_055,2025-02-24,2025-03-10,2025-03-17,336,336.0
PO_01915,PRD_4646,SUP_020,WH_066,2022-06-25,2022-06-27,2022-06-27,319,319.0
PO_01916,PRD_0697,SUP_066,WH_032,2024-08-16,2024-08-25,2024-08-25,440,440.0
PO_01917,PRD_4332,SUP_179,WH_064,2022-09-13,2022-09-17,2022-09-17,177,120.0
PO_01918,PRD_4226,SUP_023,WH_012,2025-12-20,2026-01-03,2026-01-03,400,400.0
PO_01919,PRD_0717,SUP_131,WH_016,2022-11-15,2022-11-22,2022-11-22,66,66.0
PO_01920,PRD_3877,SUP_069,WH_079,2025-06-05,2025-06-19,2025-06-19,317,317.0
PO_01921,PRD_1310,SUP_188,WH_027,2024-09-12,2024-09-21,2024-09-26,284,284.0
PO_01922,PRD_1364,SUP_040,WH_036,2023-05-09,2023-05-23,2023-05-30,216,216.0
PO_01923,PRD_0103,SUP_040,WH_060,2023-07-09,2023-07-23,,114,
PO_01924,PRD_0806,SUP_185,WH_019,2025-05-07,2025-05-21,2025-05-21,408,408.0
PO_01925,PRD_4930,SUP_021,WH_054,2025-01-11,2025-01-21,2025-01-21,184,184.0
PO_01926,PRD_3976,SUP_090,WH_079,2025-04-27,2025-05-02,2025-05-02,20,20.0
PO_01927,PRD_0562,SUP_165,WH_025,2023-01-14,2023-01-23,2023-01-23,463,317.0
PO_01928,PRD_0414,SUP_086,WH_065,2022-08-13,2022-08-15,2022-08-15,60,60.0
PO_01929,PRD_0444,SUP_010,WH_040,2024-11-11,2024-11-24,2024-11-24,365,365.0
PO_01930,PRD_1960,SUP_011,WH_041,2025-08-13,2025-08-24,2025-08-28,260,260.0
PO_01931,PRD_4603,SUP_024,WH_013,2023-02-26,2023-03-07,2023-03-07,497,497.0
PO_01932,PRD_2894,SUP_124,WH_061,2024-04-18,2024-04-29,2024-05-05,305,305.0
PO_01933,PRD_2384,SUP_027,WH_019,2024-01-26,2024-02-07,2024-02-07,342,342.0
PO_01934,PRD_4844,SUP_181,WH_003,2024-11-13,2024-11-21,,251,
PO_01935,PRD_0122,SUP_163,WH_024,2023-01-23,2023-01-30,2023-01-30,272,210.0
PO_01936,PRD_2253,SUP_020,WH_013,2024-12-19,2024-12-21,2024-12-21,209,209.0
PO_01937,PRD_4417,SUP_147,WH_029,2025-09-16,2025-09-26,2025-09-26,174,174.0
PO_01938,PRD_1955,SUP_062,WH_064,2025-02-25,2025-03-05,2025-03-05,189,189.0
PO_01939,PRD_2109,SUP_194,WH_005,2025-02-18,2025-02-24,2025-02-24,79,79.0
PO_01940,PRD_0486,SUP_156,WH_044,2025-04-02,2025-04-04,2025-04-04,442,442.0
PO_01941,PRD_1398,SUP_125,WH_043,2024-11-13,2024-11-17,2024-11-17,80,80.0
PO_01942,PRD_4080,SUP_197,WH_029,2025-01-10,2025-01-19,2025-01-19,451,451.0
PO_01943,PRD_4265,SUP_071,WH_015,2025-04-20,2025-04-30,2025-04-30,35,35.0
PO_01944,PRD_1330,SUP_060,WH_007,2024-09-19,2024-09-29,2024-10-04,242,242.0
PO_01945,PRD_1278,SUP_197,WH_079,2024-04-11,2024-04-20,2024-04-20,351,351.0
PO_01946,PRD_3428,SUP_009,WH_071,2022-10-03,2022-10-10,2022-10-10,188,188.0
PO_01947,PRD_1440,SUP_064,WH_011,2023-12-22,2023-12-28,2023-12-29,299,299.0
PO_01948,PRD_0072,SUP_126,WH_007,2025-05-22,2025-05-25,,333,
PO_01949,PRD_3417,SUP_030,WH_022,2023-12-13,2023-12-25,2023-12-26,30,23.0
PO_01950,PRD_0867,SUP_199,WH_017,2025-07-15,2025-07-16,2025-07-16,495,495.0
PO_01951,PRD_3093,SUP_078,WH_056,2022-10-02,2022-10-03,2022-10-03,81,81.0
PO_01952,PRD_2768,SUP_078,WH_028,2024-02-13,2024-02-14,2024-02-14,114,114.0
PO_01953,PRD_1048,SUP_127,WH_015,2022-03-01,2022-03-11,2022-03-11,77,77.0
PO_01954,PRD_2726,SUP_076,WH_006,2024-03-23,2024-03-25,,285,
PO_01955,PRD_0823,SUP_054,WH_014,2024-09-16,2024-09-27,2024-09-27,430,430.0
PO_01956,PRD_4963,SUP_128,WH_049,2022-04-24,2022-04-27,2022-04-27,329,329.0
PO_01957,PRD_4752,SUP_136,WH_042,2025-03-05,2025-03-12,2025-03-20,406,302.0
PO_01958,PRD_4616,SUP_004,WH_011,2023-11-06,2023-11-19,2023-11-19,42,42.0
PO_01959,PRD_4168,SUP_034,WH_075,2025-07-08,2025-07-19,2025-07-19,67,67.0
PO_01960,PRD_2225,SUP_018,WH_075,2022-05-22,2022-05-28,2022-05-28,71,71.0
PO_01961,PRD_1154,SUP_028,WH_046,2023-02-18,2023-03-02,2023-03-02,197,197.0
PO_01962,PRD_0452,SUP_098,WH_037,2024-05-02,2024-05-12,2024-05-12,138,138.0
PO_01963,PRD_2512,SUP_124,WH_017,2024-04-10,2024-04-21,2024-04-21,88,88.0
PO_01964,PRD_2956,SUP_153,WH_053,2025-02-12,2025-02-16,2025-02-16,260,260.0
PO_01965,PRD_0016,SUP_065,WH_034,2022-06-05,2022-06-13,2022-06-13,360,360.0
PO_01966,PRD_2323,SUP_051,WH_039,2023-08-04,2023-08-11,2023-08-11,371,371.0
PO_01967,PRD_2975,SUP_027,WH_063,2025-08-04,2025-08-16,,164,
PO_01968,PRD_2536,SUP_070,WH_067,2025-10-01,2025-10-02,2025-10-04,489,489.0
PO_01969,PRD_2607,SUP_138,WH_021,2024-09-10,2024-09-18,,355,
PO_01970,PRD_2598,SUP_108,WH_018,2025-11-24,2025-12-02,2025-12-02,334,334.0
PO_01971,PRD_4185,SUP_142,WH_069,2023-05-11,2023-05-20,2023-05-20,219,219.0
PO_01972,PRD_3105,SUP_088,WH_041,2022-06-02,2022-06-08,2022-06-08,424,424.0
PO_01973,PRD_1879,SUP_005,WH_004,2022-12-20,2022-12-24,2022-12-24,486,486.0
PO_01974,PRD_3897,SUP_112,WH_072,2023-05-08,2023-05-14,2023-05-14,428,308.0
PO_01975,PRD_4883,SUP_145,WH_013,2022-10-20,2022-10-27,2022-10-27,303,303.0
PO_01976,PRD_4992,SUP_008,WH_080,2022-11-09,2022-11-16,2022-11-16,94,94.0
PO_01977,PRD_4317,SUP_186,WH_029,2022-02-21,2022-03-02,2022-03-02,145,145.0
PO_01978,PRD_3963,SUP_172,WH_017,2025-01-16,2025-01-24,2025-01-24,135,135.0
PO_01979,PRD_1000,SUP_157,WH_047,2025-10-18,2025-10-19,2025-10-19,116,106.0
PO_01980,PRD_2109,SUP_194,WH_015,2023-01-03,2023-01-09,2023-01-14,77,77.0
PO_01981,PRD_0013,SUP_024,WH_027,2025-08-14,2025-08-23,2025-08-23,364,364.0
PO_01982,PRD_2254,SUP_063,WH_013,2025-08-17,2025-08-28,2025-09-05,227,227.0
PO_01983,PRD_1479,SUP_060,WH_030,2024-04-15,2024-04-25,2024-04-25,143,143.0
PO_01984,PRD_1198,SUP_117,WH_006,2022-01-11,2022-01-23,2022-01-23,39,39.0
PO_01985,PRD_4909,SUP_026,WH_062,2023-07-07,2023-07-13,,138,
PO_01986,PRD_2831,SUP_048,WH_028,2025-10-04,2025-10-17,2025-10-17,219,144.0
PO_01987,PRD_0426,SUP_079,WH_055,2022-06-23,2022-06-28,2022-06-28,364,364.0
PO_01988,PRD_4950,SUP_106,WH_072,2025-05-17,2025-05-18,2025-05-18,109,109.0
PO_01989,PRD_4011,SUP_178,WH_059,2025-02-21,2025-03-01,,82,
PO_01990,PRD_1719,SUP_021,WH_029,2024-05-15,2024-05-25,,434,
PO_01991,PRD_3055,SUP_068,WH_021,2023-04-04,2023-04-05,2023-04-07,191,174.0
PO_01992,PRD_2798,SUP_142,WH_068,2024-03-26,2024-04-04,2024-04-05,453,453.0
PO_01993,PRD_2996,SUP_195,WH_046,2025-09-15,2025-09-18,,337,
PO_01994,PRD_4474,SUP_086,WH_023,2023-08-02,2023-08-04,2023-08-04,145,145.0
PO_01995,PRD_1304,SUP_136,WH_012,2023-02-11,2023-02-18,2023-02-18,347,347.0
PO_01996,PRD_3028,SUP_017,WH_013,2022-05-12,2022-05-15,,55,
PO_01997,PRD_0500,SUP_148,WH_072,2024-01-10,2024-01-13,,378,
PO_01998,PRD_4288,SUP_149,WH_045,2025-01-06,2025-01-13,2025-01-13,143,143.0
PO_01999,PRD_4739,SUP_167,WH_067,2022-11-13,2022-11-16,2022-11-16,192,192.0
PO_02000,PRD_4324,SUP_149,WH_016,2022-03-02,2022-03-09,2022-03-09,179,179.0
PO_02001,PRD_4929,SUP_195,WH_080,2024-01-07,2024-01-10,2024-01-10,108,108.0
PO_02002,PRD_4071,SUP_133,WH_072,2025-10-02,2025-10-11,2025-10-11,151,114.0
PO_02003,PRD_0017,SUP_185,WH_053,2025-08-12,2025-08-26,2025-08-26,344,344.0
PO_02004,PRD_4819,SUP_021,WH_041,2025-07-20,2025-07-30,,406,
PO_02005,PRD_2781,SUP_093,WH_025,2025-01-14,2025-01-17,2025-01-17,401,401.0
PO_02006,PRD_2325,SUP_174,WH_073,2024-08-25,2024-09-02,2024-09-02,227,227.0
PO_02007,PRD_4881,SUP_163,WH_057,2022-05-04,2022-05-11,2022-05-17,211,201.0
PO_02008,PRD_0414,SUP_086,WH_073,2023-07-14,2023-07-16,,185,
PO_02009,PRD_1768,SUP_033,WH_024,2022-02-03,2022-02-17,2022-02-17,154,154.0
PO_02010,PRD_1606,SUP_125,WH_005,2023-12-18,2023-12-22,2023-12-22,463,463.0
PO_02011,PRD_0664,SUP_112,WH_059,2022-01-01,2022-01-07,2022-01-07,372,372.0
PO_02012,PRD_1815,SUP_137,WH_018,2023-06-21,2023-06-23,2023-06-23,72,72.0
PO_02013,PRD_4226,SUP_023,WH_064,2022-01-15,2022-01-29,2022-01-29,364,325.0
PO_02014,PRD_2085,SUP_056,WH_062,2025-10-23,2025-11-06,2025-11-06,69,69.0
PO_02015,PRD_0233,SUP_086,WH_063,2024-03-20,2024-03-22,2024-03-26,88,85.0
PO_02016,PRD_1369,SUP_108,WH_047,2024-06-16,2024-06-24,2024-06-24,98,98.0
PO_02017,PRD_4818,SUP_181,WH_056,2022-07-10,2022-07-18,2022-07-18,429,429.0
PO_02018,PRD_0409,SUP_171,WH_019,2023-02-03,2023-02-09,2023-02-09,230,193.0
PO_02019,PRD_4122,SUP_030,WH_023,2025-03-08,2025-03-20,2025-03-20,210,194.0
PO_02020,PRD_2302,SUP_063,WH_038,2024-04-12,2024-04-23,2024-04-23,254,254.0
PO_02021,PRD_0306,SUP_086,WH_057,2025-04-01,2025-04-03,2025-04-03,142,142.0
PO_02022,PRD_0632,SUP_068,WH_046,2024-11-26,2024-11-27,2024-12-01,365,365.0
PO_02023,PRD_1725,SUP_121,WH_011,2023-01-19,2023-01-22,2023-01-25,420,420.0
PO_02024,PRD_3798,SUP_045,WH_064,2022-06-27,2022-07-11,2022-07-11,105,105.0
PO_02025,PRD_3492,SUP_120,WH_052,2023-07-17,2023-07-30,2023-07-30,423,423.0
PO_02026,PRD_0874,SUP_184,WH_069,2023-10-09,2023-10-12,2023-10-16,237,237.0
PO_02027,PRD_2432,SUP_110,WH_003,2023-08-11,2023-08-15,2023-08-15,154,154.0
PO_02028,PRD_3194,SUP_075,WH_008,2024-03-16,2024-03-23,2024-03-25,352,352.0
PO_02029,PRD_1821,SUP_117,WH_013,2023-12-13,2023-12-25,2023-12-25,306,306.0
PO_02030,PRD_3862,SUP_167,WH_048,2024-03-26,2024-03-29,2024-04-05,469,469.0
PO_02031,PRD_0159,SUP_071,WH_028,2023-06-13,2023-06-23,2023-06-23,350,350.0
PO_02032,PRD_4403,SUP_097,WH_045,2022-07-11,2022-07-23,2022-07-23,46,46.0
PO_02033,PRD_4798,SUP_163,WH_061,2024-08-04,2024-08-11,2024-08-11,61,61.0
PO_02034,PRD_2213,SUP_020,WH_058,2022-05-26,2022-05-28,2022-05-28,80,80.0
PO_02035,PRD_0747,SUP_165,WH_070,2025-07-15,2025-07-24,,70,
PO_02036,PRD_2208,SUP_063,WH_047,2023-02-16,2023-02-27,2023-02-27,391,391.0
PO_02037,PRD_1859,SUP_139,WH_007,2025-05-27,2025-05-28,2025-05-28,420,352.0
PO_02038,PRD_4852,SUP_084,WH_010,2022-04-24,2022-04-25,2022-04-25,304,304.0
PO_02039,PRD_1587,SUP_087,WH_061,2025-02-16,2025-02-28,2025-02-28,412,412.0
PO_02040,PRD_0928,SUP_141,WH_012,2023-01-10,2023-01-22,2023-01-30,427,427.0
PO_02041,PRD_0257,SUP_140,WH_027,2022-06-17,2022-06-28,2022-06-28,242,242.0
PO_02042,PRD_0432,SUP_171,WH_020,2025-09-15,2025-09-21,2025-09-21,210,210.0
PO_02043,PRD_0202,SUP_071,WH_047,2023-03-17,2023-03-27,2023-04-02,218,218.0
PO_02044,PRD_2416,SUP_148,WH_072,2022-10-21,2022-10-24,2022-10-24,469,328.0
PO_02045,PRD_2871,SUP_033,WH_021,2022-01-06,2022-01-20,2022-01-20,436,298.0
PO_02046,PRD_1309,SUP_120,WH_042,2022-07-23,2022-08-05,2022-08-05,157,157.0
PO_02047,PRD_3223,SUP_030,WH_044,2025-07-24,2025-08-05,,475,
PO_02048,PRD_2283,SUP_148,WH_064,2025-12-16,2025-12-19,2025-12-19,383,383.0
PO_02049,PRD_3544,SUP_037,WH_078,2024-08-19,2024-08-31,2024-09-03,112,112.0
PO_02050,PRD_4876,SUP_084,WH_007,2024-05-17,2024-05-18,2024-05-25,111,111.0
PO_02051,PRD_2909,SUP_091,WH_037,2023-10-08,2023-10-09,2023-10-16,243,243.0
PO_02052,PRD_3613,SUP_074,WH_021,2024-06-05,2024-06-19,2024-06-19,349,349.0
PO_02053,PRD_3475,SUP_170,WH_058,2025-05-23,2025-05-31,2025-05-31,243,243.0
PO_02054,PRD_1030,SUP_197,WH_022,2025-04-21,2025-04-30,2025-04-30,318,318.0
PO_02055,PRD_3194,SUP_075,WH_010,2023-11-25,2023-12-02,2023-12-02,429,429.0
PO_02056,PRD_4818,SUP_181,WH_002,2023-07-24,2023-08-01,2023-08-01,454,454.0
PO_02057,PRD_2748,SUP_109,WH_022,2022-04-01,2022-04-06,2022-04-06,131,131.0
PO_02058,PRD_1399,SUP_061,WH_006,2025-04-18,2025-04-30,2025-04-30,327,327.0
PO_02059,PRD_2136,SUP_040,WH_019,2023-12-04,2023-12-18,2023-12-18,279,279.0
PO_02060,PRD_4362,SUP_088,WH_007,2022-11-03,2022-11-09,2022-11-09,456,456.0
PO_02061,PRD_0681,SUP_165,WH_080,2022-01-07,2022-01-16,2022-01-16,397,397.0
PO_02062,PRD_3262,SUP_193,WH_006,2022-01-26,2022-01-28,,434,
PO_02063,PRD_1549,SUP_189,WH_038,2025-12-16,2025-12-29,,335,
PO_02064,PRD_4191,SUP_197,WH_080,2022-02-26,2022-03-07,2022-03-07,201,201.0
PO_02065,PRD_0567,SUP_008,WH_014,2024-09-19,2024-09-26,2024-09-26,24,21.0
PO_02066,PRD_3114,SUP_017,WH_044,2023-06-03,2023-06-06,2023-06-06,213,213.0
PO_02067,PRD_4940,SUP_128,WH_048,2022-03-06,2022-03-09,2022-03-17,456,322.0
PO_02068,PRD_2605,SUP_108,WH_036,2023-12-02,2023-12-10,,407,
PO_02069,PRD_1504,SUP_108,WH_033,2022-09-21,2022-09-29,,266,
PO_02070,PRD_0040,SUP_155,WH_012,2024-06-06,2024-06-07,2024-06-07,412,412.0
PO_02071,PRD_2140,SUP_200,WH_028,2025-02-23,2025-02-27,2025-02-27,434,434.0
PO_02072,PRD_0499,SUP_018,WH_068,2023-04-01,2023-04-07,2023-04-07,119,119.0
PO_02073,PRD_4352,SUP_181,WH_066,2023-11-03,2023-11-11,2023-11-11,288,288.0
PO_02074,PRD_3025,SUP_027,WH_046,2024-01-16,2024-01-28,2024-01-28,373,373.0
PO_02075,PRD_1839,SUP_035,WH_055,2023-01-22,2023-02-01,,178,
PO_02076,PRD_2137,SUP_052,WH_042,2022-01-22,2022-01-28,2022-01-28,243,243.0
PO_02077,PRD_3057,SUP_146,WH_079,2022-01-16,2022-01-30,2022-01-30,111,111.0
PO_02078,PRD_3958,SUP_150,WH_034,2022-02-25,2022-03-09,,40,
PO_02079,PRD_1090,SUP_002,WH_045,2022-10-08,2022-10-09,2022-10-09,148,148.0
PO_02080,PRD_4759,SUP_092,WH_008,2025-09-14,2025-09-15,2025-09-15,260,260.0
PO_02081,PRD_1745,SUP_101,WH_050,2022-08-17,2022-08-21,2022-08-21,72,72.0
PO_02082,PRD_2676,SUP_188,WH_052,2022-12-19,2022-12-28,2022-12-28,379,379.0
PO_02083,PRD_4053,SUP_139,WH_068,2022-03-12,2022-03-13,2022-03-13,155,155.0
PO_02084,PRD_3712,SUP_173,WH_067,2024-11-15,2024-11-16,2024-11-16,181,181.0
PO_02085,PRD_3943,SUP_196,WH_024,2023-03-01,2023-03-14,2023-03-14,372,372.0
PO_02086,PRD_4191,SUP_197,WH_014,2025-05-19,2025-05-28,2025-05-28,115,69.0
PO_02087,PRD_3311,SUP_180,WH_057,2024-01-26,2024-02-01,,445,
PO_02088,PRD_4280,SUP_001,WH_077,2023-11-19,2023-11-26,,47,
PO_02089,PRD_2143,SUP_145,WH_048,2025-08-26,2025-09-02,2025-09-07,434,434.0
PO_02090,PRD_4936,SUP_092,WH_029,2024-05-08,2024-05-09,2024-05-09,173,173.0
PO_02091,PRD_2322,SUP_018,WH_053,2023-12-14,2023-12-20,2023-12-20,159,159.0
PO_02092,PRD_4610,SUP_099,WH_079,2024-10-20,2024-10-26,2024-10-26,368,368.0
PO_02093,PRD_1402,SUP_164,WH_028,2025-10-21,2025-10-30,2025-10-30,121,72.0
PO_02094,PRD_0070,SUP_191,WH_019,2022-04-01,2022-04-15,2022-04-15,330,330.0
PO_02095,PRD_3016,SUP_159,WH_079,2023-04-21,2023-05-03,2023-05-03,398,398.0
PO_02096,PRD_0605,SUP_081,WH_072,2024-07-25,2024-08-02,2024-08-02,204,204.0
PO_02097,PRD_0456,SUP_028,WH_047,2024-12-26,2025-01-07,2025-01-09,120,120.0
PO_02098,PRD_4610,SUP_099,WH_032,2022-06-22,2022-06-28,2022-06-28,220,220.0
PO_02099,PRD_0165,SUP_126,WH_009,2024-01-15,2024-01-18,2024-01-18,165,165.0
PO_02100,PRD_2242,SUP_018,WH_014,2024-03-01,2024-03-07,,407,
PO_02101,PRD_3952,SUP_173,WH_021,2023-03-16,2023-03-17,2023-03-17,351,351.0
PO_02102,PRD_2368,SUP_110,WH_010,2025-11-04,2025-11-08,2025-11-08,451,451.0
PO_02103,PRD_4040,SUP_069,WH_042,2022-06-15,2022-06-29,2022-06-29,339,251.0
PO_02104,PRD_4656,SUP_040,WH_029,2023-07-15,2023-07-29,2023-08-06,151,151.0
PO_02105,PRD_4296,SUP_131,WH_076,2024-12-26,2025-01-02,2025-01-02,406,377.0
PO_02106,PRD_0749,SUP_179,WH_059,2024-04-17,2024-04-21,2024-04-29,399,399.0
PO_02107,PRD_0278,SUP_177,WH_032,2023-10-22,2023-10-23,2023-10-23,418,418.0
PO_02108,PRD_3768,SUP_027,WH_013,2025-10-12,2025-10-24,2025-10-24,186,186.0
PO_02109,PRD_3760,SUP_148,WH_076,2024-12-21,2024-12-24,2024-12-31,427,427.0
PO_02110,PRD_1918,SUP_139,WH_061,2023-04-23,2023-04-24,2023-04-27,401,401.0
PO_02111,PRD_3410,SUP_019,WH_074,2022-07-08,2022-07-20,2022-07-20,445,445.0
PO_02112,PRD_4994,SUP_008,WH_022,2025-12-09,2025-12-16,,94,
PO_02113,PRD_4017,SUP_049,WH_040,2022-01-03,2022-01-12,2022-01-12,73,66.0
PO_02114,PRD_0354,SUP_169,WH_003,2024-07-16,2024-07-20,2024-07-20,281,281.0
PO_02115,PRD_3626,SUP_079,WH_061,2025-08-10,2025-08-15,2025-08-15,57,45.0
PO_02116,PRD_3785,SUP_193,WH_008,2024-12-12,2024-12-14,2024-12-22,266,266.0
PO_02117,PRD_3035,SUP_073,WH_051,2025-06-23,2025-07-05,2025-07-05,114,114.0
PO_02118,PRD_4458,SUP_149,WH_002,2022-05-18,2022-05-25,2022-05-25,451,275.0
PO_02119,PRD_2775,SUP_076,WH_032,2025-01-23,2025-01-25,2025-01-25,54,49.0
PO_02120,PRD_4093,SUP_053,WH_008,2024-07-25,2024-08-02,2024-08-02,100,65.0
PO_02121,PRD_1227,SUP_127,WH_018,2025-02-05,2025-02-15,2025-02-23,82,77.0
PO_02122,PRD_3243,SUP_009,WH_072,2022-12-20,2022-12-27,2022-12-27,189,189.0
PO_02123,PRD_0343,SUP_167,WH_041,2025-03-10,2025-03-13,2025-03-15,491,491.0
PO_02124,PRD_0999,SUP_099,WH_010,2025-01-17,2025-01-23,,349,
PO_02125,PRD_4474,SUP_086,WH_009,2022-09-04,2022-09-06,2022-09-06,323,323.0
PO_02126,PRD_2201,SUP_031,WH_076,2024-02-19,2024-02-23,2024-02-26,477,477.0
PO_02127,PRD_3795,SUP_193,WH_056,2022-05-06,2022-05-08,2022-05-08,406,406.0
PO_02128,PRD_0531,SUP_046,WH_006,2022-06-11,2022-06-20,2022-06-20,208,171.0
PO_02129,PRD_2498,SUP_125,WH_011,2025-10-17,2025-10-21,2025-10-29,493,493.0
PO_02130,PRD_3487,SUP_037,WH_030,2025-07-04,2025-07-16,2025-07-16,68,68.0
PO_02131,PRD_1244,SUP_113,WH_047,2023-02-12,2023-02-18,2023-02-20,304,304.0
PO_02132,PRD_1107,SUP_132,WH_076,2024-05-19,2024-05-23,2024-05-23,146,146.0
PO_02133,PRD_3164,SUP_174,WH_016,2023-08-06,2023-08-14,2023-08-14,38,35.0
PO_02134,PRD_0516,SUP_176,WH_063,2024-02-19,2024-03-01,,108,
PO_02135,PRD_0162,SUP_065,WH_020,2024-01-03,2024-01-11,2024-01-11,362,362.0
PO_02136,PRD_2470,SUP_111,WH_077,2023-12-19,2023-12-21,,201,
PO_02137,PRD_3199,SUP_074,WH_041,2025-02-01,2025-02-15,2025-02-15,157,157.0
PO_02138,PRD_2257,SUP_020,WH_021,2023-11-12,2023-11-14,2023-11-14,375,321.0
PO_02139,PRD_4246,SUP_127,WH_019,2025-05-20,2025-05-30,2025-05-30,389,389.0
PO_02140,PRD_2158,SUP_186,WH_068,2022-04-14,2022-04-23,2022-04-29,437,437.0
PO_02141,PRD_2829,SUP_046,WH_080,2023-09-20,2023-09-29,2023-09-29,467,467.0
PO_02142,PRD_1398,SUP_125,WH_038,2023-03-15,2023-03-19,2023-03-22,442,442.0
PO_02143,PRD_1134,SUP_038,WH_054,2023-03-26,2023-04-04,2023-04-12,159,159.0
PO_02144,PRD_1470,SUP_100,WH_030,2022-04-01,2022-04-08,,344,
PO_02145,PRD_0946,SUP_081,WH_060,2022-08-14,2022-08-22,2022-08-22,449,449.0
PO_02146,PRD_3627,SUP_129,WH_064,2025-09-07,2025-09-10,2025-09-10,373,373.0
PO_02147,PRD_1592,SUP_193,WH_020,2024-07-20,2024-07-22,2024-07-30,336,259.0
PO_02148,PRD_0739,SUP_165,WH_027,2024-04-02,2024-04-11,2024-04-11,156,156.0
PO_02149,PRD_0118,SUP_155,WH_031,2025-12-24,2025-12-25,,134,
PO_02150,PRD_0868,SUP_098,WH_068,2024-07-22,2024-08-01,2024-08-01,198,198.0
PO_02151,PRD_3787,SUP_133,WH_036,2022-09-22,2022-10-01,2022-10-01,295,295.0
PO_02152,PRD_1458,SUP_134,WH_066,2022-09-19,2022-09-20,2022-09-20,92,92.0
PO_02153,PRD_4088,SUP_041,WH_025,2022-06-18,2022-06-19,2022-06-19,227,201.0
PO_02154,PRD_2452,SUP_155,WH_079,2023-12-12,2023-12-13,2023-12-13,389,255.0
PO_02155,PRD_4740,SUP_170,WH_050,2022-11-11,2022-11-19,2022-11-19,201,201.0
PO_02156,PRD_3580,SUP_155,WH_023,2024-03-20,2024-03-21,2024-03-21,142,106.0
PO_02157,PRD_1284,SUP_032,WH_078,2024-12-01,2024-12-15,2024-12-15,265,265.0
PO_02158,PRD_2555,SUP_133,WH_079,2023-11-26,2023-12-05,2023-12-05,80,80.0
PO_02159,PRD_0341,SUP_144,WH_033,2024-05-14,2024-05-16,2024-05-16,180,180.0
PO_02160,PRD_3400,SUP_075,WH_039,2025-09-18,2025-09-25,,322,
PO_02161,PRD_4878,SUP_076,WH_042,2023-10-04,2023-10-06,2023-10-06,85,85.0
PO_02162,PRD_2628,SUP_072,WH_065,2024-10-15,2024-10-19,2024-10-19,25,25.0
PO_02163,PRD_3335,SUP_105,WH_045,2022-05-10,2022-05-21,2022-05-21,237,237.0
PO_02164,PRD_0967,SUP_076,WH_032,2024-02-06,2024-02-08,,97,
PO_02165,PRD_3689,SUP_127,WH_015,2023-11-20,2023-11-30,2023-11-30,482,482.0
PO_02166,PRD_3815,SUP_167,WH_065,2022-11-24,2022-11-27,2022-11-27,95,95.0
PO_02167,PRD_1430,SUP_136,WH_067,2022-07-14,2022-07-21,2022-07-21,435,435.0
PO_02168,PRD_1762,SUP_152,WH_019,2024-10-26,2024-11-04,2024-11-04,242,242.0
PO_02169,PRD_3838,SUP_196,WH_049,2023-01-18,2023-01-31,2023-01-31,196,196.0
PO_02170,PRD_4377,SUP_088,WH_038,2025-03-01,2025-03-07,2025-03-12,45,45.0
PO_02171,PRD_4867,SUP_111,WH_038,2023-06-01,2023-06-03,2023-06-03,497,497.0
PO_02172,PRD_2808,SUP_059,WH_036,2022-12-04,2022-12-07,,311,
PO_02173,PRD_0481,SUP_140,WH_025,2025-10-23,2025-11-03,2025-11-03,202,128.0
PO_02174,PRD_0229,SUP_191,WH_020,2025-11-27,2025-12-11,2025-12-11,479,479.0
PO_02175,PRD_1915,SUP_121,WH_050,2024-12-03,2024-12-06,,163,
PO_02176,PRD_3406,SUP_177,WH_042,2025-08-05,2025-08-06,2025-08-06,400,400.0
PO_02177,PRD_4616,SUP_004,WH_038,2025-05-24,2025-06-06,2025-06-06,443,443.0
PO_02178,PRD_4540,SUP_137,WH_071,2022-06-25,2022-06-27,2022-06-29,39,39.0
PO_02179,PRD_1118,SUP_007,WH_032,2024-01-10,2024-01-15,2024-01-15,165,165.0
PO_02180,PRD_2005,SUP_043,WH_028,2022-04-25,2022-05-04,2022-05-04,334,334.0
PO_02181,PRD_1327,SUP_020,WH_017,2025-06-13,2025-06-15,2025-06-15,307,307.0
PO_02182,PRD_3403,SUP_161,WH_047,2023-06-06,2023-06-11,2023-06-11,180,180.0
PO_02183,PRD_2485,SUP_119,WH_078,2022-03-05,2022-03-11,2022-03-11,389,244.0
PO_02184,PRD_0044,SUP_014,WH_029,2022-09-27,2022-10-10,2022-10-10,388,388.0
PO_02185,PRD_0006,SUP_109,WH_015,2022-11-11,2022-11-16,2022-11-19,273,273.0
PO_02186,PRD_3824,SUP_042,WH_051,2025-09-26,2025-09-27,,339,
PO_02187,PRD_0600,SUP_187,WH_079,2023-10-19,2023-10-22,2023-10-26,151,151.0
PO_02188,PRD_3744,SUP_172,WH_062,2023-02-06,2023-02-14,2023-02-14,206,185.0
PO_02189,PRD_2546,SUP_084,WH_012,2024-10-05,2024-10-06,2024-10-11,222,141.0
PO_02190,PRD_4329,SUP_190,WH_014,2024-11-15,2024-11-17,2024-11-17,492,492.0
PO_02191,PRD_1736,SUP_090,WH_009,2022-02-21,2022-02-26,2022-02-26,109,109.0
PO_02192,PRD_1315,SUP_110,WH_071,2023-07-24,2023-07-28,2023-08-05,74,74.0
PO_02193,PRD_3791,SUP_121,WH_052,2022-11-03,2022-11-06,2022-11-06,366,366.0
PO_02194,PRD_0526,SUP_174,WH_049,2022-12-22,2022-12-30,2023-01-01,305,305.0
PO_02195,PRD_2985,SUP_153,WH_003,2024-12-07,2024-12-11,2024-12-11,199,199.0
PO_02196,PRD_4961,SUP_021,WH_018,2022-08-26,2022-09-05,2022-09-09,340,340.0
PO_02197,PRD_0528,SUP_148,WH_005,2023-01-25,2023-01-28,2023-01-28,176,176.0
PO_02198,PRD_0758,SUP_185,WH_008,2023-10-19,2023-11-02,2023-11-05,285,285.0
PO_02199,PRD_2170,SUP_020,WH_038,2023-12-17,2023-12-19,2023-12-19,474,471.0
PO_02200,PRD_3764,SUP_173,WH_063,2025-04-27,2025-04-28,,415,
PO_02201,PRD_1846,SUP_170,WH_018,2022-01-10,2022-01-18,,442,
PO_02202,PRD_0116,SUP_065,WH_049,2024-12-02,2024-12-10,2024-12-10,241,241.0
PO_02203,PRD_1197,SUP_159,WH_058,2025-09-05,2025-09-17,2025-09-17,56,56.0
PO_02204,PRD_4536,SUP_004,WH_002,2024-03-26,2024-04-08,,389,
PO_02205,PRD_4311,SUP_128,WH_023,2025-09-03,2025-09-06,2025-09-06,47,47.0
PO_02206,PRD_1352,SUP_055,WH_051,2023-11-08,2023-11-17,2023-11-17,457,457.0
PO_02207,PRD_1855,SUP_035,WH_013,2025-11-09,2025-11-19,2025-11-23,397,397.0
PO_02208,PRD_0504,SUP_200,WH_059,2024-07-17,2024-07-21,2024-07-21,402,402.0
PO_02209,PRD_4121,SUP_200,WH_061,2025-03-23,2025-03-27,2025-03-27,95,95.0
PO_02210,PRD_2181,SUP_051,WH_024,2024-09-14,2024-09-21,2024-09-21,77,77.0
PO_02211,PRD_1098,SUP_024,WH_076,2024-09-11,2024-09-20,2024-09-20,478,478.0
PO_02212,PRD_2108,SUP_178,WH_049,2024-11-03,2024-11-11,,162,
PO_02213,PRD_0918,SUP_094,WH_037,2024-05-09,2024-05-23,2024-05-23,164,164.0
PO_02214,PRD_1653,SUP_091,WH_065,2022-09-12,2022-09-13,2022-09-13,474,393.0
PO_02215,PRD_4074,SUP_081,WH_039,2025-01-06,2025-01-14,2025-01-14,140,137.0
PO_02216,PRD_4426,SUP_031,WH_077,2022-01-25,2022-01-29,2022-01-29,60,60.0
PO_02217,PRD_0419,SUP_167,WH_046,2022-12-20,2022-12-23,2022-12-23,431,431.0
PO_02218,PRD_2127,SUP_043,WH_032,2022-10-04,2022-10-13,2022-10-13,330,330.0
PO_02219,PRD_4003,SUP_156,WH_044,2025-03-19,2025-03-21,2025-03-26,365,365.0
PO_02220,PRD_4829,SUP_047,WH_062,2024-06-13,2024-06-17,2024-06-17,294,181.0
PO_02221,PRD_2501,SUP_108,WH_043,2023-12-23,2023-12-31,2023-12-31,64,64.0
PO_02222,PRD_4620,SUP_139,WH_072,2023-06-18,2023-06-19,2023-06-19,179,179.0
PO_02223,PRD_1534,SUP_008,WH_037,2022-11-20,2022-11-27,2022-11-27,100,100.0
PO_02224,PRD_0217,SUP_126,WH_036,2023-05-10,2023-05-13,2023-05-16,406,310.0
PO_02225,PRD_0924,SUP_130,WH_039,2025-09-27,2025-10-01,2025-10-01,169,169.0
PO_02226,PRD_0971,SUP_033,WH_015,2023-11-08,2023-11-22,2023-11-22,494,494.0
PO_02227,PRD_3650,SUP_120,WH_068,2025-05-22,2025-06-04,,470,
PO_02228,PRD_2636,SUP_158,WH_036,2024-11-27,2024-12-11,2024-12-11,154,154.0
PO_02229,PRD_0257,SUP_140,WH_045,2025-11-15,2025-11-26,2025-11-26,478,478.0
PO_02230,PRD_3116,SUP_114,WH_050,2022-09-07,2022-09-18,2022-09-18,326,326.0
PO_02231,PRD_3532,SUP_148,WH_077,2025-05-26,2025-05-29,2025-05-30,238,238.0
PO_02232,PRD_1941,SUP_064,WH_073,2024-05-17,2024-05-23,2024-05-23,434,434.0
PO_02233,PRD_0069,SUP_040,WH_005,2023-07-02,2023-07-16,2023-07-16,493,493.0
PO_02234,PRD_1048,SUP_127,WH_045,2023-06-10,2023-06-20,,303,
PO_02235,PRD_2878,SUP_081,WH_026,2023-07-19,2023-07-27,2023-07-27,331,331.0
PO_02236,PRD_1502,SUP_148,WH_048,2022-10-20,2022-10-23,,498,
PO_02237,PRD_3280,SUP_058,WH_027,2024-12-25,2024-12-26,2024-12-26,50,50.0
PO_02238,PRD_1788,SUP_165,WH_014,2022-02-17,2022-02-26,,486,
PO_02239,PRD_1440,SUP_064,WH_046,2025-10-08,2025-10-14,2025-10-19,199,199.0
PO_02240,PRD_4010,SUP_128,WH_005,2022-05-27,2022-05-30,2022-05-31,21,21.0
PO_02241,PRD_0959,SUP_032,WH_009,2024-08-10,2024-08-24,2024-08-24,495,365.0
PO_02242,PRD_1947,SUP_066,WH_027,2023-07-02,2023-07-11,2023-07-11,265,265.0
PO_02243,PRD_1164,SUP_148,WH_038,2022-04-21,2022-04-24,2022-04-24,356,356.0
PO_02244,PRD_1019,SUP_099,WH_044,2025-01-25,2025-01-31,,472,
PO_02245,PRD_0709,SUP_068,WH_044,2025-11-19,2025-11-20,2025-11-20,211,211.0
PO_02246,PRD_1805,SUP_117,WH_071,2023-10-23,2023-11-04,,455,
PO_02247,PRD_4059,SUP_139,WH_071,2024-02-11,2024-02-12,2024-02-12,62,62.0
PO_02248,PRD_0561,SUP_176,WH_030,2024-10-10,2024-10-21,2024-10-21,375,375.0
PO_02249,PRD_4986,SUP_063,WH_028,2022-10-13,2022-10-24,2022-10-24,490,490.0
PO_02250,PRD_4207,SUP_069,WH_075,2022-03-12,2022-03-26,2022-04-02,152,152.0
PO_02251,PRD_2866,SUP_004,WH_036,2022-09-07,2022-09-20,2022-09-20,274,274.0
PO_02252,PRD_1427,SUP_141,WH_043,2025-01-06,2025-01-18,,101,
PO_02253,PRD_3549,SUP_113,WH_021,2023-03-12,2023-03-18,2023-03-18,389,389.0
PO_02254,PRD_3478,SUP_105,WH_036,2024-11-26,2024-12-07,2024-12-12,151,151.0
PO_02255,PRD_1022,SUP_073,WH_056,2022-04-06,2022-04-18,2022-04-23,328,209.0
PO_02256,PRD_4911,SUP_077,WH_079,2022-09-09,2022-09-12,2022-09-19,460,460.0
PO_02257,PRD_4371,SUP_063,WH_061,2022-10-09,2022-10-20,,496,
PO_02258,PRD_4575,SUP_112,WH_038,2025-08-24,2025-08-30,2025-09-04,418,418.0
PO_02259,PRD_3944,SUP_172,WH_043,2022-08-07,2022-08-15,2022-08-16,43,43.0
PO_02260,PRD_3603,SUP_070,WH_018,2024-09-08,2024-09-09,,437,
PO_02261,PRD_0387,SUP_168,WH_076,2024-06-22,2024-06-25,2024-06-25,309,309.0
PO_02262,PRD_2898,SUP_059,WH_005,2025-01-27,2025-01-30,2025-01-30,383,383.0
PO_02263,PRD_4857,SUP_076,WH_014,2022-11-18,2022-11-20,2022-11-20,428,428.0
PO_02264,PRD_4478,SUP_039,WH_041,2024-12-02,2024-12-09,2024-12-09,431,431.0
PO_02265,PRD_4244,SUP_178,WH_043,2025-12-23,2025-12-31,2025-12-31,377,377.0
PO_02266,PRD_0645,SUP_067,WH_054,2025-09-03,2025-09-07,2025-09-07,219,219.0
PO_02267,PRD_1684,SUP_138,WH_013,2025-02-20,2025-02-28,2025-02-28,343,212.0
PO_02268,PRD_2621,SUP_158,WH_049,2023-08-07,2023-08-21,,487,
PO_02269,PRD_4440,SUP_077,WH_041,2023-01-27,2023-01-30,2023-01-30,165,140.0
PO_02270,PRD_3169,SUP_021,WH_017,2022-01-21,2022-01-31,2022-02-04,474,425.0
PO_02271,PRD_0081,SUP_185,WH_032,2022-04-11,2022-04-25,2022-04-25,149,149.0
PO_02272,PRD_1391,SUP_161,WH_030,2025-02-17,2025-02-22,2025-02-22,129,129.0
PO_02273,PRD_4505,SUP_059,WH_042,2023-02-10,2023-02-13,2023-02-13,263,241.0
PO_02274,PRD_0729,SUP_066,WH_055,2023-04-23,2023-05-02,2023-05-02,56,56.0
PO_02275,PRD_1633,SUP_125,WH_008,2025-10-25,2025-10-29,2025-10-29,308,308.0
PO_02276,PRD_1970,SUP_120,WH_080,2022-03-24,2022-04-06,2022-04-06,196,196.0
PO_02277,PRD_2384,SUP_027,WH_066,2023-02-01,2023-02-13,2023-02-13,401,401.0
PO_02278,PRD_2220,SUP_097,WH_040,2022-12-13,2022-12-25,2022-12-25,204,204.0
PO_02279,PRD_0033,SUP_030,WH_060,2025-10-01,2025-10-13,,359,
PO_02280,PRD_2395,SUP_089,WH_044,2024-12-21,2024-12-28,2024-12-28,45,45.0
PO_02281,PRD_3693,SUP_155,WH_063,2022-05-07,2022-05-08,2022-05-08,57,57.0
PO_02282,PRD_2405,SUP_063,WH_054,2023-08-16,2023-08-27,2023-08-27,205,205.0
PO_02283,PRD_2838,SUP_024,WH_013,2022-11-02,2022-11-11,2022-11-11,95,68.0
PO_02284,PRD_2003,SUP_006,WH_026,2023-04-10,2023-04-24,2023-04-24,268,268.0
PO_02285,PRD_1817,SUP_098,WH_032,2023-10-17,2023-10-27,2023-10-27,221,221.0
PO_02286,PRD_2724,SUP_026,WH_059,2022-08-11,2022-08-17,2022-08-17,420,420.0
PO_02287,PRD_4143,SUP_093,WH_049,2024-04-25,2024-04-28,2024-04-28,247,200.0
PO_02288,PRD_0479,SUP_040,WH_024,2024-09-16,2024-09-30,2024-09-30,203,203.0
PO_02289,PRD_0191,SUP_053,WH_059,2022-03-04,2022-03-12,,294,
PO_02290,PRD_3128,SUP_075,WH_055,2022-06-19,2022-06-26,2022-06-26,475,475.0
PO_02291,PRD_4716,SUP_168,WH_046,2022-10-04,2022-10-07,2022-10-10,328,328.0
PO_02292,PRD_1213,SUP_012,WH_055,2023-05-18,2023-05-31,2023-06-03,197,138.0
PO_02293,PRD_4202,SUP_049,WH_079,2024-07-17,2024-07-26,2024-07-26,150,150.0
PO_02294,PRD_1714,SUP_084,WH_018,2022-08-18,2022-08-19,,329,
PO_02295,PRD_3158,SUP_077,WH_033,2024-06-09,2024-06-12,2024-06-12,457,457.0
PO_02296,PRD_2128,SUP_122,WH_009,2023-06-27,2023-07-01,2023-07-08,100,100.0
PO_02297,PRD_2130,SUP_006,WH_026,2023-12-06,2023-12-20,2023-12-20,176,176.0
PO_02298,PRD_4218,SUP_065,WH_027,2023-08-17,2023-08-25,2023-08-25,251,251.0
PO_02299,PRD_3177,SUP_004,WH_007,2025-01-11,2025-01-24,2025-01-31,122,122.0
PO_02300,PRD_4524,SUP_127,WH_020,2024-12-16,2024-12-26,2024-12-31,32,32.0
PO_02301,PRD_0866,SUP_104,WH_050,2024-03-03,2024-03-11,,382,
PO_02302,PRD_1776,SUP_014,WH_068,2025-08-08,2025-08-21,2025-08-21,287,202.0
PO_02303,PRD_1766,SUP_137,WH_075,2025-03-20,2025-03-22,,495,
PO_02304,PRD_1189,SUP_163,WH_062,2023-11-03,2023-11-10,2023-11-15,323,307.0
PO_02305,PRD_4854,SUP_044,WH_074,2025-07-19,2025-07-30,2025-07-30,500,500.0
PO_02306,PRD_0867,SUP_199,WH_079,2022-01-04,2022-01-05,2022-01-05,36,36.0
PO_02307,PRD_1054,SUP_080,WH_013,2023-04-21,2023-04-22,2023-04-22,313,220.0
PO_02308,PRD_4299,SUP_117,WH_010,2022-10-16,2022-10-28,2022-10-28,95,95.0
PO_02309,PRD_3449,SUP_116,WH_002,2025-02-16,2025-02-25,2025-03-02,25,24.0
PO_02310,PRD_4260,SUP_086,WH_056,2022-08-10,2022-08-12,2022-08-12,286,286.0
PO_02311,PRD_2617,SUP_071,WH_017,2022-05-07,2022-05-17,2022-05-24,427,371.0
PO_02312,PRD_4892,SUP_026,WH_012,2025-09-22,2025-09-28,2025-09-28,313,313.0
PO_02313,PRD_1842,SUP_087,WH_022,2022-05-09,2022-05-21,2022-05-21,437,437.0
PO_02314,PRD_3308,SUP_177,WH_056,2023-05-17,2023-05-18,2023-05-18,200,200.0
PO_02315,PRD_3994,SUP_010,WH_063,2025-04-13,2025-04-26,2025-04-29,39,39.0
PO_02316,PRD_3776,SUP_194,WH_038,2023-03-22,2023-03-28,2023-03-28,291,179.0
PO_02317,PRD_2672,SUP_091,WH_018,2024-10-18,2024-10-19,2024-10-19,371,371.0
PO_02318,PRD_4006,SUP_041,WH_055,2022-10-15,2022-10-16,2022-10-16,43,43.0
PO_02319,PRD_2824,SUP_033,WH_044,2023-07-25,2023-08-08,,123,
PO_02320,PRD_2024,SUP_040,WH_063,2022-08-13,2022-08-27,,358,
PO_02321,PRD_3466,SUP_176,WH_048,2023-01-27,2023-02-07,2023-02-11,41,41.0
PO_02322,PRD_1045,SUP_157,WH_042,2023-03-03,2023-03-04,2023-03-04,441,441.0
PO_02323,PRD_2766,SUP_071,WH_015,2023-12-25,2024-01-04,2024-01-04,273,273.0
PO_02324,PRD_3734,SUP_193,WH_022,2022-01-10,2022-01-12,2022-01-12,154,154.0
PO_02325,PRD_2064,SUP_008,WH_069,2023-09-10,2023-09-17,2023-09-17,373,373.0
PO_02326,PRD_4383,SUP_049,WH_012,2024-09-21,2024-09-30,2024-09-30,176,176.0
PO_02327,PRD_1600,SUP_186,WH_037,2022-04-08,2022-04-17,2022-04-19,40,40.0
PO_02328,PRD_0193,SUP_184,WH_025,2022-12-09,2022-12-12,2022-12-15,255,255.0
PO_02329,PRD_3879,SUP_196,WH_040,2024-06-02,2024-06-15,,241,
PO_02330,PRD_4856,SUP_098,WH_054,2024-10-20,2024-10-30,2024-10-30,65,65.0
PO_02331,PRD_3613,SUP_074,WH_042,2023-07-09,2023-07-23,2023-07-23,326,326.0
PO_02332,PRD_2423,SUP_174,WH_055,2022-06-04,2022-06-12,2022-06-12,159,159.0
PO_02333,PRD_2073,SUP_064,WH_069,2023-05-10,2023-05-16,2023-05-17,483,483.0
PO_02334,PRD_4002,SUP_074,WH_028,2025-04-19,2025-05-03,2025-05-03,489,489.0
PO_02335,PRD_1450,SUP_016,WH_014,2025-09-19,2025-09-30,2025-09-30,177,177.0
PO_02336,PRD_2671,SUP_152,WH_066,2025-05-18,2025-05-27,,252,
PO_02337,PRD_4451,SUP_035,WH_063,2025-10-04,2025-10-14,2025-10-14,382,382.0
PO_02338,PRD_0328,SUP_003,WH_045,2025-10-20,2025-10-24,2025-10-26,51,51.0
PO_02339,PRD_2789,SUP_109,WH_009,2022-02-17,2022-02-22,2022-02-27,449,449.0
PO_02340,PRD_3107,SUP_054,WH_048,2024-10-23,2024-11-03,2024-11-07,249,249.0
PO_02341,PRD_3407,SUP_121,WH_042,2022-03-16,2022-03-19,2022-03-19,136,136.0
PO_02342,PRD_3513,SUP_069,WH_029,2023-06-10,2023-06-24,2023-06-24,325,325.0
PO_02343,PRD_2402,SUP_145,WH_062,2024-04-24,2024-05-01,2024-05-01,80,58.0
PO_02344,PRD_2523,SUP_175,WH_012,2022-09-01,2022-09-05,2022-09-08,31,31.0
PO_02345,PRD_4249,SUP_132,WH_032,2024-09-19,2024-09-23,2024-09-23,166,166.0
PO_02346,PRD_0209,SUP_040,WH_055,2024-02-20,2024-03-05,2024-03-05,94,94.0
PO_02347,PRD_1109,SUP_177,WH_079,2025-06-01,2025-06-02,2025-06-02,72,72.0
PO_02348,PRD_3650,SUP_120,WH_054,2022-12-11,2022-12-24,,285,
PO_02349,PRD_3133,SUP_195,WH_047,2024-08-17,2024-08-20,2024-08-20,217,136.0
PO_02350,PRD_0350,SUP_028,WH_054,2022-05-04,2022-05-16,2022-05-16,83,83.0
PO_02351,PRD_1936,SUP_122,WH_078,2023-07-16,2023-07-20,2023-07-20,492,492.0
PO_02352,PRD_3610,SUP_070,WH_063,2025-03-14,2025-03-15,2025-03-15,269,269.0
PO_02353,PRD_0778,SUP_160,WH_005,2025-05-09,2025-05-14,2025-05-14,286,286.0
PO_02354,PRD_4577,SUP_021,WH_033,2025-01-09,2025-01-19,2025-01-27,44,44.0
PO_02355,PRD_1000,SUP_157,WH_015,2024-10-24,2024-10-25,2024-10-25,91,91.0
PO_02356,PRD_0451,SUP_095,WH_002,2025-07-14,2025-07-16,2025-07-19,37,37.0
PO_02357,PRD_2256,SUP_177,WH_005,2024-08-20,2024-08-21,2024-08-21,178,178.0
PO_02358,PRD_4188,SUP_014,WH_024,2023-11-06,2023-11-19,2023-11-19,258,258.0
PO_02359,PRD_3979,SUP_173,WH_026,2023-11-08,2023-11-09,2023-11-09,243,243.0
PO_02360,PRD_0435,SUP_046,WH_028,2025-05-16,2025-05-25,2025-05-31,46,33.0
PO_02361,PRD_3256,SUP_177,WH_051,2022-05-03,2022-05-04,2022-05-04,71,71.0
PO_02362,PRD_2947,SUP_103,WH_013,2022-01-19,2022-01-30,,407,
PO_02363,PRD_4109,SUP_161,WH_035,2022-03-18,2022-03-23,,190,
PO_02364,PRD_3891,SUP_121,WH_066,2024-10-09,2024-10-12,2024-10-12,178,178.0
PO_02365,PRD_3826,SUP_150,WH_068,2024-03-16,2024-03-28,2024-03-28,332,332.0
PO_02366,PRD_2865,SUP_078,WH_065,2025-05-27,2025-05-28,2025-05-28,271,271.0
PO_02367,PRD_2913,SUP_122,WH_060,2023-01-13,2023-01-17,,377,
PO_02368,PRD_4760,SUP_077,WH_062,2022-07-09,2022-07-12,2022-07-18,168,168.0
PO_02369,PRD_4906,SUP_181,WH_012,2022-05-22,2022-05-30,2022-05-30,450,450.0
PO_02370,PRD_2407,SUP_063,WH_054,2023-04-10,2023-04-21,2023-04-27,305,305.0
PO_02371,PRD_0444,SUP_010,WH_049,2022-07-15,2022-07-28,2022-07-28,422,422.0
PO_02372,PRD_1450,SUP_016,WH_029,2023-07-27,2023-08-07,2023-08-07,278,278.0
PO_02373,PRD_2903,SUP_050,WH_013,2024-04-18,2024-04-21,2024-04-26,363,363.0
PO_02374,PRD_1673,SUP_196,WH_018,2025-01-26,2025-02-08,2025-02-08,36,36.0
PO_02375,PRD_3259,SUP_121,WH_051,2024-01-20,2024-01-23,2024-01-23,196,196.0
PO_02376,PRD_4968,SUP_021,WH_074,2024-07-19,2024-07-29,2024-07-29,399,272.0
PO_02377,PRD_0172,SUP_200,WH_030,2022-10-06,2022-10-10,2022-10-18,195,195.0
PO_02378,PRD_2712,SUP_200,WH_008,2025-12-20,2025-12-24,2025-12-24,94,94.0
PO_02379,PRD_2596,SUP_088,WH_018,2023-05-15,2023-05-21,2023-05-21,77,61.0
PO_02380,PRD_1380,SUP_100,WH_006,2022-08-17,2022-08-24,2022-08-24,245,245.0
PO_02381,PRD_3064,SUP_062,WH_013,2022-04-07,2022-04-15,2022-04-15,414,414.0
PO_02382,PRD_2764,SUP_073,WH_023,2024-08-06,2024-08-18,2024-08-18,357,357.0
PO_02383,PRD_3061,SUP_174,WH_061,2022-09-16,2022-09-24,2022-09-24,288,288.0
PO_02384,PRD_4668,SUP_139,WH_054,2024-10-08,2024-10-09,2024-10-09,301,292.0
PO_02385,PRD_0249,SUP_086,WH_070,2023-06-09,2023-06-11,2023-06-11,153,153.0
PO_02386,PRD_4647,SUP_074,WH_022,2025-03-02,2025-03-16,2025-03-16,315,315.0
PO_02387,PRD_0441,SUP_185,WH_039,2024-04-12,2024-04-26,2024-04-26,404,404.0
PO_02388,PRD_3475,SUP_170,WH_070,2025-01-18,2025-01-26,2025-01-26,452,414.0
PO_02389,PRD_4652,SUP_105,WH_058,2024-09-27,2024-10-08,2024-10-08,383,383.0
PO_02390,PRD_0931,SUP_171,WH_026,2024-06-11,2024-06-17,2024-06-17,25,25.0
PO_02391,PRD_3310,SUP_140,WH_009,2023-01-24,2023-02-04,2023-02-04,93,93.0
PO_02392,PRD_0988,SUP_184,WH_045,2025-11-03,2025-11-06,2025-11-06,422,422.0
PO_02393,PRD_4196,SUP_008,WH_025,2024-11-25,2024-12-02,2024-12-02,232,232.0
PO_02394,PRD_4722,SUP_098,WH_076,2023-04-23,2023-05-03,2023-05-03,399,399.0
PO_02395,PRD_0544,SUP_018,WH_023,2024-10-01,2024-10-07,2024-10-07,325,325.0
PO_02396,PRD_0262,SUP_168,WH_067,2025-08-19,2025-08-22,2025-08-22,120,120.0
PO_02397,PRD_0349,SUP_091,WH_040,2025-10-09,2025-10-10,2025-10-12,78,78.0
PO_02398,PRD_1437,SUP_055,WH_036,2024-10-24,2024-11-02,2024-11-03,70,70.0
PO_02399,PRD_0263,SUP_028,WH_028,2022-05-11,2022-05-23,2022-05-23,71,71.0
PO_02400,PRD_1996,SUP_033,WH_063,2025-01-12,2025-01-26,2025-01-26,121,121.0
PO_02401,PRD_1676,SUP_002,WH_039,2024-08-20,2024-08-21,,383,
PO_02402,PRD_1222,SUP_109,WH_040,2022-12-03,2022-12-08,2022-12-10,171,171.0
PO_02403,PRD_3604,SUP_083,WH_016,2024-11-10,2024-11-21,2024-11-21,424,424.0
PO_02404,PRD_3952,SUP_173,WH_051,2025-05-23,2025-05-24,2025-05-31,360,227.0
PO_02405,PRD_3935,SUP_090,WH_061,2025-05-18,2025-05-23,2025-05-23,93,93.0
PO_02406,PRD_2412,SUP_011,WH_019,2023-09-14,2023-09-25,2023-09-25,257,257.0
PO_02407,PRD_1456,SUP_016,WH_013,2022-12-16,2022-12-27,2023-01-02,160,148.0
PO_02408,PRD_1113,SUP_114,WH_064,2024-02-22,2024-03-04,2024-03-04,399,399.0
PO_02409,PRD_1093,SUP_163,WH_011,2025-04-19,2025-04-26,2025-04-26,479,479.0
PO_02410,PRD_3934,SUP_027,WH_044,2022-09-22,2022-10-04,2022-10-04,237,237.0
PO_02411,PRD_4017,SUP_049,WH_073,2024-12-03,2024-12-12,2024-12-12,388,235.0
PO_02412,PRD_1178,SUP_170,WH_036,2022-01-10,2022-01-18,,263,
PO_02413,PRD_0495,SUP_001,WH_036,2024-02-14,2024-02-21,2024-02-21,131,131.0
PO_02414,PRD_3439,SUP_116,WH_041,2024-10-15,2024-10-24,2024-10-31,333,333.0
PO_02415,PRD_1407,SUP_055,WH_062,2024-05-26,2024-06-04,2024-06-06,256,256.0
PO_02416,PRD_0423,SUP_010,WH_055,2022-09-13,2022-09-26,2022-09-26,332,332.0
PO_02417,PRD_3552,SUP_083,WH_065,2022-06-12,2022-06-23,2022-06-23,500,500.0
PO_02418,PRD_1755,SUP_160,WH_057,2025-06-27,2025-07-02,2025-07-02,27,27.0
PO_02419,PRD_3675,SUP_019,WH_060,2025-06-11,2025-06-23,2025-06-29,395,395.0
PO_02420,PRD_3794,SUP_045,WH_016,2022-04-23,2022-05-07,2022-05-12,211,211.0
PO_02421,PRD_4676,SUP_074,WH_025,2024-11-17,2024-12-01,2024-12-01,38,38.0
PO_02422,PRD_4957,SUP_021,WH_012,2022-04-02,2022-04-12,2022-04-12,255,255.0
PO_02423,PRD_3919,SUP_126,WH_001,2023-01-12,2023-01-15,2023-01-15,256,256.0
PO_02424,PRD_4010,SUP_128,WH_002,2023-07-20,2023-07-23,2023-07-24,24,21.0
PO_02425,PRD_3593,SUP_146,WH_074,2025-02-10,2025-02-24,2025-02-24,38,38.0
PO_02426,PRD_2267,SUP_011,WH_040,2025-09-21,2025-10-02,2025-10-02,20,20.0
PO_02427,PRD_2378,SUP_089,WH_026,2022-08-26,2022-09-02,2022-09-09,481,481.0
PO_02428,PRD_1798,SUP_067,WH_078,2022-07-24,2022-07-28,2022-07-28,327,327.0
PO_02429,PRD_0328,SUP_003,WH_054,2024-08-27,2024-08-31,2024-08-31,253,253.0
PO_02430,PRD_3471,SUP_051,WH_044,2024-02-02,2024-02-09,2024-02-09,138,138.0
PO_02431,PRD_4890,SUP_063,WH_012,2022-12-08,2022-12-19,2022-12-19,237,237.0
PO_02432,PRD_3397,SUP_140,WH_070,2023-07-15,2023-07-26,2023-07-26,108,108.0
PO_02433,PRD_2491,SUP_116,WH_077,2025-10-23,2025-11-01,2025-11-01,120,120.0
PO_02434,PRD_2227,SUP_095,WH_078,2022-10-04,2022-10-06,2022-10-06,404,404.0
PO_02435,PRD_0064,SUP_126,WH_027,2022-07-03,2022-07-06,2022-07-06,259,211.0
PO_02436,PRD_3098,SUP_033,WH_071,2024-07-11,2024-07-25,2024-07-25,393,393.0
PO_02437,PRD_3857,SUP_083,WH_004,2023-05-24,2023-06-04,2023-06-04,199,199.0
PO_02438,PRD_3007,SUP_189,WH_048,2023-08-25,2023-09-07,2023-09-07,179,179.0
PO_02439,PRD_4024,SUP_083,WH_069,2025-06-18,2025-06-29,2025-06-29,315,315.0
PO_02440,PRD_2685,SUP_093,WH_062,2025-01-05,2025-01-08,2025-01-08,182,182.0
PO_02441,PRD_2657,SUP_088,WH_028,2024-07-12,2024-07-18,2024-07-21,180,153.0
PO_02442,PRD_3429,SUP_153,WH_037,2025-06-11,2025-06-15,2025-06-23,343,343.0
PO_02443,PRD_0915,SUP_177,WH_029,2023-05-10,2023-05-11,2023-05-15,233,155.0
PO_02444,PRD_3773,SUP_133,WH_048,2025-11-20,2025-11-29,2025-12-03,399,282.0
PO_02445,PRD_1341,SUP_174,WH_054,2022-04-27,2022-05-05,2022-05-05,170,170.0
PO_02446,PRD_3060,SUP_146,WH_001,2023-10-05,2023-10-19,2023-10-19,260,260.0
PO_02447,PRD_2583,SUP_196,WH_048,2025-12-05,2025-12-18,2025-12-18,113,113.0
PO_02448,PRD_3634,SUP_032,WH_030,2022-08-14,2022-08-28,2022-09-03,174,174.0
PO_02449,PRD_1235,SUP_115,WH_055,2024-10-10,2024-10-11,2024-10-11,49,45.0
PO_02450,PRD_2075,SUP_011,WH_063,2023-03-19,2023-03-30,,486,
PO_02451,PRD_3592,SUP_024,WH_055,2023-08-03,2023-08-12,2023-08-17,54,54.0
PO_02452,PRD_1247,SUP_017,WH_065,2023-06-23,2023-06-26,2023-07-03,112,112.0
PO_02453,PRD_0499,SUP_018,WH_007,2022-11-19,2022-11-25,2022-11-30,209,209.0
PO_02454,PRD_4327,SUP_128,WH_055,2025-01-17,2025-01-20,2025-01-20,245,245.0
PO_02455,PRD_4814,SUP_195,WH_031,2025-12-18,2025-12-21,2025-12-21,218,218.0
PO_02456,PRD_3919,SUP_126,WH_078,2022-03-16,2022-03-19,,127,
PO_02457,PRD_2004,SUP_200,WH_029,2024-03-20,2024-03-24,2024-03-24,392,392.0
PO_02458,PRD_1664,SUP_108,WH_032,2024-08-09,2024-08-17,2024-08-17,208,208.0
PO_02459,PRD_4318,SUP_018,WH_058,2022-08-19,2022-08-25,2022-08-25,206,206.0
PO_02460,PRD_1723,SUP_182,WH_071,2024-03-12,2024-03-16,2024-03-16,365,365.0
PO_02461,PRD_4759,SUP_092,WH_068,2024-04-02,2024-04-03,2024-04-09,26,26.0
PO_02462,PRD_3666,SUP_065,WH_027,2024-03-01,2024-03-09,2024-03-09,159,159.0
PO_02463,PRD_4412,SUP_031,WH_014,2023-03-20,2023-03-24,,141,
PO_02464,PRD_3104,SUP_148,WH_045,2022-08-18,2022-08-21,2022-08-26,278,261.0
PO_02465,PRD_2725,SUP_151,WH_005,2024-05-25,2024-06-04,2024-06-04,105,105.0
PO_02466,PRD_4942,SUP_136,WH_079,2024-03-08,2024-03-15,2024-03-15,71,71.0
PO_02467,PRD_4019,SUP_106,WH_030,2025-05-04,2025-05-05,2025-05-05,334,334.0
PO_02468,PRD_0934,SUP_108,WH_075,2022-08-14,2022-08-22,2022-08-22,224,220.0
PO_02469,PRD_4231,SUP_034,WH_033,2025-09-27,2025-10-08,2025-10-08,91,91.0
PO_02470,PRD_0250,SUP_068,WH_026,2025-10-18,2025-10-19,2025-10-19,312,312.0
PO_02471,PRD_1446,SUP_119,WH_077,2023-06-25,2023-07-01,2023-07-01,423,423.0
PO_02472,PRD_2875,SUP_178,WH_008,2024-09-21,2024-09-29,2024-09-29,462,462.0
PO_02473,PRD_1264,SUP_105,WH_053,2023-01-23,2023-02-03,2023-02-03,355,355.0
PO_02474,PRD_4380,SUP_182,WH_012,2022-04-03,2022-04-07,2022-04-07,340,340.0
PO_02475,PRD_3608,SUP_079,WH_059,2022-03-24,2022-03-29,2022-03-29,143,143.0
PO_02476,PRD_4410,SUP_075,WH_053,2024-04-03,2024-04-10,2024-04-10,127,127.0
PO_02477,PRD_1876,SUP_072,WH_078,2022-12-10,2022-12-14,2022-12-14,117,117.0
PO_02478,PRD_0554,SUP_134,WH_078,2023-02-17,2023-02-18,2023-02-23,43,43.0
PO_02479,PRD_3587,SUP_043,WH_034,2023-08-14,2023-08-23,,413,
PO_02480,PRD_3525,SUP_021,WH_065,2024-05-26,2024-06-05,2024-06-05,449,449.0
PO_02481,PRD_4658,SUP_024,WH_030,2022-02-24,2022-03-05,2022-03-10,256,256.0
PO_02482,PRD_3981,SUP_112,WH_036,2024-04-05,2024-04-11,2024-04-12,349,349.0
PO_02483,PRD_2100,SUP_066,WH_018,2022-02-24,2022-03-05,2022-03-05,200,146.0
PO_02484,PRD_1929,SUP_033,WH_031,2022-09-10,2022-09-24,2022-10-01,159,159.0
PO_02485,PRD_3869,SUP_133,WH_064,2024-12-09,2024-12-18,2024-12-24,442,442.0
PO_02486,PRD_4327,SUP_128,WH_069,2022-07-16,2022-07-19,2022-07-19,139,139.0
PO_02487,PRD_4396,SUP_073,WH_053,2025-05-16,2025-05-28,,275,
PO_02488,PRD_3224,SUP_181,WH_011,2025-06-20,2025-06-28,2025-07-03,481,481.0
PO_02489,PRD_0176,SUP_053,WH_052,2025-05-19,2025-05-27,2025-05-27,228,228.0
PO_02490,PRD_3872,SUP_090,WH_024,2023-01-24,2023-01-29,2023-01-29,102,102.0
PO_02491,PRD_1671,SUP_100,WH_077,2024-10-04,2024-10-11,2024-10-11,394,394.0
PO_02492,PRD_1208,SUP_109,WH_051,2022-06-17,2022-06-22,2022-06-22,179,179.0
PO_02493,PRD_0283,SUP_106,WH_002,2025-03-20,2025-03-21,2025-03-21,462,462.0
PO_02494,PRD_2450,SUP_112,WH_030,2024-07-16,2024-07-22,2024-07-22,51,51.0
PO_02495,PRD_2908,SUP_141,WH_068,2023-08-06,2023-08-18,2023-08-18,221,221.0
PO_02496,PRD_0222,SUP_042,WH_075,2023-03-04,2023-03-05,2023-03-05,281,281.0
PO_02497,PRD_4186,SUP_160,WH_055,2022-01-05,2022-01-10,,331,
PO_02498,PRD_3553,SUP_120,WH_073,2025-07-14,2025-07-27,2025-07-30,78,78.0
PO_02499,PRD_2194,SUP_154,WH_041,2023-11-18,2023-11-30,2023-11-30,261,261.0
PO_02500,PRD_0531,SUP_046,WH_035,2023-05-24,2023-06-02,2023-06-02,377,377.0
PO_02501,PRD_3828,SUP_133,WH_029,2023-07-17,2023-07-26,2023-07-26,230,230.0
PO_02502,PRD_3070,SUP_145,WH_035,2024-05-07,2024-05-14,2024-05-14,313,313.0
PO_02503,PRD_2635,SUP_063,WH_031,2022-09-19,2022-09-30,2022-09-30,383,383.0
PO_02504,PRD_4632,SUP_199,WH_051,2024-12-17,2024-12-18,2024-12-26,418,346.0
PO_02505,PRD_4092,SUP_125,WH_074,2024-01-13,2024-01-17,2024-01-17,111,111.0
PO_02506,PRD_1167,SUP_058,WH_020,2024-04-17,2024-04-18,2024-04-26,48,48.0
PO_02507,PRD_2519,SUP_125,WH_049,2023-01-25,2023-01-29,2023-01-29,225,222.0
PO_02508,PRD_2653,SUP_105,WH_031,2022-02-07,2022-02-18,2022-02-18,399,377.0
PO_02509,PRD_1211,SUP_057,WH_064,2022-01-19,2022-01-24,2022-01-28,89,89.0
PO_02510,PRD_2977,SUP_114,WH_008,2023-05-10,2023-05-21,2023-05-21,276,276.0
PO_02511,PRD_3437,SUP_030,WH_079,2022-11-06,2022-11-18,2022-11-18,174,174.0
PO_02512,PRD_3580,SUP_155,WH_073,2022-10-07,2022-10-08,2022-10-08,413,413.0
PO_02513,PRD_0318,SUP_033,WH_041,2025-08-01,2025-08-15,2025-08-20,465,465.0
PO_02514,PRD_4540,SUP_137,WH_049,2022-02-27,2022-03-01,2022-03-01,381,381.0
PO_02515,PRD_0959,SUP_032,WH_056,2025-01-16,2025-01-30,2025-01-30,216,216.0
PO_02516,PRD_1270,SUP_013,WH_005,2023-06-11,2023-06-15,2023-06-15,340,340.0
PO_02517,PRD_0448,SUP_169,WH_004,2022-04-02,2022-04-06,2022-04-06,372,372.0
PO_02518,PRD_0663,SUP_149,WH_045,2023-05-12,2023-05-19,2023-05-19,222,222.0
PO_02519,PRD_2838,SUP_024,WH_073,2022-08-18,2022-08-27,2022-09-03,408,408.0
PO_02520,PRD_1285,SUP_105,WH_019,2025-03-22,2025-04-02,2025-04-02,153,153.0
PO_02521,PRD_2916,SUP_079,WH_056,2025-11-21,2025-11-26,2025-11-26,56,56.0
PO_02522,PRD_1042,SUP_173,WH_013,2022-09-02,2022-09-03,2022-09-03,310,310.0
PO_02523,PRD_2533,SUP_046,WH_036,2024-04-23,2024-05-02,2024-05-02,237,237.0
PO_02524,PRD_4685,SUP_168,WH_074,2025-01-16,2025-01-19,,230,
PO_02525,PRD_3061,SUP_174,WH_011,2023-07-08,2023-07-16,2023-07-16,366,366.0
PO_02526,PRD_4913,SUP_163,WH_026,2024-07-13,2024-07-20,,442,
PO_02527,PRD_1709,SUP_070,WH_007,2025-03-26,2025-03-27,2025-03-27,472,465.0
PO_02528,PRD_3555,SUP_192,WH_075,2024-08-15,2024-08-17,2024-08-17,263,263.0
PO_02529,PRD_3946,SUP_133,WH_002,2024-07-18,2024-07-27,2024-07-27,24,24.0
PO_02530,PRD_3567,SUP_083,WH_077,2023-01-27,2023-02-07,2023-02-07,161,136.0
PO_02531,PRD_3534,SUP_016,WH_027,2023-09-04,2023-09-15,2023-09-15,200,150.0
PO_02532,PRD_0522,SUP_174,WH_018,2023-11-02,2023-11-10,2023-11-10,259,259.0
PO_02533,PRD_0337,SUP_028,WH_065,2022-04-18,2022-04-30,2022-04-30,213,140.0
PO_02534,PRD_1563,SUP_070,WH_004,2024-09-10,2024-09-11,2024-09-11,367,367.0
PO_02535,PRD_4925,SUP_092,WH_030,2025-08-26,2025-08-27,2025-08-27,397,379.0
PO_02536,PRD_2257,SUP_020,WH_041,2025-10-13,2025-10-15,2025-10-17,38,38.0
PO_02537,PRD_4256,SUP_035,WH_075,2023-05-14,2023-05-24,2023-05-24,235,235.0
PO_02538,PRD_4630,SUP_106,WH_051,2022-07-21,2022-07-22,2022-07-24,467,467.0
PO_02539,PRD_1922,SUP_072,WH_001,2022-08-08,2022-08-12,2022-08-12,467,467.0
PO_02540,PRD_2351,SUP_174,WH_008,2022-05-25,2022-06-02,2022-06-02,62,44.0
PO_02541,PRD_2943,SUP_058,WH_007,2022-09-10,2022-09-11,,193,
PO_02542,PRD_2625,SUP_004,WH_050,2022-05-15,2022-05-28,2022-05-28,61,61.0
PO_02543,PRD_1555,SUP_002,WH_014,2024-01-24,2024-01-25,2024-01-25,190,183.0
PO_02544,PRD_3346,SUP_151,WH_007,2023-02-17,2023-02-27,2023-02-27,393,393.0
PO_02545,PRD_2900,SUP_200,WH_068,2022-04-14,2022-04-18,2022-04-18,223,223.0
PO_02546,PRD_4519,SUP_085,WH_009,2025-09-27,2025-09-29,2025-09-29,69,69.0
PO_02547,PRD_0127,SUP_071,WH_077,2023-07-05,2023-07-15,2023-07-15,322,322.0
PO_02548,PRD_3506,SUP_111,WH_046,2023-10-13,2023-10-15,2023-10-15,332,332.0
PO_02549,PRD_1530,SUP_008,WH_064,2025-06-15,2025-06-22,2025-06-22,128,128.0
PO_02550,PRD_3054,SUP_107,WH_033,2022-02-17,2022-02-23,2022-02-23,463,463.0
PO_02551,PRD_3867,SUP_126,WH_005,2022-04-11,2022-04-14,2022-04-14,364,364.0
PO_02552,PRD_1844,SUP_117,WH_004,2024-12-13,2024-12-25,2024-12-25,307,307.0
PO_02553,PRD_0388,SUP_186,WH_048,2025-03-15,2025-03-24,2025-03-24,463,320.0
PO_02554,PRD_2530,SUP_071,WH_035,2024-08-27,2024-09-06,,148,
PO_02555,PRD_3206,SUP_060,WH_014,2023-08-05,2023-08-15,2023-08-15,299,299.0
PO_02556,PRD_1135,SUP_080,WH_029,2025-01-12,2025-01-13,,279,
PO_02557,PRD_2741,SUP_091,WH_007,2025-12-09,2025-12-10,2025-12-10,61,61.0
PO_02558,PRD_3082,SUP_113,WH_056,2022-10-10,2022-10-16,2022-10-16,417,417.0
PO_02559,PRD_2950,SUP_030,WH_004,2024-03-25,2024-04-06,2024-04-06,84,84.0
PO_02560,PRD_4189,SUP_156,WH_047,2024-06-22,2024-06-24,2024-06-24,493,493.0
PO_02561,PRD_3508,SUP_104,WH_043,2025-08-08,2025-08-16,2025-08-16,100,100.0
PO_02562,PRD_1743,SUP_170,WH_061,2024-10-01,2024-10-09,2024-10-09,91,91.0
PO_02563,PRD_4782,SUP_163,WH_013,2022-02-19,2022-02-26,2022-02-26,174,174.0
PO_02564,PRD_2184,SUP_097,WH_029,2023-09-02,2023-09-14,2023-09-14,39,39.0
PO_02565,PRD_4863,SUP_136,WH_006,2024-08-11,2024-08-18,2024-08-18,86,86.0
PO_02566,PRD_1249,SUP_192,WH_011,2023-10-09,2023-10-11,2023-10-11,251,251.0
PO_02567,PRD_4641,SUP_102,WH_050,2025-06-14,2025-06-21,2025-06-21,463,419.0
PO_02568,PRD_1022,SUP_073,WH_004,2024-10-24,2024-11-05,2024-11-12,438,438.0
PO_02569,PRD_2229,SUP_031,WH_064,2025-12-22,2025-12-26,2026-01-01,163,163.0
PO_02570,PRD_2528,SUP_098,WH_024,2024-04-26,2024-05-06,2024-05-06,432,432.0
PO_02571,PRD_1380,SUP_100,WH_011,2024-10-09,2024-10-16,2024-10-23,422,422.0
PO_02572,PRD_4759,SUP_092,WH_007,2025-09-24,2025-09-25,2025-10-02,58,58.0
PO_02573,PRD_1095,SUP_174,WH_031,2022-05-02,2022-05-10,2022-05-10,176,176.0
PO_02574,PRD_4524,SUP_127,WH_014,2023-04-05,2023-04-15,,255,
PO_02575,PRD_1796,SUP_165,WH_032,2025-11-18,2025-11-27,2025-11-30,295,295.0
PO_02576,PRD_4402,SUP_030,WH_032,2022-05-20,2022-06-01,2022-06-06,281,281.0
PO_02577,PRD_1332,SUP_141,WH_032,2023-07-05,2023-07-17,2023-07-17,428,428.0
PO_02578,PRD_0108,SUP_070,WH_027,2022-04-27,2022-04-28,2022-04-28,413,413.0
PO_02579,PRD_1607,SUP_100,WH_024,2023-11-26,2023-12-03,2023-12-03,283,283.0
PO_02580,PRD_1257,SUP_060,WH_047,2023-04-20,2023-04-30,2023-04-30,374,374.0
PO_02581,PRD_4526,SUP_106,WH_051,2025-09-20,2025-09-21,2025-09-21,181,181.0
PO_02582,PRD_2734,SUP_065,WH_071,2024-01-01,2024-01-09,2024-01-14,331,310.0
PO_02583,PRD_2952,SUP_116,WH_072,2022-08-07,2022-08-16,2022-08-16,330,330.0
PO_02584,PRD_1764,SUP_047,WH_070,2023-08-11,2023-08-15,,246,
PO_02585,PRD_0949,SUP_098,WH_042,2022-02-05,2022-02-15,2022-02-15,64,64.0
PO_02586,PRD_0436,SUP_058,WH_012,2022-02-26,2022-02-27,2022-02-27,305,305.0
PO_02587,PRD_4453,SUP_166,WH_043,2022-12-06,2022-12-09,2022-12-09,123,99.0
PO_02588,PRD_0405,SUP_057,WH_062,2022-03-15,2022-03-20,2022-03-20,337,337.0
PO_02589,PRD_2243,SUP_161,WH_080,2022-02-07,2022-02-12,2022-02-12,314,314.0
PO_02590,PRD_2311,SUP_080,WH_068,2022-11-05,2022-11-06,2022-11-06,328,328.0
PO_02591,PRD_0938,SUP_076,WH_045,2023-07-26,2023-07-28,2023-07-28,206,206.0
PO_02592,PRD_0936,SUP_130,WH_038,2024-12-10,2024-12-14,,472,
PO_02593,PRD_2221,SUP_011,WH_055,2023-08-19,2023-08-30,2023-08-30,229,229.0
PO_02594,PRD_4866,SUP_181,WH_044,2023-04-23,2023-05-01,2023-05-01,220,220.0
PO_02595,PRD_0292,SUP_010,WH_001,2024-11-03,2024-11-16,2024-11-16,158,158.0
PO_02596,PRD_2978,SUP_088,WH_054,2024-01-23,2024-01-29,2024-01-29,101,101.0
PO_02597,PRD_3203,SUP_109,WH_055,2023-01-26,2023-01-31,2023-01-31,332,332.0
PO_02598,PRD_2570,SUP_088,WH_043,2022-08-10,2022-08-16,,241,
PO_02599,PRD_1925,SUP_035,WH_052,2024-07-16,2024-07-26,2024-07-27,301,301.0
PO_02600,PRD_4066,SUP_069,WH_055,2025-05-19,2025-06-02,2025-06-02,20,20.0
PO_02601,PRD_2886,SUP_104,WH_080,2025-02-06,2025-02-14,2025-02-14,363,304.0
PO_02602,PRD_1873,SUP_117,WH_036,2023-01-10,2023-01-22,2023-01-22,23,23.0
PO_02603,PRD_1088,SUP_189,WH_030,2023-05-26,2023-06-08,2023-06-08,377,377.0
PO_02604,PRD_3506,SUP_111,WH_024,2025-05-15,2025-05-17,2025-05-19,427,427.0
PO_02605,PRD_2207,SUP_177,WH_066,2024-01-09,2024-01-10,2024-01-10,434,434.0
PO_02606,PRD_0883,SUP_171,WH_068,2022-02-03,2022-02-09,,123,
PO_02607,PRD_3212,SUP_177,WH_013,2024-03-22,2024-03-23,2024-03-23,224,224.0
PO_02608,PRD_4495,SUP_038,WH_067,2023-07-26,2023-08-04,2023-08-04,359,359.0
PO_02609,PRD_2746,SUP_014,WH_069,2022-10-19,2022-11-01,2022-11-01,241,241.0
PO_02610,PRD_1693,SUP_174,WH_026,2023-03-03,2023-03-11,2023-03-13,272,272.0
PO_02611,PRD_1636,SUP_008,WH_010,2025-01-27,2025-02-03,2025-02-03,163,163.0
PO_02612,PRD_3531,SUP_069,WH_015,2025-03-17,2025-03-31,2025-03-31,363,363.0
PO_02613,PRD_0040,SUP_155,WH_021,2022-12-22,2022-12-23,2022-12-23,31,31.0
PO_02614,PRD_1538,SUP_193,WH_039,2022-10-07,2022-10-09,2022-10-09,314,314.0
PO_02615,PRD_4733,SUP_160,WH_025,2025-06-16,2025-06-21,2025-06-21,27,27.0
PO_02616,PRD_1857,SUP_087,WH_080,2023-07-19,2023-07-31,2023-07-31,369,369.0
PO_02617,PRD_3954,SUP_027,WH_049,2022-10-16,2022-10-28,2022-11-03,341,341.0
PO_02618,PRD_3337,SUP_177,WH_072,2024-08-24,2024-08-25,2024-08-27,303,237.0
PO_02619,PRD_4279,SUP_018,WH_070,2024-10-22,2024-10-28,2024-10-28,499,499.0
PO_02620,PRD_2240,SUP_011,WH_026,2024-04-14,2024-04-25,2024-04-28,56,56.0
PO_02621,PRD_2574,SUP_105,WH_064,2025-10-08,2025-10-19,2025-10-19,477,477.0
PO_02622,PRD_2519,SUP_125,WH_058,2025-12-26,2025-12-30,2025-12-30,123,123.0
PO_02623,PRD_1600,SUP_186,WH_079,2024-07-02,2024-07-11,,77,
PO_02624,PRD_3905,SUP_011,WH_020,2025-06-20,2025-07-01,,286,
PO_02625,PRD_4708,SUP_139,WH_054,2022-05-06,2022-05-07,2022-05-13,90,90.0
PO_02626,PRD_3337,SUP_177,WH_044,2023-01-16,2023-01-17,2023-01-17,98,98.0
PO_02627,PRD_0456,SUP_028,WH_050,2023-09-07,2023-09-19,2023-09-20,463,463.0
PO_02628,PRD_2369,SUP_089,WH_034,2025-11-03,2025-11-10,,224,
PO_02629,PRD_1224,SUP_194,WH_043,2022-06-22,2022-06-28,2022-07-04,456,456.0
PO_02630,PRD_4894,SUP_045,WH_041,2023-11-26,2023-12-10,2023-12-10,86,86.0
PO_02631,PRD_4793,SUP_063,WH_017,2023-09-26,2023-10-07,2023-10-07,155,155.0
PO_02632,PRD_1060,SUP_189,WH_066,2025-08-13,2025-08-26,2025-08-26,350,350.0
PO_02633,PRD_4483,SUP_184,WH_033,2023-12-11,2023-12-14,2023-12-20,161,161.0
PO_02634,PRD_0714,SUP_049,WH_058,2024-05-15,2024-05-24,2024-06-01,160,160.0
PO_02635,PRD_3119,SUP_146,WH_033,2025-03-17,2025-03-31,,463,
PO_02636,PRD_4972,SUP_157,WH_016,2023-01-07,2023-01-08,2023-01-08,249,249.0
PO_02637,PRD_2011,SUP_167,WH_064,2022-08-24,2022-08-27,2022-08-27,142,142.0
PO_02638,PRD_1469,SUP_020,WH_003,2022-07-14,2022-07-16,2022-07-18,398,398.0
PO_02639,PRD_0784,SUP_111,WH_036,2022-04-01,2022-04-03,2022-04-03,149,149.0
PO_02640,PRD_3110,SUP_121,WH_039,2022-10-09,2022-10-12,2022-10-12,47,47.0
PO_02641,PRD_3884,SUP_027,WH_030,2022-07-20,2022-08-01,2022-08-08,394,394.0
PO_02642,PRD_4242,SUP_074,WH_035,2025-07-27,2025-08-10,2025-08-12,64,64.0
PO_02643,PRD_1652,SUP_196,WH_035,2024-03-15,2024-03-28,2024-03-30,336,336.0
PO_02644,PRD_0564,SUP_089,WH_002,2024-05-13,2024-05-20,2024-05-20,75,75.0
PO_02645,PRD_4701,SUP_004,WH_048,2024-09-20,2024-10-03,2024-10-03,195,136.0
PO_02646,PRD_2451,SUP_158,WH_045,2024-09-21,2024-10-05,2024-10-06,197,197.0
PO_02647,PRD_0809,SUP_085,WH_036,2022-08-11,2022-08-13,2022-08-13,302,302.0
PO_02648,PRD_2943,SUP_058,WH_042,2023-06-27,2023-06-28,2023-06-28,255,255.0
PO_02649,PRD_3985,SUP_027,WH_028,2024-09-20,2024-10-02,2024-10-02,136,121.0
PO_02650,PRD_3826,SUP_150,WH_023,2024-01-24,2024-02-05,,284,
PO_02651,PRD_4873,SUP_015,WH_051,2024-10-27,2024-11-03,2024-11-03,79,50.0
PO_02652,PRD_4240,SUP_103,WH_007,2025-12-06,2025-12-17,2025-12-17,266,266.0
PO_02653,PRD_4264,SUP_130,WH_067,2025-06-07,2025-06-11,2025-06-11,465,465.0
PO_02654,PRD_4431,SUP_151,WH_040,2024-09-16,2024-09-26,2024-09-26,73,73.0
PO_02655,PRD_1392,SUP_144,WH_026,2023-02-04,2023-02-06,2023-02-06,56,40.0
PO_02656,PRD_4871,SUP_021,WH_078,2024-04-17,2024-04-27,2024-04-29,484,484.0
PO_02657,PRD_2554,SUP_047,WH_050,2025-03-22,2025-03-26,2025-03-26,442,442.0
PO_02658,PRD_1935,SUP_194,WH_003,2024-01-21,2024-01-27,2024-01-27,165,165.0
PO_02659,PRD_0022,SUP_024,WH_034,2024-12-13,2024-12-22,2024-12-22,438,438.0
PO_02660,PRD_4999,SUP_045,WH_079,2022-01-02,2022-01-16,2022-01-17,290,276.0
PO_02661,PRD_4205,SUP_053,WH_062,2024-11-24,2024-12-02,2024-12-02,104,79.0
PO_02662,PRD_1453,SUP_171,WH_064,2023-01-22,2023-01-28,2023-01-28,279,279.0
PO_02663,PRD_1137,SUP_189,WH_059,2023-01-23,2023-02-05,2023-02-10,148,148.0
PO_02664,PRD_4066,SUP_069,WH_029,2023-01-23,2023-02-06,2023-02-06,232,232.0
PO_02665,PRD_2655,SUP_047,WH_008,2022-11-09,2022-11-13,,114,
PO_02666,PRD_2145,SUP_200,WH_027,2024-10-17,2024-10-21,2024-10-29,67,67.0
PO_02667,PRD_0368,SUP_175,WH_043,2024-02-26,2024-03-01,,185,
PO_02668,PRD_4794,SUP_076,WH_007,2024-10-24,2024-10-26,2024-10-26,500,500.0
PO_02669,PRD_1728,SUP_087,WH_042,2022-08-27,2022-09-08,2022-09-08,116,98.0
PO_02670,PRD_2999,SUP_153,WH_034,2024-04-11,2024-04-15,2024-04-15,256,213.0
PO_02671,PRD_2818,SUP_109,WH_027,2023-01-20,2023-01-25,2023-01-25,496,496.0
PO_02672,PRD_1556,SUP_057,WH_040,2022-01-02,2022-01-07,2022-01-07,245,168.0
PO_02673,PRD_2841,SUP_050,WH_079,2023-06-25,2023-06-28,2023-06-28,146,146.0
PO_02674,PRD_3448,SUP_058,WH_008,2023-07-11,2023-07-12,2023-07-12,420,420.0
PO_02675,PRD_0209,SUP_040,WH_079,2022-04-05,2022-04-19,2022-04-19,455,455.0
PO_02676,PRD_1281,SUP_036,WH_060,2024-10-25,2024-11-01,2024-11-01,339,315.0
PO_02677,PRD_2575,SUP_152,WH_012,2023-06-13,2023-06-22,,143,
PO_02678,PRD_2117,SUP_156,WH_032,2022-08-02,2022-08-04,2022-08-08,431,431.0
PO_02679,PRD_2384,SUP_027,WH_012,2022-08-17,2022-08-29,2022-08-29,378,378.0
PO_02680,PRD_0730,SUP_085,WH_026,2025-01-05,2025-01-07,2025-01-07,89,89.0
PO_02681,PRD_0405,SUP_057,WH_021,2025-10-05,2025-10-10,2025-10-10,257,257.0
PO_02682,PRD_1420,SUP_141,WH_055,2024-09-20,2024-10-02,2024-10-04,449,449.0
PO_02683,PRD_4424,SUP_130,WH_074,2022-02-18,2022-02-22,2022-02-22,463,317.0
PO_02684,PRD_4266,SUP_186,WH_034,2022-10-18,2022-10-27,2022-11-02,351,351.0
PO_02685,PRD_4991,SUP_159,WH_079,2022-10-26,2022-11-07,2022-11-10,390,390.0
PO_02686,PRD_2615,SUP_046,WH_074,2023-06-14,2023-06-23,2023-06-23,439,439.0
PO_02687,PRD_4607,SUP_068,WH_073,2022-11-27,2022-11-28,,283,
PO_02688,PRD_1370,SUP_161,WH_020,2024-09-21,2024-09-26,2024-09-26,222,222.0
PO_02689,PRD_2284,SUP_161,WH_063,2022-05-25,2022-05-30,2022-05-30,357,357.0
PO_02690,PRD_3648,SUP_192,WH_059,2025-07-26,2025-07-28,2025-07-28,262,262.0
PO_02691,PRD_0837,SUP_085,WH_021,2025-09-11,2025-09-13,2025-09-13,478,478.0
PO_02692,PRD_4204,SUP_001,WH_080,2023-10-09,2023-10-16,2023-10-16,467,467.0
PO_02693,PRD_1654,SUP_192,WH_069,2022-10-27,2022-10-29,,414,
PO_02694,PRD_1542,SUP_077,WH_055,2025-09-13,2025-09-16,2025-09-16,80,80.0
PO_02695,PRD_3720,SUP_042,WH_008,2024-08-23,2024-08-24,,471,
PO_02696,PRD_1722,SUP_098,WH_011,2025-09-07,2025-09-17,2025-09-17,331,224.0
PO_02697,PRD_1046,SUP_163,WH_010,2025-03-23,2025-03-30,2025-03-30,59,59.0
PO_02698,PRD_4226,SUP_023,WH_064,2024-09-26,2024-10-10,2024-10-10,55,55.0
PO_02699,PRD_2145,SUP_200,WH_023,2022-10-15,2022-10-19,2022-10-26,403,403.0
PO_02700,PRD_4189,SUP_156,WH_028,2025-08-21,2025-08-23,,186,
PO_02701,PRD_2751,SUP_024,WH_037,2025-11-02,2025-11-11,2025-11-11,109,109.0
PO_02702,PRD_3720,SUP_042,WH_037,2025-06-25,2025-06-26,2025-06-26,357,357.0
PO_02703,PRD_1893,SUP_165,WH_080,2024-02-26,2024-03-06,2024-03-06,373,373.0
PO_02704,PRD_1641,SUP_193,WH_072,2022-09-22,2022-09-24,2022-09-24,144,144.0
PO_02705,PRD_3045,SUP_121,WH_037,2023-02-10,2023-02-13,2023-02-17,183,183.0
PO_02706,PRD_1576,SUP_087,WH_044,2025-07-07,2025-07-19,2025-07-19,423,423.0
PO_02707,PRD_2783,SUP_178,WH_023,2022-11-12,2022-11-20,,159,
PO_02708,PRD_0525,SUP_176,WH_046,2025-09-06,2025-09-17,2025-09-19,50,50.0
PO_02709,PRD_2348,SUP_184,WH_049,2022-02-19,2022-02-22,2022-02-22,432,432.0
PO_02710,PRD_3544,SUP_037,WH_069,2024-07-02,2024-07-14,,356,
PO_02711,PRD_4703,SUP_125,WH_073,2025-10-07,2025-10-11,,360,
PO_02712,PRD_1243,SUP_013,WH_033,2024-07-12,2024-07-16,2024-07-16,490,490.0
PO_02713,PRD_3898,SUP_027,WH_042,2022-11-17,2022-11-29,2022-11-29,382,268.0
PO_02714,PRD_4470,SUP_035,WH_006,2023-06-15,2023-06-25,2023-06-25,365,230.0
PO_02715,PRD_1748,SUP_022,WH_003,2022-10-13,2022-10-26,2022-11-01,252,252.0
PO_02716,PRD_1146,SUP_002,WH_027,2024-06-11,2024-06-12,2024-06-12,292,292.0
PO_02717,PRD_0874,SUP_184,WH_023,2024-09-21,2024-09-24,2024-09-30,345,345.0
PO_02718,PRD_4885,SUP_045,WH_066,2022-10-25,2022-11-08,,488,
PO_02719,PRD_1839,SUP_035,WH_018,2024-06-22,2024-07-02,2024-07-05,228,228.0
PO_02720,PRD_2125,SUP_120,WH_013,2025-10-12,2025-10-25,2025-10-25,349,225.0
PO_02721,PRD_1346,SUP_200,WH_053,2023-02-21,2023-02-25,2023-02-25,294,294.0
PO_02722,PRD_3379,SUP_075,WH_017,2023-09-15,2023-09-22,,319,
PO_02723,PRD_0933,SUP_187,WH_038,2024-09-05,2024-09-08,2024-09-08,421,421.0
PO_02724,PRD_3890,SUP_011,WH_014,2023-12-26,2024-01-06,2024-01-06,429,426.0
PO_02725,PRD_2637,SUP_166,WH_016,2025-09-19,2025-09-22,2025-09-22,316,316.0
PO_02726,PRD_4453,SUP_166,WH_057,2023-01-01,2023-01-04,2023-01-04,80,80.0
PO_02727,PRD_0265,SUP_042,WH_011,2024-11-03,2024-11-04,2024-11-04,104,104.0
PO_02728,PRD_4961,SUP_021,WH_013,2023-05-08,2023-05-18,2023-05-20,73,73.0
PO_02729,PRD_2446,SUP_062,WH_024,2022-12-23,2022-12-31,,304,
PO_02730,PRD_1604,SUP_138,WH_023,2023-05-12,2023-05-20,2023-05-20,424,424.0
PO_02731,PRD_2767,SUP_135,WH_046,2025-09-15,2025-09-23,2025-09-23,246,246.0
PO_02732,PRD_0333,SUP_118,WH_027,2024-12-04,2024-12-15,2024-12-21,431,431.0
PO_02733,PRD_4610,SUP_099,WH_025,2025-09-25,2025-10-01,,261,
PO_02734,PRD_0710,SUP_199,WH_005,2024-12-12,2024-12-13,2024-12-13,330,330.0
PO_02735,PRD_3641,SUP_019,WH_011,2025-03-18,2025-03-30,2025-03-30,237,237.0
PO_02736,PRD_1641,SUP_193,WH_071,2024-12-24,2024-12-26,2025-01-02,170,170.0
PO_02737,PRD_2774,SUP_059,WH_018,2025-11-11,2025-11-14,2025-11-14,360,360.0
PO_02738,PRD_4581,SUP_170,WH_061,2025-07-15,2025-07-23,2025-07-23,484,484.0
PO_02739,PRD_3121,SUP_079,WH_001,2022-08-27,2022-09-01,2022-09-01,448,448.0
PO_02740,PRD_2702,SUP_178,WH_055,2025-01-12,2025-01-20,2025-01-20,23,23.0
PO_02741,PRD_4779,SUP_012,WH_030,2022-06-24,2022-07-07,2022-07-12,414,414.0
PO_02742,PRD_4376,SUP_138,WH_056,2022-10-18,2022-10-26,2022-10-26,367,367.0
PO_02743,PRD_4913,SUP_163,WH_048,2023-04-06,2023-04-13,2023-04-19,321,321.0
PO_02744,PRD_3577,SUP_148,WH_064,2023-06-01,2023-06-04,2023-06-04,356,356.0
PO_02745,PRD_4666,SUP_139,WH_074,2022-12-03,2022-12-04,,53,
PO_02746,PRD_4971,SUP_012,WH_073,2025-07-06,2025-07-19,2025-07-27,88,88.0
PO_02747,PRD_0887,SUP_018,WH_073,2023-11-12,2023-11-18,2023-11-18,378,267.0
PO_02748,PRD_4655,SUP_181,WH_038,2025-11-19,2025-11-27,2025-11-27,244,244.0
PO_02749,PRD_3770,SUP_042,WH_035,2023-02-23,2023-02-24,2023-02-24,54,36.0
PO_02750,PRD_0684,SUP_112,WH_077,2024-03-07,2024-03-13,,111,
PO_02751,PRD_0072,SUP_126,WH_005,2025-04-08,2025-04-11,2025-04-19,365,337.0
PO_02752,PRD_2760,SUP_070,WH_015,2023-01-12,2023-01-13,2023-01-13,444,444.0
PO_02753,PRD_4258,SUP_117,WH_051,2025-05-10,2025-05-22,2025-05-22,423,423.0
PO_02754,PRD_3712,SUP_173,WH_027,2023-04-11,2023-04-12,,175,
PO_02755,PRD_2730,SUP_004,WH_027,2025-09-01,2025-09-14,2025-09-18,35,35.0
PO_02756,PRD_0281,SUP_121,WH_017,2023-08-02,2023-08-05,,257,
PO_02757,PRD_4135,SUP_069,WH_076,2025-09-24,2025-10-08,2025-10-08,289,289.0
PO_02758,PRD_3560,SUP_074,WH_065,2022-12-11,2022-12-25,2022-12-25,148,148.0
PO_02759,PRD_4367,SUP_183,WH_048,2023-01-11,2023-01-25,2023-01-25,167,167.0
PO_02760,PRD_2201,SUP_031,WH_028,2022-12-21,2022-12-25,2022-12-26,106,106.0
PO_02761,PRD_0550,SUP_156,WH_008,2025-05-22,2025-05-24,2025-05-24,164,164.0
PO_02762,PRD_2905,SUP_142,WH_011,2023-12-05,2023-12-14,2023-12-14,193,193.0
PO_02763,PRD_3782,SUP_167,WH_027,2023-04-01,2023-04-04,2023-04-04,497,497.0
PO_02764,PRD_2980,SUP_016,WH_038,2025-04-05,2025-04-16,2025-04-16,380,276.0
PO_02765,PRD_2785,SUP_142,WH_046,2023-08-25,2023-09-03,2023-09-03,430,326.0
PO_02766,PRD_0371,SUP_040,WH_027,2023-01-21,2023-02-04,2023-02-04,446,446.0
PO_02767,PRD_1179,SUP_024,WH_060,2024-06-09,2024-06-18,,110,
PO_02768,PRD_2708,SUP_031,WH_074,2022-04-04,2022-04-08,2022-04-08,463,463.0
PO_02769,PRD_4472,SUP_166,WH_075,2024-02-16,2024-02-19,2024-02-19,139,139.0
PO_02770,PRD_4996,SUP_128,WH_058,2022-06-20,2022-06-23,2022-06-23,386,386.0
PO_02771,PRD_4272,SUP_038,WH_039,2024-10-07,2024-10-16,2024-10-19,44,44.0
PO_02772,PRD_1543,SUP_057,WH_013,2023-08-02,2023-08-07,2023-08-07,302,302.0
PO_02773,PRD_2732,SUP_138,WH_022,2025-06-08,2025-06-16,2025-06-16,372,261.0
PO_02774,PRD_4491,SUP_179,WH_056,2022-06-22,2022-06-26,2022-07-03,220,165.0
PO_02775,PRD_0041,SUP_142,WH_080,2025-11-08,2025-11-17,2025-11-17,456,377.0
PO_02776,PRD_0365,SUP_039,WH_035,2024-06-22,2024-06-29,2024-07-05,390,390.0
PO_02777,PRD_4791,SUP_128,WH_015,2022-05-18,2022-05-21,2022-05-21,155,155.0
PO_02778,PRD_2474,SUP_072,WH_014,2024-07-10,2024-07-14,2024-07-14,55,55.0
PO_02779,PRD_0489,SUP_200,WH_072,2023-02-19,2023-02-23,2023-02-23,498,498.0
PO_02780,PRD_1984,SUP_030,WH_035,2024-10-20,2024-11-01,2024-11-01,262,262.0
PO_02781,PRD_1324,SUP_188,WH_077,2024-01-01,2024-01-10,2024-01-10,139,139.0
PO_02782,PRD_3397,SUP_140,WH_033,2025-01-04,2025-01-15,2025-01-17,292,292.0
PO_02783,PRD_3375,SUP_109,WH_039,2025-01-05,2025-01-10,2025-01-10,242,242.0
PO_02784,PRD_2187,SUP_051,WH_029,2023-12-06,2023-12-13,2023-12-13,255,255.0
PO_02785,PRD_1461,SUP_062,WH_037,2025-10-08,2025-10-16,2025-10-16,385,385.0
PO_02786,PRD_3260,SUP_117,WH_002,2025-03-05,2025-03-17,2025-03-17,107,70.0
PO_02787,PRD_0215,SUP_053,WH_069,2025-02-25,2025-03-05,,254,
PO_02788,PRD_0686,SUP_085,WH_059,2023-02-02,2023-02-04,2023-02-04,417,417.0
PO_02789,PRD_1133,SUP_127,WH_048,2025-10-06,2025-10-16,2025-10-16,307,307.0
PO_02790,PRD_3279,SUP_019,WH_068,2022-03-23,2022-04-04,2022-04-04,67,67.0
PO_02791,PRD_1522,SUP_186,WH_058,2025-09-11,2025-09-20,2025-09-20,291,291.0
PO_02792,PRD_3544,SUP_037,WH_065,2023-08-05,2023-08-17,2023-08-17,116,98.0
PO_02793,PRD_0802,SUP_094,WH_071,2023-07-15,2023-07-29,2023-07-29,314,203.0
PO_02794,PRD_1249,SUP_192,WH_040,2023-12-19,2023-12-21,2023-12-21,66,66.0
PO_02795,PRD_3194,SUP_075,WH_016,2024-03-20,2024-03-27,2024-03-27,40,40.0
PO_02796,PRD_4399,SUP_119,WH_006,2022-05-15,2022-05-21,2022-05-21,201,201.0
PO_02797,PRD_1323,SUP_071,WH_002,2022-07-12,2022-07-22,2022-07-22,343,343.0
PO_02798,PRD_4809,SUP_077,WH_002,2022-05-24,2022-05-27,2022-05-27,336,336.0
PO_02799,PRD_2933,SUP_078,WH_013,2025-12-05,2025-12-06,2025-12-06,126,126.0
PO_02800,PRD_0635,SUP_138,WH_010,2022-03-10,2022-03-18,2022-03-18,459,459.0
PO_02801,PRD_1932,SUP_056,WH_016,2023-12-09,2023-12-23,2023-12-23,169,110.0
PO_02802,PRD_2870,SUP_137,WH_027,2025-04-19,2025-04-21,2025-04-21,110,110.0
PO_02803,PRD_0014,SUP_155,WH_069,2022-06-10,2022-06-11,,102,
PO_02804,PRD_3189,SUP_134,WH_007,2022-08-12,2022-08-13,2022-08-13,265,265.0
PO_02805,PRD_3832,SUP_024,WH_062,2022-11-19,2022-11-28,,214,
PO_02806,PRD_2832,SUP_005,WH_071,2025-06-26,2025-06-30,2025-06-30,178,178.0
PO_02807,PRD_1625,SUP_002,WH_060,2024-11-22,2024-11-23,2024-11-26,135,134.0
PO_02808,PRD_0941,SUP_033,WH_042,2022-11-13,2022-11-27,2022-11-27,344,344.0
PO_02809,PRD_0061,SUP_109,WH_026,2024-01-13,2024-01-18,2024-01-18,466,466.0
PO_02810,PRD_3136,SUP_107,WH_074,2023-12-20,2023-12-26,2023-12-26,197,197.0
PO_02811,PRD_3646,SUP_148,WH_033,2022-01-17,2022-01-20,2022-01-20,255,190.0
PO_02812,PRD_1933,SUP_095,WH_009,2024-01-10,2024-01-12,2024-01-12,399,399.0
PO_02813,PRD_4873,SUP_015,WH_054,2024-07-10,2024-07-17,2024-07-17,381,381.0
PO_02814,PRD_4419,SUP_089,WH_039,2022-06-24,2022-07-01,2022-07-08,124,124.0
PO_02815,PRD_3542,SUP_146,WH_026,2022-11-10,2022-11-24,2022-11-28,432,432.0
PO_02816,PRD_1739,SUP_084,WH_003,2022-09-02,2022-09-03,2022-09-03,222,222.0
PO_02817,PRD_0241,SUP_065,WH_027,2022-03-27,2022-04-04,2022-04-04,442,442.0
PO_02818,PRD_2550,SUP_152,WH_073,2022-11-13,2022-11-22,2022-11-25,463,368.0
PO_02819,PRD_3121,SUP_079,WH_044,2024-05-16,2024-05-21,2024-05-23,111,111.0
PO_02820,PRD_3107,SUP_054,WH_056,2023-10-19,2023-10-30,2023-10-30,339,339.0
PO_02821,PRD_2508,SUP_072,WH_054,2023-04-26,2023-04-30,,463,
PO_02822,PRD_1604,SUP_138,WH_043,2023-11-22,2023-11-30,,387,
PO_02823,PRD_0684,SUP_112,WH_039,2022-03-03,2022-03-09,2022-03-09,380,380.0
PO_02824,PRD_1112,SUP_044,WH_028,2023-02-04,2023-02-15,2023-02-23,456,456.0
PO_02825,PRD_1773,SUP_160,WH_040,2025-06-16,2025-06-21,2025-06-21,69,69.0
PO_02826,PRD_1532,SUP_155,WH_077,2023-10-01,2023-10-02,,490,
PO_02827,PRD_3661,SUP_153,WH_079,2023-01-27,2023-01-31,2023-01-31,166,166.0
PO_02828,PRD_4884,SUP_178,WH_053,2025-09-06,2025-09-14,2025-09-14,155,155.0
PO_02829,PRD_2583,SUP_196,WH_071,2023-12-09,2023-12-22,2023-12-22,387,387.0
PO_02830,PRD_2839,SUP_079,WH_023,2024-08-20,2024-08-25,2024-09-01,208,208.0
PO_02831,PRD_0002,SUP_185,WH_050,2022-08-23,2022-09-06,2022-09-06,487,487.0
PO_02832,PRD_2363,SUP_184,WH_012,2025-11-01,2025-11-04,2025-11-08,196,196.0
PO_02833,PRD_0626,SUP_174,WH_042,2022-07-27,2022-08-04,2022-08-04,463,300.0
PO_02834,PRD_2141,SUP_033,WH_059,2024-04-15,2024-04-29,2024-04-29,174,165.0
PO_02835,PRD_3708,SUP_024,WH_043,2024-06-24,2024-07-03,2024-07-04,476,476.0
PO_02836,PRD_1162,SUP_199,WH_064,2023-08-07,2023-08-08,,362,
PO_02837,PRD_0172,SUP_200,WH_025,2024-07-20,2024-07-24,2024-07-24,205,205.0
PO_02838,PRD_2071,SUP_180,WH_014,2025-10-02,2025-10-08,2025-10-08,435,435.0
PO_02839,PRD_1028,SUP_157,WH_049,2022-08-05,2022-08-06,,29,
PO_02840,PRD_4958,SUP_008,WH_051,2025-09-14,2025-09-21,2025-09-26,51,51.0
PO_02841,PRD_2438,SUP_067,WH_022,2022-10-18,2022-10-22,2022-10-22,301,202.0
PO_02842,PRD_0608,SUP_174,WH_024,2022-05-23,2022-05-31,2022-05-31,155,155.0
PO_02843,PRD_2143,SUP_145,WH_041,2025-04-24,2025-05-01,2025-05-01,458,458.0
PO_02844,PRD_3985,SUP_027,WH_054,2024-11-11,2024-11-23,2024-11-23,75,75.0
PO_02845,PRD_3941,SUP_167,WH_079,2025-02-09,2025-02-12,2025-02-12,27,27.0
PO_02846,PRD_2505,SUP_153,WH_050,2025-03-19,2025-03-23,2025-03-23,425,425.0
PO_02847,PRD_1524,SUP_008,WH_050,2023-11-03,2023-11-10,2023-11-10,308,308.0
PO_02848,PRD_1594,SUP_125,WH_001,2023-05-13,2023-05-17,2023-05-17,214,166.0
PO_02849,PRD_1905,SUP_098,WH_027,2022-05-02,2022-05-12,2022-05-12,69,69.0
PO_02850,PRD_4596,SUP_018,WH_071,2025-04-26,2025-05-02,2025-05-02,111,111.0
PO_02851,PRD_3705,SUP_043,WH_001,2023-09-27,2023-10-06,2023-10-11,85,85.0
PO_02852,PRD_3965,SUP_173,WH_016,2022-07-10,2022-07-11,,303,
PO_02853,PRD_4940,SUP_128,WH_073,2025-07-23,2025-07-26,2025-07-26,261,261.0
PO_02854,PRD_4940,SUP_128,WH_037,2023-02-25,2023-02-28,2023-02-28,387,387.0
PO_02855,PRD_2883,SUP_183,WH_016,2022-01-06,2022-01-20,2022-01-20,426,426.0
PO_02856,PRD_3461,SUP_075,WH_016,2024-09-03,2024-09-10,2024-09-10,428,428.0
PO_02857,PRD_1711,SUP_108,WH_070,2024-05-21,2024-05-29,2024-05-29,26,26.0
PO_02858,PRD_1231,SUP_169,WH_051,2023-06-24,2023-06-28,2023-06-30,445,445.0
PO_02859,PRD_1507,SUP_070,WH_021,2022-06-19,2022-06-20,2022-06-20,467,467.0
PO_02860,PRD_2568,SUP_134,WH_052,2025-09-18,2025-09-19,2025-09-26,136,136.0
PO_02861,PRD_0089,SUP_109,WH_073,2023-04-02,2023-04-07,2023-04-07,339,339.0
PO_02862,PRD_3020,SUP_065,WH_079,2023-06-10,2023-06-18,,394,
PO_02863,PRD_1391,SUP_161,WH_080,2023-03-05,2023-03-10,2023-03-10,332,213.0
PO_02864,PRD_2764,SUP_073,WH_058,2024-12-12,2024-12-24,2024-12-24,214,137.0
PO_02865,PRD_4483,SUP_184,WH_065,2025-07-11,2025-07-14,2025-07-14,356,356.0
PO_02866,PRD_3470,SUP_151,WH_073,2025-01-14,2025-01-24,2025-01-28,264,233.0
PO_02867,PRD_1824,SUP_108,WH_037,2023-09-13,2023-09-21,2023-09-21,454,454.0
PO_02868,PRD_0584,SUP_153,WH_011,2022-12-08,2022-12-12,2022-12-20,273,267.0
PO_02869,PRD_1742,SUP_021,WH_004,2025-03-19,2025-03-29,2025-03-29,119,119.0
PO_02870,PRD_1920,SUP_067,WH_068,2023-07-12,2023-07-16,2023-07-16,84,84.0
PO_02871,PRD_4697,SUP_074,WH_043,2023-03-17,2023-03-31,2023-03-31,86,86.0
PO_02872,PRD_1142,SUP_127,WH_076,2025-11-14,2025-11-24,2025-11-24,89,89.0
PO_02873,PRD_0289,SUP_059,WH_060,2023-05-27,2023-05-30,2023-06-04,473,473.0
PO_02874,PRD_1677,SUP_104,WH_032,2022-01-15,2022-01-23,2022-01-23,497,497.0
PO_02875,PRD_1824,SUP_108,WH_029,2024-03-08,2024-03-16,2024-03-16,476,476.0
PO_02876,PRD_2944,SUP_088,WH_009,2024-02-14,2024-02-20,2024-02-26,365,319.0
PO_02877,PRD_1976,SUP_122,WH_080,2022-03-10,2022-03-14,2022-03-14,85,85.0
PO_02878,PRD_3847,SUP_105,WH_032,2022-12-11,2022-12-22,2022-12-22,382,382.0
PO_02879,PRD_4929,SUP_195,WH_021,2022-05-09,2022-05-12,2022-05-12,127,127.0
PO_02880,PRD_3196,SUP_181,WH_057,2022-04-17,2022-04-25,2022-04-25,344,344.0
PO_02881,PRD_2015,SUP_066,WH_051,2025-11-21,2025-11-30,2025-12-08,336,336.0
PO_02882,PRD_2401,SUP_097,WH_024,2024-07-08,2024-07-20,2024-07-22,297,297.0
PO_02883,PRD_3344,SUP_176,WH_043,2024-09-15,2024-09-26,2024-09-27,184,184.0
PO_02884,PRD_2132,SUP_149,WH_066,2022-03-13,2022-03-20,2022-03-20,154,154.0
PO_02885,PRD_1622,SUP_098,WH_004,2022-01-03,2022-01-13,2022-01-13,58,42.0
PO_02886,PRD_0191,SUP_053,WH_049,2025-05-08,2025-05-16,2025-05-16,298,298.0
PO_02887,PRD_4564,SUP_040,WH_039,2023-06-07,2023-06-21,2023-06-21,331,331.0
PO_02888,PRD_1011,SUP_086,WH_076,2022-01-16,2022-01-18,2022-01-18,470,470.0
PO_02889,PRD_0413,SUP_007,WH_023,2023-09-15,2023-09-20,2023-09-20,233,233.0
PO_02890,PRD_0516,SUP_176,WH_027,2024-05-17,2024-05-28,2024-06-05,387,281.0
PO_02891,PRD_2226,SUP_110,WH_031,2022-05-19,2022-05-23,2022-05-23,123,123.0
PO_02892,PRD_0981,SUP_080,WH_038,2024-10-14,2024-10-15,2024-10-15,144,144.0
PO_02893,PRD_4504,SUP_122,WH_015,2024-01-20,2024-01-24,2024-01-24,223,196.0
PO_02894,PRD_3589,SUP_059,WH_076,2024-09-12,2024-09-15,,116,
PO_02895,PRD_3361,SUP_117,WH_032,2023-06-27,2023-07-09,2023-07-09,245,147.0
PO_02896,PRD_2766,SUP_071,WH_001,2023-05-11,2023-05-21,2023-05-21,72,72.0
PO_02897,PRD_2291,SUP_174,WH_074,2024-10-07,2024-10-15,2024-10-15,268,259.0
PO_02898,PRD_2313,SUP_027,WH_037,2025-11-11,2025-11-23,2025-11-23,122,122.0
PO_02899,PRD_3613,SUP_074,WH_013,2023-09-07,2023-09-21,2023-09-21,363,363.0
PO_02900,PRD_4673,SUP_127,WH_072,2023-07-25,2023-08-04,2023-08-04,489,489.0
PO_02901,PRD_1164,SUP_148,WH_067,2024-09-19,2024-09-22,2024-09-22,407,407.0
PO_02902,PRD_2161,SUP_006,WH_015,2022-02-16,2022-03-02,,21,
PO_02903,PRD_3354,SUP_009,WH_012,2023-08-11,2023-08-18,,493,
PO_02904,PRD_3095,SUP_021,WH_076,2023-05-18,2023-05-28,2023-06-03,292,292.0
PO_02905,PRD_3347,SUP_151,WH_023,2024-11-06,2024-11-16,2024-11-16,144,144.0
PO_02906,PRD_4311,SUP_128,WH_043,2024-12-12,2024-12-15,2024-12-15,50,41.0
PO_02907,PRD_3505,SUP_113,WH_030,2022-06-15,2022-06-21,2022-06-29,270,270.0
PO_02908,PRD_1605,SUP_100,WH_063,2024-07-03,2024-07-10,2024-07-12,238,238.0
PO_02909,PRD_2623,SUP_004,WH_062,2025-08-11,2025-08-24,2025-08-24,422,422.0
PO_02910,PRD_0309,SUP_105,WH_032,2023-09-01,2023-09-12,2023-09-12,398,398.0
PO_02911,PRD_1436,SUP_099,WH_054,2023-02-21,2023-02-27,2023-02-27,496,496.0
PO_02912,PRD_2194,SUP_154,WH_016,2023-03-20,2023-04-01,2023-04-01,461,367.0
PO_02913,PRD_4376,SUP_138,WH_027,2022-02-19,2022-02-27,2022-02-27,367,355.0
PO_02914,PRD_3536,SUP_019,WH_030,2024-05-18,2024-05-30,2024-05-30,381,381.0
PO_02915,PRD_0972,SUP_111,WH_053,2024-10-27,2024-10-29,2024-10-29,338,338.0
PO_02916,PRD_3554,SUP_069,WH_053,2023-04-25,2023-05-09,2023-05-09,81,81.0
PO_02917,PRD_3923,SUP_133,WH_014,2023-01-14,2023-01-23,2023-01-23,270,213.0
PO_02918,PRD_0481,SUP_140,WH_013,2023-03-01,2023-03-12,2023-03-12,265,265.0
PO_02919,PRD_4948,SUP_178,WH_013,2023-01-01,2023-01-09,2023-01-09,266,266.0
PO_02920,PRD_2793,SUP_153,WH_016,2022-11-03,2022-11-07,2022-11-07,184,184.0
PO_02921,PRD_4307,SUP_024,WH_011,2024-06-14,2024-06-23,2024-06-23,449,449.0
PO_02922,PRD_0436,SUP_058,WH_013,2022-02-07,2022-02-08,2022-02-08,103,103.0
PO_02923,PRD_1568,SUP_138,WH_048,2023-10-12,2023-10-20,2023-10-20,93,93.0
PO_02924,PRD_4851,SUP_008,WH_051,2023-08-07,2023-08-14,2023-08-14,168,168.0
PO_02925,PRD_0121,SUP_164,WH_013,2024-12-12,2024-12-21,2024-12-21,497,497.0
PO_02926,PRD_4407,SUP_001,WH_015,2023-05-09,2023-05-16,2023-05-16,487,487.0
PO_02927,PRD_2758,SUP_095,WH_055,2025-07-16,2025-07-18,2025-07-18,394,387.0
PO_02928,PRD_4057,SUP_119,WH_049,2022-11-05,2022-11-11,2022-11-11,484,482.0
PO_02929,PRD_0779,SUP_050,WH_051,2022-02-02,2022-02-05,2022-02-05,255,255.0
PO_02930,PRD_4331,SUP_187,WH_072,2022-06-05,2022-06-08,2022-06-08,177,177.0
PO_02931,PRD_4200,SUP_069,WH_059,2024-02-14,2024-02-28,2024-02-28,440,440.0
PO_02932,PRD_1629,SUP_091,WH_069,2024-04-22,2024-04-23,2024-04-23,388,388.0
PO_02933,PRD_3635,SUP_069,WH_006,2023-12-03,2023-12-17,2023-12-17,328,293.0
PO_02934,PRD_2094,SUP_008,WH_061,2025-08-16,2025-08-23,2025-08-23,153,111.0
PO_02935,PRD_4545,SUP_098,WH_004,2025-07-22,2025-08-01,2025-08-03,220,220.0
PO_02936,PRD_0774,SUP_142,WH_028,2025-06-27,2025-07-06,2025-07-13,127,122.0
PO_02937,PRD_2442,SUP_152,WH_066,2022-09-13,2022-09-22,2022-09-28,360,360.0
PO_02938,PRD_0757,SUP_094,WH_039,2024-05-09,2024-05-23,,389,
PO_02939,PRD_1918,SUP_139,WH_003,2023-04-04,2023-04-05,2023-04-05,315,315.0
PO_02940,PRD_3128,SUP_075,WH_073,2024-11-08,2024-11-15,2024-11-15,146,146.0
PO_02941,PRD_2431,SUP_174,WH_019,2023-05-02,2023-05-10,2023-05-10,370,370.0
PO_02942,PRD_1811,SUP_047,WH_039,2025-05-20,2025-05-24,2025-05-24,268,268.0
PO_02943,PRD_0129,SUP_126,WH_003,2023-11-19,2023-11-22,,165,
PO_02944,PRD_0750,SUP_032,WH_076,2023-07-17,2023-07-31,2023-07-31,136,136.0
PO_02945,PRD_4990,SUP_195,WH_029,2022-04-03,2022-04-06,2022-04-06,274,274.0
PO_02946,PRD_0502,SUP_103,WH_034,2022-04-14,2022-04-25,2022-05-02,444,444.0
PO_02947,PRD_0710,SUP_199,WH_026,2022-02-18,2022-02-19,2022-02-19,35,35.0
PO_02948,PRD_3632,SUP_043,WH_050,2025-12-08,2025-12-17,2025-12-17,177,165.0
PO_02949,PRD_0035,SUP_176,WH_050,2022-02-06,2022-02-17,2022-02-17,257,159.0
PO_02950,PRD_3293,SUP_176,WH_072,2024-05-03,2024-05-14,2024-05-14,93,93.0
PO_02951,PRD_2547,SUP_116,WH_069,2023-11-03,2023-11-12,,34,
PO_02952,PRD_1110,SUP_028,WH_004,2025-06-01,2025-06-13,2025-06-13,32,32.0
PO_02953,PRD_1037,SUP_117,WH_068,2024-08-07,2024-08-19,2024-08-19,442,442.0
PO_02954,PRD_0581,SUP_072,WH_066,2023-03-12,2023-03-16,2023-03-18,444,444.0
PO_02955,PRD_3222,SUP_140,WH_078,2024-06-12,2024-06-23,,483,
PO_02956,PRD_1145,SUP_132,WH_029,2023-06-22,2023-06-26,2023-06-26,185,185.0
PO_02957,PRD_2098,SUP_095,WH_008,2025-04-18,2025-04-20,2025-04-20,292,292.0
PO_02958,PRD_2533,SUP_046,WH_064,2025-05-03,2025-05-12,2025-05-12,300,262.0
PO_02959,PRD_1823,SUP_170,WH_074,2022-02-06,2022-02-14,2022-02-14,124,124.0
PO_02960,PRD_3308,SUP_177,WH_020,2022-11-15,2022-11-16,2022-11-24,294,294.0
PO_02961,PRD_0610,SUP_018,WH_053,2023-01-15,2023-01-21,2023-01-26,328,328.0
PO_02962,PRD_2233,SUP_027,WH_075,2025-05-16,2025-05-28,2025-05-28,443,443.0
PO_02963,PRD_0898,SUP_184,WH_062,2023-08-06,2023-08-09,2023-08-09,415,376.0
PO_02964,PRD_1587,SUP_087,WH_009,2025-11-13,2025-11-25,2025-11-25,199,139.0
PO_02965,PRD_3596,SUP_177,WH_008,2022-02-12,2022-02-13,,153,
PO_02966,PRD_3198,SUP_177,WH_055,2022-07-03,2022-07-04,2022-07-04,349,349.0
PO_02967,PRD_3080,SUP_026,WH_032,2025-09-04,2025-09-10,2025-09-10,29,27.0
PO_02968,PRD_4470,SUP_035,WH_047,2024-02-21,2024-03-02,,105,
PO_02969,PRD_4545,SUP_098,WH_074,2023-02-01,2023-02-11,2023-02-18,364,364.0
PO_02970,PRD_2050,SUP_028,WH_007,2025-05-21,2025-06-02,2025-06-02,132,132.0
PO_02971,PRD_0323,SUP_169,WH_047,2023-03-15,2023-03-19,2023-03-19,33,25.0
PO_02972,PRD_1302,SUP_085,WH_054,2023-10-25,2023-10-27,2023-10-27,432,432.0
PO_02973,PRD_3147,SUP_174,WH_036,2022-08-11,2022-08-19,2022-08-24,175,175.0
PO_02974,PRD_3237,SUP_180,WH_050,2025-03-25,2025-03-31,2025-03-31,71,50.0
PO_02975,PRD_3756,SUP_024,WH_015,2024-07-01,2024-07-10,2024-07-10,61,61.0
PO_02976,PRD_1150,SUP_197,WH_005,2024-12-15,2024-12-24,2024-12-24,232,195.0
PO_02977,PRD_4279,SUP_018,WH_003,2024-09-22,2024-09-28,2024-09-28,30,30.0
PO_02978,PRD_4643,SUP_167,WH_025,2023-03-09,2023-03-12,2023-03-12,228,228.0
PO_02979,PRD_4019,SUP_106,WH_076,2024-03-02,2024-03-03,2024-03-03,360,360.0
PO_02980,PRD_3353,SUP_151,WH_024,2022-02-12,2022-02-22,2022-02-22,395,395.0
PO_02981,PRD_1125,SUP_103,WH_045,2024-02-24,2024-03-06,2024-03-06,201,129.0
PO_02982,PRD_0232,SUP_086,WH_031,2025-03-09,2025-03-11,2025-03-17,322,322.0
PO_02983,PRD_4976,SUP_084,WH_066,2023-05-26,2023-05-27,2023-05-27,374,374.0
PO_02984,PRD_4225,SUP_034,WH_054,2024-06-26,2024-07-07,2024-07-11,39,39.0
PO_02985,PRD_4232,SUP_160,WH_025,2025-11-08,2025-11-13,2025-11-13,37,37.0
PO_02986,PRD_1673,SUP_196,WH_036,2023-09-03,2023-09-16,2023-09-16,344,308.0
PO_02987,PRD_4940,SUP_128,WH_064,2022-08-06,2022-08-09,2022-08-09,23,23.0
PO_02988,PRD_1015,SUP_148,WH_001,2024-06-18,2024-06-21,2024-06-29,327,327.0
PO_02989,PRD_4776,SUP_077,WH_070,2025-05-02,2025-05-05,2025-05-05,465,465.0
PO_02990,PRD_4630,SUP_106,WH_002,2024-03-18,2024-03-19,2024-03-19,143,140.0
PO_02991,PRD_4014,SUP_178,WH_054,2024-03-11,2024-03-19,2024-03-19,436,436.0
PO_02992,PRD_4647,SUP_074,WH_003,2023-08-01,2023-08-15,2023-08-20,52,52.0
PO_02993,PRD_2779,SUP_172,WH_056,2024-01-10,2024-01-18,2024-01-18,240,188.0
PO_02994,PRD_2884,SUP_117,WH_058,2025-06-07,2025-06-19,2025-06-19,103,100.0
PO_02995,PRD_4898,SUP_012,WH_006,2022-02-09,2022-02-22,2022-02-22,455,455.0
PO_02996,PRD_1172,SUP_199,WH_060,2022-02-24,2022-02-25,2022-02-25,387,387.0
PO_02997,PRD_2222,SUP_097,WH_051,2022-05-20,2022-06-01,2022-06-03,451,451.0
PO_02998,PRD_0558,SUP_066,WH_077,2022-07-02,2022-07-11,2022-07-11,330,330.0
PO_02999,PRD_4230,SUP_014,WH_025,2023-12-09,2023-12-22,2023-12-22,21,21.0
PO_03000,PRD_2185,SUP_177,WH_068,2025-08-22,2025-08-23,2025-08-23,377,377.0
PO_03001,PRD_1091,SUP_122,WH_053,2022-04-25,2022-04-29,2022-04-29,443,443.0
PO_03002,PRD_0652,SUP_081,WH_053,2024-12-15,2024-12-23,2024-12-23,56,56.0
PO_03003,PRD_3647,SUP_177,WH_061,2022-02-21,2022-02-22,2022-02-22,486,486.0
PO_03004,PRD_3750,SUP_105,WH_041,2022-07-25,2022-08-05,2022-08-10,227,227.0
PO_03005,PRD_4674,SUP_068,WH_039,2023-12-14,2023-12-15,2023-12-15,35,35.0
PO_03006,PRD_3152,SUP_058,WH_080,2023-12-12,2023-12-13,2023-12-21,254,254.0
PO_03007,PRD_4426,SUP_031,WH_079,2023-12-23,2023-12-27,2023-12-27,303,303.0
PO_03008,PRD_0721,SUP_046,WH_034,2024-07-04,2024-07-13,,441,
PO_03009,PRD_0789,SUP_081,WH_018,2024-10-14,2024-10-22,2024-10-22,95,95.0
PO_03010,PRD_3643,SUP_111,WH_061,2024-11-04,2024-11-06,2024-11-09,492,383.0
PO_03011,PRD_4369,SUP_073,WH_061,2025-04-08,2025-04-20,2025-04-20,43,43.0
PO_03012,PRD_2639,SUP_088,WH_056,2023-06-09,2023-06-15,2023-06-16,427,427.0
PO_03013,PRD_4377,SUP_088,WH_011,2022-05-09,2022-05-15,2022-05-15,213,213.0
PO_03014,PRD_4397,SUP_138,WH_069,2022-01-08,2022-01-16,2022-01-16,491,491.0
PO_03015,PRD_3621,SUP_078,WH_067,2023-10-13,2023-10-14,2023-10-14,404,404.0
PO_03016,PRD_0205,SUP_012,WH_013,2024-09-23,2024-10-06,2024-10-06,74,74.0
PO_03017,PRD_4727,SUP_020,WH_026,2023-04-05,2023-04-07,2023-04-07,106,96.0
PO_03018,PRD_2281,SUP_051,WH_011,2024-03-19,2024-03-26,,318,
PO_03019,PRD_2448,SUP_196,WH_022,2024-07-27,2024-08-09,2024-08-10,425,425.0
PO_03020,PRD_4407,SUP_001,WH_040,2023-11-15,2023-11-22,,59,
PO_03021,PRD_1736,SUP_090,WH_071,2023-10-20,2023-10-25,2023-10-25,75,75.0
PO_03022,PRD_4472,SUP_166,WH_010,2024-01-23,2024-01-26,,71,
PO_03023,PRD_2545,SUP_175,WH_003,2022-06-05,2022-06-09,2022-06-09,227,163.0
PO_03024,PRD_3890,SUP_011,WH_069,2023-08-24,2023-09-04,2023-09-04,401,401.0
PO_03025,PRD_2931,SUP_162,WH_057,2022-05-12,2022-05-23,2022-05-23,490,490.0
PO_03026,PRD_3364,SUP_140,WH_021,2023-05-01,2023-05-12,2023-05-12,467,467.0
PO_03027,PRD_0389,SUP_168,WH_065,2022-04-12,2022-04-15,2022-04-15,475,285.0
PO_03028,PRD_2506,SUP_072,WH_041,2024-10-01,2024-10-05,2024-10-05,481,481.0
PO_03029,PRD_4097,SUP_141,WH_037,2022-04-10,2022-04-22,,376,
PO_03030,PRD_2040,SUP_186,WH_023,2022-05-01,2022-05-10,2022-05-10,258,258.0
PO_03031,PRD_0345,SUP_094,WH_077,2024-03-20,2024-04-03,2024-04-03,434,434.0
PO_03032,PRD_3171,SUP_075,WH_072,2024-02-04,2024-02-11,2024-02-11,299,299.0
PO_03033,PRD_1542,SUP_077,WH_008,2022-06-03,2022-06-06,2022-06-06,87,87.0
PO_03034,PRD_0025,SUP_114,WH_074,2022-02-03,2022-02-14,2022-02-14,357,357.0
PO_03035,PRD_4679,SUP_135,WH_079,2023-11-25,2023-12-03,2023-12-03,338,338.0
PO_03036,PRD_4104,SUP_010,WH_036,2025-07-09,2025-07-22,2025-07-22,370,370.0
PO_03037,PRD_3813,SUP_133,WH_003,2025-09-02,2025-09-11,,282,
PO_03038,PRD_4889,SUP_047,WH_074,2022-09-08,2022-09-12,2022-09-12,244,148.0
PO_03039,PRD_0325,SUP_167,WH_028,2025-03-04,2025-03-07,2025-03-07,413,413.0
PO_03040,PRD_1336,SUP_032,WH_041,2023-03-21,2023-04-04,2023-04-04,95,95.0
PO_03041,PRD_0565,SUP_153,WH_008,2024-06-06,2024-06-10,2024-06-10,330,330.0
PO_03042,PRD_4875,SUP_114,WH_005,2025-10-08,2025-10-19,,93,
PO_03043,PRD_1168,SUP_169,WH_068,2023-02-13,2023-02-17,2023-02-25,134,134.0
PO_03044,PRD_4837,SUP_145,WH_044,2023-06-06,2023-06-13,2023-06-13,498,333.0
PO_03045,PRD_0449,SUP_175,WH_033,2024-11-18,2024-11-22,2024-11-22,395,270.0
PO_03046,PRD_3494,SUP_019,WH_049,2024-01-09,2024-01-21,2024-01-21,134,129.0
PO_03047,PRD_3067,SUP_107,WH_058,2023-08-04,2023-08-10,2023-08-10,228,228.0
PO_03048,PRD_3554,SUP_069,WH_020,2023-07-19,2023-08-02,,200,
PO_03049,PRD_1536,SUP_104,WH_003,2024-02-24,2024-03-03,2024-03-11,387,387.0
PO_03050,PRD_4430,SUP_097,WH_073,2024-09-17,2024-09-29,2024-10-05,291,291.0
PO_03051,PRD_1738,SUP_196,WH_073,2024-04-11,2024-04-24,2024-04-24,98,98.0
PO_03052,PRD_3765,SUP_072,WH_004,2025-09-21,2025-09-25,2025-09-28,143,143.0
PO_03053,PRD_3917,SUP_126,WH_051,2023-10-19,2023-10-22,2023-10-22,236,236.0
PO_03054,PRD_3739,SUP_121,WH_024,2022-01-19,2022-01-22,2022-01-30,197,197.0
PO_03055,PRD_1251,SUP_105,WH_036,2022-10-17,2022-10-28,2022-10-28,166,166.0
PO_03056,PRD_1154,SUP_028,WH_030,2024-02-09,2024-02-21,2024-02-21,83,83.0
PO_03057,PRD_3946,SUP_133,WH_047,2022-01-10,2022-01-19,2022-01-19,172,172.0
PO_03058,PRD_2220,SUP_097,WH_049,2025-03-10,2025-03-22,2025-03-22,326,326.0
PO_03059,PRD_1676,SUP_002,WH_024,2024-01-25,2024-01-26,,362,
PO_03060,PRD_2272,SUP_170,WH_015,2023-12-12,2023-12-20,,27,
PO_03061,PRD_2405,SUP_063,WH_065,2023-03-25,2023-04-05,2023-04-05,241,241.0
PO_03062,PRD_4601,SUP_018,WH_078,2024-04-21,2024-04-27,2024-04-27,300,300.0
PO_03063,PRD_0289,SUP_059,WH_063,2023-08-05,2023-08-08,2023-08-08,405,405.0
PO_03064,PRD_2342,SUP_080,WH_056,2024-03-12,2024-03-13,2024-03-13,243,243.0
PO_03065,PRD_3597,SUP_192,WH_071,2023-07-08,2023-07-10,2023-07-10,206,206.0
PO_03066,PRD_3004,SUP_143,WH_012,2022-06-01,2022-06-10,2022-06-10,65,65.0
PO_03067,PRD_2270,SUP_177,WH_018,2025-06-20,2025-06-21,2025-06-21,368,368.0
PO_03068,PRD_3162,SUP_193,WH_069,2025-01-14,2025-01-16,2025-01-16,358,358.0
PO_03069,PRD_4584,SUP_012,WH_047,2024-03-20,2024-04-02,2024-04-03,286,286.0
PO_03070,PRD_1504,SUP_108,WH_067,2022-08-19,2022-08-27,2022-08-27,239,239.0
PO_03071,PRD_2673,SUP_049,WH_014,2023-03-11,2023-03-20,2023-03-27,481,481.0
PO_03072,PRD_4345,SUP_124,WH_051,2022-07-02,2022-07-13,,249,
PO_03073,PRD_1971,SUP_030,WH_034,2024-11-02,2024-11-14,2024-11-14,448,364.0
PO_03074,PRD_2332,SUP_031,WH_072,2024-11-03,2024-11-07,2024-11-07,209,209.0
PO_03075,PRD_3616,SUP_078,WH_039,2025-04-02,2025-04-03,2025-04-03,262,262.0
PO_03076,PRD_1613,SUP_148,WH_075,2025-06-09,2025-06-12,2025-06-12,389,389.0
PO_03077,PRD_0150,SUP_186,WH_025,2024-01-20,2024-01-29,2024-02-03,289,289.0
PO_03078,PRD_1467,SUP_105,WH_064,2023-02-13,2023-02-24,2023-02-24,215,215.0
PO_03079,PRD_3426,SUP_193,WH_008,2023-03-24,2023-03-26,2023-03-26,311,311.0
PO_03080,PRD_4142,SUP_023,WH_067,2023-12-09,2023-12-23,2023-12-23,32,32.0
PO_03081,PRD_2317,SUP_161,WH_023,2025-02-02,2025-02-07,2025-02-07,54,54.0
PO_03082,PRD_0250,SUP_068,WH_042,2023-03-18,2023-03-19,2023-03-19,226,226.0
PO_03083,PRD_3305,SUP_121,WH_023,2023-09-24,2023-09-27,,409,
PO_03084,PRD_1182,SUP_117,WH_009,2025-10-12,2025-10-24,2025-10-24,344,344.0
PO_03085,PRD_3334,SUP_109,WH_043,2025-05-16,2025-05-21,2025-05-28,37,37.0
PO_03086,PRD_2605,SUP_108,WH_015,2025-01-09,2025-01-17,,287,
PO_03087,PRD_2836,SUP_056,WH_030,2022-05-09,2022-05-23,2022-05-31,116,98.0
PO_03088,PRD_0588,SUP_138,WH_030,2023-01-03,2023-01-11,2023-01-11,355,272.0
PO_03089,PRD_4111,SUP_169,WH_062,2024-02-06,2024-02-10,2024-02-10,445,445.0
PO_03090,PRD_3524,SUP_011,WH_066,2022-12-15,2022-12-26,2022-12-26,30,30.0
PO_03091,PRD_2077,SUP_080,WH_056,2022-11-14,2022-11-15,2022-11-15,118,118.0
PO_03092,PRD_0840,SUP_146,WH_064,2023-04-27,2023-05-11,2023-05-19,141,141.0
PO_03093,PRD_2867,SUP_183,WH_073,2025-08-11,2025-08-25,2025-08-25,469,469.0
PO_03094,PRD_0304,SUP_079,WH_014,2022-12-09,2022-12-14,2022-12-14,222,222.0
PO_03095,PRD_2743,SUP_063,WH_048,2025-09-10,2025-09-21,2025-09-21,300,254.0
PO_03096,PRD_3176,SUP_027,WH_040,2023-01-01,2023-01-13,2023-01-21,276,211.0
PO_03097,PRD_3161,SUP_107,WH_048,2022-11-06,2022-11-12,2022-11-12,422,422.0
PO_03098,PRD_4925,SUP_092,WH_047,2025-01-12,2025-01-13,2025-01-13,85,85.0
PO_03099,PRD_1603,SUP_125,WH_041,2025-01-13,2025-01-17,,62,
PO_03100,PRD_0940,SUP_085,WH_049,2022-03-02,2022-03-04,,305,
PO_03101,PRD_4449,SUP_099,WH_031,2025-02-21,2025-02-27,2025-03-03,139,139.0
PO_03102,PRD_1474,SUP_071,WH_021,2024-05-09,2024-05-19,2024-05-19,64,64.0
PO_03103,PRD_1019,SUP_099,WH_011,2023-02-01,2023-02-07,,256,
PO_03104,PRD_1756,SUP_165,WH_011,2023-08-21,2023-08-30,2023-08-30,56,52.0
PO_03105,PRD_0674,SUP_068,WH_036,2024-07-26,2024-07-27,,139,
PO_03106,PRD_4922,SUP_045,WH_067,2022-06-12,2022-06-26,,396,
PO_03107,PRD_0422,SUP_069,WH_005,2024-01-03,2024-01-17,2024-01-17,100,100.0
PO_03108,PRD_2081,SUP_200,WH_057,2024-05-08,2024-05-12,2024-05-12,265,265.0
PO_03109,PRD_2727,SUP_065,WH_047,2025-10-12,2025-10-20,2025-10-20,280,280.0
PO_03110,PRD_2377,SUP_137,WH_028,2022-12-17,2022-12-19,2022-12-23,216,216.0
PO_03111,PRD_4968,SUP_021,WH_009,2022-08-02,2022-08-12,2022-08-17,394,394.0
PO_03112,PRD_0544,SUP_018,WH_071,2023-02-21,2023-02-27,2023-02-27,127,127.0
PO_03113,PRD_3407,SUP_121,WH_050,2022-12-14,2022-12-17,2022-12-17,168,168.0
PO_03114,PRD_2152,SUP_178,WH_080,2024-02-25,2024-03-04,2024-03-04,293,293.0
PO_03115,PRD_4203,SUP_093,WH_002,2025-05-02,2025-05-05,2025-05-05,357,357.0
PO_03116,PRD_4227,SUP_014,WH_064,2023-10-03,2023-10-16,2023-10-21,109,109.0
PO_03117,PRD_3713,SUP_011,WH_041,2022-12-06,2022-12-17,2022-12-17,109,109.0
PO_03118,PRD_3498,SUP_074,WH_019,2023-02-01,2023-02-15,2023-02-15,466,466.0
PO_03119,PRD_1553,SUP_123,WH_060,2025-02-26,2025-03-10,2025-03-12,233,187.0
PO_03120,PRD_2449,SUP_069,WH_051,2025-06-21,2025-07-05,,171,
PO_03121,PRD_4999,SUP_045,WH_068,2025-09-02,2025-09-16,2025-09-16,148,148.0
PO_03122,PRD_0239,SUP_065,WH_078,2023-06-02,2023-06-10,2023-06-11,408,408.0
PO_03123,PRD_0231,SUP_073,WH_074,2022-05-06,2022-05-18,2022-05-18,350,350.0
PO_03124,PRD_0448,SUP_169,WH_054,2024-11-20,2024-11-24,2024-11-29,359,359.0
PO_03125,PRD_2384,SUP_027,WH_052,2025-06-24,2025-07-06,2025-07-06,60,60.0
PO_03126,PRD_4358,SUP_119,WH_073,2024-10-03,2024-10-09,2024-10-09,313,313.0
PO_03127,PRD_2193,SUP_170,WH_035,2022-06-27,2022-07-05,2022-07-05,285,285.0
PO_03128,PRD_1987,SUP_149,WH_011,2025-08-20,2025-08-27,2025-09-03,387,387.0
PO_03129,PRD_2295,SUP_161,WH_018,2024-07-24,2024-07-29,2024-07-29,370,335.0
PO_03130,PRD_1416,SUP_040,WH_059,2025-02-15,2025-03-01,2025-03-01,489,489.0
PO_03131,PRD_4646,SUP_020,WH_006,2024-06-05,2024-06-07,2024-06-07,421,350.0
PO_03132,PRD_0656,SUP_018,WH_019,2025-01-17,2025-01-23,2025-01-30,479,479.0
PO_03133,PRD_0607,SUP_067,WH_044,2024-06-22,2024-06-26,2024-06-26,328,328.0
PO_03134,PRD_4160,SUP_065,WH_046,2025-06-02,2025-06-10,2025-06-12,152,152.0
PO_03135,PRD_2285,SUP_095,WH_005,2023-03-05,2023-03-07,2023-03-07,434,434.0
PO_03136,PRD_3177,SUP_004,WH_043,2022-11-19,2022-12-02,2022-12-06,349,349.0
PO_03137,PRD_0065,SUP_068,WH_001,2023-02-19,2023-02-20,2023-02-20,224,224.0
PO_03138,PRD_3703,SUP_153,WH_064,2022-08-03,2022-08-07,2022-08-07,394,297.0
PO_03139,PRD_0442,SUP_159,WH_006,2024-04-14,2024-04-26,2024-05-01,346,266.0
PO_03140,PRD_3531,SUP_069,WH_004,2022-12-15,2022-12-29,2022-12-29,169,169.0
PO_03141,PRD_3804,SUP_045,WH_066,2022-06-01,2022-06-15,2022-06-15,102,102.0
PO_03142,PRD_3492,SUP_120,WH_060,2025-11-10,2025-11-23,2025-11-23,146,146.0
PO_03143,PRD_2537,SUP_196,WH_055,2024-02-09,2024-02-22,2024-02-22,179,179.0
PO_03144,PRD_0636,SUP_156,WH_008,2024-03-14,2024-03-16,2024-03-16,99,99.0
PO_03145,PRD_1150,SUP_197,WH_028,2024-01-05,2024-01-14,2024-01-14,333,333.0
PO_03146,PRD_2900,SUP_200,WH_033,2024-01-23,2024-01-27,2024-01-27,493,493.0
PO_03147,PRD_3942,SUP_121,WH_031,2023-07-09,2023-07-12,2023-07-19,81,81.0
PO_03148,PRD_2809,SUP_141,WH_069,2024-04-03,2024-04-15,2024-04-23,361,361.0
PO_03149,PRD_2275,SUP_176,WH_044,2023-02-07,2023-02-18,2023-02-18,114,114.0
PO_03150,PRD_4469,SUP_121,WH_020,2022-09-18,2022-09-21,2022-09-27,278,278.0
PO_03151,PRD_1116,SUP_002,WH_011,2024-07-14,2024-07-15,2024-07-18,356,356.0
PO_03152,PRD_2996,SUP_195,WH_065,2023-04-05,2023-04-08,2023-04-08,144,144.0
PO_03153,PRD_1380,SUP_100,WH_027,2025-03-16,2025-03-23,2025-03-31,433,433.0
PO_03154,PRD_2190,SUP_176,WH_015,2022-11-10,2022-11-21,2022-11-29,346,346.0
PO_03155,PRD_2703,SUP_078,WH_060,2025-02-08,2025-02-09,2025-02-17,482,482.0
PO_03156,PRD_0480,SUP_105,WH_059,2024-04-02,2024-04-13,2024-04-13,258,258.0
PO_03157,PRD_1528,SUP_100,WH_039,2023-05-09,2023-05-16,2023-05-16,23,23.0
PO_03158,PRD_2815,SUP_149,WH_039,2024-08-10,2024-08-17,2024-08-17,132,132.0
PO_03159,PRD_2670,SUP_116,WH_078,2023-05-10,2023-05-19,2023-05-19,109,80.0
PO_03160,PRD_1889,SUP_058,WH_015,2022-11-26,2022-11-27,2022-11-27,426,426.0
PO_03161,PRD_3402,SUP_105,WH_068,2022-01-18,2022-01-29,2022-01-29,327,327.0
PO_03162,PRD_0340,SUP_003,WH_017,2023-09-11,2023-09-15,2023-09-15,245,245.0
PO_03163,PRD_2423,SUP_174,WH_041,2023-01-01,2023-01-09,2023-01-09,92,92.0
PO_03164,PRD_1891,SUP_101,WH_074,2025-01-15,2025-01-19,2025-01-19,279,279.0
PO_03165,PRD_4329,SUP_190,WH_037,2022-06-06,2022-06-08,2022-06-08,358,358.0
PO_03166,PRD_0816,SUP_105,WH_002,2024-08-01,2024-08-12,2024-08-12,220,192.0
PO_03167,PRD_2837,SUP_124,WH_072,2023-01-27,2023-02-07,2023-02-07,332,332.0
PO_03168,PRD_3902,SUP_163,WH_018,2025-09-16,2025-09-23,2025-09-23,429,429.0
PO_03169,PRD_3880,SUP_086,WH_045,2025-05-16,2025-05-18,2025-05-24,169,169.0
PO_03170,PRD_0582,SUP_067,WH_078,2022-06-17,2022-06-21,2022-06-23,276,276.0
PO_03171,PRD_0905,SUP_033,WH_001,2024-11-12,2024-11-26,2024-12-04,181,181.0
PO_03172,PRD_3596,SUP_177,WH_021,2023-10-26,2023-10-27,2023-10-27,264,264.0
PO_03173,PRD_4484,SUP_062,WH_004,2023-07-08,2023-07-16,,237,
PO_03174,PRD_4003,SUP_156,WH_032,2023-10-10,2023-10-12,2023-10-12,161,161.0
PO_03175,PRD_2520,SUP_069,WH_073,2024-09-17,2024-10-01,2024-10-01,102,94.0
PO_03176,PRD_2564,SUP_047,WH_075,2024-06-16,2024-06-20,,260,
PO_03177,PRD_0022,SUP_024,WH_015,2025-12-10,2025-12-19,2025-12-19,255,255.0
PO_03178,PRD_2189,SUP_078,WH_029,2023-12-19,2023-12-20,2023-12-20,281,281.0
PO_03179,PRD_1964,SUP_180,WH_045,2023-05-18,2023-05-24,2023-05-24,378,378.0
PO_03180,PRD_2731,SUP_200,WH_004,2024-05-24,2024-05-28,2024-06-02,137,137.0
PO_03181,PRD_0990,SUP_050,WH_066,2025-12-25,2025-12-28,2025-12-28,74,74.0
PO_03182,PRD_0034,SUP_176,WH_006,2022-09-15,2022-09-26,2022-09-26,192,139.0
PO_03183,PRD_1048,SUP_127,WH_008,2023-02-18,2023-02-28,2023-02-28,154,106.0
PO_03184,PRD_1367,SUP_074,WH_006,2023-05-05,2023-05-19,2023-05-19,436,436.0
PO_03185,PRD_2944,SUP_088,WH_050,2023-08-04,2023-08-10,2023-08-10,160,121.0
PO_03186,PRD_4680,SUP_186,WH_068,2022-04-18,2022-04-27,2022-04-29,127,127.0
PO_03187,PRD_0581,SUP_072,WH_058,2022-09-25,2022-09-29,2022-09-30,200,200.0
PO_03188,PRD_0755,SUP_108,WH_037,2024-07-21,2024-07-29,2024-07-29,318,318.0
PO_03189,PRD_2160,SUP_040,WH_060,2022-04-21,2022-05-05,2022-05-05,386,386.0
PO_03190,PRD_0817,SUP_032,WH_016,2024-08-03,2024-08-17,2024-08-17,105,105.0
PO_03191,PRD_0361,SUP_059,WH_051,2024-02-23,2024-02-26,2024-02-26,82,67.0
PO_03192,PRD_3301,SUP_068,WH_066,2024-05-15,2024-05-16,2024-05-16,263,263.0
PO_03193,PRD_2991,SUP_185,WH_060,2023-07-03,2023-07-17,2023-07-17,356,356.0
PO_03194,PRD_1498,SUP_192,WH_060,2023-12-02,2023-12-04,2023-12-04,163,163.0
PO_03195,PRD_3480,SUP_016,WH_003,2024-09-11,2024-09-22,,171,
PO_03196,PRD_1955,SUP_062,WH_045,2024-09-05,2024-09-13,2024-09-16,96,96.0
PO_03197,PRD_2788,SUP_079,WH_002,2022-02-22,2022-02-27,2022-02-27,341,341.0
PO_03198,PRD_1633,SUP_125,WH_017,2025-05-11,2025-05-15,2025-05-15,341,341.0
PO_03199,PRD_0499,SUP_018,WH_045,2023-06-24,2023-06-30,2023-07-06,95,95.0
PO_03200,PRD_0722,SUP_174,WH_055,2025-03-24,2025-04-01,2025-04-01,453,453.0
PO_03201,PRD_2572,SUP_127,WH_056,2022-06-17,2022-06-27,2022-06-27,499,499.0
PO_03202,PRD_3406,SUP_177,WH_049,2025-01-03,2025-01-04,,49,
PO_03203,PRD_3825,SUP_011,WH_051,2024-10-22,2024-11-02,2024-11-02,50,50.0
PO_03204,PRD_2084,SUP_028,WH_053,2024-05-24,2024-06-05,2024-06-05,363,363.0
PO_03205,PRD_2278,SUP_063,WH_022,2022-09-04,2022-09-15,2022-09-15,161,161.0
PO_03206,PRD_0143,SUP_109,WH_001,2022-04-07,2022-04-12,2022-04-12,367,367.0
PO_03207,PRD_0899,SUP_078,WH_028,2022-06-11,2022-06-12,2022-06-12,350,350.0
PO_03208,PRD_2156,SUP_008,WH_025,2023-07-19,2023-07-26,2023-07-26,342,342.0
PO_03209,PRD_0800,SUP_032,WH_003,2022-01-22,2022-02-05,2022-02-05,174,174.0
PO_03210,PRD_1461,SUP_062,WH_025,2023-07-03,2023-07-11,2023-07-11,249,161.0
PO_03211,PRD_4442,SUP_190,WH_029,2023-10-14,2023-10-16,2023-10-16,182,182.0
PO_03212,PRD_1348,SUP_188,WH_019,2022-06-11,2022-06-20,2022-06-20,91,91.0
PO_03213,PRD_1928,SUP_047,WH_035,2025-08-21,2025-08-25,,482,
PO_03214,PRD_2700,SUP_095,WH_006,2025-02-03,2025-02-05,2025-02-07,323,323.0
PO_03215,PRD_3857,SUP_083,WH_064,2025-01-05,2025-01-16,2025-01-16,470,470.0
PO_03216,PRD_3454,SUP_116,WH_056,2024-02-14,2024-02-23,2024-02-26,193,193.0
PO_03217,PRD_0414,SUP_086,WH_005,2023-01-18,2023-01-20,2023-01-22,150,150.0
PO_03218,PRD_0707,SUP_165,WH_016,2022-06-24,2022-07-03,2022-07-03,320,320.0
PO_03219,PRD_2197,SUP_145,WH_064,2025-04-18,2025-04-25,2025-04-25,150,150.0
PO_03220,PRD_1764,SUP_047,WH_027,2024-02-01,2024-02-05,2024-02-05,165,165.0
PO_03221,PRD_4735,SUP_125,WH_011,2022-08-21,2022-08-25,2022-08-25,127,94.0
PO_03222,PRD_4824,SUP_128,WH_050,2024-04-23,2024-04-26,2024-04-26,299,299.0
PO_03223,PRD_0707,SUP_165,WH_041,2024-10-01,2024-10-10,,499,
PO_03224,PRD_2848,SUP_004,WH_045,2025-06-03,2025-06-16,,108,
PO_03225,PRD_4307,SUP_024,WH_007,2022-08-25,2022-09-03,2022-09-03,141,141.0
PO_03226,PRD_3036,SUP_021,WH_064,2022-09-05,2022-09-15,2022-09-15,339,339.0
PO_03227,PRD_0808,SUP_171,WH_028,2022-11-21,2022-11-27,,78,
PO_03228,PRD_0899,SUP_078,WH_066,2022-05-12,2022-05-13,2022-05-13,65,65.0
PO_03229,PRD_4519,SUP_085,WH_018,2023-10-13,2023-10-15,2023-10-15,77,77.0
PO_03230,PRD_4404,SUP_107,WH_036,2023-05-16,2023-05-22,2023-05-22,345,345.0
PO_03231,PRD_2619,SUP_146,WH_003,2022-12-25,2023-01-08,2023-01-11,362,362.0
PO_03232,PRD_4438,SUP_077,WH_012,2022-05-26,2022-05-29,2022-05-29,60,60.0
PO_03233,PRD_2444,SUP_046,WH_014,2022-05-11,2022-05-20,2022-05-20,249,249.0
PO_03234,PRD_1850,SUP_110,WH_021,2025-01-09,2025-01-13,2025-01-13,475,475.0
PO_03235,PRD_2648,SUP_108,WH_059,2023-07-05,2023-07-13,2023-07-14,490,490.0
PO_03236,PRD_3677,SUP_192,WH_032,2024-12-08,2024-12-10,2024-12-10,387,387.0
PO_03237,PRD_0312,SUP_020,WH_009,2023-03-03,2023-03-05,,474,
PO_03238,PRD_0387,SUP_168,WH_055,2023-05-16,2023-05-19,2023-05-19,254,254.0
PO_03239,PRD_2835,SUP_153,WH_038,2024-09-01,2024-09-05,2024-09-05,381,381.0
PO_03240,PRD_3985,SUP_027,WH_011,2022-01-21,2022-02-02,2022-02-09,267,267.0
PO_03241,PRD_0648,SUP_103,WH_005,2024-03-25,2024-04-05,2024-04-05,216,216.0
PO_03242,PRD_1352,SUP_055,WH_062,2024-12-10,2024-12-19,2024-12-19,227,227.0
PO_03243,PRD_4898,SUP_012,WH_078,2023-08-08,2023-08-21,2023-08-21,487,487.0
PO_03244,PRD_3558,SUP_024,WH_003,2022-04-09,2022-04-18,2022-04-18,305,305.0
PO_03245,PRD_3181,SUP_088,WH_002,2023-10-02,2023-10-08,2023-10-08,80,80.0
PO_03246,PRD_3301,SUP_068,WH_013,2022-08-13,2022-08-14,2022-08-22,134,134.0
PO_03247,PRD_4556,SUP_020,WH_024,2023-02-01,2023-02-03,2023-02-03,93,79.0
PO_03248,PRD_0713,SUP_018,WH_003,2023-01-18,2023-01-24,2023-01-24,154,154.0
PO_03249,PRD_3529,SUP_024,WH_039,2022-11-17,2022-11-26,2022-11-30,407,407.0
PO_03250,PRD_1946,SUP_056,WH_003,2023-08-02,2023-08-16,2023-08-16,429,429.0
PO_03251,PRD_1624,SUP_008,WH_049,2025-03-14,2025-03-21,2025-03-22,106,106.0
PO_03252,PRD_4738,SUP_018,WH_018,2024-01-08,2024-01-14,,185,
PO_03253,PRD_4110,SUP_194,WH_076,2023-07-02,2023-07-08,,297,
PO_03254,PRD_3343,SUP_030,WH_075,2022-03-09,2022-03-21,2022-03-29,216,216.0
PO_03255,PRD_0984,SUP_104,WH_061,2025-06-04,2025-06-12,2025-06-12,204,204.0
PO_03256,PRD_3539,SUP_032,WH_028,2022-01-15,2022-01-29,2022-01-29,46,46.0
PO_03257,PRD_2252,SUP_095,WH_076,2024-03-11,2024-03-13,2024-03-13,470,470.0
PO_03258,PRD_1390,SUP_174,WH_023,2025-06-19,2025-06-27,2025-07-03,388,388.0
PO_03259,PRD_4652,SUP_105,WH_074,2024-05-13,2024-05-24,2024-05-24,132,132.0
PO_03260,PRD_2811,SUP_012,WH_068,2023-02-10,2023-02-23,2023-02-23,75,52.0
PO_03261,PRD_1624,SUP_008,WH_045,2025-02-12,2025-02-19,2025-02-19,47,47.0
PO_03262,PRD_4521,SUP_021,WH_059,2022-05-04,2022-05-14,,459,
PO_03263,PRD_3017,SUP_075,WH_052,2025-09-04,2025-09-11,2025-09-11,148,148.0
PO_03264,PRD_2081,SUP_200,WH_038,2024-09-17,2024-09-21,2024-09-21,487,487.0
PO_03265,PRD_0322,SUP_175,WH_065,2024-10-17,2024-10-21,2024-10-21,214,214.0
PO_03266,PRD_2378,SUP_089,WH_072,2024-07-03,2024-07-10,2024-07-10,89,89.0
PO_03267,PRD_0700,SUP_030,WH_078,2023-04-06,2023-04-18,2023-04-18,364,364.0
PO_03268,PRD_3610,SUP_070,WH_021,2025-07-01,2025-07-02,2025-07-02,187,187.0
PO_03269,PRD_3625,SUP_079,WH_065,2025-04-24,2025-04-29,2025-04-29,482,482.0
PO_03270,PRD_4069,SUP_069,WH_075,2024-10-12,2024-10-26,,465,
PO_03271,PRD_1540,SUP_108,WH_018,2022-03-27,2022-04-04,2022-04-04,96,96.0
PO_03272,PRD_4563,SUP_020,WH_012,2023-03-03,2023-03-05,2023-03-05,199,199.0
PO_03273,PRD_4023,SUP_197,WH_058,2024-12-18,2024-12-27,2024-12-27,48,44.0
PO_03274,PRD_1851,SUP_055,WH_037,2022-11-22,2022-12-01,,463,
PO_03275,PRD_0357,SUP_168,WH_023,2022-01-07,2022-01-10,2022-01-13,65,65.0
PO_03276,PRD_1793,SUP_035,WH_056,2025-06-25,2025-07-05,2025-07-08,55,55.0
PO_03277,PRD_3728,SUP_196,WH_034,2023-08-05,2023-08-18,2023-08-21,278,278.0
PO_03278,PRD_0544,SUP_018,WH_065,2022-06-10,2022-06-16,2022-06-16,74,74.0
PO_03279,PRD_0148,SUP_109,WH_008,2022-06-24,2022-06-29,2022-07-01,393,245.0
PO_03280,PRD_0740,SUP_131,WH_030,2024-01-21,2024-01-28,,431,
PO_03281,PRD_1957,SUP_056,WH_008,2024-06-22,2024-07-06,2024-07-06,79,79.0
PO_03282,PRD_1381,SUP_192,WH_016,2023-01-23,2023-01-25,2023-01-25,499,499.0
PO_03283,PRD_0151,SUP_042,WH_033,2025-09-11,2025-09-12,2025-09-12,331,267.0
PO_03284,PRD_2026,SUP_006,WH_074,2025-10-03,2025-10-17,2025-10-21,235,235.0
PO_03285,PRD_4576,SUP_112,WH_010,2023-12-01,2023-12-07,2023-12-07,238,238.0
PO_03286,PRD_4031,SUP_069,WH_019,2022-10-25,2022-11-08,2022-11-08,307,307.0
PO_03287,PRD_3673,SUP_120,WH_054,2023-08-26,2023-09-08,2023-09-08,87,87.0
PO_03288,PRD_0619,SUP_176,WH_067,2022-11-09,2022-11-20,2022-11-20,109,109.0
PO_03289,PRD_2542,SUP_084,WH_055,2024-05-06,2024-05-07,2024-05-07,307,307.0
PO_03290,PRD_3059,SUP_077,WH_070,2024-07-09,2024-07-12,,30,
PO_03291,PRD_1607,SUP_100,WH_027,2024-01-11,2024-01-18,,76,
PO_03292,PRD_3254,SUP_009,WH_043,2023-02-26,2023-03-05,,499,
PO_03293,PRD_3631,SUP_113,WH_040,2022-01-21,2022-01-27,,108,
PO_03294,PRD_3993,SUP_083,WH_006,2025-01-02,2025-01-13,2025-01-13,190,190.0
PO_03295,PRD_4838,SUP_043,WH_014,2024-10-12,2024-10-21,2024-10-21,437,437.0
PO_03296,PRD_0973,SUP_032,WH_078,2022-09-27,2022-10-11,2022-10-16,241,241.0
PO_03297,PRD_0123,SUP_053,WH_066,2025-10-24,2025-11-01,,181,
PO_03298,PRD_1837,SUP_119,WH_029,2025-10-03,2025-10-09,2025-10-09,96,96.0
PO_03299,PRD_3080,SUP_026,WH_045,2024-08-13,2024-08-19,2024-08-19,331,331.0
PO_03300,PRD_4381,SUP_097,WH_075,2023-07-01,2023-07-13,2023-07-13,27,27.0
PO_03301,PRD_1111,SUP_189,WH_049,2022-07-21,2022-08-03,,392,
PO_03302,PRD_3303,SUP_019,WH_053,2023-12-17,2023-12-29,2023-12-29,274,274.0
PO_03303,PRD_3155,SUP_113,WH_074,2022-10-03,2022-10-09,2022-10-09,47,47.0
PO_03304,PRD_3749,SUP_027,WH_058,2024-05-11,2024-05-23,2024-05-23,235,235.0
PO_03305,PRD_4116,SUP_004,WH_055,2025-07-23,2025-08-05,,189,
PO_03306,PRD_3087,SUP_026,WH_046,2025-10-26,2025-11-01,,368,
PO_03307,PRD_3736,SUP_112,WH_038,2024-04-10,2024-04-16,2024-04-16,407,407.0
PO_03308,PRD_3041,SUP_030,WH_077,2023-06-10,2023-06-22,2023-06-22,407,407.0
PO_03309,PRD_2620,SUP_084,WH_077,2024-02-23,2024-02-24,,214,
PO_03310,PRD_3801,SUP_086,WH_063,2025-05-09,2025-05-11,2025-05-11,135,135.0
PO_03311,PRD_4154,SUP_119,WH_003,2025-05-16,2025-05-22,2025-05-25,292,292.0
PO_03312,PRD_0279,SUP_106,WH_053,2024-04-09,2024-04-10,2024-04-10,443,443.0
PO_03313,PRD_2034,SUP_006,WH_061,2023-06-04,2023-06-18,2023-06-18,243,243.0
PO_03314,PRD_4637,SUP_182,WH_031,2024-05-26,2024-05-30,2024-05-30,444,444.0
PO_03315,PRD_0765,SUP_054,WH_023,2025-04-16,2025-04-27,2025-04-27,208,208.0
PO_03316,PRD_3313,SUP_181,WH_044,2022-07-11,2022-07-19,,378,
PO_03317,PRD_3677,SUP_192,WH_007,2023-03-17,2023-03-19,2023-03-19,47,47.0
PO_03318,PRD_4462,SUP_058,WH_048,2022-06-19,2022-06-20,2022-06-20,68,68.0
PO_03319,PRD_2945,SUP_062,WH_020,2025-12-13,2025-12-21,2025-12-24,377,377.0
PO_03320,PRD_1722,SUP_098,WH_018,2022-05-01,2022-05-11,2022-05-14,438,438.0
PO_03321,PRD_2722,SUP_122,WH_066,2024-06-04,2024-06-08,2024-06-08,443,443.0
PO_03322,PRD_4783,SUP_008,WH_022,2024-08-12,2024-08-19,2024-08-19,266,266.0
PO_03323,PRD_0124,SUP_065,WH_022,2023-12-13,2023-12-21,,433,
PO_03324,PRD_1282,SUP_105,WH_076,2025-01-09,2025-01-20,,378,
PO_03325,PRD_2839,SUP_079,WH_043,2023-08-25,2023-08-30,2023-08-30,162,162.0
PO_03326,PRD_4096,SUP_119,WH_051,2022-08-22,2022-08-28,2022-08-28,163,163.0
PO_03327,PRD_4195,SUP_106,WH_067,2025-09-08,2025-09-09,,427,
PO_03328,PRD_4404,SUP_107,WH_028,2025-03-16,2025-03-22,2025-03-22,397,397.0
PO_03329,PRD_3594,SUP_019,WH_077,2022-07-16,2022-07-28,,404,
PO_03330,PRD_4769,SUP_008,WH_009,2023-11-18,2023-11-25,2023-11-25,436,436.0
PO_03331,PRD_0084,SUP_185,WH_054,2022-04-07,2022-04-21,2022-04-26,249,249.0
PO_03332,PRD_0681,SUP_165,WH_045,2025-07-24,2025-08-02,2025-08-02,27,27.0
PO_03333,PRD_2512,SUP_124,WH_038,2025-12-16,2025-12-27,2025-12-27,214,214.0
PO_03334,PRD_4031,SUP_069,WH_040,2024-06-13,2024-06-27,2024-06-27,33,33.0
PO_03335,PRD_4473,SUP_138,WH_037,2022-11-08,2022-11-16,2022-11-16,102,102.0
PO_03336,PRD_1017,SUP_050,WH_015,2023-11-25,2023-11-28,2023-11-28,312,312.0
PO_03337,PRD_1298,SUP_171,WH_038,2023-04-23,2023-04-29,2023-04-29,84,84.0
PO_03338,PRD_4799,SUP_012,WH_049,2022-12-09,2022-12-22,2022-12-22,358,358.0
PO_03339,PRD_3062,SUP_021,WH_007,2022-07-07,2022-07-17,2022-07-17,481,481.0
PO_03340,PRD_3421,SUP_170,WH_019,2023-02-13,2023-02-21,2023-02-21,303,303.0
PO_03341,PRD_3210,SUP_030,WH_059,2024-12-13,2024-12-25,2025-01-01,22,15.0
PO_03342,PRD_4972,SUP_157,WH_049,2025-12-21,2025-12-22,2025-12-24,145,145.0
PO_03343,PRD_0466,SUP_111,WH_011,2025-02-16,2025-02-18,2025-02-18,371,371.0
PO_03344,PRD_0828,SUP_001,WH_048,2025-09-22,2025-09-29,2025-09-29,164,164.0
PO_03345,PRD_3677,SUP_192,WH_008,2022-08-18,2022-08-20,2022-08-27,230,230.0
PO_03346,PRD_0628,SUP_018,WH_066,2025-08-01,2025-08-07,2025-08-07,189,189.0
PO_03347,PRD_0060,SUP_176,WH_035,2025-01-07,2025-01-18,2025-01-18,396,396.0
PO_03348,PRD_4689,SUP_170,WH_077,2022-08-10,2022-08-18,2022-08-24,350,350.0
PO_03349,PRD_3903,SUP_083,WH_011,2023-08-01,2023-08-12,2023-08-12,60,60.0
PO_03350,PRD_4509,SUP_018,WH_003,2024-06-19,2024-06-25,2024-06-30,211,206.0
PO_03351,PRD_0858,SUP_018,WH_072,2023-04-21,2023-04-27,2023-04-27,279,279.0
PO_03352,PRD_2566,SUP_055,WH_005,2024-07-15,2024-07-24,2024-07-29,425,425.0
PO_03353,PRD_0893,SUP_080,WH_012,2023-05-13,2023-05-14,2023-05-14,482,482.0
PO_03354,PRD_3953,SUP_072,WH_033,2024-09-19,2024-09-23,2024-09-23,406,406.0
PO_03355,PRD_2830,SUP_059,WH_047,2024-12-14,2024-12-17,2024-12-17,443,296.0
PO_03356,PRD_1502,SUP_148,WH_032,2023-04-24,2023-04-27,2023-04-27,30,30.0
PO_03357,PRD_2788,SUP_079,WH_047,2024-01-19,2024-01-24,2024-01-24,183,183.0
PO_03358,PRD_2472,SUP_182,WH_080,2023-02-07,2023-02-11,,399,
PO_03359,PRD_0714,SUP_049,WH_045,2024-08-18,2024-08-27,2024-08-27,380,380.0
PO_03360,PRD_0193,SUP_184,WH_026,2025-08-20,2025-08-23,2025-08-23,329,329.0
PO_03361,PRD_3376,SUP_117,WH_040,2025-05-22,2025-06-03,2025-06-03,133,133.0
PO_03362,PRD_0447,SUP_033,WH_058,2025-05-01,2025-05-15,,298,
PO_03363,PRD_2414,SUP_145,WH_034,2023-04-04,2023-04-11,2023-04-15,262,258.0
PO_03364,PRD_2598,SUP_108,WH_001,2022-06-26,2022-07-04,2022-07-12,148,148.0
PO_03365,PRD_3386,SUP_051,WH_047,2023-07-09,2023-07-16,2023-07-16,233,233.0
PO_03366,PRD_0162,SUP_065,WH_051,2023-05-11,2023-05-19,2023-05-19,280,280.0
PO_03367,PRD_3932,SUP_196,WH_063,2023-02-10,2023-02-23,2023-02-23,393,257.0
PO_03368,PRD_1704,SUP_140,WH_034,2023-05-10,2023-05-21,2023-05-29,438,438.0
PO_03369,PRD_1227,SUP_127,WH_036,2025-05-11,2025-05-21,2025-05-21,70,70.0
PO_03370,PRD_3549,SUP_113,WH_036,2022-11-14,2022-11-20,2022-11-20,355,301.0
PO_03371,PRD_2592,SUP_119,WH_028,2023-03-03,2023-03-09,2023-03-09,84,61.0
PO_03372,PRD_0142,SUP_054,WH_034,2024-11-13,2024-11-24,2024-12-02,321,321.0
PO_03373,PRD_0622,SUP_165,WH_067,2023-12-06,2023-12-15,2023-12-15,57,57.0
PO_03374,PRD_3102,SUP_039,WH_027,2024-06-09,2024-06-16,2024-06-16,104,104.0
PO_03375,PRD_2110,SUP_028,WH_052,2023-12-27,2024-01-08,2024-01-08,324,324.0
PO_03376,PRD_1675,SUP_193,WH_019,2022-01-14,2022-01-16,2022-01-16,245,217.0
PO_03377,PRD_0283,SUP_106,WH_039,2022-05-07,2022-05-08,,453,
PO_03378,PRD_4775,SUP_145,WH_014,2023-03-09,2023-03-16,,125,
PO_03379,PRD_1417,SUP_067,WH_055,2023-04-21,2023-04-25,2023-04-25,497,497.0
PO_03380,PRD_2296,SUP_148,WH_031,2025-05-12,2025-05-15,2025-05-15,96,96.0
PO_03381,PRD_3868,SUP_069,WH_004,2023-02-13,2023-02-27,2023-02-27,199,199.0
PO_03382,PRD_4718,SUP_152,WH_021,2024-11-18,2024-11-27,2024-11-27,227,227.0
PO_03383,PRD_4962,SUP_096,WH_013,2022-05-23,2022-05-28,2022-05-28,29,29.0
PO_03384,PRD_1959,SUP_167,WH_073,2023-07-15,2023-07-18,2023-07-18,414,414.0
PO_03385,PRD_1998,SUP_080,WH_051,2023-08-27,2023-08-28,,196,
PO_03386,PRD_1042,SUP_173,WH_041,2024-01-07,2024-01-08,2024-01-08,104,104.0
PO_03387,PRD_4526,SUP_106,WH_055,2023-10-18,2023-10-19,2023-10-19,154,154.0
PO_03388,PRD_0981,SUP_080,WH_015,2022-04-14,2022-04-15,2022-04-15,203,203.0
PO_03389,PRD_4977,SUP_063,WH_022,2024-03-08,2024-03-19,2024-03-19,197,197.0
PO_03390,PRD_0886,SUP_001,WH_018,2024-04-10,2024-04-17,2024-04-17,118,118.0
PO_03391,PRD_1736,SUP_090,WH_001,2025-08-06,2025-08-11,2025-08-11,294,294.0
PO_03392,PRD_1958,SUP_011,WH_069,2024-04-03,2024-04-14,,101,
PO_03393,PRD_0924,SUP_130,WH_066,2025-08-02,2025-08-06,2025-08-10,236,236.0
PO_03394,PRD_1393,SUP_067,WH_035,2024-11-06,2024-11-10,2024-11-10,422,422.0
PO_03395,PRD_4674,SUP_068,WH_012,2024-04-27,2024-04-28,2024-04-28,242,242.0
PO_03396,PRD_4695,SUP_113,WH_056,2022-08-02,2022-08-08,2022-08-13,496,496.0
PO_03397,PRD_0700,SUP_030,WH_013,2024-10-06,2024-10-18,2024-10-18,129,129.0
PO_03398,PRD_1224,SUP_194,WH_031,2022-01-09,2022-01-15,2022-01-15,221,221.0
PO_03399,PRD_2673,SUP_049,WH_073,2025-06-21,2025-06-30,,414,
PO_03400,PRD_1007,SUP_148,WH_032,2023-03-09,2023-03-12,2023-03-12,479,479.0
PO_03401,PRD_0675,SUP_066,WH_048,2025-06-16,2025-06-25,2025-06-25,32,32.0
PO_03402,PRD_4452,SUP_040,WH_059,2023-02-16,2023-03-02,2023-03-02,188,188.0
PO_03403,PRD_2901,SUP_059,WH_003,2023-10-12,2023-10-15,2023-10-15,216,216.0
PO_03404,PRD_0230,SUP_012,WH_074,2024-02-09,2024-02-22,,389,
PO_03405,PRD_2079,SUP_186,WH_014,2025-11-27,2025-12-06,2025-12-06,340,340.0
PO_03406,PRD_4067,SUP_125,WH_012,2024-03-23,2024-03-27,2024-03-27,41,41.0
PO_03407,PRD_1359,SUP_116,WH_069,2024-02-25,2024-03-05,2024-03-05,373,373.0
PO_03408,PRD_0636,SUP_156,WH_069,2023-01-27,2023-01-29,2023-01-29,360,360.0
PO_03409,PRD_3164,SUP_174,WH_071,2024-03-25,2024-04-02,2024-04-03,343,343.0
PO_03410,PRD_3279,SUP_019,WH_025,2024-03-11,2024-03-23,2024-03-23,111,111.0
PO_03411,PRD_0033,SUP_030,WH_028,2024-04-18,2024-04-30,2024-04-30,385,385.0
PO_03412,PRD_2334,SUP_161,WH_057,2022-09-15,2022-09-20,2022-09-20,123,80.0
PO_03413,PRD_1331,SUP_144,WH_028,2025-08-14,2025-08-16,2025-08-16,377,377.0
PO_03414,PRD_2067,SUP_186,WH_021,2022-07-27,2022-08-05,2022-08-05,450,450.0
PO_03415,PRD_4557,SUP_040,WH_028,2023-12-05,2023-12-19,2023-12-19,361,361.0
PO_03416,PRD_1299,SUP_185,WH_044,2024-05-26,2024-06-09,,415,
PO_03417,PRD_2060,SUP_033,WH_014,2024-05-26,2024-06-09,2024-06-09,404,404.0
PO_03418,PRD_4272,SUP_038,WH_063,2022-10-06,2022-10-15,2022-10-15,171,171.0
PO_03419,PRD_3907,SUP_150,WH_045,2025-07-21,2025-08-02,2025-08-02,277,277.0
PO_03420,PRD_3815,SUP_167,WH_037,2022-12-02,2022-12-05,2022-12-05,177,177.0
PO_03421,PRD_2558,SUP_088,WH_028,2022-01-19,2022-01-25,2022-01-25,209,125.0
PO_03422,PRD_2820,SUP_073,WH_059,2022-12-20,2023-01-01,,206,
PO_03423,PRD_4803,SUP_157,WH_039,2025-06-05,2025-06-06,2025-06-06,458,367.0
PO_03424,PRD_2636,SUP_158,WH_024,2024-10-27,2024-11-10,2024-11-10,328,328.0
PO_03425,PRD_4744,SUP_060,WH_032,2023-01-09,2023-01-19,2023-01-19,133,133.0
PO_03426,PRD_2201,SUP_031,WH_069,2024-03-26,2024-03-30,2024-03-30,393,393.0
PO_03427,PRD_3066,SUP_153,WH_016,2025-05-06,2025-05-10,2025-05-10,209,209.0
PO_03428,PRD_2616,SUP_143,WH_001,2023-05-25,2023-06-03,2023-06-03,192,192.0
PO_03429,PRD_4946,SUP_045,WH_058,2025-08-17,2025-08-31,2025-08-31,273,273.0
PO_03430,PRD_2162,SUP_064,WH_064,2022-02-05,2022-02-11,2022-02-13,457,457.0
PO_03431,PRD_0991,SUP_185,WH_042,2022-01-12,2022-01-26,2022-01-26,225,174.0
PO_03432,PRD_3506,SUP_111,WH_055,2022-11-26,2022-11-28,2022-12-02,243,243.0
PO_03433,PRD_0005,SUP_042,WH_014,2023-05-18,2023-05-19,2023-05-19,412,412.0
PO_03434,PRD_1534,SUP_008,WH_004,2022-10-21,2022-10-28,2022-10-28,200,200.0
PO_03435,PRD_3675,SUP_019,WH_057,2025-01-26,2025-02-07,2025-02-07,127,127.0
PO_03436,PRD_2337,SUP_170,WH_071,2024-04-23,2024-05-01,2024-05-01,369,279.0
PO_03437,PRD_4244,SUP_178,WH_033,2024-07-11,2024-07-19,2024-07-19,119,95.0
PO_03438,PRD_0960,SUP_094,WH_045,2025-12-06,2025-12-20,2025-12-21,180,180.0
PO_03439,PRD_1948,SUP_178,WH_001,2023-01-15,2023-01-23,2023-01-23,52,52.0
PO_03440,PRD_1094,SUP_051,WH_007,2023-08-09,2023-08-16,2023-08-16,370,370.0
PO_03441,PRD_0386,SUP_038,WH_066,2023-01-23,2023-02-01,2023-02-03,305,305.0
PO_03442,PRD_4115,SUP_117,WH_001,2024-10-26,2024-11-07,2024-11-07,391,391.0
PO_03443,PRD_1495,SUP_192,WH_022,2022-11-25,2022-11-27,2022-11-27,163,163.0
PO_03444,PRD_1060,SUP_189,WH_046,2022-01-07,2022-01-20,2022-01-27,65,44.0
PO_03445,PRD_4861,SUP_012,WH_036,2024-10-17,2024-10-30,2024-10-30,100,100.0
PO_03446,PRD_2831,SUP_048,WH_034,2023-08-11,2023-08-24,2023-08-24,358,339.0
PO_03447,PRD_0407,SUP_010,WH_021,2024-02-20,2024-03-04,2024-03-04,155,155.0
PO_03448,PRD_1071,SUP_163,WH_076,2024-09-13,2024-09-20,2024-09-20,110,110.0
PO_03449,PRD_1373,SUP_185,WH_041,2023-07-15,2023-07-29,2023-07-30,322,271.0
PO_03450,PRD_1375,SUP_107,WH_022,2023-10-14,2023-10-20,2023-10-20,281,281.0
PO_03451,PRD_1116,SUP_002,WH_047,2023-07-20,2023-07-21,2023-07-21,24,24.0
PO_03452,PRD_4675,SUP_039,WH_066,2023-09-20,2023-09-27,2023-09-27,423,423.0
PO_03453,PRD_2054,SUP_040,WH_028,2024-01-27,2024-02-10,2024-02-18,170,170.0
PO_03454,PRD_1901,SUP_110,WH_023,2025-02-20,2025-02-24,,32,
PO_03455,PRD_1399,SUP_061,WH_039,2023-04-10,2023-04-22,2023-04-28,477,324.0
PO_03456,PRD_3833,SUP_024,WH_061,2024-04-19,2024-04-28,2024-04-28,199,159.0
PO_03457,PRD_3942,SUP_121,WH_069,2023-12-27,2023-12-30,2024-01-06,426,273.0
PO_03458,PRD_2844,SUP_104,WH_007,2025-03-05,2025-03-13,,107,
PO_03459,PRD_3112,SUP_004,WH_070,2022-06-09,2022-06-22,,316,
PO_03460,PRD_2686,SUP_125,WH_019,2023-12-16,2023-12-20,2023-12-20,67,44.0
PO_03461,PRD_4179,SUP_083,WH_072,2022-08-01,2022-08-12,2022-08-12,238,238.0
PO_03462,PRD_4718,SUP_152,WH_021,2024-06-08,2024-06-17,2024-06-17,387,365.0
PO_03463,PRD_2676,SUP_188,WH_015,2023-10-22,2023-10-31,2023-10-31,55,44.0
PO_03464,PRD_1531,SUP_155,WH_018,2024-07-16,2024-07-17,2024-07-17,84,84.0
PO_03465,PRD_3140,SUP_068,WH_006,2025-03-15,2025-03-16,2025-03-21,204,204.0
PO_03466,PRD_3742,SUP_163,WH_038,2023-04-08,2023-04-15,2023-04-15,415,415.0
PO_03467,PRD_0843,SUP_045,WH_057,2024-10-14,2024-10-28,2024-11-03,355,355.0
PO_03468,PRD_0512,SUP_179,WH_031,2025-04-24,2025-04-28,,390,
PO_03469,PRD_3324,SUP_009,WH_038,2024-09-08,2024-09-15,2024-09-15,439,439.0
PO_03470,PRD_4001,SUP_080,WH_032,2025-03-13,2025-03-14,2025-03-14,343,343.0
PO_03471,PRD_0176,SUP_053,WH_014,2025-11-16,2025-11-24,2025-11-28,482,482.0
PO_03472,PRD_3491,SUP_043,WH_065,2023-06-15,2023-06-24,2023-06-24,288,288.0
PO_03473,PRD_2205,SUP_063,WH_030,2024-03-12,2024-03-23,2024-03-23,127,127.0
PO_03474,PRD_3618,SUP_011,WH_070,2022-08-08,2022-08-19,2022-08-19,480,480.0
PO_03475,PRD_4017,SUP_049,WH_010,2024-12-16,2024-12-25,2024-12-25,456,456.0
PO_03476,PRD_1509,SUP_192,WH_073,2024-04-09,2024-04-11,2024-04-11,423,423.0
PO_03477,PRD_4874,SUP_114,WH_042,2025-02-19,2025-03-02,2025-03-02,192,143.0
PO_03478,PRD_4764,SUP_077,WH_039,2024-11-24,2024-11-27,2024-11-27,46,46.0
PO_03479,PRD_4069,SUP_069,WH_007,2023-08-07,2023-08-21,2023-08-27,468,468.0
PO_03480,PRD_4917,SUP_159,WH_011,2025-11-01,2025-11-13,2025-11-13,498,498.0
PO_03481,PRD_0386,SUP_038,WH_030,2023-09-17,2023-09-26,2023-09-26,264,264.0
PO_03482,PRD_1825,SUP_047,WH_045,2025-04-06,2025-04-10,,340,
PO_03483,PRD_1217,SUP_007,WH_015,2024-03-21,2024-03-26,,181,
PO_03484,PRD_3852,SUP_072,WH_023,2022-09-08,2022-09-12,2022-09-19,230,143.0
PO_03485,PRD_2773,SUP_141,WH_012,2025-06-08,2025-06-20,2025-06-20,150,150.0
PO_03486,PRD_4451,SUP_035,WH_056,2024-12-20,2024-12-30,2024-12-30,155,155.0
PO_03487,PRD_0903,SUP_104,WH_035,2024-10-27,2024-11-04,2024-11-04,301,301.0
PO_03488,PRD_0463,SUP_121,WH_049,2024-08-22,2024-08-25,2024-09-01,141,141.0
PO_03489,PRD_1195,SUP_080,WH_015,2023-06-09,2023-06-10,2023-06-13,363,363.0
PO_03490,PRD_4276,SUP_063,WH_065,2024-12-09,2024-12-20,,447,
PO_03491,PRD_2769,SUP_142,WH_079,2023-11-19,2023-11-28,,462,
PO_03492,PRD_2104,SUP_062,WH_077,2022-05-10,2022-05-18,2022-05-18,348,240.0
PO_03493,PRD_1212,SUP_131,WH_050,2022-04-12,2022-04-19,2022-04-19,350,350.0
PO_03494,PRD_0964,SUP_084,WH_061,2022-12-13,2022-12-14,2022-12-18,143,143.0
PO_03495,PRD_3195,SUP_151,WH_055,2024-09-22,2024-10-02,2024-10-02,445,432.0
PO_03496,PRD_1828,SUP_196,WH_012,2024-10-15,2024-10-28,2024-11-03,392,392.0
PO_03497,PRD_2162,SUP_064,WH_003,2025-02-02,2025-02-08,2025-02-08,311,311.0
PO_03498,PRD_0761,SUP_146,WH_073,2022-05-19,2022-06-02,,162,
PO_03499,PRD_4480,SUP_149,WH_008,2025-12-16,2025-12-23,2025-12-23,446,446.0
PO_03500,PRD_0040,SUP_155,WH_053,2024-09-16,2024-09-17,2024-09-17,361,329.0
PO_03501,PRD_2243,SUP_161,WH_035,2025-01-05,2025-01-10,2025-01-10,463,463.0
PO_03502,PRD_2176,SUP_184,WH_073,2024-07-18,2024-07-21,2024-07-21,147,147.0
PO_03503,PRD_4210,SUP_104,WH_078,2023-01-12,2023-01-20,2023-01-20,383,383.0
PO_03504,PRD_4746,SUP_068,WH_063,2022-02-21,2022-02-22,2022-02-22,205,205.0
PO_03505,PRD_2669,SUP_120,WH_009,2023-10-14,2023-10-27,2023-10-27,278,278.0
PO_03506,PRD_2838,SUP_024,WH_037,2022-05-13,2022-05-22,2022-05-22,326,326.0
PO_03507,PRD_4572,SUP_021,WH_006,2022-03-27,2022-04-06,2022-04-06,337,337.0
PO_03508,PRD_2210,SUP_089,WH_047,2022-10-06,2022-10-13,2022-10-13,110,110.0
PO_03509,PRD_4870,SUP_043,WH_027,2025-09-18,2025-09-27,2025-10-05,66,66.0
PO_03510,PRD_2235,SUP_176,WH_007,2023-03-22,2023-04-02,2023-04-02,309,309.0
PO_03511,PRD_0570,SUP_049,WH_005,2025-10-14,2025-10-23,2025-10-23,106,106.0
PO_03512,PRD_2670,SUP_116,WH_052,2025-01-21,2025-01-30,2025-01-30,456,454.0
PO_03513,PRD_4390,SUP_063,WH_028,2023-03-21,2023-04-01,2023-04-05,258,258.0
PO_03514,PRD_1562,SUP_140,WH_011,2025-06-14,2025-06-25,,110,
PO_03515,PRD_3257,SUP_151,WH_061,2023-04-03,2023-04-13,,484,
PO_03516,PRD_4826,SUP_195,WH_022,2025-06-26,2025-06-29,2025-06-29,474,474.0
PO_03517,PRD_0141,SUP_030,WH_031,2023-12-17,2023-12-29,,424,
PO_03518,PRD_0395,SUP_177,WH_058,2022-06-15,2022-06-16,2022-06-16,440,440.0
PO_03519,PRD_4708,SUP_139,WH_073,2022-06-15,2022-06-16,2022-06-17,414,414.0
PO_03520,PRD_2279,SUP_177,WH_003,2025-03-13,2025-03-14,2025-03-14,371,227.0
PO_03521,PRD_3666,SUP_065,WH_015,2022-10-05,2022-10-13,2022-10-19,85,82.0
PO_03522,PRD_3079,SUP_027,WH_048,2024-09-18,2024-09-30,2024-10-07,388,388.0
PO_03523,PRD_2671,SUP_152,WH_078,2022-01-21,2022-01-30,2022-01-31,423,423.0
PO_03524,PRD_4427,SUP_187,WH_049,2025-08-20,2025-08-23,2025-08-23,477,477.0
PO_03525,PRD_2370,SUP_031,WH_075,2024-06-09,2024-06-13,2024-06-13,52,52.0
PO_03526,PRD_4367,SUP_183,WH_026,2023-09-24,2023-10-08,2023-10-08,114,96.0
PO_03527,PRD_2985,SUP_153,WH_056,2025-11-05,2025-11-09,,262,
PO_03528,PRD_3156,SUP_189,WH_043,2023-02-09,2023-02-22,2023-02-22,112,112.0
PO_03529,PRD_2014,SUP_156,WH_033,2023-03-04,2023-03-06,,73,
PO_03530,PRD_3787,SUP_133,WH_066,2022-06-02,2022-06-11,2022-06-15,440,308.0
PO_03531,PRD_3362,SUP_030,WH_067,2022-04-11,2022-04-23,2022-04-23,469,469.0
PO_03532,PRD_0060,SUP_176,WH_061,2024-07-23,2024-08-03,2024-08-03,184,184.0
PO_03533,PRD_4571,SUP_127,WH_049,2025-01-16,2025-01-26,2025-01-26,292,292.0
PO_03534,PRD_1953,SUP_056,WH_023,2024-11-07,2024-11-21,2024-11-28,365,365.0
PO_03535,PRD_0327,SUP_168,WH_028,2022-02-20,2022-02-23,2022-02-26,376,376.0
PO_03536,PRD_4303,SUP_058,WH_016,2022-01-19,2022-01-20,2022-01-20,180,180.0
PO_03537,PRD_2045,SUP_066,WH_023,2024-05-19,2024-05-28,2024-05-28,191,191.0
PO_03538,PRD_4459,SUP_030,WH_015,2023-08-05,2023-08-17,2023-08-20,450,450.0
PO_03539,PRD_0953,SUP_179,WH_022,2024-05-06,2024-05-10,,207,
PO_03540,PRD_3604,SUP_083,WH_060,2025-05-13,2025-05-24,2025-05-24,393,393.0
PO_03541,PRD_0782,SUP_084,WH_070,2025-06-05,2025-06-06,2025-06-10,401,401.0
PO_03542,PRD_2180,SUP_154,WH_040,2023-12-06,2023-12-18,2023-12-26,92,92.0
PO_03543,PRD_3562,SUP_113,WH_003,2025-02-04,2025-02-10,2025-02-16,448,448.0
PO_03544,PRD_1139,SUP_177,WH_045,2023-07-27,2023-07-28,2023-07-28,471,471.0
PO_03545,PRD_2586,SUP_004,WH_064,2022-11-11,2022-11-24,2022-11-25,166,166.0
PO_03546,PRD_2444,SUP_046,WH_045,2023-07-01,2023-07-10,2023-07-10,179,179.0
PO_03547,PRD_3609,SUP_011,WH_073,2022-08-05,2022-08-16,2022-08-16,475,475.0
PO_03548,PRD_0719,SUP_190,WH_077,2023-02-19,2023-02-21,2023-02-21,119,119.0
PO_03549,PRD_0147,SUP_071,WH_009,2023-04-06,2023-04-16,2023-04-16,270,270.0
PO_03550,PRD_2168,SUP_066,WH_004,2025-07-22,2025-07-31,2025-07-31,458,458.0
PO_03551,PRD_0176,SUP_053,WH_043,2023-01-13,2023-01-21,2023-01-21,49,49.0
PO_03552,PRD_2550,SUP_152,WH_074,2024-09-23,2024-10-02,2024-10-02,336,336.0
PO_03553,PRD_3065,SUP_153,WH_019,2022-11-02,2022-11-06,2022-11-06,177,177.0
PO_03554,PRD_2017,SUP_200,WH_071,2023-07-04,2023-07-08,,166,
PO_03555,PRD_3742,SUP_163,WH_028,2025-05-09,2025-05-16,2025-05-16,231,231.0
PO_03556,PRD_0395,SUP_177,WH_059,2022-04-17,2022-04-18,2022-04-18,78,78.0
PO_03557,PRD_3296,SUP_074,WH_063,2025-11-16,2025-11-30,2025-11-30,398,321.0
PO_03558,PRD_2104,SUP_062,WH_039,2025-10-07,2025-10-15,,180,
PO_03559,PRD_1489,SUP_174,WH_002,2025-05-26,2025-06-03,2025-06-03,331,331.0
PO_03560,PRD_2628,SUP_072,WH_062,2025-07-20,2025-07-24,2025-07-24,490,490.0
PO_03561,PRD_3313,SUP_181,WH_045,2022-06-13,2022-06-21,2022-06-21,223,167.0
PO_03562,PRD_1073,SUP_073,WH_036,2025-08-24,2025-09-05,2025-09-05,174,150.0
PO_03563,PRD_3874,SUP_114,WH_057,2022-07-16,2022-07-27,2022-07-27,72,72.0
PO_03564,PRD_2682,SUP_173,WH_006,2022-08-25,2022-08-26,,318,
PO_03565,PRD_3454,SUP_116,WH_066,2025-04-27,2025-05-06,2025-05-13,490,353.0
PO_03566,PRD_1140,SUP_131,WH_019,2023-11-24,2023-12-01,2023-12-01,323,323.0
PO_03567,PRD_3428,SUP_009,WH_054,2025-07-23,2025-07-30,,249,
PO_03568,PRD_1404,SUP_036,WH_027,2024-06-10,2024-06-17,2024-06-17,38,38.0
PO_03569,PRD_1876,SUP_072,WH_046,2025-10-04,2025-10-08,2025-10-12,153,153.0
PO_03570,PRD_0696,SUP_131,WH_060,2023-03-27,2023-04-03,2023-04-03,368,368.0
PO_03571,PRD_1421,SUP_171,WH_054,2023-12-06,2023-12-12,2023-12-12,160,160.0
PO_03572,PRD_1672,SUP_125,WH_017,2025-12-05,2025-12-09,2025-12-09,193,193.0
PO_03573,PRD_1556,SUP_057,WH_043,2023-01-27,2023-02-01,2023-02-01,429,429.0
PO_03574,PRD_1119,SUP_109,WH_058,2023-04-08,2023-04-13,2023-04-13,109,109.0
PO_03575,PRD_0674,SUP_068,WH_071,2022-12-13,2022-12-14,2022-12-18,488,488.0
PO_03576,PRD_1087,SUP_022,WH_008,2022-09-07,2022-09-20,,214,
PO_03577,PRD_0423,SUP_010,WH_022,2024-07-17,2024-07-30,2024-07-30,96,96.0
PO_03578,PRD_1825,SUP_047,WH_006,2025-03-13,2025-03-17,2025-03-17,283,283.0
PO_03579,PRD_3270,SUP_176,WH_061,2025-02-03,2025-02-14,2025-02-14,448,421.0
PO_03580,PRD_3713,SUP_011,WH_013,2022-06-03,2022-06-14,2022-06-14,76,76.0
PO_03581,PRD_3050,SUP_004,WH_029,2022-08-23,2022-09-05,2022-09-05,31,31.0
PO_03582,PRD_2787,SUP_059,WH_052,2024-11-16,2024-11-19,2024-11-19,27,27.0
PO_03583,PRD_2653,SUP_105,WH_054,2022-08-06,2022-08-17,,52,
PO_03584,PRD_1456,SUP_016,WH_072,2025-01-13,2025-01-24,2025-01-24,94,94.0
PO_03585,PRD_0873,SUP_184,WH_066,2024-11-19,2024-11-22,2024-11-22,390,390.0
PO_03586,PRD_1940,SUP_145,WH_031,2024-09-15,2024-09-22,2024-09-22,29,29.0
PO_03587,PRD_0908,SUP_105,WH_045,2025-03-02,2025-03-13,2025-03-14,232,232.0
PO_03588,PRD_4809,SUP_077,WH_054,2023-12-24,2023-12-27,2023-12-27,251,251.0
PO_03589,PRD_3825,SUP_011,WH_009,2022-09-24,2022-10-05,2022-10-05,65,65.0
PO_03590,PRD_1715,SUP_033,WH_007,2024-03-08,2024-03-22,2024-03-29,60,47.0
PO_03591,PRD_0788,SUP_197,WH_056,2023-01-15,2023-01-24,2023-01-24,244,244.0
PO_03592,PRD_4207,SUP_069,WH_006,2022-05-02,2022-05-16,2022-05-16,407,324.0
PO_03593,PRD_1278,SUP_197,WH_011,2023-07-25,2023-08-03,2023-08-03,457,457.0
PO_03594,PRD_2740,SUP_093,WH_044,2023-10-13,2023-10-16,2023-10-16,120,120.0
PO_03595,PRD_0718,SUP_149,WH_018,2023-11-07,2023-11-14,2023-11-14,428,428.0
PO_03596,PRD_0823,SUP_054,WH_023,2022-02-22,2022-03-05,2022-03-07,390,390.0
PO_03597,PRD_1598,SUP_125,WH_038,2025-10-20,2025-10-24,2025-10-29,104,104.0
PO_03598,PRD_3844,SUP_126,WH_074,2023-08-21,2023-08-24,2023-08-24,341,341.0
PO_03599,PRD_2492,SUP_148,WH_035,2023-02-12,2023-02-15,,132,
PO_03600,PRD_2801,SUP_026,WH_047,2023-01-15,2023-01-21,2023-01-21,278,278.0
PO_03601,PRD_3181,SUP_088,WH_075,2022-03-27,2022-04-02,2022-04-02,202,202.0
PO_03602,PRD_2817,SUP_117,WH_026,2023-11-18,2023-11-30,2023-11-30,200,200.0
PO_03603,PRD_0840,SUP_146,WH_063,2022-03-18,2022-04-01,2022-04-05,407,380.0
PO_03604,PRD_1870,SUP_058,WH_040,2022-06-07,2022-06-08,2022-06-08,468,468.0
PO_03605,PRD_3929,SUP_150,WH_035,2024-02-09,2024-02-21,2024-02-29,365,365.0
PO_03606,PRD_3641,SUP_019,WH_044,2024-10-14,2024-10-26,2024-10-26,331,331.0
PO_03607,PRD_1415,SUP_113,WH_027,2023-08-11,2023-08-17,2023-08-17,433,298.0
PO_03608,PRD_1069,SUP_055,WH_024,2025-07-26,2025-08-04,2025-08-04,306,254.0
PO_03609,PRD_1893,SUP_165,WH_058,2023-05-25,2023-06-03,2023-06-04,98,98.0
PO_03610,PRD_2549,SUP_182,WH_030,2024-03-24,2024-03-28,2024-03-28,64,64.0
PO_03611,PRD_1578,SUP_100,WH_046,2024-09-02,2024-09-09,,418,
PO_03612,PRD_0693,SUP_174,WH_077,2025-02-23,2025-03-03,2025-03-03,176,176.0
PO_03613,PRD_1310,SUP_188,WH_009,2025-03-01,2025-03-10,2025-03-17,333,333.0
PO_03614,PRD_1325,SUP_021,WH_057,2023-11-06,2023-11-16,2023-11-16,176,135.0
PO_03615,PRD_4739,SUP_167,WH_028,2023-01-09,2023-01-12,,318,
PO_03616,PRD_0456,SUP_028,WH_054,2024-11-22,2024-12-04,2024-12-04,496,496.0
PO_03617,PRD_2103,SUP_194,WH_017,2022-03-09,2022-03-15,2022-03-19,378,378.0
PO_03618,PRD_0956,SUP_184,WH_012,2022-01-20,2022-01-23,2022-01-23,342,342.0
PO_03619,PRD_2012,SUP_200,WH_010,2023-11-17,2023-11-21,2023-11-28,398,334.0
PO_03620,PRD_0940,SUP_085,WH_004,2022-06-22,2022-06-24,2022-06-24,467,467.0
PO_03621,PRD_3215,SUP_170,WH_005,2022-11-07,2022-11-15,2022-11-18,345,345.0
PO_03622,PRD_0384,SUP_159,WH_040,2024-05-22,2024-06-03,2024-06-03,475,475.0
PO_03623,PRD_3421,SUP_170,WH_069,2025-01-19,2025-01-27,2025-01-27,200,200.0
PO_03624,PRD_0729,SUP_066,WH_003,2025-09-04,2025-09-13,2025-09-18,307,307.0
PO_03625,PRD_2936,SUP_156,WH_027,2022-07-18,2022-07-20,2022-07-20,64,64.0
PO_03626,PRD_1110,SUP_028,WH_059,2025-12-01,2025-12-13,,257,
PO_03627,PRD_4337,SUP_038,WH_030,2023-02-08,2023-02-17,2023-02-17,404,404.0
PO_03628,PRD_4919,SUP_062,WH_002,2024-01-17,2024-01-25,2024-01-31,494,494.0
PO_03629,PRD_1486,SUP_082,WH_040,2023-01-02,2023-01-03,2023-01-03,206,206.0
PO_03630,PRD_0183,SUP_040,WH_063,2024-01-10,2024-01-24,2024-01-24,485,485.0
PO_03631,PRD_3570,SUP_079,WH_046,2024-02-19,2024-02-24,,416,
PO_03632,PRD_3791,SUP_121,WH_061,2024-02-03,2024-02-06,2024-02-06,105,105.0
PO_03633,PRD_1748,SUP_022,WH_074,2025-01-08,2025-01-21,2025-01-21,106,106.0
PO_03634,PRD_1346,SUP_200,WH_071,2025-09-25,2025-09-29,2025-09-29,246,246.0
PO_03635,PRD_1934,SUP_122,WH_010,2025-11-09,2025-11-13,2025-11-19,254,254.0
PO_03636,PRD_2421,SUP_177,WH_044,2023-10-18,2023-10-19,2023-10-19,320,320.0
PO_03637,PRD_2144,SUP_149,WH_075,2022-04-25,2022-05-02,2022-05-02,101,101.0
PO_03638,PRD_0540,SUP_089,WH_010,2022-02-07,2022-02-14,2022-02-14,304,304.0
PO_03639,PRD_2174,SUP_080,WH_060,2022-05-10,2022-05-11,2022-05-11,432,432.0
PO_03640,PRD_4572,SUP_021,WH_021,2022-04-01,2022-04-11,2022-04-15,91,91.0
PO_03641,PRD_2184,SUP_097,WH_035,2022-10-03,2022-10-15,2022-10-15,83,83.0
PO_03642,PRD_2281,SUP_051,WH_059,2023-02-25,2023-03-04,2023-03-04,332,332.0
PO_03643,PRD_2475,SUP_148,WH_069,2022-11-14,2022-11-17,2022-11-17,293,293.0
PO_03644,PRD_3237,SUP_180,WH_080,2023-07-08,2023-07-14,,143,
PO_03645,PRD_2543,SUP_063,WH_039,2022-04-17,2022-04-28,2022-04-28,282,223.0
PO_03646,PRD_2151,SUP_040,WH_023,2025-01-04,2025-01-18,2025-01-22,311,311.0
PO_03647,PRD_1151,SUP_120,WH_080,2023-01-23,2023-02-05,,310,
PO_03648,PRD_4804,SUP_047,WH_012,2025-01-16,2025-01-20,2025-01-20,175,175.0
PO_03649,PRD_0455,SUP_028,WH_062,2025-07-03,2025-07-15,2025-07-18,403,403.0
PO_03650,PRD_4746,SUP_068,WH_011,2022-03-16,2022-03-17,2022-03-17,279,279.0
PO_03651,PRD_1063,SUP_170,WH_057,2022-01-19,2022-01-27,2022-01-27,191,191.0
PO_03652,PRD_3249,SUP_151,WH_015,2023-01-19,2023-01-29,2023-01-29,326,310.0
PO_03653,PRD_4925,SUP_092,WH_046,2025-10-12,2025-10-13,2025-10-13,164,164.0
PO_03654,PRD_1207,SUP_044,WH_043,2022-12-04,2022-12-15,,432,
PO_03655,PRD_4679,SUP_135,WH_015,2022-06-03,2022-06-11,2022-06-11,418,418.0
PO_03656,PRD_0086,SUP_040,WH_053,2024-05-21,2024-06-04,2024-06-04,380,380.0
PO_03657,PRD_1784,SUP_165,WH_008,2024-06-02,2024-06-11,,316,
PO_03658,PRD_3776,SUP_194,WH_072,2023-03-07,2023-03-13,2023-03-14,320,320.0
PO_03659,PRD_1752,SUP_058,WH_033,2025-05-22,2025-05-23,2025-05-23,130,130.0
PO_03660,PRD_0417,SUP_179,WH_062,2023-05-13,2023-05-17,2023-05-17,378,378.0
PO_03661,PRD_1738,SUP_196,WH_073,2022-05-27,2022-06-09,2022-06-15,285,285.0
PO_03662,PRD_4770,SUP_136,WH_025,2025-03-18,2025-03-25,,471,
PO_03663,PRD_4498,SUP_102,WH_021,2022-03-06,2022-03-13,,313,
PO_03664,PRD_4236,SUP_069,WH_073,2025-12-04,2025-12-18,2025-12-18,256,256.0
PO_03665,PRD_1727,SUP_170,WH_042,2023-10-11,2023-10-19,2023-10-21,448,448.0
PO_03666,PRD_4099,SUP_128,WH_039,2024-02-07,2024-02-10,2024-02-10,156,156.0
PO_03667,PRD_2784,SUP_033,WH_002,2022-09-10,2022-09-24,2022-09-24,101,101.0
PO_03668,PRD_0975,SUP_197,WH_045,2024-09-05,2024-09-14,2024-09-17,450,425.0
PO_03669,PRD_3396,SUP_176,WH_018,2023-01-14,2023-01-25,2023-01-25,194,194.0
PO_03670,PRD_3239,SUP_170,WH_053,2022-07-15,2022-07-23,2022-07-28,203,203.0
PO_03671,PRD_3217,SUP_176,WH_021,2023-04-19,2023-04-30,2023-04-30,262,262.0
PO_03672,PRD_1452,SUP_013,WH_040,2023-10-06,2023-10-10,2023-10-10,220,220.0
PO_03673,PRD_1009,SUP_132,WH_040,2023-03-17,2023-03-21,2023-03-21,253,253.0
PO_03674,PRD_2875,SUP_178,WH_011,2025-01-04,2025-01-12,2025-01-12,498,498.0
PO_03675,PRD_4856,SUP_098,WH_078,2023-01-26,2023-02-05,2023-02-05,261,261.0
PO_03676,PRD_0287,SUP_057,WH_009,2025-04-11,2025-04-16,2025-04-16,207,207.0
PO_03677,PRD_1741,SUP_160,WH_032,2025-04-19,2025-04-24,2025-04-24,375,375.0
PO_03678,PRD_2326,SUP_110,WH_043,2022-05-13,2022-05-17,2022-05-17,151,131.0
PO_03679,PRD_1166,SUP_114,WH_018,2023-03-26,2023-04-06,2023-04-09,173,173.0
PO_03680,PRD_4270,SUP_073,WH_065,2022-11-02,2022-11-14,2022-11-14,403,271.0
PO_03681,PRD_0647,SUP_103,WH_017,2023-11-12,2023-11-23,,291,
PO_03682,PRD_0440,SUP_186,WH_046,2023-02-27,2023-03-08,2023-03-08,265,265.0
PO_03683,PRD_4536,SUP_004,WH_074,2025-08-26,2025-09-08,2025-09-08,195,195.0
PO_03684,PRD_0195,SUP_040,WH_073,2025-06-04,2025-06-18,,283,
PO_03685,PRD_1246,SUP_017,WH_024,2025-11-25,2025-11-28,,443,
PO_03686,PRD_1242,SUP_064,WH_006,2022-12-04,2022-12-10,2022-12-13,128,128.0
PO_03687,PRD_2530,SUP_071,WH_009,2023-11-09,2023-11-19,2023-11-19,441,441.0
PO_03688,PRD_4851,SUP_008,WH_057,2022-06-24,2022-07-01,2022-07-02,467,467.0
PO_03689,PRD_3309,SUP_181,WH_068,2022-05-15,2022-05-23,2022-05-28,131,131.0
PO_03690,PRD_4528,SUP_102,WH_022,2025-07-21,2025-07-28,2025-07-28,82,82.0
PO_03691,PRD_2372,SUP_102,WH_008,2025-06-08,2025-06-15,2025-06-15,169,153.0
PO_03692,PRD_0059,SUP_014,WH_077,2023-01-12,2023-01-25,2023-01-25,475,475.0
PO_03693,PRD_3996,SUP_119,WH_029,2025-06-07,2025-06-13,2025-06-13,186,186.0
PO_03694,PRD_4755,SUP_114,WH_053,2024-12-16,2024-12-27,2025-01-04,334,334.0
PO_03695,PRD_4897,SUP_038,WH_045,2023-06-23,2023-07-02,2023-07-02,395,395.0
PO_03696,PRD_1157,SUP_099,WH_012,2022-02-10,2022-02-16,2022-02-19,43,43.0
PO_03697,PRD_1548,SUP_138,WH_007,2024-02-09,2024-02-17,2024-02-25,259,259.0
PO_03698,PRD_2069,SUP_033,WH_026,2023-03-24,2023-04-07,2023-04-07,30,30.0
PO_03699,PRD_3519,SUP_021,WH_075,2023-09-08,2023-09-18,2023-09-18,93,60.0
PO_03700,PRD_3896,SUP_121,WH_043,2024-03-03,2024-03-06,2024-03-06,325,325.0
PO_03701,PRD_0188,SUP_191,WH_027,2025-10-21,2025-11-04,,188,
PO_03702,PRD_0708,SUP_138,WH_035,2022-05-24,2022-06-01,2022-06-01,354,354.0
PO_03703,PRD_0607,SUP_067,WH_080,2025-12-02,2025-12-06,2025-12-06,75,75.0
PO_03704,PRD_2708,SUP_031,WH_064,2022-07-12,2022-07-16,2022-07-20,435,435.0
PO_03705,PRD_2843,SUP_070,WH_048,2023-03-05,2023-03-06,2023-03-06,286,286.0
PO_03706,PRD_0826,SUP_160,WH_051,2023-09-21,2023-09-26,2023-09-26,331,331.0
PO_03707,PRD_4519,SUP_085,WH_042,2022-10-09,2022-10-11,2022-10-11,383,383.0
PO_03708,PRD_0007,SUP_030,WH_020,2024-01-06,2024-01-18,2024-01-18,75,75.0
PO_03709,PRD_2336,SUP_018,WH_048,2025-07-02,2025-07-08,2025-07-10,208,208.0
PO_03710,PRD_1709,SUP_070,WH_051,2025-11-10,2025-11-11,2025-11-19,484,306.0
PO_03711,PRD_4592,SUP_098,WH_065,2024-03-03,2024-03-13,2024-03-13,462,462.0
PO_03712,PRD_1633,SUP_125,WH_075,2025-09-05,2025-09-09,2025-09-15,132,132.0
PO_03713,PRD_4359,SUP_069,WH_072,2023-11-16,2023-11-30,2023-11-30,487,487.0
PO_03714,PRD_3180,SUP_185,WH_065,2022-12-21,2023-01-04,,60,
PO_03715,PRD_4740,SUP_170,WH_068,2022-01-16,2022-01-24,,220,
PO_03716,PRD_0120,SUP_164,WH_013,2025-08-13,2025-08-22,2025-08-28,241,241.0
PO_03717,PRD_2790,SUP_171,WH_024,2024-01-23,2024-01-29,2024-01-29,129,129.0
PO_03718,PRD_2553,SUP_063,WH_026,2022-10-24,2022-11-04,2022-11-06,295,239.0
PO_03719,PRD_1732,SUP_121,WH_055,2022-07-01,2022-07-04,2022-07-05,204,204.0
PO_03720,PRD_0784,SUP_111,WH_056,2023-02-27,2023-03-01,2023-03-01,178,178.0
PO_03721,PRD_1914,SUP_014,WH_057,2023-06-16,2023-06-29,2023-07-04,184,184.0
PO_03722,PRD_4069,SUP_069,WH_034,2025-07-21,2025-08-04,2025-08-04,276,276.0
PO_03723,PRD_0370,SUP_140,WH_045,2023-02-10,2023-02-21,,314,
PO_03724,PRD_0434,SUP_105,WH_024,2023-11-01,2023-11-12,2023-11-12,144,144.0
PO_03725,PRD_0039,SUP_024,WH_057,2022-09-06,2022-09-15,2022-09-15,216,216.0
PO_03726,PRD_4933,SUP_044,WH_057,2023-01-18,2023-01-29,2023-01-29,410,410.0
PO_03727,PRD_0683,SUP_148,WH_007,2023-07-12,2023-07-15,2023-07-15,313,313.0
PO_03728,PRD_4799,SUP_012,WH_013,2024-07-22,2024-08-04,2024-08-04,91,91.0
PO_03729,PRD_0203,SUP_200,WH_046,2024-07-09,2024-07-13,2024-07-13,128,96.0
PO_03730,PRD_2425,SUP_027,WH_072,2025-12-14,2025-12-26,2025-12-26,155,155.0
PO_03731,PRD_0361,SUP_059,WH_040,2024-08-24,2024-08-27,2024-08-28,439,439.0
PO_03732,PRD_0856,SUP_111,WH_034,2023-04-06,2023-04-08,2023-04-14,142,142.0
PO_03733,PRD_4246,SUP_127,WH_060,2023-12-23,2024-01-02,2024-01-02,272,272.0
PO_03734,PRD_2862,SUP_093,WH_010,2024-01-21,2024-01-24,2024-01-24,188,188.0
PO_03735,PRD_4997,SUP_026,WH_076,2023-05-26,2023-06-01,2023-06-01,202,193.0
PO_03736,PRD_0940,SUP_085,WH_026,2025-01-25,2025-01-27,2025-01-27,199,199.0
PO_03737,PRD_0278,SUP_177,WH_009,2024-01-08,2024-01-09,2024-01-09,130,130.0
PO_03738,PRD_0113,SUP_196,WH_040,2024-11-08,2024-11-21,2024-11-21,217,217.0
PO_03739,PRD_1931,SUP_022,WH_030,2023-08-25,2023-09-07,,107,
PO_03740,PRD_0094,SUP_024,WH_080,2025-07-19,2025-07-28,2025-07-28,144,144.0
PO_03741,PRD_2539,SUP_062,WH_061,2025-09-27,2025-10-05,,487,
PO_03742,PRD_4886,SUP_063,WH_013,2025-06-05,2025-06-16,2025-06-16,163,163.0
PO_03743,PRD_4723,SUP_170,WH_024,2024-01-10,2024-01-18,2024-01-18,70,70.0
PO_03744,PRD_2474,SUP_072,WH_018,2022-04-19,2022-04-23,2022-04-23,465,465.0
PO_03745,PRD_3114,SUP_017,WH_063,2024-09-21,2024-09-24,,214,
PO_03746,PRD_3742,SUP_163,WH_036,2024-05-09,2024-05-16,2024-05-24,166,166.0
PO_03747,PRD_3643,SUP_111,WH_036,2023-05-02,2023-05-04,2023-05-04,283,283.0
PO_03748,PRD_3611,SUP_190,WH_072,2023-06-12,2023-06-14,2023-06-14,107,107.0
PO_03749,PRD_3632,SUP_043,WH_013,2022-02-23,2022-03-04,2022-03-04,314,314.0
PO_03750,PRD_0558,SUP_066,WH_015,2025-11-25,2025-12-04,2025-12-08,63,63.0
PO_03751,PRD_4243,SUP_141,WH_048,2023-12-23,2024-01-04,2024-01-04,391,391.0
PO_03752,PRD_1133,SUP_127,WH_040,2023-09-11,2023-09-21,2023-09-22,67,67.0
PO_03753,PRD_3525,SUP_021,WH_067,2023-10-09,2023-10-19,2023-10-19,429,429.0
PO_03754,PRD_1343,SUP_171,WH_041,2023-02-18,2023-02-24,2023-02-24,207,207.0
PO_03755,PRD_1672,SUP_125,WH_023,2022-10-10,2022-10-14,,412,
PO_03756,PRD_2660,SUP_049,WH_012,2025-08-08,2025-08-17,2025-08-19,270,270.0
PO_03757,PRD_0222,SUP_042,WH_022,2025-06-20,2025-06-21,2025-06-21,186,186.0
PO_03758,PRD_4561,SUP_061,WH_067,2022-10-05,2022-10-17,2022-10-23,87,57.0
PO_03759,PRD_2195,SUP_027,WH_074,2022-06-05,2022-06-17,2022-06-17,410,314.0
PO_03760,PRD_0628,SUP_018,WH_007,2025-11-09,2025-11-15,2025-11-21,56,56.0
PO_03761,PRD_0373,SUP_039,WH_011,2023-01-19,2023-01-26,2023-01-26,250,250.0
PO_03762,PRD_3830,SUP_090,WH_034,2022-01-16,2022-01-21,2022-01-21,443,315.0
PO_03763,PRD_2567,SUP_070,WH_061,2023-08-13,2023-08-14,2023-08-14,47,41.0
PO_03764,PRD_4818,SUP_181,WH_036,2023-10-14,2023-10-22,2023-10-22,234,234.0
PO_03765,PRD_4102,SUP_139,WH_008,2024-10-06,2024-10-07,2024-10-08,68,66.0
PO_03766,PRD_2110,SUP_028,WH_042,2023-11-19,2023-12-01,2023-12-01,143,143.0
PO_03767,PRD_2152,SUP_178,WH_062,2022-12-12,2022-12-20,,238,
PO_03768,PRD_0072,SUP_126,WH_066,2022-04-25,2022-04-28,,163,
PO_03769,PRD_0206,SUP_184,WH_064,2025-07-01,2025-07-04,2025-07-10,455,455.0
PO_03770,PRD_4239,SUP_001,WH_047,2023-06-07,2023-06-14,2023-06-14,396,396.0
PO_03771,PRD_3357,SUP_073,WH_037,2023-01-19,2023-01-31,2023-02-06,500,500.0
PO_03772,PRD_2537,SUP_196,WH_060,2024-07-15,2024-07-28,2024-08-04,383,259.0
PO_03773,PRD_0886,SUP_001,WH_041,2025-03-10,2025-03-17,2025-03-17,172,172.0
PO_03774,PRD_3265,SUP_161,WH_052,2022-01-23,2022-01-28,2022-01-28,367,367.0
PO_03775,PRD_0013,SUP_024,WH_062,2022-05-05,2022-05-14,2022-05-14,254,162.0
PO_03776,PRD_3762,SUP_172,WH_020,2025-05-18,2025-05-26,2025-05-27,161,161.0
PO_03777,PRD_1930,SUP_110,WH_015,2022-10-25,2022-10-29,,428,
PO_03778,PRD_4287,SUP_181,WH_057,2024-02-21,2024-02-29,2024-02-29,394,394.0
PO_03779,PRD_3361,SUP_117,WH_031,2022-04-02,2022-04-14,2022-04-20,124,124.0
PO_03780,PRD_2267,SUP_011,WH_045,2024-03-12,2024-03-23,2024-03-23,51,51.0
PO_03781,PRD_2949,SUP_041,WH_006,2024-01-16,2024-01-17,2024-01-17,498,498.0
PO_03782,PRD_0167,SUP_164,WH_026,2022-08-27,2022-09-05,2022-09-05,295,295.0
PO_03783,PRD_2640,SUP_152,WH_050,2022-05-05,2022-05-14,2022-05-14,59,59.0
PO_03784,PRD_0377,SUP_186,WH_018,2024-08-14,2024-08-23,2024-08-23,183,183.0
PO_03785,PRD_1259,SUP_192,WH_058,2025-10-02,2025-10-04,2025-10-04,25,25.0
PO_03786,PRD_1081,SUP_148,WH_049,2023-07-22,2023-07-25,2023-07-25,374,374.0
PO_03787,PRD_2261,SUP_184,WH_080,2024-05-23,2024-05-26,2024-05-26,133,110.0
PO_03788,PRD_2403,SUP_078,WH_059,2025-11-04,2025-11-05,2025-11-05,336,336.0
PO_03789,PRD_3734,SUP_193,WH_042,2025-08-19,2025-08-21,2025-08-28,82,82.0
PO_03790,PRD_4019,SUP_106,WH_078,2023-10-19,2023-10-20,2023-10-27,491,491.0
PO_03791,PRD_0147,SUP_071,WH_056,2022-04-23,2022-05-03,2022-05-07,175,175.0
PO_03792,PRD_1059,SUP_132,WH_032,2022-05-03,2022-05-07,2022-05-07,259,156.0
PO_03793,PRD_0134,SUP_054,WH_002,2022-10-06,2022-10-17,2022-10-17,189,129.0
PO_03794,PRD_3872,SUP_090,WH_069,2022-12-23,2022-12-28,2023-01-02,315,315.0
PO_03795,PRD_4525,SUP_181,WH_018,2025-12-10,2025-12-18,2025-12-18,399,399.0
PO_03796,PRD_2569,SUP_022,WH_026,2022-10-01,2022-10-14,2022-10-16,399,258.0
PO_03797,PRD_1483,SUP_164,WH_022,2024-10-01,2024-10-10,2024-10-17,327,327.0
PO_03798,PRD_0848,SUP_185,WH_052,2022-06-22,2022-07-06,2022-07-06,69,69.0
PO_03799,PRD_2624,SUP_067,WH_069,2022-12-08,2022-12-12,2022-12-12,268,268.0
PO_03800,PRD_1430,SUP_136,WH_020,2022-07-20,2022-07-27,,437,
PO_03801,PRD_1865,SUP_121,WH_022,2025-07-22,2025-07-25,2025-07-25,257,257.0
PO_03802,PRD_2123,SUP_011,WH_018,2023-07-01,2023-07-12,2023-07-12,481,481.0
PO_03803,PRD_3211,SUP_180,WH_008,2025-01-23,2025-01-29,2025-01-29,57,57.0
PO_03804,PRD_0668,SUP_198,WH_033,2023-08-18,2023-08-22,2023-08-22,283,283.0
PO_03805,PRD_4874,SUP_114,WH_035,2025-08-02,2025-08-13,,451,
PO_03806,PRD_4440,SUP_077,WH_022,2022-11-27,2022-11-30,2022-11-30,193,185.0
PO_03807,PRD_1570,SUP_155,WH_017,2024-05-08,2024-05-09,2024-05-10,468,468.0
PO_03808,PRD_2467,SUP_111,WH_055,2023-08-06,2023-08-08,2023-08-08,198,198.0
PO_03809,PRD_0979,SUP_104,WH_078,2024-08-08,2024-08-16,2024-08-16,428,428.0
PO_03810,PRD_0372,SUP_140,WH_066,2023-10-22,2023-11-02,2023-11-02,143,143.0
PO_03811,PRD_3277,SUP_019,WH_026,2024-11-22,2024-12-04,2024-12-05,342,342.0
PO_03812,PRD_0909,SUP_185,WH_031,2022-05-22,2022-06-05,2022-06-05,450,450.0
PO_03813,PRD_2606,SUP_004,WH_023,2025-06-17,2025-06-30,2025-07-06,43,43.0
PO_03814,PRD_2927,SUP_058,WH_039,2022-03-08,2022-03-09,,176,
PO_03815,PRD_2109,SUP_194,WH_058,2025-11-16,2025-11-22,2025-11-23,398,398.0
PO_03816,PRD_0421,SUP_193,WH_034,2025-11-17,2025-11-19,2025-11-19,128,128.0
PO_03817,PRD_4034,SUP_001,WH_034,2025-02-05,2025-02-12,2025-02-12,235,193.0
PO_03818,PRD_1435,SUP_134,WH_044,2025-07-06,2025-07-07,2025-07-07,344,344.0
PO_03819,PRD_1644,SUP_057,WH_005,2024-11-03,2024-11-08,2024-11-09,73,73.0
PO_03820,PRD_2988,SUP_098,WH_007,2023-07-26,2023-08-05,2023-08-05,164,164.0
PO_03821,PRD_3588,SUP_111,WH_035,2022-07-14,2022-07-16,,122,
PO_03822,PRD_1822,SUP_120,WH_019,2024-11-07,2024-11-20,2024-11-20,448,448.0
PO_03823,PRD_0428,SUP_069,WH_052,2023-06-11,2023-06-25,2023-06-25,389,389.0
PO_03824,PRD_4512,SUP_018,WH_032,2022-12-02,2022-12-08,2022-12-14,61,61.0
PO_03825,PRD_3994,SUP_010,WH_032,2024-01-14,2024-01-27,2024-01-27,425,425.0
PO_03826,PRD_3128,SUP_075,WH_062,2022-01-05,2022-01-12,2022-01-12,311,311.0
PO_03827,PRD_2915,SUP_073,WH_075,2022-11-17,2022-11-29,2022-11-29,77,77.0
PO_03828,PRD_0767,SUP_074,WH_041,2024-02-27,2024-03-12,2024-03-12,180,180.0
PO_03829,PRD_1906,SUP_072,WH_043,2024-02-16,2024-02-20,2024-02-20,94,94.0
PO_03830,PRD_4087,SUP_157,WH_076,2024-05-18,2024-05-19,2024-05-19,55,55.0
PO_03831,PRD_4376,SUP_138,WH_076,2024-06-08,2024-06-16,2024-06-16,457,457.0
PO_03832,PRD_0459,SUP_118,WH_042,2025-06-22,2025-07-03,2025-07-03,392,392.0
PO_03833,PRD_3757,SUP_069,WH_049,2022-06-22,2022-07-06,2022-07-06,244,244.0
PO_03834,PRD_1383,SUP_032,WH_060,2024-06-22,2024-07-06,2024-07-06,84,84.0
PO_03835,PRD_0982,SUP_184,WH_020,2024-06-10,2024-06-13,2024-06-13,389,389.0
PO_03836,PRD_3780,SUP_121,WH_078,2025-12-11,2025-12-14,2025-12-14,495,352.0
PO_03837,PRD_4432,SUP_039,WH_005,2025-07-12,2025-07-19,2025-07-19,111,111.0
PO_03838,PRD_2894,SUP_124,WH_021,2024-11-07,2024-11-18,2024-11-24,291,291.0
PO_03839,PRD_3724,SUP_011,WH_042,2025-01-25,2025-02-05,2025-02-05,372,372.0
PO_03840,PRD_2011,SUP_167,WH_058,2025-12-21,2025-12-24,,226,
PO_03841,PRD_1239,SUP_143,WH_007,2023-09-15,2023-09-24,2023-10-02,213,213.0
PO_03842,PRD_0187,SUP_088,WH_009,2022-11-11,2022-11-17,,286,
PO_03843,PRD_0921,SUP_184,WH_058,2022-02-01,2022-02-04,2022-02-04,82,82.0
PO_03844,PRD_3207,SUP_019,WH_059,2024-04-01,2024-04-13,2024-04-13,301,301.0
PO_03845,PRD_2030,SUP_120,WH_048,2022-02-14,2022-02-27,2022-03-04,455,455.0
PO_03846,PRD_3714,SUP_083,WH_039,2023-02-08,2023-02-19,2023-02-19,430,430.0
PO_03847,PRD_4955,SUP_045,WH_078,2025-07-11,2025-07-25,,391,
PO_03848,PRD_4163,SUP_117,WH_073,2024-06-07,2024-06-19,2024-06-19,196,196.0
PO_03849,PRD_4022,SUP_080,WH_016,2024-05-21,2024-05-22,2024-05-22,218,218.0
PO_03850,PRD_4028,SUP_161,WH_067,2025-01-19,2025-01-24,,417,
PO_03851,PRD_4221,SUP_194,WH_007,2025-05-12,2025-05-18,2025-05-18,75,75.0
PO_03852,PRD_2346,SUP_095,WH_074,2025-12-02,2025-12-04,2025-12-04,45,45.0
PO_03853,PRD_0016,SUP_065,WH_002,2025-02-05,2025-02-13,2025-02-13,295,295.0
PO_03854,PRD_0989,SUP_160,WH_069,2023-03-15,2023-03-20,2023-03-20,326,326.0
PO_03855,PRD_2623,SUP_004,WH_041,2025-07-04,2025-07-17,2025-07-17,388,284.0
PO_03856,PRD_1606,SUP_125,WH_079,2023-06-12,2023-06-16,2023-06-16,461,430.0
PO_03857,PRD_1883,SUP_087,WH_066,2023-05-20,2023-06-01,2023-06-01,97,97.0
PO_03858,PRD_1560,SUP_108,WH_048,2024-05-23,2024-05-31,2024-05-31,182,170.0
PO_03859,PRD_2043,SUP_080,WH_057,2025-08-27,2025-08-28,2025-08-28,479,478.0
PO_03860,PRD_4680,SUP_186,WH_048,2025-09-01,2025-09-10,2025-09-10,244,154.0
PO_03861,PRD_2217,SUP_080,WH_071,2023-10-17,2023-10-18,2023-10-18,277,277.0
PO_03862,PRD_4469,SUP_121,WH_014,2024-07-10,2024-07-13,2024-07-13,294,294.0
PO_03863,PRD_2990,SUP_148,WH_073,2022-02-03,2022-02-06,2022-02-06,252,252.0
PO_03864,PRD_1871,SUP_119,WH_018,2023-11-11,2023-11-17,2023-11-17,156,156.0
PO_03865,PRD_1091,SUP_122,WH_062,2024-05-20,2024-05-24,2024-05-24,453,453.0
PO_03866,PRD_1174,SUP_080,WH_067,2025-01-27,2025-01-28,2025-01-28,360,360.0
PO_03867,PRD_4711,SUP_186,WH_070,2022-06-27,2022-07-06,2022-07-06,265,265.0
PO_03868,PRD_0772,SUP_050,WH_005,2023-07-09,2023-07-12,2023-07-12,137,94.0
PO_03869,PRD_3514,SUP_043,WH_059,2024-08-05,2024-08-14,2024-08-14,395,395.0
PO_03870,PRD_0331,SUP_046,WH_029,2025-03-23,2025-04-01,2025-04-01,227,227.0
PO_03871,PRD_4742,SUP_152,WH_009,2025-09-07,2025-09-16,2025-09-16,333,333.0
PO_03872,PRD_4468,SUP_181,WH_051,2023-01-22,2023-01-30,2023-01-30,306,306.0
PO_03873,PRD_3112,SUP_004,WH_079,2023-10-05,2023-10-18,,130,
PO_03874,PRD_4406,SUP_147,WH_053,2023-09-06,2023-09-16,2023-09-16,375,375.0
PO_03875,PRD_2233,SUP_027,WH_036,2024-09-24,2024-10-06,2024-10-06,372,337.0
PO_03876,PRD_2876,SUP_166,WH_011,2023-02-19,2023-02-22,2023-02-27,48,48.0
PO_03877,PRD_1364,SUP_040,WH_057,2023-03-18,2023-04-01,2023-04-01,360,267.0
PO_03878,PRD_2739,SUP_085,WH_059,2022-10-20,2022-10-22,2022-10-22,439,439.0
PO_03879,PRD_4130,SUP_030,WH_006,2024-08-16,2024-08-28,2024-08-28,233,140.0
PO_03880,PRD_4122,SUP_030,WH_039,2024-08-17,2024-08-29,2024-09-04,160,160.0
PO_03881,PRD_1075,SUP_058,WH_021,2025-03-25,2025-03-26,2025-03-26,221,221.0
PO_03882,PRD_1473,SUP_197,WH_063,2022-11-01,2022-11-10,,97,
PO_03883,PRD_3051,SUP_103,WH_021,2023-06-12,2023-06-23,2023-06-27,151,151.0
PO_03884,PRD_1377,SUP_110,WH_063,2023-01-10,2023-01-14,2023-01-14,119,119.0
PO_03885,PRD_1206,SUP_028,WH_031,2023-09-23,2023-10-05,,400,
PO_03886,PRD_0566,SUP_089,WH_016,2023-12-25,2024-01-01,2024-01-01,288,288.0
PO_03887,PRD_0556,SUP_046,WH_050,2025-02-03,2025-02-12,2025-02-12,98,98.0
PO_03888,PRD_4442,SUP_190,WH_021,2024-10-20,2024-10-22,2024-10-22,254,254.0
PO_03889,PRD_2994,SUP_062,WH_075,2023-09-23,2023-10-01,2023-10-01,161,161.0
PO_03890,PRD_3819,SUP_126,WH_015,2024-06-23,2024-06-26,2024-06-26,276,276.0
PO_03891,PRD_2254,SUP_063,WH_053,2022-07-05,2022-07-16,,241,
PO_03892,PRD_0218,SUP_073,WH_046,2024-07-22,2024-08-03,2024-08-06,304,304.0
PO_03893,PRD_3229,SUP_019,WH_043,2022-05-25,2022-06-06,,98,
PO_03894,PRD_3608,SUP_079,WH_037,2024-07-05,2024-07-10,2024-07-10,33,33.0
PO_03895,PRD_3122,SUP_114,WH_069,2023-07-16,2023-07-27,2023-07-27,363,363.0
PO_03896,PRD_4375,SUP_075,WH_056,2024-08-21,2024-08-28,2024-08-28,126,126.0
PO_03897,PRD_4012,SUP_062,WH_013,2023-12-21,2023-12-29,2023-12-29,384,384.0
PO_03898,PRD_3282,SUP_121,WH_021,2025-06-22,2025-06-25,2025-06-25,405,405.0
PO_03899,PRD_4076,SUP_160,WH_062,2024-10-23,2024-10-28,2024-10-28,489,489.0
PO_03900,PRD_0160,SUP_034,WH_042,2023-11-02,2023-11-13,2023-11-13,478,478.0
PO_03901,PRD_0017,SUP_185,WH_070,2022-05-06,2022-05-20,2022-05-20,35,32.0
PO_03902,PRD_0106,SUP_086,WH_003,2025-10-14,2025-10-16,2025-10-21,377,377.0
PO_03903,PRD_3858,SUP_083,WH_070,2024-10-12,2024-10-23,2024-10-23,428,428.0
PO_03904,PRD_4247,SUP_197,WH_021,2024-06-17,2024-06-26,2024-06-26,237,237.0
PO_03905,PRD_2050,SUP_028,WH_010,2025-10-17,2025-10-29,2025-10-29,405,405.0
PO_03906,PRD_0391,SUP_052,WH_027,2023-11-04,2023-11-10,2023-11-10,305,305.0
PO_03907,PRD_0464,SUP_028,WH_066,2022-10-12,2022-10-24,2022-10-30,181,181.0
PO_03908,PRD_1230,SUP_189,WH_021,2025-08-27,2025-09-09,2025-09-09,101,101.0
PO_03909,PRD_2385,SUP_184,WH_048,2022-09-09,2022-09-12,2022-09-12,300,300.0
PO_03910,PRD_2324,SUP_152,WH_037,2025-07-25,2025-08-03,,427,
PO_03911,PRD_3951,SUP_148,WH_021,2023-08-07,2023-08-10,2023-08-10,224,224.0
PO_03912,PRD_4913,SUP_163,WH_023,2023-02-16,2023-02-23,2023-02-23,195,195.0
PO_03913,PRD_3766,SUP_150,WH_010,2025-02-02,2025-02-14,2025-02-14,496,335.0
PO_03914,PRD_3211,SUP_180,WH_072,2024-01-27,2024-02-02,2024-02-02,170,170.0
PO_03915,PRD_4734,SUP_105,WH_034,2025-05-15,2025-05-26,2025-06-03,79,48.0
PO_03916,PRD_3080,SUP_026,WH_016,2023-04-23,2023-04-29,2023-05-01,288,288.0
PO_03917,PRD_4358,SUP_119,WH_022,2025-05-08,2025-05-14,2025-05-22,483,483.0
PO_03918,PRD_4595,SUP_105,WH_017,2024-03-25,2024-04-05,2024-04-05,60,60.0
PO_03919,PRD_1674,SUP_125,WH_004,2022-02-19,2022-02-23,2022-02-23,254,254.0
PO_03920,PRD_4045,SUP_065,WH_073,2023-10-10,2023-10-18,2023-10-19,382,341.0
PO_03921,PRD_4099,SUP_128,WH_010,2024-12-03,2024-12-06,2024-12-12,376,298.0
PO_03922,PRD_1322,SUP_114,WH_052,2024-07-19,2024-07-30,2024-08-02,135,135.0
PO_03923,PRD_4550,SUP_024,WH_015,2022-08-09,2022-08-18,2022-08-18,470,470.0
PO_03924,PRD_0276,SUP_121,WH_023,2022-02-02,2022-02-05,2022-02-05,438,438.0
PO_03925,PRD_1397,SUP_200,WH_042,2023-11-17,2023-11-21,2023-11-21,255,255.0
PO_03926,PRD_4980,SUP_021,WH_026,2024-06-07,2024-06-17,2024-06-18,207,207.0
PO_03927,PRD_4158,SUP_156,WH_037,2022-07-12,2022-07-14,2022-07-14,353,353.0
PO_03928,PRD_1502,SUP_148,WH_070,2024-04-19,2024-04-22,2024-04-25,313,313.0
PO_03929,PRD_2082,SUP_194,WH_004,2025-04-25,2025-05-01,2025-05-01,152,100.0
PO_03930,PRD_1375,SUP_107,WH_046,2022-09-18,2022-09-24,2022-09-24,394,258.0
PO_03931,PRD_0354,SUP_169,WH_034,2023-04-23,2023-04-27,2023-04-27,400,287.0
PO_03932,PRD_0570,SUP_049,WH_070,2024-09-01,2024-09-10,2024-09-11,313,313.0
PO_03933,PRD_0965,SUP_104,WH_020,2023-05-27,2023-06-04,,344,
PO_03934,PRD_2390,SUP_080,WH_062,2024-10-12,2024-10-13,2024-10-13,153,153.0
PO_03935,PRD_3432,SUP_009,WH_056,2025-09-19,2025-09-26,2025-09-26,344,344.0
PO_03936,PRD_4204,SUP_001,WH_027,2023-06-17,2023-06-24,2023-07-02,292,292.0
PO_03937,PRD_4016,SUP_179,WH_022,2022-02-04,2022-02-08,2022-02-08,329,329.0
PO_03938,PRD_4993,SUP_106,WH_028,2024-09-03,2024-09-04,,384,
PO_03939,PRD_3896,SUP_121,WH_045,2025-04-11,2025-04-14,,50,
PO_03940,PRD_0659,SUP_072,WH_028,2022-05-02,2022-05-06,2022-05-06,249,249.0
PO_03941,PRD_4384,SUP_147,WH_034,2022-05-01,2022-05-11,2022-05-11,76,76.0
PO_03942,PRD_0834,SUP_033,WH_077,2024-07-11,2024-07-25,2024-07-25,121,121.0
PO_03943,PRD_0817,SUP_032,WH_072,2022-11-07,2022-11-21,2022-11-21,323,323.0
PO_03944,PRD_1257,SUP_060,WH_001,2025-05-07,2025-05-17,2025-05-17,118,118.0
PO_03945,PRD_3495,SUP_078,WH_045,2023-11-01,2023-11-02,2023-11-02,315,315.0
PO_03946,PRD_0747,SUP_165,WH_073,2025-07-10,2025-07-19,2025-07-19,129,129.0
PO_03947,PRD_3303,SUP_019,WH_070,2022-10-11,2022-10-23,2022-10-23,372,372.0
PO_03948,PRD_4768,SUP_045,WH_028,2024-05-14,2024-05-28,2024-05-28,69,63.0
PO_03949,PRD_0813,SUP_050,WH_007,2025-06-27,2025-06-30,2025-06-30,29,29.0
PO_03950,PRD_1431,SUP_200,WH_071,2023-08-03,2023-08-07,2023-08-07,407,407.0
PO_03951,PRD_4984,SUP_195,WH_080,2023-05-22,2023-05-25,2023-05-25,111,74.0
PO_03952,PRD_2783,SUP_178,WH_061,2025-09-09,2025-09-17,2025-09-17,163,163.0
PO_03953,PRD_2629,SUP_022,WH_007,2025-05-05,2025-05-18,2025-05-22,161,109.0
PO_03954,PRD_2036,SUP_052,WH_016,2024-07-11,2024-07-17,2024-07-17,87,87.0
PO_03955,PRD_1513,SUP_155,WH_061,2024-05-14,2024-05-15,2024-05-22,60,60.0
PO_03956,PRD_2339,SUP_170,WH_073,2022-08-11,2022-08-19,2022-08-19,495,495.0
PO_03957,PRD_0098,SUP_191,WH_032,2024-03-12,2024-03-26,2024-03-26,322,322.0
PO_03958,PRD_2599,SUP_072,WH_070,2023-12-03,2023-12-07,2023-12-09,433,433.0
PO_03959,PRD_3506,SUP_111,WH_061,2024-03-03,2024-03-05,2024-03-05,34,30.0
PO_03960,PRD_3074,SUP_179,WH_057,2023-09-07,2023-09-11,2023-09-11,250,250.0
PO_03961,PRD_4617,SUP_170,WH_002,2024-01-04,2024-01-12,2024-01-12,76,76.0
PO_03962,PRD_0660,SUP_067,WH_053,2025-07-02,2025-07-06,2025-07-11,73,52.0
PO_03963,PRD_3492,SUP_120,WH_024,2023-12-27,2024-01-09,2024-01-09,449,449.0
PO_03964,PRD_2449,SUP_069,WH_002,2024-03-03,2024-03-17,2024-03-17,390,390.0
PO_03965,PRD_0316,SUP_091,WH_059,2023-05-26,2023-05-27,2023-06-01,236,236.0
PO_03966,PRD_1392,SUP_144,WH_080,2024-06-20,2024-06-22,2024-06-22,320,216.0
PO_03967,PRD_3197,SUP_170,WH_036,2023-08-15,2023-08-23,2023-08-23,219,219.0
PO_03968,PRD_0565,SUP_153,WH_037,2022-07-16,2022-07-20,2022-07-20,71,71.0
PO_03969,PRD_2488,SUP_088,WH_033,2025-09-23,2025-09-29,2025-10-03,472,472.0
PO_03970,PRD_4876,SUP_084,WH_011,2023-06-25,2023-06-26,2023-06-26,202,202.0
PO_03971,PRD_3133,SUP_195,WH_043,2024-01-04,2024-01-07,,327,
PO_03972,PRD_0159,SUP_071,WH_042,2022-05-26,2022-06-05,2022-06-05,119,119.0
PO_03973,PRD_2464,SUP_093,WH_010,2024-03-06,2024-03-09,2024-03-09,238,238.0
PO_03974,PRD_1472,SUP_153,WH_017,2023-02-25,2023-03-01,2023-03-01,73,73.0
PO_03975,PRD_3290,SUP_060,WH_005,2024-11-21,2024-12-01,2024-12-01,451,304.0
PO_03976,PRD_4861,SUP_012,WH_030,2025-06-03,2025-06-16,2025-06-16,173,173.0
PO_03977,PRD_0672,SUP_090,WH_063,2024-05-26,2024-05-31,2024-05-31,180,180.0
PO_03978,PRD_4187,SUP_010,WH_052,2022-09-17,2022-09-30,,455,
PO_03979,PRD_1552,SUP_100,WH_054,2025-04-10,2025-04-17,2025-04-17,331,331.0
PO_03980,PRD_0379,SUP_054,WH_045,2023-07-08,2023-07-19,,358,
PO_03981,PRD_4415,SUP_097,WH_033,2025-10-19,2025-10-31,2025-10-31,156,100.0
PO_03982,PRD_0049,SUP_185,WH_034,2022-02-04,2022-02-18,2022-02-18,338,338.0
PO_03983,PRD_0860,SUP_094,WH_063,2024-06-15,2024-06-29,2024-06-29,288,288.0
PO_03984,PRD_3585,SUP_154,WH_021,2025-03-20,2025-04-01,2025-04-01,387,387.0
PO_03985,PRD_0274,SUP_057,WH_070,2023-04-10,2023-04-15,2023-04-15,458,458.0
PO_03986,PRD_3253,SUP_060,WH_026,2024-07-04,2024-07-14,,447,
PO_03987,PRD_0626,SUP_174,WH_033,2022-04-09,2022-04-17,2022-04-17,455,455.0
PO_03988,PRD_3253,SUP_060,WH_014,2022-08-13,2022-08-23,2022-08-23,137,137.0
PO_03989,PRD_0411,SUP_003,WH_068,2023-01-26,2023-01-30,2023-01-30,145,145.0
PO_03990,PRD_3985,SUP_027,WH_047,2023-07-14,2023-07-26,2023-07-26,123,123.0
PO_03991,PRD_2622,SUP_088,WH_025,2025-10-09,2025-10-15,2025-10-15,462,462.0
PO_03992,PRD_3907,SUP_150,WH_069,2025-07-05,2025-07-17,2025-07-17,193,193.0
PO_03993,PRD_3489,SUP_037,WH_054,2023-03-08,2023-03-20,2023-03-20,126,111.0
PO_03994,PRD_3315,SUP_121,WH_043,2024-03-24,2024-03-27,2024-04-03,458,458.0
PO_03995,PRD_4157,SUP_014,WH_071,2024-05-20,2024-06-02,2024-06-02,457,457.0
PO_03996,PRD_3890,SUP_011,WH_025,2023-06-27,2023-07-08,,395,
PO_03997,PRD_1481,SUP_100,WH_011,2023-10-20,2023-10-27,2023-10-27,141,141.0
PO_03998,PRD_4169,SUP_049,WH_042,2023-12-04,2023-12-13,2023-12-13,440,440.0
PO_03999,PRD_3908,SUP_150,WH_060,2025-07-16,2025-07-28,2025-08-02,302,245.0
PO_04000,PRD_2801,SUP_026,WH_044,2022-05-05,2022-05-11,2022-05-11,270,270.0
PO_04001,PRD_1564,SUP_140,WH_040,2025-01-23,2025-02-03,,58,
PO_04002,PRD_4427,SUP_187,WH_048,2025-02-02,2025-02-05,2025-02-05,87,87.0
PO_04003,PRD_1898,SUP_005,WH_022,2023-01-17,2023-01-21,2023-01-21,123,123.0
PO_04004,PRD_2525,SUP_111,WH_011,2023-09-02,2023-09-04,2023-09-04,238,180.0
PO_04005,PRD_2636,SUP_158,WH_055,2023-11-08,2023-11-22,,22,
PO_04006,PRD_2981,SUP_195,WH_020,2022-12-04,2022-12-07,2022-12-07,163,118.0
PO_04007,PRD_0692,SUP_179,WH_045,2025-01-13,2025-01-17,2025-01-17,68,68.0
PO_04008,PRD_1326,SUP_119,WH_050,2022-12-12,2022-12-18,2022-12-18,419,419.0
PO_04009,PRD_4625,SUP_186,WH_069,2025-12-02,2025-12-11,2025-12-13,45,29.0
PO_04010,PRD_3011,SUP_103,WH_017,2025-05-25,2025-06-05,2025-06-05,217,217.0
PO_04011,PRD_1225,SUP_194,WH_004,2022-08-01,2022-08-07,2022-08-15,298,298.0
PO_04012,PRD_3261,SUP_105,WH_031,2025-09-14,2025-09-25,,158,
PO_04013,PRD_0836,SUP_098,WH_055,2022-12-13,2022-12-23,2022-12-23,91,91.0
PO_04014,PRD_3352,SUP_180,WH_006,2023-03-06,2023-03-12,2023-03-12,296,296.0
PO_04015,PRD_2532,SUP_148,WH_073,2024-02-18,2024-02-21,,397,
PO_04016,PRD_1647,SUP_140,WH_021,2023-04-25,2023-05-06,2023-05-06,498,498.0
PO_04017,PRD_4414,SUP_186,WH_027,2023-05-13,2023-05-22,2023-05-22,267,267.0
PO_04018,PRD_1843,SUP_098,WH_030,2023-11-18,2023-11-28,,67,
PO_04019,PRD_0729,SUP_066,WH_034,2023-07-06,2023-07-15,2023-07-15,132,132.0
PO_04020,PRD_2930,SUP_039,WH_037,2025-07-15,2025-07-22,2025-07-22,253,253.0
PO_04021,PRD_1349,SUP_061,WH_065,2022-01-02,2022-01-14,2022-01-14,202,202.0
PO_04022,PRD_1425,SUP_071,WH_002,2022-02-19,2022-03-01,,405,
PO_04023,PRD_3227,SUP_116,WH_055,2022-02-18,2022-02-27,2022-02-27,125,125.0
PO_04024,PRD_4096,SUP_119,WH_079,2025-04-24,2025-04-30,,168,
PO_04025,PRD_3674,SUP_104,WH_012,2022-02-10,2022-02-18,2022-02-24,162,108.0
PO_04026,PRD_1243,SUP_013,WH_069,2024-04-09,2024-04-13,2024-04-13,449,310.0
PO_04027,PRD_0161,SUP_065,WH_027,2023-05-11,2023-05-19,,208,
PO_04028,PRD_1375,SUP_107,WH_054,2024-06-11,2024-06-17,2024-06-17,113,113.0
PO_04029,PRD_3822,SUP_193,WH_072,2024-03-13,2024-03-15,2024-03-17,421,421.0
PO_04030,PRD_3327,SUP_161,WH_033,2023-06-12,2023-06-17,2023-06-17,282,282.0
PO_04031,PRD_4755,SUP_114,WH_009,2023-09-03,2023-09-14,2023-09-14,322,322.0
PO_04032,PRD_4049,SUP_034,WH_063,2024-07-24,2024-08-04,2024-08-04,232,232.0
PO_04033,PRD_1211,SUP_057,WH_078,2024-11-27,2024-12-02,2024-12-02,80,80.0
PO_04034,PRD_1326,SUP_119,WH_046,2023-04-24,2023-04-30,2023-05-05,417,282.0
PO_04035,PRD_1091,SUP_122,WH_074,2025-12-19,2025-12-23,2025-12-29,360,360.0
PO_04036,PRD_3019,SUP_022,WH_026,2023-02-24,2023-03-09,2023-03-09,243,243.0
PO_04037,PRD_1281,SUP_036,WH_062,2022-12-23,2022-12-30,2023-01-06,202,202.0
PO_04038,PRD_3237,SUP_180,WH_051,2024-07-21,2024-07-27,2024-07-27,469,469.0
PO_04039,PRD_2365,SUP_148,WH_018,2025-03-19,2025-03-22,2025-03-22,357,357.0
PO_04040,PRD_1742,SUP_021,WH_068,2023-02-13,2023-02-23,,403,
PO_04041,PRD_0204,SUP_200,WH_015,2023-08-19,2023-08-23,2023-08-23,409,389.0
PO_04042,PRD_3887,SUP_090,WH_006,2024-08-09,2024-08-14,2024-08-20,440,440.0
PO_04043,PRD_2406,SUP_018,WH_040,2022-10-21,2022-10-27,2022-10-27,430,430.0
PO_04044,PRD_2425,SUP_027,WH_072,2024-07-20,2024-08-01,2024-08-01,194,194.0
PO_04045,PRD_0960,SUP_094,WH_063,2022-06-04,2022-06-18,2022-06-18,208,141.0
PO_04046,PRD_4486,SUP_038,WH_026,2023-12-04,2023-12-13,2023-12-18,110,66.0
PO_04047,PRD_1679,SUP_002,WH_029,2024-05-24,2024-05-25,2024-05-31,135,135.0
PO_04048,PRD_1854,SUP_067,WH_035,2025-04-05,2025-04-09,2025-04-09,255,255.0
PO_04049,PRD_0845,SUP_077,WH_063,2025-07-13,2025-07-16,2025-07-16,114,114.0
PO_04050,PRD_1813,SUP_101,WH_058,2025-12-10,2025-12-14,2025-12-14,93,93.0
PO_04051,PRD_3112,SUP_004,WH_036,2024-08-27,2024-09-09,,48,
PO_04052,PRD_4597,SUP_010,WH_053,2025-07-04,2025-07-17,2025-07-17,263,263.0
PO_04053,PRD_4733,SUP_160,WH_072,2023-09-06,2023-09-11,2023-09-14,336,336.0
PO_04054,PRD_4994,SUP_008,WH_059,2024-03-13,2024-03-20,2024-03-20,174,174.0
PO_04055,PRD_1071,SUP_163,WH_057,2024-12-14,2024-12-21,2024-12-21,260,192.0
PO_04056,PRD_4307,SUP_024,WH_038,2022-03-07,2022-03-16,2022-03-16,153,153.0
PO_04057,PRD_3385,SUP_074,WH_028,2024-03-27,2024-04-10,2024-04-10,480,480.0
PO_04058,PRD_2915,SUP_073,WH_003,2024-11-21,2024-12-03,2024-12-11,149,128.0
PO_04059,PRD_4918,SUP_062,WH_073,2025-12-23,2025-12-31,2025-12-31,258,258.0
PO_04060,PRD_4851,SUP_008,WH_076,2022-08-12,2022-08-19,2022-08-19,426,426.0
PO_04061,PRD_2760,SUP_070,WH_074,2025-09-10,2025-09-11,2025-09-11,310,310.0
PO_04062,PRD_0688,SUP_138,WH_074,2023-09-22,2023-09-30,2023-09-30,241,241.0
PO_04063,PRD_3998,SUP_106,WH_008,2025-03-18,2025-03-19,2025-03-19,139,139.0
PO_04064,PRD_2376,SUP_020,WH_033,2025-01-14,2025-01-16,2025-01-16,193,193.0
PO_04065,PRD_4650,SUP_170,WH_013,2025-03-27,2025-04-04,2025-04-04,254,188.0
PO_04066,PRD_0577,SUP_199,WH_001,2022-06-20,2022-06-21,2022-06-23,300,300.0
PO_04067,PRD_1678,SUP_108,WH_065,2023-05-05,2023-05-13,2023-05-13,329,329.0
PO_04068,PRD_3704,SUP_151,WH_010,2022-10-10,2022-10-20,2022-10-20,284,284.0
PO_04069,PRD_3519,SUP_021,WH_003,2023-01-24,2023-02-03,2023-02-03,89,89.0
PO_04070,PRD_0547,SUP_008,WH_019,2024-09-26,2024-10-03,2024-10-03,186,154.0
PO_04071,PRD_0051,SUP_034,WH_005,2025-03-16,2025-03-27,2025-03-27,59,59.0
PO_04072,PRD_4987,SUP_136,WH_061,2023-10-03,2023-10-10,2023-10-10,479,428.0
PO_04073,PRD_0496,SUP_028,WH_068,2022-03-04,2022-03-16,2022-03-16,274,274.0
PO_04074,PRD_2455,SUP_067,WH_023,2025-03-22,2025-03-26,2025-03-26,270,270.0
PO_04075,PRD_3551,SUP_104,WH_067,2024-03-03,2024-03-11,2024-03-11,144,124.0
PO_04076,PRD_1355,SUP_062,WH_080,2023-09-16,2023-09-24,2023-09-27,480,480.0
PO_04077,PRD_2640,SUP_152,WH_035,2025-06-21,2025-06-30,2025-06-30,156,148.0
PO_04078,PRD_0726,SUP_012,WH_003,2023-01-07,2023-01-20,2023-01-20,475,475.0
PO_04079,PRD_4079,SUP_125,WH_028,2022-04-23,2022-04-27,2022-04-27,223,186.0
PO_04080,PRD_1774,SUP_022,WH_053,2025-02-16,2025-03-01,2025-03-01,275,275.0
PO_04081,PRD_3815,SUP_167,WH_002,2025-09-27,2025-09-30,2025-09-30,118,118.0
PO_04082,PRD_4230,SUP_014,WH_064,2024-01-16,2024-01-29,2024-02-01,399,399.0
PO_04083,PRD_4297,SUP_186,WH_025,2024-01-12,2024-01-21,2024-01-21,189,189.0
PO_04084,PRD_4717,SUP_182,WH_043,2024-11-06,2024-11-10,2024-11-18,399,399.0
PO_04085,PRD_1137,SUP_189,WH_007,2023-04-06,2023-04-19,2023-04-19,390,390.0
PO_04086,PRD_0327,SUP_168,WH_040,2025-06-16,2025-06-19,2025-06-19,472,472.0
PO_04087,PRD_3660,SUP_120,WH_051,2025-02-25,2025-03-10,2025-03-15,128,128.0
PO_04088,PRD_1394,SUP_141,WH_047,2023-08-21,2023-09-02,2023-09-02,329,329.0
PO_04089,PRD_3769,SUP_163,WH_040,2024-02-04,2024-02-11,2024-02-15,451,451.0
PO_04090,PRD_3234,SUP_075,WH_021,2025-09-23,2025-09-30,2025-09-30,292,292.0
PO_04091,PRD_3487,SUP_037,WH_027,2022-04-10,2022-04-22,2022-04-22,386,386.0
PO_04092,PRD_1931,SUP_022,WH_018,2024-01-21,2024-02-03,,204,
PO_04093,PRD_1900,SUP_022,WH_001,2025-02-23,2025-03-08,2025-03-16,207,207.0
PO_04094,PRD_3366,SUP_109,WH_033,2024-02-11,2024-02-16,2024-02-16,462,462.0
PO_04095,PRD_0245,SUP_176,WH_032,2023-11-09,2023-11-20,2023-11-20,240,240.0
PO_04096,PRD_2677,SUP_023,WH_038,2023-08-04,2023-08-18,2023-08-18,335,332.0
PO_04097,PRD_2584,SUP_063,WH_022,2022-01-23,2022-02-03,2022-02-07,495,495.0
PO_04098,PRD_0862,SUP_158,WH_006,2022-04-04,2022-04-18,2022-04-18,180,121.0
PO_04099,PRD_0161,SUP_065,WH_036,2025-09-24,2025-10-02,2025-10-02,339,339.0
PO_04100,PRD_0294,SUP_054,WH_047,2023-09-07,2023-09-18,,495,
PO_04101,PRD_0355,SUP_003,WH_075,2022-07-02,2022-07-06,2022-07-06,269,269.0
PO_04102,PRD_4813,SUP_038,WH_031,2024-04-12,2024-04-21,2024-04-21,136,107.0
PO_04103,PRD_4751,SUP_047,WH_053,2024-02-21,2024-02-25,2024-02-25,207,205.0
PO_04104,PRD_4334,SUP_040,WH_062,2023-06-26,2023-07-10,2023-07-10,75,75.0
PO_04105,PRD_2390,SUP_080,WH_068,2024-12-21,2024-12-22,2024-12-22,483,483.0
PO_04106,PRD_2484,SUP_124,WH_020,2024-04-18,2024-04-29,2024-05-05,329,329.0
PO_04107,PRD_3805,SUP_072,WH_057,2024-08-24,2024-08-28,2024-08-28,104,104.0
PO_04108,PRD_2749,SUP_126,WH_047,2025-10-27,2025-10-30,2025-10-30,137,137.0
PO_04109,PRD_2403,SUP_078,WH_040,2023-10-20,2023-10-21,2023-10-21,289,289.0
PO_04110,PRD_4049,SUP_034,WH_064,2024-09-16,2024-09-27,2024-09-27,41,29.0
PO_04111,PRD_1722,SUP_098,WH_019,2022-11-01,2022-11-11,,422,
PO_04112,PRD_2946,SUP_019,WH_017,2022-07-02,2022-07-14,2022-07-14,295,295.0
PO_04113,PRD_2558,SUP_088,WH_079,2024-06-01,2024-06-07,2024-06-07,137,137.0
PO_04114,PRD_1418,SUP_115,WH_012,2022-02-22,2022-02-23,2022-02-23,104,75.0
PO_04115,PRD_2911,SUP_104,WH_023,2022-12-27,2023-01-04,2023-01-11,473,473.0
PO_04116,PRD_2250,SUP_031,WH_078,2025-09-27,2025-10-01,2025-10-01,448,397.0
PO_04117,PRD_2358,SUP_080,WH_024,2023-06-17,2023-06-18,2023-06-18,208,208.0
PO_04118,PRD_1822,SUP_120,WH_041,2025-05-02,2025-05-15,,264,
PO_04119,PRD_3740,SUP_069,WH_064,2025-07-26,2025-08-09,2025-08-09,459,459.0
PO_04120,PRD_1449,SUP_152,WH_033,2022-01-08,2022-01-17,2022-01-21,190,190.0
PO_04121,PRD_4239,SUP_001,WH_050,2023-04-24,2023-05-01,,442,
PO_04122,PRD_1747,SUP_021,WH_049,2022-07-04,2022-07-14,2022-07-19,287,287.0
PO_04123,PRD_0557,SUP_179,WH_063,2024-02-13,2024-02-17,2024-02-17,294,294.0
PO_04124,PRD_1787,SUP_181,WH_060,2024-09-02,2024-09-10,2024-09-18,209,209.0
PO_04125,PRD_3958,SUP_150,WH_060,2022-09-14,2022-09-26,2022-09-26,361,361.0
PO_04126,PRD_3559,SUP_011,WH_041,2025-04-05,2025-04-16,2025-04-16,218,218.0
PO_04127,PRD_1171,SUP_057,WH_059,2024-12-08,2024-12-13,2024-12-13,72,72.0
PO_04128,PRD_2918,SUP_079,WH_039,2024-03-02,2024-03-07,2024-03-07,357,357.0
PO_04129,PRD_3182,SUP_027,WH_080,2023-12-19,2023-12-31,2023-12-31,393,293.0
PO_04130,PRD_4541,SUP_060,WH_073,2023-01-19,2023-01-29,2023-01-29,278,278.0
PO_04131,PRD_2006,SUP_056,WH_063,2022-02-15,2022-03-01,,36,
PO_04132,PRD_4180,SUP_103,WH_042,2022-01-14,2022-01-25,2022-01-25,276,276.0
PO_04133,PRD_2199,SUP_152,WH_040,2025-06-25,2025-07-04,2025-07-04,399,249.0
PO_04134,PRD_4643,SUP_167,WH_068,2024-07-22,2024-07-25,,60,
PO_04135,PRD_1634,SUP_112,WH_053,2024-09-27,2024-10-03,,49,
PO_04136,PRD_4360,SUP_097,WH_060,2022-07-25,2022-08-06,,122,
PO_04137,PRD_3358,SUP_109,WH_015,2022-02-02,2022-02-07,,458,
PO_04138,PRD_0173,SUP_114,WH_059,2023-06-22,2023-07-03,,136,
PO_04139,PRD_2567,SUP_070,WH_004,2022-07-18,2022-07-19,2022-07-19,291,229.0
PO_04140,PRD_2844,SUP_104,WH_046,2023-07-16,2023-07-24,2023-07-24,143,97.0
PO_04141,PRD_4045,SUP_065,WH_039,2023-02-10,2023-02-18,2023-02-18,395,395.0
PO_04142,PRD_1005,SUP_099,WH_072,2025-12-05,2025-12-11,2025-12-11,59,59.0
PO_04143,PRD_4963,SUP_128,WH_049,2022-09-24,2022-09-27,2022-09-27,457,414.0
PO_04144,PRD_4545,SUP_098,WH_068,2023-08-17,2023-08-27,2023-08-27,158,133.0
PO_04145,PRD_0590,SUP_067,WH_065,2023-01-12,2023-01-16,2023-01-16,199,128.0
PO_04146,PRD_3738,SUP_126,WH_002,2025-03-27,2025-03-30,2025-03-30,418,418.0
PO_04147,PRD_3397,SUP_140,WH_065,2024-10-09,2024-10-20,2024-10-27,155,102.0
PO_04148,PRD_3326,SUP_019,WH_022,2025-08-16,2025-08-28,2025-08-28,286,286.0
PO_04149,PRD_0494,SUP_187,WH_050,2024-08-24,2024-08-27,2024-09-04,169,169.0
PO_04150,PRD_0567,SUP_008,WH_013,2023-07-03,2023-07-10,,155,
PO_04151,PRD_3308,SUP_177,WH_080,2022-11-05,2022-11-06,,38,
PO_04152,PRD_3945,SUP_126,WH_054,2022-02-02,2022-02-05,2022-02-05,197,197.0
PO_04153,PRD_2022,SUP_156,WH_043,2023-07-17,2023-07-19,2023-07-19,133,133.0
PO_04154,PRD_4520,SUP_074,WH_017,2025-07-07,2025-07-21,2025-07-21,37,37.0
PO_04155,PRD_4954,SUP_092,WH_039,2025-10-16,2025-10-17,2025-10-17,65,45.0
PO_04156,PRD_0011,SUP_014,WH_017,2023-09-08,2023-09-21,2023-09-21,83,62.0
PO_04157,PRD_0864,SUP_032,WH_005,2023-04-14,2023-04-28,2023-04-28,110,110.0
PO_04158,PRD_2019,SUP_122,WH_017,2024-08-19,2024-08-23,2024-08-23,95,95.0
PO_04159,PRD_1148,SUP_099,WH_016,2024-05-11,2024-05-17,2024-05-17,150,150.0
PO_04160,PRD_0293,SUP_095,WH_026,2022-11-23,2022-11-25,2022-11-25,294,294.0
PO_04161,PRD_4618,SUP_191,WH_008,2023-07-16,2023-07-30,2023-07-30,279,279.0
PO_04162,PRD_1675,SUP_193,WH_011,2025-01-04,2025-01-06,2025-01-06,206,206.0
PO_04163,PRD_0645,SUP_067,WH_008,2023-11-27,2023-12-01,2023-12-01,379,379.0
PO_04164,PRD_3237,SUP_180,WH_027,2025-06-01,2025-06-07,2025-06-07,227,168.0
PO_04165,PRD_0583,SUP_174,WH_068,2025-11-22,2025-11-30,2025-11-30,174,174.0
PO_04166,PRD_3727,SUP_083,WH_003,2022-02-14,2022-02-25,,249,
PO_04167,PRD_0546,SUP_149,WH_073,2024-04-12,2024-04-19,,120,
PO_04168,PRD_4403,SUP_097,WH_064,2023-05-18,2023-05-30,,323,
PO_04169,PRD_4379,SUP_058,WH_027,2022-10-11,2022-10-12,2022-10-12,360,360.0
PO_04170,PRD_2466,SUP_134,WH_038,2022-04-26,2022-04-27,2022-04-27,231,231.0
PO_04171,PRD_4483,SUP_184,WH_014,2022-07-06,2022-07-09,2022-07-09,450,316.0
PO_04172,PRD_2942,SUP_014,WH_038,2025-01-10,2025-01-23,,197,
PO_04173,PRD_3632,SUP_043,WH_001,2024-11-18,2024-11-27,2024-11-27,213,213.0
PO_04174,PRD_4093,SUP_053,WH_025,2024-06-03,2024-06-11,2024-06-11,218,164.0
PO_04175,PRD_2932,SUP_195,WH_003,2024-06-02,2024-06-05,2024-06-05,85,85.0
PO_04176,PRD_0052,SUP_185,WH_058,2024-12-08,2024-12-22,2024-12-22,92,92.0
PO_04177,PRD_3956,SUP_027,WH_015,2023-07-17,2023-07-29,2023-07-29,194,194.0
PO_04178,PRD_3151,SUP_114,WH_017,2025-06-23,2025-07-04,2025-07-04,352,352.0
PO_04179,PRD_3351,SUP_109,WH_071,2024-12-03,2024-12-08,2024-12-08,208,208.0
PO_04180,PRD_2422,SUP_154,WH_043,2022-03-09,2022-03-21,2022-03-21,323,323.0
PO_04181,PRD_2306,SUP_177,WH_071,2023-10-16,2023-10-17,2023-10-17,159,159.0
PO_04182,PRD_1096,SUP_107,WH_003,2024-07-19,2024-07-25,2024-07-25,43,43.0
PO_04183,PRD_4358,SUP_119,WH_033,2025-11-12,2025-11-18,2025-11-18,369,369.0
PO_04184,PRD_4244,SUP_178,WH_036,2024-03-21,2024-03-29,2024-03-29,324,324.0
PO_04185,PRD_1449,SUP_152,WH_017,2024-10-04,2024-10-13,,81,
PO_04186,PRD_1324,SUP_188,WH_057,2023-12-13,2023-12-22,,403,
PO_04187,PRD_3961,SUP_167,WH_049,2023-05-20,2023-05-23,,199,
PO_04188,PRD_0048,SUP_024,WH_017,2025-05-25,2025-06-03,,76,
PO_04189,PRD_0785,SUP_146,WH_071,2025-11-09,2025-11-23,2025-11-23,491,491.0
PO_04190,PRD_3554,SUP_069,WH_063,2022-05-24,2022-06-07,2022-06-12,81,65.0
PO_04191,PRD_4839,SUP_021,WH_025,2023-08-09,2023-08-19,2023-08-19,197,197.0
PO_04192,PRD_2325,SUP_174,WH_033,2024-12-02,2024-12-10,2024-12-10,493,493.0
PO_04193,PRD_1007,SUP_148,WH_076,2022-01-03,2022-01-06,2022-01-09,449,449.0
PO_04194,PRD_2435,SUP_158,WH_019,2023-11-23,2023-12-07,2023-12-14,310,310.0
PO_04195,PRD_4561,SUP_061,WH_025,2025-02-11,2025-02-23,2025-02-26,385,385.0
PO_04196,PRD_2267,SUP_011,WH_038,2022-10-18,2022-10-29,2022-11-02,357,357.0
PO_04197,PRD_0843,SUP_045,WH_003,2024-06-19,2024-07-03,2024-07-03,102,102.0
PO_04198,PRD_1369,SUP_108,WH_043,2022-01-25,2022-02-02,2022-02-02,127,127.0
PO_04199,PRD_2834,SUP_151,WH_035,2024-02-02,2024-02-12,2024-02-18,152,152.0
PO_04200,PRD_1953,SUP_056,WH_044,2025-01-12,2025-01-26,2025-01-30,344,344.0
PO_04201,PRD_3738,SUP_126,WH_017,2023-08-11,2023-08-14,2023-08-14,69,69.0
PO_04202,PRD_3436,SUP_153,WH_067,2023-09-15,2023-09-19,2023-09-19,477,477.0
PO_04203,PRD_1588,SUP_108,WH_022,2025-11-23,2025-12-01,2025-12-06,324,324.0
PO_04204,PRD_1812,SUP_152,WH_044,2023-01-24,2023-02-02,2023-02-03,500,500.0
PO_04205,PRD_1491,SUP_100,WH_058,2025-07-15,2025-07-22,2025-07-22,488,488.0
PO_04206,PRD_3241,SUP_105,WH_075,2022-04-03,2022-04-14,2022-04-22,218,218.0
PO_04207,PRD_2088,SUP_030,WH_063,2025-01-26,2025-02-07,2025-02-07,231,231.0
PO_04208,PRD_3907,SUP_150,WH_002,2024-05-03,2024-05-15,2024-05-15,360,360.0
PO_04209,PRD_4023,SUP_197,WH_043,2025-05-09,2025-05-18,2025-05-22,273,273.0
PO_04210,PRD_0676,SUP_187,WH_021,2025-08-02,2025-08-05,2025-08-05,262,262.0
PO_04211,PRD_0275,SUP_167,WH_040,2025-11-04,2025-11-07,2025-11-11,157,110.0
PO_04212,PRD_2304,SUP_152,WH_018,2023-09-15,2023-09-24,2023-09-24,421,421.0
PO_04213,PRD_1538,SUP_193,WH_029,2025-02-08,2025-02-10,2025-02-10,61,61.0
PO_04214,PRD_1727,SUP_170,WH_071,2024-09-01,2024-09-09,2024-09-09,229,229.0
PO_04215,PRD_1722,SUP_098,WH_046,2025-10-05,2025-10-15,2025-10-15,380,380.0
PO_04216,PRD_1027,SUP_007,WH_013,2023-05-07,2023-05-12,2023-05-12,153,153.0
PO_04217,PRD_1966,SUP_145,WH_070,2023-06-18,2023-06-25,2023-06-30,370,370.0
PO_04218,PRD_4636,SUP_039,WH_036,2023-08-22,2023-08-29,2023-08-29,65,65.0
PO_04219,PRD_2776,SUP_078,WH_065,2025-07-09,2025-07-10,2025-07-10,249,249.0
PO_04220,PRD_2492,SUP_148,WH_079,2023-03-23,2023-03-26,,190,
PO_04221,PRD_0581,SUP_072,WH_078,2022-01-01,2022-01-05,2022-01-05,22,22.0
PO_04222,PRD_2631,SUP_071,WH_015,2023-11-21,2023-12-01,2023-12-01,163,163.0
PO_04223,PRD_2537,SUP_196,WH_038,2023-12-19,2024-01-01,2024-01-01,412,412.0
PO_04224,PRD_2029,SUP_043,WH_021,2024-02-26,2024-03-06,2024-03-06,381,381.0
PO_04225,PRD_1556,SUP_057,WH_063,2024-12-19,2024-12-24,2024-12-24,252,252.0
PO_04226,PRD_1280,SUP_174,WH_070,2023-07-11,2023-07-19,2023-07-22,82,82.0
PO_04227,PRD_4454,SUP_187,WH_068,2024-11-01,2024-11-04,2024-11-04,151,110.0
PO_04228,PRD_3431,SUP_019,WH_052,2022-04-10,2022-04-22,2022-04-22,229,229.0
PO_04229,PRD_1514,SUP_193,WH_066,2022-05-03,2022-05-05,2022-05-05,428,428.0
PO_04230,PRD_0798,SUP_160,WH_044,2024-03-18,2024-03-23,2024-03-23,32,21.0
PO_04231,PRD_4184,SUP_080,WH_023,2022-07-18,2022-07-19,2022-07-19,454,454.0
PO_04232,PRD_3739,SUP_121,WH_001,2023-08-14,2023-08-17,2023-08-17,49,49.0
PO_04233,PRD_2123,SUP_011,WH_074,2023-08-26,2023-09-06,,340,
PO_04234,PRD_0933,SUP_187,WH_010,2022-08-12,2022-08-15,2022-08-15,411,411.0
PO_04235,PRD_2136,SUP_040,WH_005,2024-02-12,2024-02-26,2024-02-26,123,123.0
PO_04236,PRD_2215,SUP_184,WH_064,2022-05-10,2022-05-13,2022-05-13,56,46.0
PO_04237,PRD_1487,SUP_200,WH_055,2025-08-26,2025-08-30,2025-08-30,319,319.0
PO_04238,PRD_2241,SUP_152,WH_077,2025-02-15,2025-02-24,2025-02-24,435,435.0
PO_04239,PRD_1849,SUP_145,WH_045,2023-11-13,2023-11-20,,39,
PO_04240,PRD_0831,SUP_105,WH_026,2023-09-09,2023-09-20,2023-09-20,373,373.0
PO_04241,PRD_2996,SUP_195,WH_053,2024-09-24,2024-09-27,2024-09-29,302,302.0
PO_04242,PRD_1811,SUP_047,WH_039,2023-05-18,2023-05-22,2023-05-22,174,174.0
PO_04243,PRD_2710,SUP_046,WH_014,2024-12-01,2024-12-10,2024-12-10,162,162.0
PO_04244,PRD_1269,SUP_055,WH_028,2022-07-04,2022-07-13,,38,
PO_04245,PRD_0432,SUP_171,WH_077,2024-07-26,2024-08-01,2024-08-01,271,271.0
PO_04246,PRD_3286,SUP_181,WH_005,2022-12-23,2022-12-31,,176,
PO_04247,PRD_2803,SUP_178,WH_073,2023-06-08,2023-06-16,2023-06-16,330,330.0
PO_04248,PRD_2983,SUP_030,WH_056,2025-02-16,2025-02-28,2025-03-07,330,330.0
PO_04249,PRD_4491,SUP_179,WH_028,2025-09-27,2025-10-01,2025-10-01,130,130.0
PO_04250,PRD_2116,SUP_180,WH_013,2024-11-19,2024-11-25,2024-11-25,370,370.0
PO_04251,PRD_4752,SUP_136,WH_050,2024-05-25,2024-06-01,2024-06-01,366,366.0
PO_04252,PRD_1677,SUP_104,WH_066,2022-07-23,2022-07-31,2022-07-31,375,375.0
PO_04253,PRD_1352,SUP_055,WH_079,2023-01-26,2023-02-04,,302,
PO_04254,PRD_0827,SUP_084,WH_037,2025-11-19,2025-11-20,2025-11-20,159,159.0
PO_04255,PRD_3879,SUP_196,WH_028,2025-05-08,2025-05-21,2025-05-21,480,480.0
PO_04256,PRD_1308,SUP_161,WH_079,2022-01-18,2022-01-23,2022-01-24,213,213.0
PO_04257,PRD_0689,SUP_179,WH_011,2022-10-13,2022-10-17,2022-10-17,74,74.0
PO_04258,PRD_4217,SUP_142,WH_054,2024-04-09,2024-04-18,2024-04-18,272,272.0
PO_04259,PRD_2160,SUP_040,WH_058,2024-09-07,2024-09-21,2024-09-21,332,332.0
PO_04260,PRD_4307,SUP_024,WH_058,2022-07-05,2022-07-14,2022-07-20,348,258.0
PO_04261,PRD_0519,SUP_010,WH_069,2024-04-15,2024-04-28,,457,
PO_04262,PRD_0710,SUP_199,WH_013,2024-10-24,2024-10-25,2024-10-25,50,50.0
PO_04263,PRD_0940,SUP_085,WH_071,2025-09-19,2025-09-21,2025-09-21,486,486.0
PO_04264,PRD_4939,SUP_106,WH_064,2025-05-02,2025-05-03,2025-05-03,276,276.0
PO_04265,PRD_4132,SUP_008,WH_060,2022-08-12,2022-08-19,2022-08-19,310,310.0
PO_04266,PRD_2809,SUP_141,WH_030,2024-05-08,2024-05-20,2024-05-20,357,357.0
PO_04267,PRD_3788,SUP_069,WH_035,2024-09-04,2024-09-18,2024-09-18,274,256.0
PO_04268,PRD_2228,SUP_161,WH_010,2025-02-25,2025-03-02,,221,
PO_04269,PRD_4733,SUP_160,WH_009,2022-06-08,2022-06-13,2022-06-13,149,149.0
PO_04270,PRD_4799,SUP_012,WH_075,2023-12-07,2023-12-20,2023-12-20,250,250.0
PO_04271,PRD_4929,SUP_195,WH_069,2022-03-10,2022-03-13,2022-03-13,103,103.0
PO_04272,PRD_0995,SUP_086,WH_016,2024-08-06,2024-08-08,2024-08-08,398,398.0
PO_04273,PRD_3199,SUP_074,WH_011,2022-02-16,2022-03-02,2022-03-02,378,329.0
PO_04274,PRD_3637,SUP_111,WH_040,2025-08-15,2025-08-17,2025-08-25,403,403.0
PO_04275,PRD_1375,SUP_107,WH_022,2023-01-16,2023-01-22,2023-01-22,416,416.0
PO_04276,PRD_4108,SUP_160,WH_073,2025-02-26,2025-03-03,2025-03-03,154,154.0
PO_04277,PRD_3770,SUP_042,WH_004,2022-05-26,2022-05-27,2022-05-27,187,115.0
PO_04278,PRD_1933,SUP_095,WH_045,2024-05-17,2024-05-19,2024-05-19,94,94.0
PO_04279,PRD_0716,SUP_085,WH_072,2024-02-05,2024-02-07,2024-02-07,176,159.0
PO_04280,PRD_0243,SUP_065,WH_040,2024-09-03,2024-09-11,2024-09-11,499,499.0
PO_04281,PRD_1470,SUP_100,WH_033,2023-04-03,2023-04-10,2023-04-10,80,80.0
PO_04282,PRD_0988,SUP_184,WH_020,2025-08-15,2025-08-18,2025-08-18,463,463.0
PO_04283,PRD_4666,SUP_139,WH_074,2022-08-18,2022-08-19,2022-08-19,157,157.0
PO_04284,PRD_3749,SUP_027,WH_023,2022-05-02,2022-05-14,2022-05-14,476,476.0
PO_04285,PRD_0821,SUP_085,WH_043,2024-01-25,2024-01-27,2024-01-29,85,78.0
PO_04286,PRD_4536,SUP_004,WH_056,2023-11-23,2023-12-06,2023-12-06,156,156.0
PO_04287,PRD_2200,SUP_031,WH_017,2025-12-16,2025-12-20,2025-12-20,43,43.0
PO_04288,PRD_3678,SUP_154,WH_077,2023-04-20,2023-05-02,2023-05-08,145,145.0
PO_04289,PRD_2284,SUP_161,WH_006,2025-11-10,2025-11-15,2025-11-15,341,341.0
PO_04290,PRD_1227,SUP_127,WH_068,2024-01-05,2024-01-15,2024-01-18,34,34.0
PO_04291,PRD_4658,SUP_024,WH_065,2025-02-09,2025-02-18,2025-02-18,79,79.0
PO_04292,PRD_3976,SUP_090,WH_051,2022-04-06,2022-04-11,2022-04-11,487,487.0
PO_04293,PRD_4406,SUP_147,WH_054,2023-10-04,2023-10-14,2023-10-14,453,453.0
PO_04294,PRD_4247,SUP_197,WH_037,2024-11-12,2024-11-21,2024-11-22,77,54.0
PO_04295,PRD_1218,SUP_170,WH_031,2022-01-14,2022-01-22,2022-01-22,491,491.0
PO_04296,PRD_2869,SUP_078,WH_078,2022-11-19,2022-11-20,2022-11-20,448,448.0
PO_04297,PRD_4094,SUP_157,WH_006,2024-02-09,2024-02-10,2024-02-10,99,76.0
PO_04298,PRD_1174,SUP_080,WH_029,2024-02-14,2024-02-15,2024-02-15,157,157.0
PO_04299,PRD_1719,SUP_021,WH_049,2023-06-03,2023-06-13,2023-06-19,132,132.0
PO_04300,PRD_4246,SUP_127,WH_069,2023-07-12,2023-07-22,2023-07-22,396,396.0
PO_04301,PRD_3845,SUP_150,WH_014,2022-04-05,2022-04-17,2022-04-17,160,160.0
PO_04302,PRD_4153,SUP_125,WH_036,2025-09-19,2025-09-23,2025-09-23,441,441.0
PO_04303,PRD_2477,SUP_146,WH_065,2022-05-18,2022-06-01,2022-06-01,157,146.0
PO_04304,PRD_0432,SUP_171,WH_073,2024-02-11,2024-02-17,2024-02-17,105,105.0
PO_04305,PRD_2187,SUP_051,WH_049,2023-01-06,2023-01-13,2023-01-13,97,97.0
PO_04306,PRD_2006,SUP_056,WH_066,2025-03-26,2025-04-09,2025-04-09,226,226.0
PO_04307,PRD_3318,SUP_140,WH_006,2024-12-19,2024-12-30,2025-01-05,464,464.0
PO_04308,PRD_4122,SUP_030,WH_044,2023-07-27,2023-08-08,2023-08-08,438,438.0
PO_04309,PRD_3724,SUP_011,WH_057,2024-05-14,2024-05-25,2024-05-25,310,310.0
PO_04310,PRD_1124,SUP_120,WH_040,2025-05-23,2025-06-05,2025-06-05,439,439.0
PO_04311,PRD_1765,SUP_014,WH_079,2025-02-05,2025-02-18,2025-02-24,182,182.0
PO_04312,PRD_3201,SUP_170,WH_010,2025-11-16,2025-11-24,,395,
PO_04313,PRD_4675,SUP_039,WH_073,2025-06-19,2025-06-26,2025-06-30,36,36.0
PO_04314,PRD_0177,SUP_088,WH_032,2023-09-21,2023-09-27,2023-09-27,479,479.0
PO_04315,PRD_3253,SUP_060,WH_015,2024-12-14,2024-12-24,2024-12-24,352,352.0
PO_04316,PRD_2338,SUP_089,WH_017,2024-11-01,2024-11-08,2024-11-08,352,352.0
PO_04317,PRD_1551,SUP_123,WH_051,2025-08-25,2025-09-06,2025-09-06,103,103.0
PO_04318,PRD_4297,SUP_186,WH_002,2023-03-09,2023-03-18,,113,
PO_04319,PRD_1791,SUP_084,WH_058,2024-07-11,2024-07-12,,98,
PO_04320,PRD_0652,SUP_081,WH_060,2024-05-22,2024-05-30,2024-06-06,356,356.0
PO_04321,PRD_4409,SUP_097,WH_070,2025-03-03,2025-03-15,2025-03-16,309,309.0
PO_04322,PRD_3304,SUP_140,WH_015,2022-04-24,2022-05-05,2022-05-05,474,359.0
PO_04323,PRD_3390,SUP_073,WH_044,2023-01-03,2023-01-15,2023-01-15,488,488.0
PO_04324,PRD_3557,SUP_024,WH_050,2022-01-17,2022-01-26,2022-01-26,175,175.0
PO_04325,PRD_1719,SUP_021,WH_051,2023-09-17,2023-09-27,2023-10-05,23,23.0
PO_04326,PRD_0929,SUP_141,WH_027,2022-06-15,2022-06-27,2022-06-27,447,419.0
PO_04327,PRD_1152,SUP_127,WH_023,2023-08-23,2023-09-02,2023-09-05,380,354.0
PO_04328,PRD_2328,SUP_179,WH_024,2024-09-18,2024-09-22,2024-09-26,328,328.0
PO_04329,PRD_4870,SUP_043,WH_074,2023-06-20,2023-06-29,2023-06-29,395,395.0
PO_04330,PRD_0252,SUP_175,WH_039,2023-04-06,2023-04-10,2023-04-10,191,191.0
PO_04331,PRD_1761,SUP_033,WH_064,2023-01-20,2023-02-03,2023-02-03,455,455.0
PO_04332,PRD_0758,SUP_185,WH_023,2023-08-04,2023-08-18,2023-08-18,183,183.0
PO_04333,PRD_3665,SUP_154,WH_073,2024-11-27,2024-12-09,2024-12-09,496,496.0
PO_04334,PRD_4050,SUP_200,WH_061,2025-08-06,2025-08-10,2025-08-10,487,487.0
PO_04335,PRD_0057,SUP_186,WH_011,2022-05-18,2022-05-27,2022-06-04,124,104.0
PO_04336,PRD_1064,SUP_050,WH_080,2023-08-06,2023-08-09,2023-08-15,401,320.0
PO_04337,PRD_1920,SUP_067,WH_027,2023-04-05,2023-04-09,,149,
PO_04338,PRD_3637,SUP_111,WH_002,2023-12-05,2023-12-07,2023-12-07,20,20.0
PO_04339,PRD_3886,SUP_173,WH_035,2023-01-11,2023-01-12,2023-01-12,433,433.0
PO_04340,PRD_2637,SUP_166,WH_007,2023-11-11,2023-11-14,2023-11-14,437,437.0
PO_04341,PRD_2431,SUP_174,WH_078,2024-07-07,2024-07-15,2024-07-15,277,277.0
PO_04342,PRD_0663,SUP_149,WH_029,2025-03-02,2025-03-09,2025-03-09,177,177.0
PO_04343,PRD_1609,SUP_174,WH_053,2022-03-26,2022-04-03,2022-04-03,249,249.0
PO_04344,PRD_1963,SUP_064,WH_070,2023-11-05,2023-11-11,2023-11-11,101,101.0
PO_04345,PRD_4596,SUP_018,WH_029,2023-08-13,2023-08-19,2023-08-21,73,73.0
PO_04346,PRD_0158,SUP_012,WH_028,2025-01-06,2025-01-19,2025-01-19,305,305.0
PO_04347,PRD_1927,SUP_120,WH_056,2023-04-12,2023-04-25,2023-04-25,483,483.0
PO_04348,PRD_1628,SUP_193,WH_052,2025-09-12,2025-09-14,2025-09-17,417,417.0
PO_04349,PRD_0512,SUP_179,WH_037,2023-10-07,2023-10-11,2023-10-11,332,332.0
PO_04350,PRD_4963,SUP_128,WH_037,2023-01-13,2023-01-16,,78,
PO_04351,PRD_2989,SUP_017,WH_054,2024-10-24,2024-10-27,2024-10-29,279,279.0
PO_04352,PRD_2618,SUP_173,WH_069,2025-08-03,2025-08-04,2025-08-10,414,299.0
PO_04353,PRD_0613,SUP_012,WH_002,2022-02-11,2022-02-24,,471,
PO_04354,PRD_3261,SUP_105,WH_079,2025-01-17,2025-01-28,2025-01-28,424,424.0
PO_04355,PRD_1239,SUP_143,WH_075,2022-03-03,2022-03-12,2022-03-20,61,61.0
PO_04356,PRD_0521,SUP_008,WH_080,2025-01-23,2025-01-30,2025-01-30,135,135.0
PO_04357,PRD_2810,SUP_063,WH_067,2024-05-01,2024-05-12,,355,
PO_04358,PRD_4759,SUP_092,WH_027,2024-04-05,2024-04-06,2024-04-06,355,273.0
PO_04359,PRD_0527,SUP_067,WH_005,2025-12-04,2025-12-08,2025-12-08,138,138.0
PO_04360,PRD_4243,SUP_141,WH_010,2022-09-06,2022-09-18,2022-09-18,207,207.0
PO_04361,PRD_1882,SUP_035,WH_019,2025-08-25,2025-09-04,2025-09-04,296,216.0
PO_04362,PRD_4078,SUP_062,WH_039,2025-06-10,2025-06-18,2025-06-18,238,238.0
PO_04363,PRD_1942,SUP_095,WH_005,2025-05-27,2025-05-29,2025-06-06,189,189.0
PO_04364,PRD_2532,SUP_148,WH_035,2023-03-04,2023-03-07,2023-03-12,158,158.0
PO_04365,PRD_4391,SUP_187,WH_027,2024-05-21,2024-05-24,2024-05-24,312,312.0
PO_04366,PRD_2052,SUP_043,WH_020,2025-12-18,2025-12-27,2025-12-27,428,428.0
PO_04367,PRD_1136,SUP_099,WH_035,2025-07-12,2025-07-18,2025-07-18,485,485.0
PO_04368,PRD_4063,SUP_197,WH_065,2023-10-07,2023-10-16,2023-10-16,22,22.0
PO_04369,PRD_4092,SUP_125,WH_006,2022-07-12,2022-07-16,2022-07-21,481,481.0
PO_04370,PRD_4153,SUP_125,WH_025,2022-10-01,2022-10-05,2022-10-11,345,345.0
PO_04371,PRD_3066,SUP_153,WH_057,2023-02-26,2023-03-02,,67,
PO_04372,PRD_0562,SUP_165,WH_077,2025-09-05,2025-09-14,2025-09-14,193,162.0
PO_04373,PRD_1967,SUP_178,WH_076,2022-11-16,2022-11-24,2022-11-24,199,199.0
PO_04374,PRD_1434,SUP_017,WH_031,2025-05-05,2025-05-08,,40,
PO_04375,PRD_2542,SUP_084,WH_012,2022-01-08,2022-01-09,2022-01-10,433,433.0
PO_04376,PRD_1250,SUP_136,WH_039,2023-01-20,2023-01-27,2023-01-29,175,145.0
PO_04377,PRD_4972,SUP_157,WH_050,2022-03-16,2022-03-17,2022-03-21,58,46.0
PO_04378,PRD_3085,SUP_145,WH_021,2024-06-23,2024-06-30,2024-06-30,415,415.0
PO_04379,PRD_2307,SUP_078,WH_009,2023-08-02,2023-08-03,2023-08-03,500,500.0
PO_04380,PRD_3835,SUP_112,WH_056,2024-03-14,2024-03-20,2024-03-20,247,247.0
PO_04381,PRD_3400,SUP_075,WH_012,2025-07-18,2025-07-25,2025-07-25,240,240.0
PO_04382,PRD_4369,SUP_073,WH_057,2024-04-25,2024-05-07,,52,
PO_04383,PRD_1532,SUP_155,WH_073,2024-08-23,2024-08-24,2024-08-24,325,257.0
PO_04384,PRD_0163,SUP_184,WH_039,2022-10-16,2022-10-19,2022-10-20,46,46.0
PO_04385,PRD_3007,SUP_189,WH_070,2022-10-19,2022-11-01,2022-11-01,244,203.0
PO_04386,PRD_0766,SUP_080,WH_040,2024-04-07,2024-04-08,,498,
PO_04387,PRD_0520,SUP_046,WH_007,2024-02-13,2024-02-22,2024-02-22,469,469.0
PO_04388,PRD_1230,SUP_189,WH_045,2022-02-15,2022-02-28,2022-02-28,65,65.0
PO_04389,PRD_1734,SUP_087,WH_007,2022-11-12,2022-11-24,2022-11-24,156,99.0
PO_04390,PRD_3922,SUP_045,WH_053,2024-03-24,2024-04-07,,151,
PO_04391,PRD_4568,SUP_160,WH_021,2022-05-26,2022-05-31,2022-05-31,392,392.0
PO_04392,PRD_0974,SUP_105,WH_041,2023-09-15,2023-09-26,2023-09-26,49,49.0
PO_04393,PRD_4138,SUP_080,WH_066,2023-06-01,2023-06-02,2023-06-09,69,60.0
PO_04394,PRD_4988,SUP_062,WH_054,2025-08-08,2025-08-16,2025-08-16,51,51.0
PO_04395,PRD_2248,SUP_102,WH_054,2022-01-16,2022-01-23,2022-01-23,257,257.0
PO_04396,PRD_0353,SUP_042,WH_065,2025-11-08,2025-11-09,2025-11-09,279,279.0
PO_04397,PRD_2738,SUP_149,WH_012,2024-05-26,2024-06-02,2024-06-02,200,200.0
PO_04398,PRD_2124,SUP_180,WH_017,2023-11-07,2023-11-13,2023-11-13,418,418.0
PO_04399,PRD_3927,SUP_193,WH_027,2024-05-14,2024-05-16,2024-05-16,346,346.0
PO_04400,PRD_3605,SUP_113,WH_072,2023-02-24,2023-03-02,2023-03-02,144,144.0
PO_04401,PRD_1040,SUP_051,WH_050,2022-09-25,2022-10-02,2022-10-02,325,305.0
PO_04402,PRD_4278,SUP_035,WH_033,2024-10-03,2024-10-13,2024-10-13,375,375.0
PO_04403,PRD_1574,SUP_077,WH_042,2023-06-07,2023-06-10,2023-06-10,236,141.0
PO_04404,PRD_1434,SUP_017,WH_010,2025-07-05,2025-07-08,2025-07-11,131,131.0
PO_04405,PRD_3905,SUP_011,WH_002,2024-05-06,2024-05-17,2024-05-21,407,407.0
PO_04406,PRD_1758,SUP_058,WH_041,2023-09-01,2023-09-02,2023-09-02,207,207.0
PO_04407,PRD_0193,SUP_184,WH_056,2023-06-14,2023-06-17,2023-06-20,302,302.0
PO_04408,PRD_0678,SUP_008,WH_048,2025-11-02,2025-11-09,2025-11-09,432,354.0
PO_04409,PRD_4163,SUP_117,WH_068,2024-07-25,2024-08-06,2024-08-12,143,143.0
PO_04410,PRD_3221,SUP_177,WH_005,2024-11-10,2024-11-11,2024-11-11,142,142.0
PO_04411,PRD_2553,SUP_063,WH_029,2022-12-11,2022-12-22,2022-12-22,91,91.0
PO_04412,PRD_2494,SUP_098,WH_075,2022-08-05,2022-08-15,2022-08-15,427,427.0
PO_04413,PRD_4121,SUP_200,WH_074,2023-07-21,2023-07-25,2023-07-30,491,491.0
PO_04414,PRD_2835,SUP_153,WH_041,2023-07-27,2023-07-31,2023-07-31,408,408.0
PO_04415,PRD_3447,SUP_180,WH_038,2024-08-11,2024-08-17,2024-08-17,459,459.0
PO_04416,PRD_1889,SUP_058,WH_008,2022-08-10,2022-08-11,2022-08-11,491,412.0
PO_04417,PRD_0362,SUP_003,WH_044,2023-11-10,2023-11-14,2023-11-14,134,86.0
PO_04418,PRD_0970,SUP_179,WH_047,2024-04-24,2024-04-28,2024-04-28,302,302.0
PO_04419,PRD_1935,SUP_194,WH_044,2022-03-22,2022-03-28,2022-04-03,67,67.0
PO_04420,PRD_1028,SUP_157,WH_078,2023-08-16,2023-08-17,,196,
PO_04421,PRD_1246,SUP_017,WH_047,2022-10-17,2022-10-20,2022-10-20,253,253.0
PO_04422,PRD_0274,SUP_057,WH_077,2024-11-03,2024-11-08,2024-11-08,187,187.0
PO_04423,PRD_0517,SUP_010,WH_073,2024-06-17,2024-06-30,2024-06-30,277,277.0
PO_04424,PRD_1968,SUP_200,WH_057,2024-12-06,2024-12-10,2024-12-10,52,52.0
PO_04425,PRD_0551,SUP_199,WH_023,2023-07-20,2023-07-21,2023-07-21,52,52.0
PO_04426,PRD_1677,SUP_104,WH_068,2022-03-09,2022-03-17,,369,
PO_04427,PRD_3122,SUP_114,WH_046,2023-07-08,2023-07-19,2023-07-19,346,346.0
PO_04428,PRD_2794,SUP_163,WH_008,2023-11-25,2023-12-02,2023-12-02,194,194.0
PO_04429,PRD_0080,SUP_142,WH_069,2024-08-02,2024-08-11,2024-08-13,391,391.0
PO_04430,PRD_2434,SUP_188,WH_064,2022-04-15,2022-04-24,2022-04-24,208,208.0
PO_04431,PRD_4724,SUP_139,WH_020,2023-03-12,2023-03-13,2023-03-13,436,436.0
PO_04432,PRD_1740,SUP_120,WH_024,2023-10-24,2023-11-06,2023-11-06,252,252.0
PO_04433,PRD_3246,SUP_030,WH_042,2024-09-06,2024-09-18,2024-09-21,86,86.0
PO_04434,PRD_3029,SUP_077,WH_077,2022-01-17,2022-01-20,2022-01-23,325,325.0
PO_04435,PRD_1371,SUP_153,WH_006,2025-03-17,2025-03-21,2025-03-25,202,202.0
PO_04436,PRD_3715,SUP_150,WH_076,2023-04-16,2023-04-28,2023-04-28,399,399.0
PO_04437,PRD_2250,SUP_031,WH_003,2024-01-16,2024-01-20,2024-01-26,73,73.0
PO_04438,PRD_0619,SUP_176,WH_054,2023-01-07,2023-01-18,2023-01-18,347,324.0
PO_04439,PRD_0256,SUP_029,WH_072,2023-11-07,2023-11-19,2023-11-19,443,443.0
PO_04440,PRD_0900,SUP_184,WH_057,2022-07-03,2022-07-06,2022-07-06,109,109.0
PO_04441,PRD_4972,SUP_157,WH_073,2025-10-02,2025-10-03,2025-10-03,113,96.0
PO_04442,PRD_3016,SUP_159,WH_047,2022-05-12,2022-05-24,2022-05-24,364,364.0
PO_04443,PRD_3803,SUP_083,WH_042,2025-11-01,2025-11-12,2025-11-17,219,219.0
PO_04444,PRD_2682,SUP_173,WH_017,2025-09-25,2025-09-26,2025-09-26,341,341.0
PO_04445,PRD_4476,SUP_119,WH_049,2022-08-09,2022-08-15,2022-08-18,336,336.0
PO_04446,PRD_1299,SUP_185,WH_033,2025-11-17,2025-12-01,2025-12-01,42,42.0
PO_04447,PRD_0386,SUP_038,WH_005,2022-05-21,2022-05-30,2022-05-31,205,205.0
PO_04448,PRD_4047,SUP_197,WH_043,2024-02-15,2024-02-24,2024-02-24,461,451.0
PO_04449,PRD_1868,SUP_165,WH_044,2025-04-13,2025-04-22,2025-04-24,56,51.0
PO_04450,PRD_1191,SUP_019,WH_072,2022-01-01,2022-01-13,2022-01-13,259,259.0
PO_04451,PRD_0105,SUP_184,WH_068,2022-07-10,2022-07-13,2022-07-13,335,335.0
PO_04452,PRD_4000,SUP_093,WH_067,2025-04-13,2025-04-16,2025-04-16,352,352.0
PO_04453,PRD_1876,SUP_072,WH_045,2024-03-11,2024-03-15,2024-03-19,421,421.0
PO_04454,PRD_0312,SUP_020,WH_021,2022-11-18,2022-11-20,2022-11-20,129,129.0
PO_04455,PRD_0906,SUP_130,WH_039,2024-11-07,2024-11-11,2024-11-11,317,317.0
PO_04456,PRD_4183,SUP_081,WH_039,2023-06-18,2023-06-26,2023-07-01,158,158.0
PO_04457,PRD_2281,SUP_051,WH_037,2023-08-18,2023-08-25,2023-08-25,475,475.0
PO_04458,PRD_1532,SUP_155,WH_063,2022-03-15,2022-03-16,2022-03-16,327,327.0
PO_04459,PRD_1629,SUP_091,WH_080,2023-08-02,2023-08-03,,101,
PO_04460,PRD_1235,SUP_115,WH_001,2022-12-02,2022-12-03,2022-12-03,384,384.0
PO_04461,PRD_3006,SUP_123,WH_060,2022-12-12,2022-12-24,2022-12-28,396,396.0
PO_04462,PRD_2909,SUP_091,WH_025,2022-04-02,2022-04-03,2022-04-03,385,385.0
PO_04463,PRD_2372,SUP_102,WH_029,2023-07-04,2023-07-11,2023-07-11,254,254.0
PO_04464,PRD_0915,SUP_177,WH_047,2025-07-01,2025-07-02,,192,
PO_04465,PRD_4646,SUP_020,WH_072,2025-12-16,2025-12-18,2025-12-18,70,70.0
PO_04466,PRD_3188,SUP_041,WH_067,2025-07-23,2025-07-24,2025-07-24,326,326.0
PO_04467,PRD_1959,SUP_167,WH_064,2022-02-09,2022-02-12,2022-02-12,136,136.0
PO_04468,PRD_2156,SUP_008,WH_002,2025-10-03,2025-10-10,2025-10-17,340,206.0
PO_04469,PRD_0165,SUP_126,WH_007,2024-10-17,2024-10-20,,317,
PO_04470,PRD_4465,SUP_069,WH_014,2025-08-19,2025-09-02,2025-09-02,269,269.0
PO_04471,PRD_1820,SUP_152,WH_078,2024-02-24,2024-03-04,2024-03-08,348,323.0
PO_04472,PRD_2455,SUP_067,WH_002,2025-05-19,2025-05-23,,280,
PO_04473,PRD_4027,SUP_160,WH_045,2025-08-21,2025-08-26,2025-08-26,458,458.0
PO_04474,PRD_4404,SUP_107,WH_056,2025-02-15,2025-02-21,2025-02-27,155,155.0
PO_04475,PRD_1761,SUP_033,WH_033,2025-12-25,2026-01-08,2026-01-08,377,377.0
PO_04476,PRD_2359,SUP_152,WH_030,2025-09-09,2025-09-18,2025-09-18,444,444.0
PO_04477,PRD_2468,SUP_182,WH_034,2024-12-19,2024-12-23,2024-12-23,315,315.0
PO_04478,PRD_3923,SUP_133,WH_044,2024-09-13,2024-09-22,2024-09-22,216,189.0
PO_04479,PRD_4218,SUP_065,WH_019,2025-02-07,2025-02-15,2025-02-15,441,441.0
PO_04480,PRD_4328,SUP_182,WH_069,2025-06-10,2025-06-14,2025-06-14,354,354.0
PO_04481,PRD_0657,SUP_200,WH_030,2025-01-13,2025-01-17,2025-01-17,209,209.0
PO_04482,PRD_4762,SUP_045,WH_042,2022-04-24,2022-05-08,2022-05-08,136,136.0
PO_04483,PRD_0237,SUP_130,WH_063,2022-03-06,2022-03-10,2022-03-10,201,201.0
PO_04484,PRD_1176,SUP_024,WH_063,2025-12-27,2026-01-05,2026-01-07,337,337.0
PO_04485,PRD_2857,SUP_194,WH_044,2023-10-03,2023-10-09,2023-10-09,65,65.0
PO_04486,PRD_3562,SUP_113,WH_067,2025-02-19,2025-02-25,2025-02-25,348,348.0
PO_04487,PRD_4449,SUP_099,WH_057,2024-02-15,2024-02-21,,110,
PO_04488,PRD_1452,SUP_013,WH_007,2024-11-26,2024-11-30,2024-12-01,191,191.0
PO_04489,PRD_1634,SUP_112,WH_068,2025-03-26,2025-04-01,2025-04-01,377,281.0
PO_04490,PRD_1039,SUP_007,WH_062,2023-10-05,2023-10-10,2023-10-12,481,481.0
PO_04491,PRD_1959,SUP_167,WH_018,2025-08-16,2025-08-19,2025-08-19,277,277.0
PO_04492,PRD_0233,SUP_086,WH_021,2025-09-23,2025-09-25,2025-09-25,210,210.0
PO_04493,PRD_2652,SUP_167,WH_079,2024-01-27,2024-01-30,2024-01-31,265,265.0
PO_04494,PRD_0413,SUP_007,WH_022,2025-11-07,2025-11-12,2025-11-12,182,182.0
PO_04495,PRD_0989,SUP_160,WH_004,2022-05-01,2022-05-06,2022-05-06,197,197.0
PO_04496,PRD_2289,SUP_080,WH_069,2024-01-22,2024-01-23,2024-01-23,378,378.0
PO_04497,PRD_0762,SUP_105,WH_033,2025-04-02,2025-04-13,2025-04-13,257,257.0
PO_04498,PRD_1441,SUP_064,WH_061,2022-12-07,2022-12-13,2022-12-13,193,193.0
PO_04499,PRD_2184,SUP_097,WH_075,2025-08-15,2025-08-27,2025-08-30,43,43.0
PO_04500,PRD_2295,SUP_161,WH_064,2024-03-10,2024-03-15,2024-03-15,223,223.0
PO_04501,PRD_0541,SUP_149,WH_026,2022-08-10,2022-08-17,2022-08-17,292,183.0
PO_04502,PRD_0313,SUP_007,WH_053,2024-10-26,2024-10-31,2024-11-04,290,194.0
PO_04503,PRD_2335,SUP_078,WH_053,2024-08-14,2024-08-15,2024-08-22,231,231.0
PO_04504,PRD_2136,SUP_040,WH_057,2023-06-09,2023-06-23,2023-07-01,481,481.0
PO_04505,PRD_3868,SUP_069,WH_008,2025-04-03,2025-04-17,2025-04-24,128,128.0
PO_04506,PRD_2639,SUP_088,WH_045,2025-08-16,2025-08-22,2025-08-22,119,119.0
PO_04507,PRD_3201,SUP_170,WH_025,2024-06-25,2024-07-03,2024-07-03,203,203.0
PO_04508,PRD_2173,SUP_020,WH_015,2024-07-21,2024-07-23,2024-07-23,162,162.0
PO_04509,PRD_3796,SUP_121,WH_059,2023-09-03,2023-09-06,2023-09-06,396,396.0
PO_04510,PRD_0463,SUP_121,WH_058,2023-02-15,2023-02-18,2023-02-18,145,145.0
PO_04511,PRD_1180,SUP_022,WH_025,2025-12-12,2025-12-25,2025-12-25,404,404.0
PO_04512,PRD_2955,SUP_134,WH_018,2024-10-23,2024-10-24,,180,
PO_04513,PRD_4362,SUP_088,WH_047,2025-03-19,2025-03-25,2025-03-25,463,463.0
PO_04514,PRD_0872,SUP_197,WH_076,2023-09-27,2023-10-06,2023-10-14,447,447.0
PO_04515,PRD_1479,SUP_060,WH_058,2022-07-18,2022-07-28,2022-07-28,382,382.0
PO_04516,PRD_2255,SUP_148,WH_048,2023-03-10,2023-03-13,2023-03-13,370,370.0
PO_04517,PRD_4764,SUP_077,WH_078,2025-08-03,2025-08-06,2025-08-13,245,245.0
PO_04518,PRD_3997,SUP_178,WH_055,2025-12-13,2025-12-21,2025-12-21,303,303.0
PO_04519,PRD_3892,SUP_126,WH_030,2024-08-20,2024-08-23,2024-08-23,489,489.0
PO_04520,PRD_1649,SUP_185,WH_048,2024-12-13,2024-12-27,2024-12-27,251,251.0
PO_04521,PRD_0920,SUP_130,WH_024,2025-05-19,2025-05-23,2025-05-27,466,466.0
PO_04522,PRD_0435,SUP_046,WH_064,2023-08-07,2023-08-16,2023-08-21,361,361.0
PO_04523,PRD_4979,SUP_092,WH_043,2025-09-12,2025-09-13,,368,
PO_04524,PRD_4346,SUP_058,WH_027,2025-03-11,2025-03-12,2025-03-12,169,169.0
PO_04525,PRD_4418,SUP_149,WH_051,2023-09-22,2023-09-29,2023-10-01,102,102.0
PO_04526,PRD_0408,SUP_064,WH_023,2022-10-19,2022-10-25,2022-10-25,121,121.0
PO_04527,PRD_4073,SUP_125,WH_037,2022-03-25,2022-03-29,2022-03-29,229,229.0
PO_04528,PRD_4942,SUP_136,WH_026,2025-10-19,2025-10-26,2025-10-26,238,238.0
PO_04529,PRD_2669,SUP_120,WH_019,2025-04-17,2025-04-30,2025-05-05,45,29.0
PO_04530,PRD_2025,SUP_149,WH_039,2022-05-04,2022-05-11,2022-05-13,154,154.0
PO_04531,PRD_4159,SUP_032,WH_076,2022-10-04,2022-10-18,2022-10-18,410,410.0
PO_04532,PRD_0031,SUP_191,WH_080,2023-06-21,2023-07-05,2023-07-08,48,48.0
PO_04533,PRD_4794,SUP_076,WH_027,2024-08-25,2024-08-27,2024-08-27,255,255.0
PO_04534,PRD_3205,SUP_051,WH_036,2022-06-05,2022-06-12,2022-06-12,288,288.0
PO_04535,PRD_1609,SUP_174,WH_047,2022-03-08,2022-03-16,2022-03-17,350,350.0
PO_04536,PRD_2753,SUP_076,WH_050,2025-01-12,2025-01-14,2025-01-22,451,360.0
PO_04537,PRD_2660,SUP_049,WH_038,2023-07-18,2023-07-27,2023-08-01,137,137.0
PO_04538,PRD_1094,SUP_051,WH_053,2025-09-24,2025-10-01,2025-10-01,105,65.0
PO_04539,PRD_4306,SUP_040,WH_069,2024-09-16,2024-09-30,2024-09-30,236,236.0
PO_04540,PRD_1295,SUP_197,WH_053,2022-11-21,2022-11-30,2022-11-30,443,325.0
PO_04541,PRD_1709,SUP_070,WH_056,2024-09-21,2024-09-22,,220,
PO_04542,PRD_0536,SUP_089,WH_075,2023-09-12,2023-09-19,2023-09-22,287,287.0
PO_04543,PRD_1793,SUP_035,WH_024,2025-02-07,2025-02-17,2025-02-17,372,223.0
PO_04544,PRD_3749,SUP_027,WH_058,2023-05-13,2023-05-25,2023-05-25,388,388.0
PO_04545,PRD_0549,SUP_148,WH_039,2025-01-13,2025-01-16,2025-01-16,457,457.0
PO_04546,PRD_1461,SUP_062,WH_004,2024-01-15,2024-01-23,2024-01-23,405,405.0
PO_04547,PRD_1834,SUP_117,WH_057,2022-04-08,2022-04-20,2022-04-20,438,438.0
PO_04548,PRD_3739,SUP_121,WH_077,2024-08-07,2024-08-10,,47,
PO_04549,PRD_0830,SUP_108,WH_056,2023-10-17,2023-10-25,2023-10-31,210,210.0
PO_04550,PRD_2239,SUP_011,WH_032,2023-10-24,2023-11-04,2023-11-04,286,286.0
PO_04551,PRD_0410,SUP_175,WH_052,2023-02-26,2023-03-02,2023-03-02,242,176.0
PO_04552,PRD_3816,SUP_163,WH_076,2024-02-03,2024-02-10,2024-02-10,180,180.0
PO_04553,PRD_1703,SUP_138,WH_028,2024-05-16,2024-05-24,2024-05-24,108,108.0
PO_04554,PRD_4552,SUP_125,WH_075,2025-07-17,2025-07-21,2025-07-21,372,372.0
PO_04555,PRD_4020,SUP_103,WH_027,2023-07-23,2023-08-03,2023-08-03,284,284.0
PO_04556,PRD_3431,SUP_019,WH_029,2024-03-24,2024-04-05,2024-04-05,345,284.0
PO_04557,PRD_4126,SUP_004,WH_059,2024-06-17,2024-06-30,2024-06-30,439,439.0
PO_04558,PRD_3147,SUP_174,WH_019,2023-05-04,2023-05-12,2023-05-12,29,29.0
PO_04559,PRD_4699,SUP_135,WH_068,2025-01-20,2025-01-28,2025-01-28,68,68.0
PO_04560,PRD_0960,SUP_094,WH_007,2024-10-04,2024-10-18,,32,
PO_04561,PRD_2894,SUP_124,WH_080,2024-07-11,2024-07-22,,265,
PO_04562,PRD_3787,SUP_133,WH_028,2023-10-11,2023-10-20,2023-10-20,178,178.0
PO_04563,PRD_3375,SUP_109,WH_067,2024-06-12,2024-06-17,2024-06-17,166,166.0
PO_04564,PRD_0302,SUP_095,WH_080,2024-02-14,2024-02-16,2024-02-16,316,316.0
PO_04565,PRD_2139,SUP_149,WH_059,2023-02-17,2023-02-24,2023-02-24,455,455.0
PO_04566,PRD_4853,SUP_043,WH_021,2022-08-16,2022-08-25,,121,
PO_04567,PRD_4796,SUP_159,WH_030,2023-10-12,2023-10-24,2023-10-24,394,394.0
PO_04568,PRD_0813,SUP_050,WH_050,2024-04-24,2024-04-27,2024-04-27,255,255.0
PO_04569,PRD_4994,SUP_008,WH_006,2025-10-08,2025-10-15,2025-10-15,65,65.0
PO_04570,PRD_1088,SUP_189,WH_073,2024-05-25,2024-06-07,2024-06-07,282,282.0
PO_04571,PRD_3140,SUP_068,WH_030,2023-10-22,2023-10-23,2023-10-23,197,197.0
PO_04572,PRD_4014,SUP_178,WH_058,2023-12-17,2023-12-25,2023-12-25,421,421.0
PO_04573,PRD_3074,SUP_179,WH_050,2023-05-07,2023-05-11,2023-05-11,228,228.0
PO_04574,PRD_3893,SUP_072,WH_031,2023-04-09,2023-04-13,2023-04-13,91,79.0
PO_04575,PRD_3710,SUP_139,WH_047,2022-04-11,2022-04-12,2022-04-12,58,58.0
PO_04576,PRD_4579,SUP_152,WH_036,2024-03-12,2024-03-21,2024-03-29,379,379.0
PO_04577,PRD_4181,SUP_008,WH_030,2025-07-24,2025-07-31,2025-07-31,492,492.0
PO_04578,PRD_0801,SUP_076,WH_009,2023-04-19,2023-04-21,2023-04-21,278,278.0
PO_04579,PRD_4457,SUP_183,WH_017,2023-11-27,2023-12-11,2023-12-17,350,350.0
PO_04580,PRD_3844,SUP_126,WH_077,2025-08-08,2025-08-11,,350,
PO_04581,PRD_0099,SUP_196,WH_064,2025-09-01,2025-09-14,2025-09-14,90,90.0
PO_04582,PRD_4758,SUP_026,WH_065,2023-09-13,2023-09-19,2023-09-19,302,302.0
PO_04583,PRD_3294,SUP_058,WH_016,2023-04-06,2023-04-07,2023-04-07,167,140.0
PO_04584,PRD_3394,SUP_060,WH_009,2023-12-12,2023-12-22,2023-12-22,340,340.0
PO_04585,PRD_1402,SUP_164,WH_071,2022-10-17,2022-10-26,2022-10-26,180,172.0
PO_04586,PRD_4596,SUP_018,WH_004,2023-09-22,2023-09-28,2023-09-29,337,337.0
PO_04587,PRD_1471,SUP_114,WH_039,2022-06-02,2022-06-13,2022-06-13,225,225.0
PO_04588,PRD_0684,SUP_112,WH_053,2025-09-19,2025-09-25,2025-09-25,307,307.0
PO_04589,PRD_2945,SUP_062,WH_072,2022-08-21,2022-08-29,2022-08-29,461,461.0
PO_04590,PRD_1501,SUP_057,WH_052,2025-04-21,2025-04-26,2025-04-26,262,262.0
PO_04591,PRD_0430,SUP_086,WH_039,2023-11-20,2023-11-22,2023-11-22,408,408.0
PO_04592,PRD_4342,SUP_147,WH_026,2025-03-12,2025-03-22,2025-03-24,100,100.0
PO_04593,PRD_1620,SUP_108,WH_067,2024-09-26,2024-10-04,2024-10-04,261,261.0
PO_04594,PRD_0970,SUP_179,WH_024,2023-05-10,2023-05-14,2023-05-14,124,124.0
PO_04595,PRD_0637,SUP_199,WH_059,2024-09-04,2024-09-05,2024-09-05,496,496.0
PO_04596,PRD_4570,SUP_168,WH_047,2022-12-19,2022-12-22,2022-12-22,40,40.0
PO_04597,PRD_2429,SUP_148,WH_022,2025-12-23,2025-12-26,2025-12-26,194,194.0
PO_04598,PRD_4653,SUP_018,WH_071,2025-07-12,2025-07-18,2025-07-18,405,405.0
PO_04599,PRD_3744,SUP_172,WH_004,2024-12-07,2024-12-15,2024-12-15,186,186.0
PO_04600,PRD_2458,SUP_157,WH_060,2023-10-25,2023-10-26,2023-11-03,401,401.0
PO_04601,PRD_1093,SUP_163,WH_056,2025-02-06,2025-02-13,2025-02-13,283,283.0
PO_04602,PRD_2682,SUP_173,WH_019,2022-01-15,2022-01-16,2022-01-16,255,255.0
PO_04603,PRD_4867,SUP_111,WH_033,2024-10-21,2024-10-23,2024-10-23,428,395.0
PO_04604,PRD_4950,SUP_106,WH_010,2025-09-19,2025-09-20,2025-09-20,317,317.0
PO_04605,PRD_0357,SUP_168,WH_063,2024-12-03,2024-12-06,2024-12-06,55,55.0
PO_04606,PRD_0377,SUP_186,WH_004,2025-01-04,2025-01-13,,151,
PO_04607,PRD_0649,SUP_068,WH_058,2024-02-24,2024-02-25,2024-02-25,137,137.0
PO_04608,PRD_3139,SUP_156,WH_006,2023-08-08,2023-08-10,2023-08-18,154,116.0
PO_04609,PRD_0204,SUP_200,WH_032,2025-03-15,2025-03-19,2025-03-19,165,165.0
PO_04610,PRD_1072,SUP_080,WH_028,2024-07-02,2024-07-03,2024-07-03,486,306.0
PO_04611,PRD_2816,SUP_117,WH_041,2023-09-15,2023-09-27,2023-10-02,348,273.0
PO_04612,PRD_2547,SUP_116,WH_013,2024-01-06,2024-01-15,2024-01-23,234,234.0
PO_04613,PRD_2755,SUP_060,WH_052,2022-04-07,2022-04-17,2022-04-25,332,332.0
PO_04614,PRD_1212,SUP_131,WH_003,2022-03-21,2022-03-28,2022-04-03,47,47.0
PO_04615,PRD_0216,SUP_012,WH_074,2024-05-17,2024-05-30,2024-05-30,276,245.0
PO_04616,PRD_1550,SUP_193,WH_073,2025-08-07,2025-08-09,2025-08-09,182,182.0
PO_04617,PRD_2852,SUP_024,WH_021,2025-08-12,2025-08-21,2025-08-21,122,122.0
PO_04618,PRD_3643,SUP_111,WH_050,2024-06-25,2024-06-27,2024-06-27,41,41.0
PO_04619,PRD_4592,SUP_098,WH_029,2022-01-05,2022-01-15,2022-01-15,48,48.0
PO_04620,PRD_2651,SUP_157,WH_004,2025-11-27,2025-11-28,2025-11-28,361,361.0
PO_04621,PRD_1448,SUP_035,WH_053,2024-05-15,2024-05-25,2024-06-01,108,108.0
PO_04622,PRD_3950,SUP_150,WH_048,2022-07-17,2022-07-29,2022-07-29,485,485.0
PO_04623,PRD_0487,SUP_066,WH_025,2025-10-05,2025-10-14,2025-10-14,262,228.0
PO_04624,PRD_1610,SUP_148,WH_002,2025-07-05,2025-07-08,2025-07-08,361,361.0
PO_04625,PRD_1453,SUP_171,WH_066,2024-08-19,2024-08-25,2024-08-25,422,422.0
PO_04626,PRD_4330,SUP_154,WH_074,2023-06-27,2023-07-09,2023-07-09,210,210.0
PO_04627,PRD_4913,SUP_163,WH_075,2023-02-17,2023-02-24,,292,
PO_04628,PRD_0175,SUP_176,WH_054,2022-01-15,2022-01-26,2022-01-26,314,314.0
PO_04629,PRD_4483,SUP_184,WH_015,2022-06-26,2022-06-29,2022-06-29,44,44.0
PO_04630,PRD_3870,SUP_194,WH_010,2023-07-02,2023-07-08,2023-07-14,354,354.0
PO_04631,PRD_0483,SUP_046,WH_064,2023-06-21,2023-06-30,2023-07-01,282,255.0
PO_04632,PRD_3459,SUP_060,WH_033,2023-04-01,2023-04-11,2023-04-11,357,357.0
PO_04633,PRD_0443,SUP_040,WH_050,2022-12-07,2022-12-21,2022-12-21,334,334.0
PO_04634,PRD_3826,SUP_150,WH_066,2025-08-11,2025-08-23,2025-08-23,159,159.0
PO_04635,PRD_1552,SUP_100,WH_077,2023-05-01,2023-05-08,2023-05-09,464,464.0
PO_04636,PRD_3774,SUP_072,WH_062,2022-01-27,2022-01-31,2022-01-31,266,231.0
PO_04637,PRD_1566,SUP_104,WH_070,2022-12-12,2022-12-20,2022-12-20,339,339.0
PO_04638,PRD_4154,SUP_119,WH_080,2022-01-07,2022-01-13,2022-01-13,269,269.0
PO_04639,PRD_2062,SUP_033,WH_024,2024-09-09,2024-09-23,2024-09-23,426,426.0
PO_04640,PRD_0441,SUP_185,WH_030,2024-10-08,2024-10-22,2024-10-22,259,259.0
PO_04641,PRD_4044,SUP_093,WH_026,2025-06-04,2025-06-07,,395,
PO_04642,PRD_1901,SUP_110,WH_066,2024-12-03,2024-12-07,2024-12-14,292,204.0
PO_04643,PRD_0741,SUP_008,WH_033,2025-09-23,2025-09-30,2025-09-30,64,64.0
PO_04644,PRD_1352,SUP_055,WH_054,2022-12-17,2022-12-26,2022-12-26,193,193.0
PO_04645,PRD_2560,SUP_120,WH_039,2022-06-10,2022-06-23,2022-06-29,365,357.0
PO_04646,PRD_2163,SUP_028,WH_018,2024-11-19,2024-12-01,2024-12-01,47,47.0
PO_04647,PRD_0115,SUP_053,WH_005,2024-12-23,2024-12-31,2024-12-31,414,414.0
PO_04648,PRD_4519,SUP_085,WH_050,2023-09-19,2023-09-21,2023-09-21,467,467.0
PO_04649,PRD_1557,SUP_125,WH_029,2024-07-25,2024-07-29,2024-07-29,409,409.0
PO_04650,PRD_0549,SUP_148,WH_079,2022-06-18,2022-06-21,2022-06-21,434,434.0
PO_04651,PRD_0764,SUP_098,WH_009,2023-05-22,2023-06-01,2023-06-01,28,28.0
PO_04652,PRD_2316,SUP_027,WH_051,2024-06-21,2024-07-03,2024-07-03,296,296.0
PO_04653,PRD_3985,SUP_027,WH_029,2024-05-21,2024-06-02,2024-06-04,81,81.0
PO_04654,PRD_2051,SUP_200,WH_014,2022-03-23,2022-03-27,2022-03-27,443,443.0
PO_04655,PRD_3739,SUP_121,WH_025,2025-07-18,2025-07-21,2025-07-21,78,68.0
PO_04656,PRD_1853,SUP_098,WH_020,2022-03-12,2022-03-22,2022-03-26,77,77.0
PO_04657,PRD_4690,SUP_060,WH_020,2023-09-25,2023-10-05,2023-10-05,441,441.0
PO_04658,PRD_3265,SUP_161,WH_015,2022-06-07,2022-06-12,2022-06-12,449,348.0
PO_04659,PRD_2683,SUP_155,WH_027,2023-03-27,2023-03-28,2023-03-28,114,68.0
PO_04660,PRD_2722,SUP_122,WH_050,2025-01-26,2025-01-30,2025-01-30,238,238.0
PO_04661,PRD_3678,SUP_154,WH_020,2022-05-24,2022-06-05,2022-06-05,132,132.0
PO_04662,PRD_3204,SUP_030,WH_073,2022-11-24,2022-12-06,2022-12-06,438,438.0
PO_04663,PRD_2702,SUP_178,WH_034,2022-06-23,2022-07-01,2022-07-07,477,477.0
PO_04664,PRD_1492,SUP_100,WH_050,2024-08-14,2024-08-21,2024-08-26,390,390.0
PO_04665,PRD_0843,SUP_045,WH_041,2024-01-12,2024-01-26,2024-01-26,429,429.0
PO_04666,PRD_4518,SUP_125,WH_075,2025-04-02,2025-04-06,2025-04-13,52,52.0
PO_04667,PRD_1656,SUP_104,WH_006,2022-06-13,2022-06-21,2022-06-21,192,184.0
PO_04668,PRD_1840,SUP_120,WH_027,2025-08-03,2025-08-16,2025-08-16,425,420.0
PO_04669,PRD_2638,SUP_105,WH_006,2022-03-12,2022-03-23,2022-03-26,62,62.0
PO_04670,PRD_3356,SUP_030,WH_003,2023-11-17,2023-11-29,2023-11-29,247,247.0
PO_04671,PRD_1589,SUP_155,WH_005,2024-11-13,2024-11-14,,195,
PO_04672,PRD_3361,SUP_117,WH_018,2022-06-20,2022-07-02,2022-07-02,313,313.0
PO_04673,PRD_2248,SUP_102,WH_043,2022-03-07,2022-03-14,2022-03-18,340,340.0
PO_04674,PRD_0958,SUP_185,WH_079,2023-11-03,2023-11-17,2023-11-17,231,231.0
PO_04675,PRD_1196,SUP_050,WH_069,2025-06-14,2025-06-17,2025-06-17,321,321.0
PO_04676,PRD_3143,SUP_143,WH_064,2022-01-04,2022-01-13,2022-01-13,416,416.0
PO_04677,PRD_3109,SUP_107,WH_006,2025-06-01,2025-06-07,2025-06-07,321,320.0
PO_04678,PRD_4204,SUP_001,WH_055,2025-10-17,2025-10-24,2025-10-25,38,38.0
PO_04679,PRD_2425,SUP_027,WH_069,2023-04-07,2023-04-19,2023-04-19,209,209.0
PO_04680,PRD_2963,SUP_088,WH_051,2022-12-20,2022-12-26,2022-12-26,41,41.0
PO_04681,PRD_1092,SUP_177,WH_068,2022-02-23,2022-02-24,2022-02-24,127,127.0
PO_04682,PRD_3345,SUP_193,WH_078,2025-08-19,2025-08-21,2025-08-21,132,132.0
PO_04683,PRD_2605,SUP_108,WH_021,2023-02-06,2023-02-14,2023-02-14,58,38.0
PO_04684,PRD_4889,SUP_047,WH_043,2025-12-11,2025-12-15,2025-12-16,253,253.0
PO_04685,PRD_0901,SUP_105,WH_043,2022-05-08,2022-05-19,2022-05-19,61,61.0
PO_04686,PRD_4535,SUP_168,WH_044,2025-02-08,2025-02-11,2025-02-11,121,121.0
PO_04687,PRD_1729,SUP_090,WH_035,2024-01-13,2024-01-18,2024-01-20,449,449.0
PO_04688,PRD_1069,SUP_055,WH_078,2022-11-16,2022-11-25,2022-12-02,283,283.0
PO_04689,PRD_4258,SUP_117,WH_009,2022-04-12,2022-04-24,2022-04-25,111,83.0
PO_04690,PRD_1741,SUP_160,WH_071,2022-05-08,2022-05-13,2022-05-13,145,145.0
PO_04691,PRD_1483,SUP_164,WH_033,2022-05-03,2022-05-12,2022-05-12,42,42.0
PO_04692,PRD_2931,SUP_162,WH_038,2023-05-27,2023-06-07,2023-06-07,341,270.0
PO_04693,PRD_4107,SUP_194,WH_042,2025-12-23,2025-12-29,2025-12-29,476,476.0
PO_04694,PRD_2752,SUP_183,WH_077,2024-07-13,2024-07-27,2024-07-27,220,220.0
PO_04695,PRD_0360,SUP_159,WH_050,2022-08-24,2022-09-05,2022-09-05,79,79.0
PO_04696,PRD_4748,SUP_157,WH_071,2024-01-21,2024-01-22,2024-01-22,387,387.0
PO_04697,PRD_4965,SUP_026,WH_075,2022-10-09,2022-10-15,,323,
PO_04698,PRD_4735,SUP_125,WH_037,2022-12-22,2022-12-26,2022-12-26,267,267.0
PO_04699,PRD_2495,SUP_072,WH_036,2025-09-18,2025-09-22,,210,
PO_04700,PRD_0010,SUP_155,WH_051,2025-02-14,2025-02-15,2025-02-19,458,458.0
PO_04701,PRD_4750,SUP_195,WH_005,2024-04-02,2024-04-05,2024-04-05,194,194.0
PO_04702,PRD_2519,SUP_125,WH_007,2022-02-09,2022-02-13,2022-02-13,95,95.0
PO_04703,PRD_0863,SUP_108,WH_073,2022-05-07,2022-05-15,2022-05-15,447,447.0
PO_04704,PRD_1535,SUP_125,WH_001,2022-06-19,2022-06-23,2022-06-23,22,22.0
PO_04705,PRD_4086,SUP_141,WH_025,2024-03-17,2024-03-29,2024-04-02,278,278.0
PO_04706,PRD_4121,SUP_200,WH_012,2024-06-11,2024-06-15,2024-06-15,417,253.0
PO_04707,PRD_4751,SUP_047,WH_029,2024-08-21,2024-08-25,2024-08-29,182,182.0
PO_04708,PRD_3809,SUP_150,WH_058,2025-12-03,2025-12-15,2025-12-23,39,36.0
PO_04709,PRD_4041,SUP_160,WH_075,2022-09-20,2022-09-25,2022-09-28,33,33.0
PO_04710,PRD_2520,SUP_069,WH_013,2025-07-13,2025-07-27,2025-07-27,77,70.0
PO_04711,PRD_3678,SUP_154,WH_076,2024-11-09,2024-11-21,2024-11-21,362,362.0
PO_04712,PRD_1176,SUP_024,WH_048,2025-11-08,2025-11-17,2025-11-17,219,219.0
PO_04713,PRD_2929,SUP_134,WH_067,2025-08-18,2025-08-19,2025-08-19,181,181.0
PO_04714,PRD_2131,SUP_167,WH_003,2023-07-24,2023-07-27,2023-07-27,93,62.0
PO_04715,PRD_1416,SUP_040,WH_063,2022-03-01,2022-03-15,2022-03-15,433,310.0
PO_04716,PRD_1055,SUP_109,WH_015,2024-07-13,2024-07-18,2024-07-24,104,104.0
PO_04717,PRD_2672,SUP_091,WH_039,2022-09-23,2022-09-24,2022-09-24,149,149.0
PO_04718,PRD_4213,SUP_127,WH_045,2023-02-02,2023-02-12,2023-02-19,482,482.0
PO_04719,PRD_3340,SUP_075,WH_010,2024-02-05,2024-02-12,2024-02-18,365,365.0
PO_04720,PRD_3186,SUP_088,WH_069,2023-05-08,2023-05-14,2023-05-22,424,360.0
PO_04721,PRD_0838,SUP_177,WH_032,2025-06-26,2025-06-27,2025-06-27,215,215.0
PO_04722,PRD_4756,SUP_178,WH_063,2023-04-03,2023-04-11,2023-04-11,460,460.0
PO_04723,PRD_2744,SUP_089,WH_013,2024-11-12,2024-11-19,2024-11-19,126,126.0
PO_04724,PRD_3226,SUP_109,WH_002,2022-08-11,2022-08-16,2022-08-16,273,273.0
PO_04725,PRD_1409,SUP_152,WH_008,2024-04-03,2024-04-12,,414,
PO_04726,PRD_2521,SUP_148,WH_006,2023-06-22,2023-06-25,2023-06-25,325,309.0
PO_04727,PRD_2445,SUP_112,WH_002,2022-10-01,2022-10-07,2022-10-07,180,180.0
PO_04728,PRD_0841,SUP_179,WH_021,2024-10-07,2024-10-11,2024-10-12,499,499.0
PO_04729,PRD_3480,SUP_016,WH_027,2025-09-12,2025-09-23,2025-09-23,254,254.0
PO_04730,PRD_1639,SUP_057,WH_052,2025-07-12,2025-07-17,,61,
PO_04731,PRD_0569,SUP_067,WH_036,2022-10-13,2022-10-17,2022-10-17,351,351.0
PO_04732,PRD_0695,SUP_200,WH_021,2022-03-04,2022-03-08,2022-03-08,500,500.0
PO_04733,PRD_0680,SUP_046,WH_021,2022-02-08,2022-02-17,2022-02-17,76,76.0
PO_04734,PRD_3481,SUP_155,WH_055,2022-12-25,2022-12-26,2022-12-26,160,160.0
PO_04735,PRD_2405,SUP_063,WH_052,2024-01-27,2024-02-07,2024-02-07,443,443.0
PO_04736,PRD_4110,SUP_194,WH_026,2022-03-22,2022-03-28,,199,
PO_04737,PRD_3136,SUP_107,WH_031,2022-03-02,2022-03-08,2022-03-09,159,159.0
PO_04738,PRD_0285,SUP_200,WH_073,2025-10-25,2025-10-29,2025-10-29,239,239.0
PO_04739,PRD_3330,SUP_058,WH_065,2024-12-27,2024-12-28,2024-12-28,383,383.0
PO_04740,PRD_4771,SUP_038,WH_075,2024-01-03,2024-01-12,2024-01-12,372,223.0
PO_04741,PRD_4302,SUP_088,WH_061,2022-01-12,2022-01-18,2022-01-18,72,72.0
PO_04742,PRD_0551,SUP_199,WH_039,2022-01-09,2022-01-10,2022-01-10,104,104.0
PO_04743,PRD_3848,SUP_194,WH_008,2023-02-27,2023-03-05,2023-03-05,419,419.0
PO_04744,PRD_3903,SUP_083,WH_030,2024-09-27,2024-10-08,2024-10-08,206,201.0
PO_04745,PRD_3195,SUP_151,WH_060,2025-05-15,2025-05-25,2025-05-25,284,284.0
PO_04746,PRD_2498,SUP_125,WH_050,2025-02-21,2025-02-25,,350,
PO_04747,PRD_2296,SUP_148,WH_021,2025-06-03,2025-06-06,2025-06-06,125,115.0
PO_04748,PRD_4238,SUP_008,WH_023,2025-11-10,2025-11-17,2025-11-17,379,379.0
PO_04749,PRD_1626,SUP_138,WH_080,2025-05-08,2025-05-16,,66,
PO_04750,PRD_3367,SUP_121,WH_074,2023-10-12,2023-10-15,2023-10-15,66,66.0
PO_04751,PRD_2500,SUP_004,WH_058,2022-08-22,2022-09-04,2022-09-04,433,433.0
PO_04752,PRD_1217,SUP_007,WH_032,2024-04-15,2024-04-20,2024-04-20,322,322.0
PO_04753,PRD_4845,SUP_096,WH_022,2025-11-22,2025-11-27,,237,
PO_04754,PRD_4952,SUP_098,WH_022,2025-10-04,2025-10-14,2025-10-14,303,303.0
PO_04755,PRD_1133,SUP_127,WH_040,2023-10-18,2023-10-28,,164,
PO_04756,PRD_0044,SUP_014,WH_051,2025-04-07,2025-04-20,2025-04-23,70,70.0
PO_04757,PRD_2365,SUP_148,WH_052,2022-10-26,2022-10-29,2022-11-03,138,138.0
PO_04758,PRD_1225,SUP_194,WH_058,2025-04-07,2025-04-13,2025-04-13,389,389.0
PO_04759,PRD_3002,SUP_193,WH_053,2024-01-22,2024-01-24,2024-01-24,23,23.0
PO_04760,PRD_1376,SUP_100,WH_049,2025-07-01,2025-07-08,2025-07-13,148,148.0
PO_04761,PRD_3519,SUP_021,WH_075,2022-02-03,2022-02-13,2022-02-21,388,388.0
PO_04762,PRD_1823,SUP_170,WH_067,2023-02-08,2023-02-16,2023-02-16,146,93.0
PO_04763,PRD_2777,SUP_063,WH_072,2024-05-19,2024-05-30,2024-05-30,222,222.0
PO_04764,PRD_3211,SUP_180,WH_022,2024-05-25,2024-05-31,2024-06-03,230,230.0
PO_04765,PRD_3894,SUP_047,WH_056,2022-03-01,2022-03-05,2022-03-08,88,88.0
PO_04766,PRD_0478,SUP_168,WH_039,2024-12-04,2024-12-07,2024-12-09,179,130.0
PO_04767,PRD_1200,SUP_127,WH_054,2024-04-02,2024-04-12,2024-04-12,472,294.0
PO_04768,PRD_0577,SUP_199,WH_051,2022-09-24,2022-09-25,2022-09-26,140,140.0
PO_04769,PRD_2018,SUP_043,WH_004,2025-12-13,2025-12-22,2025-12-22,204,166.0
PO_04770,PRD_1313,SUP_041,WH_040,2023-02-19,2023-02-20,2023-02-20,423,423.0
PO_04771,PRD_3171,SUP_075,WH_002,2022-06-12,2022-06-19,2022-06-19,210,210.0
PO_04772,PRD_1786,SUP_058,WH_010,2023-04-05,2023-04-06,2023-04-06,391,391.0
PO_04773,PRD_3938,SUP_086,WH_068,2023-10-10,2023-10-12,2023-10-13,425,425.0
PO_04774,PRD_3083,SUP_048,WH_049,2022-01-10,2022-01-23,2022-01-23,98,98.0
PO_04775,PRD_1838,SUP_005,WH_064,2025-05-17,2025-05-21,2025-05-21,223,223.0
PO_04776,PRD_1520,SUP_140,WH_040,2022-06-16,2022-06-27,2022-06-27,250,222.0
PO_04777,PRD_2105,SUP_186,WH_022,2024-01-19,2024-01-28,2024-01-28,330,330.0
PO_04778,PRD_0591,SUP_010,WH_023,2023-01-14,2023-01-27,2023-01-27,353,353.0
PO_04779,PRD_3377,SUP_009,WH_014,2025-07-15,2025-07-22,2025-07-28,366,366.0
PO_04780,PRD_1185,SUP_197,WH_055,2025-03-07,2025-03-16,2025-03-16,259,215.0
PO_04781,PRD_4778,SUP_026,WH_079,2025-04-23,2025-04-29,2025-04-29,284,284.0
PO_04782,PRD_3673,SUP_120,WH_078,2023-05-19,2023-06-01,2023-06-01,260,260.0
PO_04783,PRD_4138,SUP_080,WH_010,2024-04-12,2024-04-13,2024-04-13,341,341.0
PO_04784,PRD_0305,SUP_011,WH_053,2025-05-08,2025-05-19,2025-05-19,254,162.0
PO_04785,PRD_3753,SUP_126,WH_045,2022-12-12,2022-12-15,2022-12-15,280,230.0
PO_04786,PRD_0088,SUP_073,WH_038,2024-01-09,2024-01-21,2024-01-21,439,439.0
PO_04787,PRD_3869,SUP_133,WH_025,2023-09-09,2023-09-18,2023-09-22,356,356.0
PO_04788,PRD_3218,SUP_019,WH_065,2024-11-12,2024-11-24,2024-11-24,447,447.0
PO_04789,PRD_0248,SUP_163,WH_049,2023-02-10,2023-02-17,2023-02-17,23,23.0
PO_04790,PRD_0609,SUP_001,WH_050,2025-05-05,2025-05-12,2025-05-12,122,122.0
PO_04791,PRD_1592,SUP_193,WH_069,2023-02-19,2023-02-21,2023-02-21,421,421.0
PO_04792,PRD_0570,SUP_049,WH_024,2024-07-25,2024-08-03,2024-08-10,167,167.0
PO_04793,PRD_2907,SUP_089,WH_017,2025-06-14,2025-06-21,2025-06-21,467,467.0
PO_04794,PRD_4106,SUP_106,WH_054,2024-03-25,2024-03-26,2024-03-26,74,74.0
PO_04795,PRD_3961,SUP_167,WH_001,2025-09-02,2025-09-05,2025-09-13,55,55.0
PO_04796,PRD_3075,SUP_073,WH_018,2022-03-24,2022-04-05,2022-04-05,491,491.0
PO_04797,PRD_1237,SUP_100,WH_031,2024-11-24,2024-12-01,2024-12-02,409,245.0
PO_04798,PRD_0249,SUP_086,WH_052,2022-08-12,2022-08-14,2022-08-14,352,352.0
PO_04799,PRD_4586,SUP_024,WH_010,2022-10-08,2022-10-17,2022-10-24,491,491.0
PO_04800,PRD_4858,SUP_175,WH_043,2023-07-19,2023-07-23,2023-07-23,281,281.0
PO_04801,PRD_1653,SUP_091,WH_042,2022-10-24,2022-10-25,,379,
PO_04802,PRD_2414,SUP_145,WH_029,2024-04-08,2024-04-15,2024-04-15,379,379.0
PO_04803,PRD_1333,SUP_139,WH_076,2024-01-11,2024-01-12,2024-01-12,56,56.0
PO_04804,PRD_4465,SUP_069,WH_073,2024-08-09,2024-08-23,2024-08-23,190,190.0
PO_04805,PRD_4517,SUP_135,WH_046,2024-12-14,2024-12-22,2024-12-22,313,313.0
PO_04806,PRD_1131,SUP_131,WH_038,2025-10-13,2025-10-20,2025-10-20,43,42.0
PO_04807,PRD_0321,SUP_052,WH_008,2022-12-09,2022-12-15,2022-12-15,164,164.0
PO_04808,PRD_0719,SUP_190,WH_003,2022-05-14,2022-05-16,2022-05-16,172,172.0
PO_04809,PRD_3338,SUP_176,WH_002,2024-05-10,2024-05-21,2024-05-21,393,393.0
PO_04810,PRD_4741,SUP_199,WH_041,2022-07-14,2022-07-15,2022-07-15,143,143.0
PO_04811,PRD_1730,SUP_065,WH_075,2025-06-08,2025-06-16,2025-06-16,280,280.0
PO_04812,PRD_0699,SUP_010,WH_044,2022-04-23,2022-05-06,2022-05-06,47,47.0
PO_04813,PRD_2017,SUP_200,WH_021,2024-04-15,2024-04-19,2024-04-22,442,442.0
PO_04814,PRD_4007,SUP_104,WH_008,2022-01-06,2022-01-14,2022-01-15,129,86.0
PO_04815,PRD_4448,SUP_147,WH_050,2023-03-20,2023-03-30,2023-03-30,286,286.0
PO_04816,PRD_0355,SUP_003,WH_021,2025-10-15,2025-10-19,2025-10-19,245,245.0
PO_04817,PRD_1491,SUP_100,WH_068,2024-12-21,2024-12-28,2024-12-28,112,95.0
PO_04818,PRD_4145,SUP_010,WH_078,2023-02-14,2023-02-27,2023-02-27,462,462.0
PO_04819,PRD_3560,SUP_074,WH_076,2023-12-22,2024-01-05,2024-01-05,84,61.0
PO_04820,PRD_3951,SUP_148,WH_071,2024-12-04,2024-12-07,2024-12-12,292,292.0
PO_04821,PRD_2997,SUP_073,WH_034,2025-03-26,2025-04-07,2025-04-07,404,404.0
PO_04822,PRD_1541,SUP_193,WH_050,2025-01-02,2025-01-04,2025-01-04,254,254.0
PO_04823,PRD_0565,SUP_153,WH_041,2023-07-01,2023-07-05,2023-07-05,345,345.0
PO_04824,PRD_3096,SUP_048,WH_050,2025-06-05,2025-06-18,2025-06-18,339,339.0
PO_04825,PRD_2504,SUP_067,WH_037,2022-11-11,2022-11-15,2022-11-15,497,497.0
PO_04826,PRD_2310,SUP_170,WH_030,2023-05-02,2023-05-10,2023-05-16,477,477.0
PO_04827,PRD_1161,SUP_174,WH_056,2025-07-20,2025-07-28,,264,
PO_04828,PRD_3815,SUP_167,WH_071,2023-03-21,2023-03-24,2023-03-24,55,55.0
PO_04829,PRD_2795,SUP_117,WH_051,2024-02-12,2024-02-24,2024-02-24,332,332.0
PO_04830,PRD_0529,SUP_012,WH_014,2023-09-04,2023-09-17,,403,
PO_04831,PRD_2696,SUP_141,WH_045,2023-09-25,2023-10-07,,269,
PO_04832,PRD_3269,SUP_180,WH_072,2022-07-20,2022-07-26,2022-07-26,143,143.0
PO_04833,PRD_0028,SUP_114,WH_077,2025-11-26,2025-12-07,2025-12-07,167,167.0
PO_04834,PRD_0472,SUP_179,WH_048,2022-10-25,2022-10-29,2022-10-29,221,221.0
PO_04835,PRD_3505,SUP_113,WH_054,2025-09-01,2025-09-07,2025-09-10,437,437.0
PO_04836,PRD_0624,SUP_149,WH_061,2024-08-24,2024-08-31,2024-08-31,354,349.0
PO_04837,PRD_3121,SUP_079,WH_013,2022-06-05,2022-06-10,2022-06-10,393,393.0
PO_04838,PRD_3860,SUP_090,WH_030,2024-07-11,2024-07-16,2024-07-22,93,93.0
PO_04839,PRD_4434,SUP_179,WH_004,2024-06-09,2024-06-13,2024-06-19,403,403.0
PO_04840,PRD_1097,SUP_163,WH_064,2023-05-27,2023-06-03,2023-06-10,20,16.0
PO_04841,PRD_4813,SUP_038,WH_079,2024-01-16,2024-01-25,2024-01-25,443,443.0
PO_04842,PRD_4790,SUP_145,WH_040,2023-12-16,2023-12-23,,404,
PO_04843,PRD_3239,SUP_170,WH_048,2024-08-04,2024-08-12,2024-08-12,70,70.0
PO_04844,PRD_0866,SUP_104,WH_061,2025-02-19,2025-02-27,2025-02-27,375,375.0
PO_04845,PRD_3208,SUP_019,WH_041,2022-10-02,2022-10-14,2022-10-14,470,470.0
PO_04846,PRD_4474,SUP_086,WH_069,2025-12-20,2025-12-22,2025-12-22,38,38.0
PO_04847,PRD_3472,SUP_009,WH_072,2024-09-05,2024-09-12,2024-09-12,162,162.0
PO_04848,PRD_1855,SUP_035,WH_072,2024-09-06,2024-09-16,2024-09-24,381,381.0
PO_04849,PRD_4281,SUP_115,WH_036,2022-08-17,2022-08-18,2022-08-19,129,129.0
PO_04850,PRD_3820,SUP_126,WH_074,2024-09-08,2024-09-11,,234,
PO_04851,PRD_2898,SUP_059,WH_045,2025-01-23,2025-01-26,2025-01-26,373,373.0
PO_04852,PRD_3724,SUP_011,WH_026,2023-09-09,2023-09-20,2023-09-20,399,303.0
PO_04853,PRD_3475,SUP_170,WH_058,2024-07-21,2024-07-29,2024-07-29,441,441.0
PO_04854,PRD_3841,SUP_042,WH_017,2025-01-06,2025-01-07,2025-01-07,398,398.0
PO_04855,PRD_3477,SUP_153,WH_011,2025-01-04,2025-01-08,2025-01-10,421,348.0
PO_04856,PRD_1857,SUP_087,WH_021,2024-11-18,2024-11-30,2024-11-30,293,293.0
PO_04857,PRD_3299,SUP_051,WH_028,2024-04-25,2024-05-02,,164,
PO_04858,PRD_4873,SUP_015,WH_012,2024-05-07,2024-05-14,2024-05-14,202,202.0
PO_04859,PRD_2328,SUP_179,WH_078,2023-05-13,2023-05-17,2023-05-17,479,479.0
PO_04860,PRD_4734,SUP_105,WH_058,2022-04-25,2022-05-06,2022-05-06,498,498.0
PO_04861,PRD_3141,SUP_026,WH_047,2025-12-25,2025-12-31,2025-12-31,211,211.0
PO_04862,PRD_4093,SUP_053,WH_014,2024-11-27,2024-12-05,,152,
PO_04863,PRD_4369,SUP_073,WH_011,2023-11-10,2023-11-22,2023-11-22,341,341.0
PO_04864,PRD_1860,SUP_160,WH_035,2025-06-08,2025-06-13,2025-06-18,430,430.0
PO_04865,PRD_4705,SUP_152,WH_080,2022-04-22,2022-05-01,2022-05-01,55,55.0
PO_04866,PRD_2820,SUP_073,WH_015,2023-10-16,2023-10-28,,385,
PO_04867,PRD_0714,SUP_049,WH_063,2024-11-08,2024-11-17,2024-11-17,49,49.0
PO_04868,PRD_2320,SUP_102,WH_036,2025-07-26,2025-08-02,2025-08-03,171,135.0
PO_04869,PRD_0966,SUP_177,WH_005,2024-09-23,2024-09-24,,378,
PO_04870,PRD_4820,SUP_098,WH_013,2025-01-12,2025-01-22,2025-01-22,77,77.0
PO_04871,PRD_1496,SUP_185,WH_056,2022-11-04,2022-11-18,2022-11-18,292,292.0
PO_04872,PRD_3439,SUP_116,WH_062,2022-05-06,2022-05-15,2022-05-20,37,37.0
PO_04873,PRD_4132,SUP_008,WH_031,2022-03-17,2022-03-24,2022-03-25,484,484.0
PO_04874,PRD_1457,SUP_115,WH_049,2023-08-15,2023-08-16,2023-08-16,360,360.0
PO_04875,PRD_1634,SUP_112,WH_009,2025-12-14,2025-12-20,2025-12-20,194,194.0
PO_04876,PRD_1429,SUP_017,WH_039,2023-12-25,2023-12-28,2024-01-04,111,111.0
PO_04877,PRD_0585,SUP_099,WH_017,2025-10-08,2025-10-14,2025-10-14,465,460.0
PO_04878,PRD_3873,SUP_069,WH_072,2022-12-11,2022-12-25,2022-12-25,173,173.0
PO_04879,PRD_3458,SUP_116,WH_059,2024-05-05,2024-05-14,2024-05-18,278,278.0
PO_04880,PRD_3457,SUP_109,WH_075,2023-05-09,2023-05-14,2023-05-17,173,173.0
PO_04881,PRD_3840,SUP_090,WH_002,2022-11-25,2022-11-30,2022-12-01,433,433.0
PO_04882,PRD_4449,SUP_099,WH_028,2022-04-17,2022-04-23,,500,
PO_04883,PRD_4809,SUP_077,WH_033,2024-12-06,2024-12-09,2024-12-09,244,244.0
PO_04884,PRD_3129,SUP_113,WH_036,2025-07-11,2025-07-17,,137,
PO_04885,PRD_3168,SUP_039,WH_004,2023-02-27,2023-03-06,,236,
PO_04886,PRD_3994,SUP_010,WH_014,2023-03-02,2023-03-15,2023-03-15,340,217.0
PO_04887,PRD_3223,SUP_030,WH_045,2025-03-22,2025-04-03,2025-04-03,333,333.0
PO_04888,PRD_1641,SUP_193,WH_007,2022-02-09,2022-02-11,2022-02-12,307,307.0
PO_04889,PRD_3846,SUP_024,WH_066,2022-09-19,2022-09-28,2022-09-28,121,121.0
PO_04890,PRD_2750,SUP_073,WH_080,2025-03-18,2025-03-30,2025-04-02,78,49.0
PO_04891,PRD_1033,SUP_199,WH_007,2024-01-03,2024-01-04,,394,
PO_04892,PRD_0152,SUP_142,WH_050,2023-07-04,2023-07-13,2023-07-13,170,170.0
PO_04893,PRD_3919,SUP_126,WH_058,2024-03-23,2024-03-26,2024-03-26,269,189.0
PO_04894,PRD_2230,SUP_097,WH_018,2022-07-19,2022-07-31,2022-07-31,345,295.0
PO_04895,PRD_0021,SUP_071,WH_027,2025-11-23,2025-12-03,2025-12-03,328,328.0
PO_04896,PRD_0011,SUP_014,WH_049,2024-01-08,2024-01-21,2024-01-21,389,389.0
PO_04897,PRD_3828,SUP_133,WH_023,2022-03-13,2022-03-22,,473,
PO_04898,PRD_0555,SUP_179,WH_064,2024-07-18,2024-07-22,2024-07-27,87,87.0
PO_04899,PRD_3515,SUP_139,WH_054,2024-10-16,2024-10-17,2024-10-17,396,396.0
PO_04900,PRD_0226,SUP_014,WH_072,2024-08-14,2024-08-27,2024-09-03,379,379.0
PO_04901,PRD_3177,SUP_004,WH_019,2025-07-06,2025-07-19,2025-07-26,299,299.0
PO_04902,PRD_3961,SUP_167,WH_014,2022-06-24,2022-06-27,2022-07-02,193,120.0
PO_04903,PRD_3192,SUP_058,WH_044,2024-02-15,2024-02-16,2024-02-16,371,371.0
PO_04904,PRD_3255,SUP_193,WH_047,2025-11-02,2025-11-04,2025-11-04,85,85.0
PO_04905,PRD_0787,SUP_074,WH_053,2025-06-21,2025-07-05,,217,
PO_04906,PRD_3401,SUP_193,WH_046,2023-12-04,2023-12-06,,26,
PO_04907,PRD_4472,SUP_166,WH_014,2025-09-07,2025-09-10,2025-09-10,259,259.0
PO_04908,PRD_3340,SUP_075,WH_021,2024-06-27,2024-07-04,2024-07-07,271,271.0
PO_04909,PRD_0316,SUP_091,WH_070,2023-08-14,2023-08-15,2023-08-15,187,161.0
PO_04910,PRD_0226,SUP_014,WH_018,2024-05-17,2024-05-30,2024-06-07,213,213.0
PO_04911,PRD_2978,SUP_088,WH_004,2024-05-26,2024-06-01,,315,
PO_04912,PRD_4677,SUP_167,WH_049,2023-08-27,2023-08-30,2023-08-30,273,273.0
PO_04913,PRD_2132,SUP_149,WH_063,2023-02-08,2023-02-15,,90,
PO_04914,PRD_4511,SUP_117,WH_025,2025-02-22,2025-03-06,2025-03-06,410,410.0
PO_04915,PRD_0589,SUP_001,WH_035,2022-09-14,2022-09-21,2022-09-21,270,270.0
PO_04916,PRD_4576,SUP_112,WH_019,2022-03-06,2022-03-12,2022-03-12,43,43.0
PO_04917,PRD_0127,SUP_071,WH_060,2025-05-18,2025-05-28,2025-05-28,126,126.0
PO_04918,PRD_1701,SUP_196,WH_040,2023-07-15,2023-07-28,2023-07-28,331,331.0
PO_04919,PRD_3827,SUP_194,WH_048,2023-09-11,2023-09-17,2023-09-17,108,108.0
PO_04920,PRD_0732,SUP_028,WH_077,2022-09-06,2022-09-18,2022-09-18,492,301.0
PO_04921,PRD_1395,SUP_040,WH_031,2025-08-12,2025-08-26,2025-08-26,427,427.0
PO_04922,PRD_3060,SUP_146,WH_002,2024-06-14,2024-06-28,2024-07-02,42,42.0
PO_04923,PRD_4811,SUP_076,WH_062,2024-04-07,2024-04-09,2024-04-09,437,400.0
PO_04924,PRD_1592,SUP_193,WH_018,2024-08-06,2024-08-08,2024-08-08,414,414.0
PO_04925,PRD_4115,SUP_117,WH_001,2024-09-05,2024-09-17,,275,
PO_04926,PRD_4557,SUP_040,WH_059,2023-10-01,2023-10-15,2023-10-19,346,346.0
PO_04927,PRD_0278,SUP_177,WH_043,2022-10-20,2022-10-21,2022-10-21,354,354.0
PO_04928,PRD_1839,SUP_035,WH_068,2025-03-21,2025-03-31,2025-03-31,329,329.0
PO_04929,PRD_0507,SUP_066,WH_078,2024-08-16,2024-08-25,2024-09-01,309,309.0
PO_04930,PRD_4183,SUP_081,WH_012,2022-01-09,2022-01-17,2022-01-17,124,124.0
PO_04931,PRD_1529,SUP_125,WH_077,2023-05-18,2023-05-22,2023-05-22,41,41.0
PO_04932,PRD_1992,SUP_178,WH_002,2025-10-12,2025-10-20,2025-10-20,434,434.0
PO_04933,PRD_0272,SUP_011,WH_012,2022-11-04,2022-11-15,2022-11-15,451,451.0
PO_04934,PRD_0504,SUP_200,WH_045,2025-02-05,2025-02-09,2025-02-17,123,123.0
PO_04935,PRD_0641,SUP_066,WH_071,2023-07-03,2023-07-12,2023-07-12,25,25.0
PO_04936,PRD_3368,SUP_180,WH_063,2022-04-22,2022-04-28,2022-04-28,465,465.0
PO_04937,PRD_0881,SUP_187,WH_021,2024-02-26,2024-02-29,2024-02-29,488,488.0
PO_04938,PRD_0194,SUP_186,WH_032,2022-02-24,2022-03-05,2022-03-05,448,448.0
PO_04939,PRD_1023,SUP_109,WH_007,2025-09-24,2025-09-29,2025-10-04,148,148.0
PO_04940,PRD_2900,SUP_200,WH_075,2025-04-04,2025-04-08,2025-04-08,353,353.0
PO_04941,PRD_1530,SUP_008,WH_021,2024-07-14,2024-07-21,2024-07-29,479,479.0
PO_04942,PRD_2223,SUP_102,WH_033,2023-10-04,2023-10-11,,468,
PO_04943,PRD_2160,SUP_040,WH_004,2024-08-10,2024-08-24,,410,
PO_04944,PRD_3277,SUP_019,WH_056,2023-07-02,2023-07-14,2023-07-14,393,393.0
PO_04945,PRD_2832,SUP_005,WH_074,2025-03-12,2025-03-16,2025-03-16,262,262.0
PO_04946,PRD_1100,SUP_107,WH_007,2025-12-13,2025-12-19,2025-12-19,291,291.0
PO_04947,PRD_3154,SUP_185,WH_036,2025-10-06,2025-10-20,2025-10-20,482,482.0
PO_04948,PRD_4520,SUP_074,WH_025,2022-11-19,2022-12-03,2022-12-03,177,177.0
PO_04949,PRD_2855,SUP_050,WH_044,2023-07-18,2023-07-21,,337,
PO_04950,PRD_4817,SUP_178,WH_016,2022-09-18,2022-09-26,,153,
PO_04951,PRD_2414,SUP_145,WH_029,2025-12-02,2025-12-09,2025-12-11,484,298.0
PO_04952,PRD_0937,SUP_001,WH_062,2022-12-17,2022-12-24,2022-12-31,337,337.0
PO_04953,PRD_0497,SUP_001,WH_045,2024-11-19,2024-11-26,2024-11-30,281,275.0
PO_04954,PRD_4319,SUP_117,WH_005,2024-06-24,2024-07-06,2024-07-06,265,172.0
PO_04955,PRD_3702,SUP_069,WH_066,2025-06-05,2025-06-19,,179,
PO_04956,PRD_0018,SUP_001,WH_068,2024-05-17,2024-05-24,2024-05-24,23,23.0
PO_04957,PRD_2787,SUP_059,WH_029,2025-06-23,2025-06-26,,350,
PO_04958,PRD_4246,SUP_127,WH_040,2024-09-24,2024-10-04,2024-10-04,295,295.0
PO_04959,PRD_2173,SUP_020,WH_020,2022-07-15,2022-07-17,2022-07-17,242,242.0
PO_04960,PRD_2933,SUP_078,WH_060,2025-03-05,2025-03-06,2025-03-13,294,294.0
PO_04961,PRD_2981,SUP_195,WH_073,2025-07-03,2025-07-06,2025-07-06,315,315.0
PO_04962,PRD_2589,SUP_167,WH_062,2023-10-13,2023-10-16,2023-10-22,123,123.0
PO_04963,PRD_3928,SUP_011,WH_074,2022-02-22,2022-03-05,2022-03-09,430,312.0
PO_04964,PRD_2145,SUP_200,WH_056,2024-01-20,2024-01-24,2024-01-24,384,384.0
PO_04965,PRD_4408,SUP_107,WH_010,2022-11-10,2022-11-16,2022-11-16,263,263.0
PO_04966,PRD_0570,SUP_049,WH_057,2023-10-27,2023-11-05,2023-11-11,179,159.0
PO_04967,PRD_1868,SUP_165,WH_062,2022-11-12,2022-11-21,2022-11-27,315,315.0
PO_04968,PRD_0585,SUP_099,WH_050,2024-06-01,2024-06-07,2024-06-07,253,253.0
PO_04969,PRD_3892,SUP_126,WH_024,2024-06-25,2024-06-28,,400,
PO_04970,PRD_4076,SUP_160,WH_007,2024-11-16,2024-11-21,2024-11-26,299,299.0
PO_04971,PRD_0650,SUP_149,WH_005,2024-05-03,2024-05-10,2024-05-10,348,348.0
PO_04972,PRD_0799,SUP_111,WH_003,2024-07-24,2024-07-26,2024-07-26,227,158.0
PO_04973,PRD_1692,SUP_091,WH_024,2024-08-24,2024-08-25,2024-08-30,169,169.0
PO_04974,PRD_4741,SUP_199,WH_012,2025-05-06,2025-05-07,2025-05-07,50,50.0
PO_04975,PRD_1001,SUP_019,WH_074,2024-09-05,2024-09-17,2024-09-17,476,476.0
PO_04976,PRD_2091,SUP_006,WH_009,2023-09-24,2023-10-08,2023-10-08,61,61.0
PO_04977,PRD_2031,SUP_028,WH_012,2023-01-13,2023-01-25,,120,
PO_04978,PRD_0562,SUP_165,WH_067,2024-03-16,2024-03-25,2024-03-25,66,66.0
PO_04979,PRD_3947,SUP_069,WH_030,2022-04-07,2022-04-21,2022-04-28,425,425.0
PO_04980,PRD_1169,SUP_170,WH_073,2023-05-01,2023-05-09,2023-05-09,198,198.0
PO_04981,PRD_1472,SUP_153,WH_068,2022-02-27,2022-03-03,2022-03-03,181,181.0
PO_04982,PRD_1724,SUP_090,WH_006,2022-04-07,2022-04-12,2022-04-12,500,500.0
PO_04983,PRD_4158,SUP_156,WH_061,2022-12-01,2022-12-03,2022-12-03,385,385.0
PO_04984,PRD_0185,SUP_155,WH_076,2025-06-01,2025-06-02,2025-06-04,138,138.0
PO_04985,PRD_3967,SUP_193,WH_059,2022-08-18,2022-08-20,2022-08-20,204,204.0
PO_04986,PRD_3774,SUP_072,WH_059,2023-01-16,2023-01-20,2023-01-20,494,494.0
PO_04987,PRD_3789,SUP_083,WH_068,2024-08-23,2024-09-03,,159,
PO_04988,PRD_3017,SUP_075,WH_020,2024-01-24,2024-01-31,2024-01-31,261,261.0
PO_04989,PRD_4809,SUP_077,WH_080,2025-09-15,2025-09-18,2025-09-18,384,384.0
PO_04990,PRD_4289,SUP_154,WH_042,2022-05-21,2022-06-02,2022-06-02,138,138.0
PO_04991,PRD_1850,SUP_110,WH_016,2022-05-12,2022-05-16,2022-05-16,84,84.0
PO_04992,PRD_2140,SUP_200,WH_033,2024-08-24,2024-08-28,,196,
PO_04993,PRD_4401,SUP_088,WH_043,2023-07-23,2023-07-29,,143,
PO_04994,PRD_0995,SUP_086,WH_075,2022-03-18,2022-03-20,2022-03-20,193,193.0
PO_04995,PRD_1397,SUP_200,WH_029,2023-08-27,2023-08-31,2023-09-06,282,282.0
PO_04996,PRD_1436,SUP_099,WH_048,2024-11-15,2024-11-21,2024-11-21,326,326.0
PO_04997,PRD_2971,SUP_116,WH_043,2024-12-27,2025-01-05,2025-01-05,376,297.0
PO_04998,PRD_4301,SUP_063,WH_078,2023-07-15,2023-07-26,2023-07-27,52,52.0
PO_04999,PRD_3635,SUP_069,WH_013,2023-05-05,2023-05-19,2023-05-19,446,446.0
PO_05000,PRD_3712,SUP_173,WH_036,2024-12-14,2024-12-15,2024-12-15,401,401.0
PO_05001,PRD_2782,SUP_135,WH_078,2025-11-24,2025-12-02,2025-12-02,316,316.0
PO_05002,PRD_4878,SUP_076,WH_056,2024-11-20,2024-11-22,,323,
PO_05003,PRD_2355,SUP_095,WH_051,2025-07-03,2025-07-05,2025-07-05,63,63.0
PO_05004,PRD_3675,SUP_019,WH_018,2023-03-04,2023-03-16,2023-03-16,381,381.0
PO_05005,PRD_4092,SUP_125,WH_064,2025-10-16,2025-10-20,2025-10-20,414,414.0
PO_05006,PRD_4190,SUP_083,WH_071,2025-11-13,2025-11-24,2025-11-28,399,399.0
PO_05007,PRD_3563,SUP_078,WH_069,2024-03-03,2024-03-04,2024-03-04,164,164.0
PO_05008,PRD_2256,SUP_177,WH_061,2024-11-04,2024-11-05,2024-11-05,195,195.0
PO_05009,PRD_0918,SUP_094,WH_002,2024-02-21,2024-03-06,2024-03-06,383,383.0
PO_05010,PRD_0970,SUP_179,WH_055,2023-07-09,2023-07-13,2023-07-17,317,317.0
PO_05011,PRD_4262,SUP_031,WH_073,2023-03-18,2023-03-22,2023-03-22,77,77.0
PO_05012,PRD_2335,SUP_078,WH_054,2025-11-18,2025-11-19,2025-11-19,40,40.0
PO_05013,PRD_0738,SUP_072,WH_054,2024-02-02,2024-02-06,,262,
PO_05014,PRD_4586,SUP_024,WH_012,2022-11-13,2022-11-22,,75,
PO_05015,PRD_2826,SUP_014,WH_010,2022-12-17,2022-12-30,,320,
PO_05016,PRD_3182,SUP_027,WH_037,2022-08-13,2022-08-25,2022-08-25,56,56.0
PO_05017,PRD_0155,SUP_130,WH_064,2023-01-06,2023-01-10,2023-01-18,444,444.0
PO_05018,PRD_2279,SUP_177,WH_044,2025-06-20,2025-06-21,2025-06-25,426,426.0
PO_05019,PRD_2365,SUP_148,WH_074,2025-06-07,2025-06-10,2025-06-10,133,133.0
PO_05020,PRD_0205,SUP_012,WH_049,2024-10-20,2024-11-02,2024-11-02,184,184.0
PO_05021,PRD_0113,SUP_196,WH_015,2024-07-26,2024-08-08,2024-08-08,126,126.0
PO_05022,PRD_4241,SUP_132,WH_038,2023-01-15,2023-01-19,,104,
PO_05023,PRD_1344,SUP_110,WH_041,2023-01-13,2023-01-17,2023-01-19,185,185.0
PO_05024,PRD_3802,SUP_148,WH_016,2022-02-20,2022-02-23,2022-02-23,61,53.0
PO_05025,PRD_2429,SUP_148,WH_063,2022-12-19,2022-12-22,2022-12-22,352,352.0
PO_05026,PRD_0201,SUP_024,WH_068,2025-07-27,2025-08-05,2025-08-05,259,259.0
PO_05027,PRD_4371,SUP_063,WH_073,2024-07-20,2024-07-31,2024-07-31,55,49.0
PO_05028,PRD_2239,SUP_011,WH_027,2025-01-20,2025-01-31,2025-01-31,278,278.0
PO_05029,PRD_2960,SUP_062,WH_015,2022-01-23,2022-01-31,2022-01-31,234,234.0
PO_05030,PRD_3347,SUP_151,WH_077,2023-10-05,2023-10-15,2023-10-15,411,411.0
PO_05031,PRD_1093,SUP_163,WH_032,2022-09-23,2022-09-30,2022-10-04,458,458.0
PO_05032,PRD_1798,SUP_067,WH_045,2023-08-11,2023-08-15,2023-08-15,399,399.0
PO_05033,PRD_4066,SUP_069,WH_071,2024-10-07,2024-10-21,2024-10-21,326,326.0
PO_05034,PRD_4070,SUP_106,WH_061,2023-01-20,2023-01-21,2023-01-21,266,245.0
PO_05035,PRD_0439,SUP_086,WH_040,2025-10-11,2025-10-13,2025-10-13,420,420.0
PO_05036,PRD_4078,SUP_062,WH_016,2022-11-19,2022-11-27,2022-11-27,160,160.0
PO_05037,PRD_2237,SUP_097,WH_019,2025-07-14,2025-07-26,2025-07-26,387,373.0
PO_05038,PRD_3080,SUP_026,WH_080,2024-05-09,2024-05-15,,446,
PO_05039,PRD_3486,SUP_007,WH_041,2024-02-09,2024-02-14,2024-02-14,28,28.0
PO_05040,PRD_2945,SUP_062,WH_028,2023-04-21,2023-04-29,2023-04-29,121,121.0
PO_05041,PRD_1330,SUP_060,WH_067,2025-09-11,2025-09-21,2025-09-21,469,469.0
PO_05042,PRD_2182,SUP_102,WH_063,2025-08-25,2025-09-01,,275,
PO_05043,PRD_3544,SUP_037,WH_077,2023-04-09,2023-04-21,2023-04-21,80,80.0
PO_05044,PRD_2183,SUP_145,WH_040,2022-02-19,2022-02-26,2022-03-03,493,493.0
PO_05045,PRD_4867,SUP_111,WH_076,2025-11-03,2025-11-05,2025-11-05,359,239.0
PO_05046,PRD_1776,SUP_014,WH_021,2022-05-23,2022-06-05,2022-06-05,459,459.0
PO_05047,PRD_1903,SUP_047,WH_001,2022-02-09,2022-02-13,2022-02-13,316,316.0
PO_05048,PRD_0247,SUP_200,WH_010,2023-06-04,2023-06-08,2023-06-09,206,206.0
PO_05049,PRD_4432,SUP_039,WH_063,2024-11-13,2024-11-20,2024-11-26,120,120.0
PO_05050,PRD_4651,SUP_026,WH_070,2025-03-01,2025-03-07,2025-03-07,242,242.0
PO_05051,PRD_1347,SUP_144,WH_005,2023-07-17,2023-07-19,2023-07-19,435,435.0
PO_05052,PRD_3507,SUP_019,WH_044,2024-11-01,2024-11-13,,500,
PO_05053,PRD_3666,SUP_065,WH_022,2025-08-22,2025-08-30,2025-08-30,279,279.0
PO_05054,PRD_1009,SUP_132,WH_053,2024-08-23,2024-08-27,2024-08-27,364,238.0
PO_05055,PRD_3520,SUP_139,WH_009,2023-06-26,2023-06-27,2023-06-27,128,128.0
PO_05056,PRD_1999,SUP_178,WH_056,2024-05-11,2024-05-19,2024-05-19,312,312.0
PO_05057,PRD_3385,SUP_074,WH_076,2023-01-13,2023-01-27,2023-01-27,95,95.0
PO_05058,PRD_2960,SUP_062,WH_010,2024-10-14,2024-10-22,2024-10-22,274,274.0
PO_05059,PRD_2428,SUP_063,WH_064,2022-10-01,2022-10-12,2022-10-12,83,83.0
PO_05060,PRD_0294,SUP_054,WH_031,2023-02-17,2023-02-28,2023-02-28,347,347.0
PO_05061,PRD_4333,SUP_099,WH_039,2025-08-26,2025-09-01,2025-09-01,365,365.0
PO_05062,PRD_0524,SUP_179,WH_050,2022-04-12,2022-04-16,2022-04-16,62,53.0
PO_05063,PRD_4313,SUP_117,WH_041,2025-07-10,2025-07-22,2025-07-22,330,330.0
PO_05064,PRD_1832,SUP_110,WH_030,2022-10-18,2022-10-22,2022-10-22,142,142.0
PO_05065,PRD_0041,SUP_142,WH_024,2023-11-22,2023-12-01,2023-12-01,103,91.0
PO_05066,PRD_0760,SUP_076,WH_064,2024-09-08,2024-09-10,2024-09-10,318,318.0
PO_05067,PRD_0866,SUP_104,WH_016,2025-03-08,2025-03-16,2025-03-16,144,94.0
PO_05068,PRD_4380,SUP_182,WH_074,2023-01-26,2023-01-30,2023-02-05,98,87.0
PO_05069,PRD_2643,SUP_070,WH_010,2025-05-19,2025-05-20,2025-05-22,323,323.0
PO_05070,PRD_0145,SUP_196,WH_046,2024-05-10,2024-05-23,2024-05-23,387,387.0
PO_05071,PRD_2173,SUP_020,WH_059,2025-04-01,2025-04-03,2025-04-03,464,464.0
PO_05072,PRD_3438,SUP_151,WH_007,2025-07-27,2025-08-06,2025-08-06,295,295.0
PO_05073,PRD_1993,SUP_200,WH_028,2025-05-17,2025-05-21,2025-05-29,376,376.0
PO_05074,PRD_4725,SUP_099,WH_058,2022-11-04,2022-11-10,2022-11-10,461,461.0
PO_05075,PRD_2759,SUP_089,WH_035,2023-07-05,2023-07-12,2023-07-19,116,116.0
PO_05076,PRD_3158,SUP_077,WH_036,2022-01-15,2022-01-18,2022-01-18,309,288.0
PO_05077,PRD_2656,SUP_091,WH_034,2022-08-24,2022-08-25,2022-08-25,257,257.0
PO_05078,PRD_3907,SUP_150,WH_027,2023-07-04,2023-07-16,2023-07-16,79,79.0
PO_05079,PRD_0343,SUP_167,WH_029,2022-05-14,2022-05-17,2022-05-17,293,293.0
PO_05080,PRD_0812,SUP_085,WH_049,2023-11-04,2023-11-06,2023-11-06,218,218.0
PO_05081,PRD_1242,SUP_064,WH_031,2025-06-11,2025-06-17,2025-06-17,351,351.0
PO_05082,PRD_2999,SUP_153,WH_032,2025-05-08,2025-05-12,,487,
PO_05083,PRD_0383,SUP_167,WH_016,2024-02-25,2024-02-28,2024-02-28,261,261.0
PO_05084,PRD_0731,SUP_134,WH_076,2024-06-18,2024-06-19,2024-06-19,454,454.0
PO_05085,PRD_0890,SUP_080,WH_012,2025-11-27,2025-11-28,2025-12-04,186,186.0
PO_05086,PRD_0423,SUP_010,WH_063,2025-06-13,2025-06-26,2025-06-26,441,441.0
PO_05087,PRD_4386,SUP_049,WH_064,2024-05-17,2024-05-26,,408,
PO_05088,PRD_2393,SUP_170,WH_013,2022-02-10,2022-02-18,2022-02-18,422,422.0
PO_05089,PRD_3422,SUP_176,WH_031,2023-05-16,2023-05-27,2023-05-27,40,40.0
PO_05090,PRD_2136,SUP_040,WH_031,2022-12-21,2023-01-04,,38,
PO_05091,PRD_3890,SUP_011,WH_025,2025-03-18,2025-03-29,2025-03-29,268,268.0
PO_05092,PRD_3010,SUP_022,WH_011,2023-06-07,2023-06-20,2023-06-20,241,241.0
PO_05093,PRD_1962,SUP_040,WH_042,2025-01-12,2025-01-26,2025-01-26,497,497.0
PO_05094,PRD_1355,SUP_062,WH_017,2024-07-08,2024-07-16,2024-07-19,371,371.0
PO_05095,PRD_2462,SUP_047,WH_059,2025-02-21,2025-02-25,2025-02-25,392,392.0
PO_05096,PRD_0292,SUP_010,WH_008,2022-03-13,2022-03-26,2022-03-26,259,259.0
PO_05097,PRD_4729,SUP_127,WH_001,2024-11-27,2024-12-07,2024-12-07,448,448.0
PO_05098,PRD_0748,SUP_012,WH_020,2022-12-08,2022-12-21,2022-12-21,464,464.0
PO_05099,PRD_3060,SUP_146,WH_072,2024-03-15,2024-03-29,2024-03-30,233,212.0
PO_05100,PRD_0792,SUP_130,WH_070,2025-07-24,2025-07-28,2025-07-28,153,153.0
PO_05101,PRD_2436,SUP_175,WH_008,2022-06-20,2022-06-24,2022-06-27,30,30.0
PO_05102,PRD_4960,SUP_181,WH_052,2024-03-01,2024-03-09,2024-03-09,381,317.0
PO_05103,PRD_2049,SUP_156,WH_050,2023-01-02,2023-01-04,2023-01-04,449,449.0
PO_05104,PRD_2230,SUP_097,WH_077,2022-07-15,2022-07-27,2022-07-27,488,488.0
PO_05105,PRD_4638,SUP_059,WH_060,2022-03-21,2022-03-24,2022-03-24,185,185.0
PO_05106,PRD_3510,SUP_111,WH_009,2025-04-14,2025-04-16,2025-04-23,436,436.0
PO_05107,PRD_0372,SUP_140,WH_011,2025-04-06,2025-04-17,2025-04-17,322,322.0
PO_05108,PRD_1465,SUP_013,WH_079,2025-06-15,2025-06-19,2025-06-21,276,276.0
PO_05109,PRD_0734,SUP_112,WH_046,2025-06-12,2025-06-18,,44,
PO_05110,PRD_0210,SUP_176,WH_062,2025-09-20,2025-10-01,2025-10-01,410,410.0
PO_05111,PRD_2215,SUP_184,WH_022,2024-08-07,2024-08-10,2024-08-13,473,468.0
PO_05112,PRD_0895,SUP_054,WH_059,2024-12-22,2025-01-02,2025-01-06,157,157.0
PO_05113,PRD_4851,SUP_008,WH_039,2025-04-07,2025-04-14,2025-04-14,394,366.0
PO_05114,PRD_0201,SUP_024,WH_067,2025-10-16,2025-10-25,2025-10-25,131,131.0
PO_05115,PRD_0694,SUP_165,WH_077,2023-03-15,2023-03-24,2023-03-24,149,149.0
PO_05116,PRD_3732,SUP_112,WH_066,2022-11-17,2022-11-23,2022-11-23,286,286.0
PO_05117,PRD_1962,SUP_040,WH_058,2022-06-03,2022-06-17,2022-06-25,298,240.0
PO_05118,PRD_3744,SUP_172,WH_029,2025-01-03,2025-01-11,2025-01-11,195,164.0
PO_05119,PRD_1737,SUP_087,WH_050,2024-09-21,2024-10-03,2024-10-03,468,468.0
PO_05120,PRD_3821,SUP_042,WH_033,2022-11-01,2022-11-02,2022-11-02,154,154.0
PO_05121,PRD_4853,SUP_043,WH_047,2022-06-20,2022-06-29,2022-07-05,217,217.0
PO_05122,PRD_2978,SUP_088,WH_021,2022-04-06,2022-04-12,2022-04-12,117,117.0
PO_05123,PRD_2023,SUP_167,WH_041,2024-04-06,2024-04-09,2024-04-09,177,177.0
PO_05124,PRD_4674,SUP_068,WH_044,2024-01-22,2024-01-23,2024-01-30,363,363.0
PO_05125,PRD_2389,SUP_097,WH_032,2025-08-16,2025-08-28,2025-08-28,302,280.0
PO_05126,PRD_1966,SUP_145,WH_071,2023-01-22,2023-01-29,2023-01-29,431,431.0
PO_05127,PRD_1928,SUP_047,WH_001,2022-04-15,2022-04-19,2022-04-19,498,498.0
PO_05128,PRD_4575,SUP_112,WH_052,2022-06-04,2022-06-10,2022-06-10,461,461.0
PO_05129,PRD_2156,SUP_008,WH_016,2025-04-10,2025-04-17,2025-04-17,282,282.0
PO_05130,PRD_1264,SUP_105,WH_047,2024-09-06,2024-09-17,2024-09-17,330,330.0
PO_05131,PRD_0409,SUP_171,WH_073,2024-04-27,2024-05-03,2024-05-03,32,32.0
PO_05132,PRD_1574,SUP_077,WH_032,2024-05-09,2024-05-12,2024-05-12,475,475.0
PO_05133,PRD_3980,SUP_024,WH_074,2022-10-02,2022-10-11,2022-10-11,171,135.0
PO_05134,PRD_2913,SUP_122,WH_003,2023-11-20,2023-11-24,2023-11-24,148,92.0
PO_05135,PRD_3507,SUP_019,WH_026,2024-07-18,2024-07-30,2024-07-30,120,120.0
PO_05136,PRD_2723,SUP_026,WH_035,2025-06-01,2025-06-07,,307,
PO_05137,PRD_2845,SUP_012,WH_001,2022-02-04,2022-02-17,2022-02-17,68,68.0
PO_05138,PRD_1482,SUP_153,WH_078,2022-05-22,2022-05-26,2022-05-26,429,429.0
PO_05139,PRD_0377,SUP_186,WH_033,2025-07-05,2025-07-14,2025-07-14,412,412.0
PO_05140,PRD_0505,SUP_085,WH_078,2022-09-04,2022-09-06,2022-09-06,237,237.0
PO_05141,PRD_3248,SUP_181,WH_071,2023-06-02,2023-06-10,2023-06-10,114,114.0
PO_05142,PRD_2912,SUP_060,WH_013,2023-03-26,2023-04-05,2023-04-05,21,21.0
PO_05143,PRD_2523,SUP_175,WH_004,2022-12-20,2022-12-24,2022-12-26,56,56.0
PO_05144,PRD_2145,SUP_200,WH_063,2025-12-24,2025-12-28,2025-12-28,298,248.0
PO_05145,PRD_2261,SUP_184,WH_023,2024-08-20,2024-08-23,2024-08-23,105,105.0
PO_05146,PRD_0169,SUP_054,WH_031,2025-08-24,2025-09-04,2025-09-04,439,439.0
PO_05147,PRD_2005,SUP_043,WH_049,2022-02-04,2022-02-13,,60,
PO_05148,PRD_4456,SUP_031,WH_029,2024-05-01,2024-05-05,2024-05-05,408,382.0
PO_05149,PRD_0841,SUP_179,WH_016,2025-01-11,2025-01-15,2025-01-19,281,281.0
PO_05150,PRD_4675,SUP_039,WH_067,2022-02-11,2022-02-18,2022-02-21,188,188.0
PO_05151,PRD_2357,SUP_018,WH_050,2022-12-13,2022-12-19,2022-12-22,370,370.0
PO_05152,PRD_2510,SUP_199,WH_075,2022-04-21,2022-04-22,2022-04-29,131,131.0
PO_05153,PRD_3366,SUP_109,WH_056,2025-12-27,2026-01-01,2026-01-01,415,415.0
PO_05154,PRD_4944,SUP_047,WH_016,2023-10-13,2023-10-17,2023-10-17,409,409.0
PO_05155,PRD_3063,SUP_179,WH_042,2022-08-11,2022-08-15,2022-08-15,144,144.0
PO_05156,PRD_4711,SUP_186,WH_006,2022-06-15,2022-06-24,2022-06-24,224,224.0
PO_05157,PRD_2423,SUP_174,WH_025,2022-03-19,2022-03-27,2022-03-27,93,93.0
PO_05158,PRD_1819,SUP_120,WH_025,2025-05-25,2025-06-07,2025-06-10,354,354.0
PO_05159,PRD_1734,SUP_087,WH_010,2025-05-27,2025-06-08,2025-06-08,280,280.0
PO_05160,PRD_0384,SUP_159,WH_072,2024-08-02,2024-08-14,2024-08-15,379,379.0
PO_05161,PRD_0334,SUP_118,WH_028,2022-03-21,2022-04-01,2022-04-01,76,76.0
PO_05162,PRD_4491,SUP_179,WH_004,2022-12-27,2022-12-31,2022-12-31,500,500.0
PO_05163,PRD_4092,SUP_125,WH_072,2023-10-16,2023-10-20,2023-10-20,384,384.0
PO_05164,PRD_0771,SUP_032,WH_074,2023-12-23,2024-01-06,2024-01-06,365,365.0
PO_05165,PRD_3711,SUP_007,WH_002,2023-05-07,2023-05-12,2023-05-12,181,181.0
PO_05166,PRD_3159,SUP_143,WH_056,2023-10-24,2023-11-02,2023-11-02,105,105.0
PO_05167,PRD_1638,SUP_125,WH_026,2022-03-20,2022-03-24,2022-03-24,139,139.0
PO_05168,PRD_0267,SUP_064,WH_077,2023-07-13,2023-07-19,2023-07-19,364,364.0
PO_05169,PRD_4362,SUP_088,WH_009,2022-11-19,2022-11-25,2022-11-25,393,393.0
PO_05170,PRD_2404,SUP_145,WH_078,2024-02-12,2024-02-19,2024-02-19,448,399.0
PO_05171,PRD_2208,SUP_063,WH_007,2022-04-15,2022-04-26,2022-04-26,403,403.0
PO_05172,PRD_4882,SUP_175,WH_030,2025-02-23,2025-02-27,2025-02-27,322,322.0
PO_05173,PRD_4233,SUP_178,WH_077,2022-06-03,2022-06-11,2022-06-11,27,27.0
PO_05174,PRD_2009,SUP_033,WH_066,2025-12-23,2026-01-06,2026-01-06,282,282.0
PO_05175,PRD_2594,SUP_091,WH_028,2022-09-19,2022-09-20,2022-09-20,43,42.0
PO_05176,PRD_3011,SUP_103,WH_067,2022-11-01,2022-11-12,2022-11-20,322,322.0
PO_05177,PRD_2755,SUP_060,WH_030,2022-09-03,2022-09-13,2022-09-13,154,154.0
PO_05178,PRD_2305,SUP_097,WH_074,2024-02-24,2024-03-07,,179,
PO_05179,PRD_3386,SUP_051,WH_020,2023-12-03,2023-12-10,2023-12-10,467,289.0
PO_05180,PRD_1495,SUP_192,WH_029,2023-05-23,2023-05-25,2023-05-26,348,244.0
PO_05181,PRD_4984,SUP_195,WH_018,2023-01-02,2023-01-05,,317,
PO_05182,PRD_3110,SUP_121,WH_069,2025-10-03,2025-10-06,2025-10-06,157,157.0
PO_05183,PRD_0496,SUP_028,WH_015,2024-05-06,2024-05-18,,84,
PO_05184,PRD_4024,SUP_083,WH_030,2022-10-02,2022-10-13,,412,
PO_05185,PRD_4158,SUP_156,WH_046,2022-02-16,2022-02-18,2022-02-18,374,374.0
PO_05186,PRD_2900,SUP_200,WH_007,2024-09-19,2024-09-23,2024-09-23,160,160.0
PO_05187,PRD_0754,SUP_001,WH_060,2023-09-27,2023-10-04,,250,
PO_05188,PRD_3088,SUP_123,WH_012,2023-12-14,2023-12-26,2023-12-26,265,265.0
PO_05189,PRD_3435,SUP_161,WH_018,2024-02-22,2024-02-27,2024-02-27,61,61.0
PO_05190,PRD_4051,SUP_127,WH_062,2025-01-23,2025-02-02,2025-02-02,162,134.0
PO_05191,PRD_2107,SUP_122,WH_012,2025-02-01,2025-02-05,2025-02-13,380,380.0
PO_05192,PRD_0438,SUP_059,WH_023,2022-10-23,2022-10-26,,500,
PO_05193,PRD_3220,SUP_030,WH_036,2023-09-16,2023-09-28,2023-09-28,376,376.0
PO_05194,PRD_2635,SUP_063,WH_076,2023-05-17,2023-05-28,,445,
PO_05195,PRD_3905,SUP_011,WH_034,2023-12-05,2023-12-16,2023-12-16,106,106.0
PO_05196,PRD_4855,SUP_096,WH_046,2025-11-03,2025-11-08,2025-11-08,147,147.0
PO_05197,PRD_3047,SUP_014,WH_020,2025-04-11,2025-04-24,2025-04-24,325,325.0
PO_05198,PRD_0740,SUP_131,WH_057,2022-10-24,2022-10-31,2022-10-31,370,370.0
PO_05199,PRD_0575,SUP_112,WH_001,2024-08-05,2024-08-11,,184,
PO_05200,PRD_2972,SUP_068,WH_030,2022-09-14,2022-09-15,2022-09-15,406,406.0
PO_05201,PRD_3360,SUP_105,WH_045,2022-04-20,2022-05-01,2022-05-01,208,208.0
PO_05202,PRD_4069,SUP_069,WH_026,2025-10-10,2025-10-24,2025-10-24,184,184.0
PO_05203,PRD_2519,SUP_125,WH_070,2024-10-05,2024-10-09,2024-10-09,212,139.0
PO_05204,PRD_0496,SUP_028,WH_004,2024-04-24,2024-05-06,,305,
PO_05205,PRD_0254,SUP_038,WH_004,2025-03-20,2025-03-29,2025-04-01,265,185.0
PO_05206,PRD_0592,SUP_198,WH_017,2025-12-13,2025-12-17,2025-12-17,262,262.0
PO_05207,PRD_0231,SUP_073,WH_050,2022-03-01,2022-03-13,2022-03-13,99,99.0
PO_05208,PRD_1089,SUP_080,WH_048,2022-11-19,2022-11-20,,334,
PO_05209,PRD_4770,SUP_136,WH_048,2025-09-13,2025-09-20,,473,
PO_05210,PRD_3858,SUP_083,WH_070,2023-10-08,2023-10-19,2023-10-19,26,26.0
PO_05211,PRD_0796,SUP_085,WH_017,2025-11-11,2025-11-13,2025-11-13,22,22.0
PO_05212,PRD_2352,SUP_097,WH_023,2025-01-20,2025-02-01,,280,
PO_05213,PRD_0766,SUP_080,WH_062,2023-01-13,2023-01-14,2023-01-14,328,219.0
PO_05214,PRD_3984,SUP_072,WH_033,2023-08-11,2023-08-15,,28,
PO_05215,PRD_1217,SUP_007,WH_010,2024-08-13,2024-08-18,2024-08-18,352,352.0
PO_05216,PRD_0451,SUP_095,WH_037,2025-07-11,2025-07-13,,147,
PO_05217,PRD_3874,SUP_114,WH_072,2022-10-01,2022-10-12,2022-10-12,83,83.0
PO_05218,PRD_0707,SUP_165,WH_026,2025-08-15,2025-08-24,2025-08-24,344,250.0
PO_05219,PRD_0575,SUP_112,WH_054,2022-08-14,2022-08-20,2022-08-20,110,110.0
PO_05220,PRD_4819,SUP_021,WH_065,2024-12-20,2024-12-30,2024-12-30,282,282.0
PO_05221,PRD_4910,SUP_026,WH_010,2025-07-05,2025-07-11,2025-07-11,66,66.0
PO_05222,PRD_1930,SUP_110,WH_068,2023-01-06,2023-01-10,2023-01-10,379,269.0
PO_05223,PRD_4870,SUP_043,WH_040,2023-08-22,2023-08-31,,197,
PO_05224,PRD_0710,SUP_199,WH_040,2023-09-13,2023-09-14,2023-09-14,325,325.0
PO_05225,PRD_2820,SUP_073,WH_001,2025-03-25,2025-04-06,2025-04-06,464,464.0
PO_05226,PRD_1729,SUP_090,WH_026,2024-07-17,2024-07-22,,190,
PO_05227,PRD_0377,SUP_186,WH_078,2022-04-20,2022-04-29,,376,
PO_05228,PRD_4272,SUP_038,WH_062,2024-05-10,2024-05-19,2024-05-20,153,153.0
PO_05229,PRD_4211,SUP_041,WH_021,2023-06-13,2023-06-14,2023-06-14,201,201.0
PO_05230,PRD_4854,SUP_044,WH_070,2025-01-22,2025-02-02,2025-02-02,362,315.0
PO_05231,PRD_0488,SUP_198,WH_038,2025-07-20,2025-07-24,2025-07-24,423,423.0
PO_05232,PRD_1896,SUP_120,WH_036,2023-07-02,2023-07-15,2023-07-15,24,24.0
PO_05233,PRD_3194,SUP_075,WH_027,2022-06-04,2022-06-11,2022-06-11,308,308.0
PO_05234,PRD_2138,SUP_040,WH_062,2024-11-01,2024-11-15,,230,
PO_05235,PRD_2110,SUP_028,WH_073,2022-02-14,2022-02-26,2022-02-26,424,424.0
PO_05236,PRD_0994,SUP_114,WH_032,2024-02-17,2024-02-28,2024-03-04,154,98.0
PO_05237,PRD_3051,SUP_103,WH_017,2022-06-22,2022-07-03,,106,
PO_05238,PRD_1356,SUP_020,WH_010,2025-08-14,2025-08-16,2025-08-16,76,76.0
PO_05239,PRD_0765,SUP_054,WH_045,2023-10-12,2023-10-23,2023-10-23,483,483.0
PO_05240,PRD_4429,SUP_190,WH_069,2022-04-05,2022-04-07,2022-04-09,113,113.0
PO_05241,PRD_4595,SUP_105,WH_068,2023-05-27,2023-06-07,2023-06-07,492,397.0
PO_05242,PRD_4528,SUP_102,WH_023,2024-02-02,2024-02-09,2024-02-09,180,180.0
PO_05243,PRD_3043,SUP_146,WH_013,2023-02-21,2023-03-07,2023-03-14,108,108.0
PO_05244,PRD_2693,SUP_095,WH_022,2024-05-27,2024-05-29,,237,
PO_05245,PRD_1415,SUP_113,WH_042,2025-06-20,2025-06-26,2025-06-26,194,194.0
PO_05246,PRD_2345,SUP_063,WH_047,2023-07-13,2023-07-24,2023-07-24,67,67.0
PO_05247,PRD_3848,SUP_194,WH_052,2024-12-13,2024-12-19,2024-12-19,203,155.0
PO_05248,PRD_0710,SUP_199,WH_028,2022-07-01,2022-07-02,2022-07-02,440,440.0
PO_05249,PRD_0442,SUP_159,WH_062,2022-02-03,2022-02-15,2022-02-17,135,135.0
PO_05250,PRD_2397,SUP_184,WH_011,2023-06-21,2023-06-24,2023-06-24,299,299.0
PO_05251,PRD_3596,SUP_177,WH_046,2023-06-01,2023-06-02,2023-06-02,420,420.0
PO_05252,PRD_2813,SUP_073,WH_036,2023-10-21,2023-11-02,,352,
PO_05253,PRD_3065,SUP_153,WH_016,2024-12-19,2024-12-23,2024-12-23,319,319.0
PO_05254,PRD_1899,SUP_170,WH_025,2025-11-02,2025-11-10,2025-11-14,248,248.0
PO_05255,PRD_2149,SUP_033,WH_065,2023-03-15,2023-03-29,2023-03-29,449,449.0
PO_05256,PRD_4348,SUP_186,WH_012,2025-08-06,2025-08-15,2025-08-15,499,499.0
PO_05257,PRD_4616,SUP_004,WH_010,2022-03-03,2022-03-16,2022-03-16,139,139.0
PO_05258,PRD_2894,SUP_124,WH_043,2023-12-10,2023-12-21,2023-12-21,407,407.0
PO_05259,PRD_3593,SUP_146,WH_019,2023-01-08,2023-01-22,2023-01-22,59,59.0
PO_05260,PRD_1263,SUP_130,WH_010,2023-05-27,2023-05-31,2023-05-31,33,33.0
PO_05261,PRD_0932,SUP_146,WH_062,2025-12-02,2025-12-16,2025-12-16,186,186.0
PO_05262,PRD_3963,SUP_172,WH_021,2025-08-27,2025-09-04,2025-09-04,317,200.0
PO_05263,PRD_1029,SUP_061,WH_078,2023-07-10,2023-07-22,2023-07-22,307,307.0
PO_05264,PRD_2327,SUP_137,WH_043,2024-02-21,2024-02-23,2024-02-26,151,96.0
PO_05265,PRD_3322,SUP_140,WH_041,2022-06-27,2022-07-08,2022-07-15,102,102.0
PO_05266,PRD_2381,SUP_176,WH_013,2022-03-17,2022-03-28,2022-03-28,390,281.0
PO_05267,PRD_2732,SUP_138,WH_035,2022-10-04,2022-10-12,,323,
PO_05268,PRD_0086,SUP_040,WH_004,2025-11-19,2025-12-03,2025-12-03,330,330.0
PO_05269,PRD_4242,SUP_074,WH_002,2025-07-20,2025-08-03,2025-08-03,332,332.0
PO_05270,PRD_1307,SUP_119,WH_003,2022-02-23,2022-03-01,2022-03-01,283,283.0
PO_05271,PRD_3260,SUP_117,WH_014,2025-10-01,2025-10-13,2025-10-13,389,389.0
PO_05272,PRD_3794,SUP_045,WH_076,2025-07-14,2025-07-28,2025-07-28,250,250.0
PO_05273,PRD_2697,SUP_060,WH_074,2022-02-02,2022-02-12,2022-02-12,147,147.0
PO_05274,PRD_0863,SUP_108,WH_072,2024-03-12,2024-03-20,2024-03-20,209,192.0
PO_05275,PRD_4288,SUP_149,WH_059,2025-09-03,2025-09-10,2025-09-10,470,333.0
PO_05276,PRD_3668,SUP_148,WH_034,2023-10-05,2023-10-08,2023-10-08,131,131.0
PO_05277,PRD_0987,SUP_170,WH_055,2024-12-26,2025-01-03,2025-01-03,486,442.0
PO_05278,PRD_2626,SUP_003,WH_056,2024-05-08,2024-05-12,2024-05-12,255,255.0
PO_05279,PRD_4309,SUP_018,WH_056,2023-09-02,2023-09-08,2023-09-08,34,34.0
PO_05280,PRD_4480,SUP_149,WH_069,2025-07-26,2025-08-02,2025-08-02,407,407.0
PO_05281,PRD_4510,SUP_170,WH_023,2023-07-25,2023-08-02,2023-08-10,402,402.0
PO_05282,PRD_3012,SUP_004,WH_019,2024-10-16,2024-10-29,2024-10-29,111,111.0
PO_05283,PRD_2449,SUP_069,WH_008,2022-05-06,2022-05-20,,119,
PO_05284,PRD_0541,SUP_149,WH_044,2023-10-22,2023-10-29,2023-10-29,500,500.0
PO_05285,PRD_0684,SUP_112,WH_048,2025-06-10,2025-06-16,,311,
PO_05286,PRD_0149,SUP_186,WH_052,2022-08-13,2022-08-22,2022-08-22,325,325.0
PO_05287,PRD_2785,SUP_142,WH_012,2025-07-02,2025-07-11,2025-07-14,121,121.0
PO_05288,PRD_0747,SUP_165,WH_011,2025-12-09,2025-12-18,2025-12-18,62,62.0
PO_05289,PRD_4016,SUP_179,WH_069,2024-02-20,2024-02-24,2024-02-24,417,417.0
PO_05290,PRD_0456,SUP_028,WH_072,2023-10-21,2023-11-02,,413,
PO_05291,PRD_2625,SUP_004,WH_015,2025-05-21,2025-06-03,2025-06-03,269,269.0
PO_05292,PRD_3308,SUP_177,WH_053,2022-10-06,2022-10-07,,488,
PO_05293,PRD_3710,SUP_139,WH_048,2024-12-17,2024-12-18,2024-12-18,393,342.0
PO_05294,PRD_3119,SUP_146,WH_074,2023-09-27,2023-10-11,2023-10-11,466,410.0
PO_05295,PRD_1573,SUP_104,WH_013,2023-08-18,2023-08-26,2023-08-26,398,398.0
PO_05296,PRD_2353,SUP_089,WH_024,2023-04-02,2023-04-09,2023-04-09,473,473.0
PO_05297,PRD_3135,SUP_054,WH_076,2025-03-15,2025-03-26,2025-03-26,326,326.0
PO_05298,PRD_1802,SUP_121,WH_079,2025-12-05,2025-12-08,2025-12-08,57,57.0
PO_05299,PRD_0373,SUP_039,WH_014,2022-08-10,2022-08-17,2022-08-17,119,119.0
PO_05300,PRD_2848,SUP_004,WH_009,2023-09-22,2023-10-05,2023-10-05,445,367.0
PO_05301,PRD_2220,SUP_097,WH_008,2025-11-24,2025-12-06,2025-12-10,23,23.0
PO_05302,PRD_3647,SUP_177,WH_069,2023-07-10,2023-07-11,2023-07-11,489,489.0
PO_05303,PRD_0363,SUP_046,WH_026,2025-02-21,2025-03-02,2025-03-02,38,38.0
PO_05304,PRD_3813,SUP_133,WH_051,2025-12-10,2025-12-19,2025-12-19,43,36.0
PO_05305,PRD_0022,SUP_024,WH_074,2023-09-07,2023-09-16,,143,
PO_05306,PRD_3246,SUP_030,WH_024,2022-11-19,2022-12-01,2022-12-01,207,207.0
PO_05307,PRD_4615,SUP_135,WH_021,2024-08-18,2024-08-26,2024-08-31,205,205.0
PO_05308,PRD_4652,SUP_105,WH_046,2024-01-14,2024-01-25,2024-01-31,131,131.0
PO_05309,PRD_0974,SUP_105,WH_001,2024-12-26,2025-01-06,2025-01-06,357,357.0
PO_05310,PRD_2947,SUP_103,WH_026,2025-12-18,2025-12-29,2026-01-02,469,469.0
PO_05311,PRD_3600,SUP_037,WH_018,2023-01-26,2023-02-07,,410,
PO_05312,PRD_0330,SUP_064,WH_056,2025-07-01,2025-07-07,2025-07-07,477,477.0
PO_05313,PRD_2247,SUP_179,WH_075,2025-09-15,2025-09-19,,370,
PO_05314,PRD_0123,SUP_053,WH_047,2025-02-07,2025-02-15,2025-02-15,309,309.0
PO_05315,PRD_0136,SUP_068,WH_031,2023-04-05,2023-04-06,2023-04-06,445,445.0
PO_05316,PRD_3872,SUP_090,WH_033,2025-03-23,2025-03-28,2025-03-28,90,90.0
PO_05317,PRD_0498,SUP_028,WH_065,2023-07-03,2023-07-15,2023-07-15,496,496.0
PO_05318,PRD_0033,SUP_030,WH_052,2024-07-25,2024-08-06,2024-08-06,117,88.0
PO_05319,PRD_2133,SUP_080,WH_067,2025-08-01,2025-08-02,,254,
PO_05320,PRD_1008,SUP_073,WH_057,2023-02-14,2023-02-26,2023-02-26,197,128.0
PO_05321,PRD_4743,SUP_085,WH_054,2023-07-06,2023-07-08,2023-07-08,239,239.0
PO_05322,PRD_1112,SUP_044,WH_058,2024-06-10,2024-06-21,2024-06-21,500,500.0
PO_05323,PRD_4787,SUP_045,WH_009,2023-04-25,2023-05-09,2023-05-09,225,225.0
PO_05324,PRD_1739,SUP_084,WH_058,2023-09-24,2023-09-25,2023-09-25,48,48.0
PO_05325,PRD_0240,SUP_024,WH_005,2022-10-07,2022-10-16,2022-10-16,366,366.0
PO_05326,PRD_1198,SUP_117,WH_001,2025-12-21,2026-01-02,2026-01-06,145,145.0
PO_05327,PRD_4405,SUP_131,WH_072,2025-10-09,2025-10-16,2025-10-16,168,168.0
PO_05328,PRD_4738,SUP_018,WH_057,2025-09-14,2025-09-20,,404,
PO_05329,PRD_4609,SUP_020,WH_063,2024-07-27,2024-07-29,2024-07-31,414,414.0
PO_05330,PRD_3608,SUP_079,WH_061,2025-02-24,2025-03-01,2025-03-08,337,332.0
PO_05331,PRD_1378,SUP_125,WH_039,2025-10-04,2025-10-08,2025-10-08,49,49.0
PO_05332,PRD_2324,SUP_152,WH_032,2024-04-26,2024-05-05,2024-05-10,96,96.0
PO_05333,PRD_1035,SUP_086,WH_080,2023-10-14,2023-10-16,2023-10-16,484,484.0
PO_05334,PRD_0776,SUP_130,WH_003,2023-05-21,2023-05-25,2023-05-25,492,492.0
PO_05335,PRD_3865,SUP_105,WH_034,2024-03-15,2024-03-26,2024-03-26,273,186.0
PO_05336,PRD_1511,SUP_189,WH_044,2022-10-16,2022-10-29,2022-10-29,371,371.0
PO_05337,PRD_2159,SUP_172,WH_019,2023-08-07,2023-08-15,2023-08-15,65,65.0
PO_05338,PRD_4219,SUP_117,WH_028,2023-11-15,2023-11-27,2023-11-29,232,232.0
PO_05339,PRD_1000,SUP_157,WH_070,2024-05-17,2024-05-18,2024-05-20,206,206.0
PO_05340,PRD_1541,SUP_193,WH_004,2023-06-22,2023-06-24,2023-06-24,38,38.0
PO_05341,PRD_4434,SUP_179,WH_071,2023-07-15,2023-07-19,2023-07-19,435,435.0
PO_05342,PRD_2708,SUP_031,WH_040,2023-05-19,2023-05-23,,160,
PO_05343,PRD_2829,SUP_046,WH_004,2023-10-14,2023-10-23,2023-10-23,385,385.0
PO_05344,PRD_1082,SUP_063,WH_064,2022-12-24,2023-01-04,,462,
PO_05345,PRD_2934,SUP_151,WH_077,2023-08-08,2023-08-18,2023-08-18,132,132.0
PO_05346,PRD_4248,SUP_004,WH_048,2024-01-07,2024-01-20,2024-01-20,69,59.0
PO_05347,PRD_4041,SUP_160,WH_036,2023-02-26,2023-03-03,2023-03-03,116,116.0
PO_05348,PRD_2449,SUP_069,WH_054,2025-05-08,2025-05-22,2025-05-22,371,371.0
PO_05349,PRD_1280,SUP_174,WH_022,2025-06-20,2025-06-28,2025-06-30,192,192.0
PO_05350,PRD_3266,SUP_161,WH_033,2022-10-02,2022-10-07,2022-10-09,434,434.0
PO_05351,PRD_2481,SUP_022,WH_053,2024-03-18,2024-03-31,2024-03-31,359,359.0
PO_05352,PRD_3977,SUP_194,WH_038,2025-05-25,2025-05-31,2025-06-02,265,265.0
PO_05353,PRD_4459,SUP_030,WH_070,2023-11-04,2023-11-16,2023-11-16,74,74.0
PO_05354,PRD_0438,SUP_059,WH_053,2025-07-01,2025-07-04,,332,
PO_05355,PRD_3568,SUP_151,WH_011,2024-01-21,2024-01-31,,187,
PO_05356,PRD_1230,SUP_189,WH_035,2023-06-27,2023-07-10,2023-07-10,69,44.0
PO_05357,PRD_3547,SUP_079,WH_005,2024-08-02,2024-08-07,2024-08-07,265,188.0
PO_05358,PRD_2216,SUP_176,WH_015,2024-09-24,2024-10-05,2024-10-05,127,83.0
PO_05359,PRD_3355,SUP_193,WH_007,2022-02-06,2022-02-08,2022-02-08,300,256.0
PO_05360,PRD_0830,SUP_108,WH_003,2023-09-18,2023-09-26,2023-09-26,92,92.0
PO_05361,PRD_1336,SUP_032,WH_053,2022-06-14,2022-06-28,2022-06-28,409,347.0
PO_05362,PRD_4596,SUP_018,WH_035,2023-04-04,2023-04-10,2023-04-10,222,222.0
PO_05363,PRD_1282,SUP_105,WH_007,2022-02-15,2022-02-26,2022-02-26,275,258.0
PO_05364,PRD_2556,SUP_173,WH_009,2022-09-16,2022-09-17,2022-09-17,95,95.0
PO_05365,PRD_1072,SUP_080,WH_036,2023-06-26,2023-06-27,,224,
PO_05366,PRD_2105,SUP_186,WH_028,2023-07-04,2023-07-13,2023-07-21,321,321.0
PO_05367,PRD_2434,SUP_188,WH_001,2022-09-25,2022-10-04,2022-10-04,302,302.0
PO_05368,PRD_4351,SUP_024,WH_050,2022-01-20,2022-01-29,2022-01-29,74,74.0
PO_05369,PRD_3227,SUP_116,WH_016,2024-05-05,2024-05-14,2024-05-14,363,363.0
PO_05370,PRD_2270,SUP_177,WH_059,2022-01-02,2022-01-03,2022-01-03,257,180.0
PO_05371,PRD_4032,SUP_106,WH_027,2022-01-16,2022-01-17,,313,
PO_05372,PRD_0560,SUP_067,WH_068,2022-06-03,2022-06-07,2022-06-07,295,295.0
PO_05373,PRD_0304,SUP_079,WH_056,2024-05-25,2024-05-30,2024-05-30,112,112.0
PO_05374,PRD_3190,SUP_027,WH_019,2023-03-02,2023-03-14,2023-03-21,208,208.0
PO_05375,PRD_2360,SUP_137,WH_046,2025-06-26,2025-06-28,2025-06-28,404,404.0
PO_05376,PRD_0625,SUP_049,WH_056,2022-11-16,2022-11-25,2022-11-25,33,33.0
PO_05377,PRD_1214,SUP_099,WH_010,2023-03-19,2023-03-25,2023-03-25,411,411.0
PO_05378,PRD_0814,SUP_185,WH_036,2025-12-06,2025-12-20,2025-12-26,310,310.0
PO_05379,PRD_0636,SUP_156,WH_030,2023-03-12,2023-03-14,2023-03-14,286,286.0
PO_05380,PRD_2560,SUP_120,WH_077,2024-06-27,2024-07-10,2024-07-14,45,45.0
PO_05381,PRD_4052,SUP_132,WH_008,2025-09-19,2025-09-23,2025-09-25,483,483.0
PO_05382,PRD_4618,SUP_191,WH_038,2023-10-12,2023-10-26,,290,
PO_05383,PRD_1417,SUP_067,WH_060,2024-12-24,2024-12-28,2024-12-31,352,352.0
PO_05384,PRD_2171,SUP_154,WH_019,2022-01-13,2022-01-25,2022-01-25,100,60.0
PO_05385,PRD_2436,SUP_175,WH_073,2024-04-12,2024-04-16,2024-04-23,118,118.0
PO_05386,PRD_2577,SUP_155,WH_057,2024-06-03,2024-06-04,2024-06-04,303,303.0
PO_05387,PRD_3451,SUP_176,WH_038,2024-05-20,2024-05-31,2024-06-01,319,299.0
PO_05388,PRD_4105,SUP_074,WH_074,2025-12-21,2026-01-04,2026-01-04,482,360.0
PO_05389,PRD_0961,SUP_142,WH_035,2025-09-14,2025-09-23,2025-09-23,49,49.0
PO_05390,PRD_2980,SUP_016,WH_055,2024-03-06,2024-03-17,2024-03-17,377,377.0
PO_05391,PRD_1788,SUP_165,WH_078,2022-08-27,2022-09-05,2022-09-05,147,147.0
PO_05392,PRD_0345,SUP_094,WH_012,2022-11-12,2022-11-26,2022-12-01,318,318.0
PO_05393,PRD_3160,SUP_022,WH_027,2023-04-23,2023-05-06,2023-05-06,457,457.0
PO_05394,PRD_4048,SUP_160,WH_046,2023-07-14,2023-07-19,2023-07-19,134,134.0
PO_05395,PRD_3910,SUP_069,WH_080,2024-01-07,2024-01-21,2024-01-21,183,183.0
PO_05396,PRD_3316,SUP_060,WH_059,2022-05-05,2022-05-15,2022-05-15,140,140.0
PO_05397,PRD_3458,SUP_116,WH_064,2025-01-06,2025-01-15,2025-01-15,75,75.0
PO_05398,PRD_2094,SUP_008,WH_074,2025-01-12,2025-01-19,2025-01-19,400,400.0
PO_05399,PRD_4182,SUP_062,WH_014,2023-09-14,2023-09-22,2023-09-22,459,459.0
PO_05400,PRD_2281,SUP_051,WH_002,2023-09-19,2023-09-26,2023-09-29,487,487.0
PO_05401,PRD_1162,SUP_199,WH_021,2022-11-12,2022-11-13,2022-11-14,116,116.0
PO_05402,PRD_2096,SUP_122,WH_046,2023-01-19,2023-01-23,2023-01-25,213,213.0
PO_05403,PRD_2325,SUP_174,WH_037,2022-08-02,2022-08-10,2022-08-10,145,90.0
PO_05404,PRD_2509,SUP_047,WH_052,2025-11-26,2025-11-30,2025-12-03,372,326.0
PO_05405,PRD_4688,SUP_192,WH_066,2022-08-18,2022-08-20,2022-08-21,470,470.0
PO_05406,PRD_0352,SUP_007,WH_007,2023-05-23,2023-05-28,2023-05-28,136,136.0
PO_05407,PRD_4593,SUP_074,WH_025,2023-10-18,2023-11-01,2023-11-01,293,255.0
PO_05408,PRD_2399,SUP_018,WH_052,2023-07-21,2023-07-27,2023-07-27,470,470.0
PO_05409,PRD_0702,SUP_066,WH_069,2023-11-10,2023-11-19,2023-11-19,240,240.0
PO_05410,PRD_2896,SUP_109,WH_027,2024-10-09,2024-10-14,2024-10-14,110,110.0
PO_05411,PRD_0272,SUP_011,WH_005,2024-12-16,2024-12-27,,322,
PO_05412,PRD_2629,SUP_022,WH_059,2025-02-19,2025-03-04,2025-03-04,302,302.0
PO_05413,PRD_2094,SUP_008,WH_012,2022-02-10,2022-02-17,2022-02-24,81,55.0
PO_05414,PRD_2933,SUP_078,WH_005,2023-06-24,2023-06-25,2023-06-25,78,78.0
PO_05415,PRD_0483,SUP_046,WH_028,2024-08-13,2024-08-22,2024-08-22,175,175.0
PO_05416,PRD_3051,SUP_103,WH_015,2023-11-10,2023-11-21,2023-11-28,192,192.0
PO_05417,PRD_2255,SUP_148,WH_005,2022-02-16,2022-02-19,2022-02-21,409,409.0
PO_05418,PRD_2444,SUP_046,WH_023,2023-10-02,2023-10-11,2023-10-11,470,428.0
PO_05419,PRD_0358,SUP_064,WH_072,2025-09-09,2025-09-15,2025-09-15,62,62.0
PO_05420,PRD_1567,SUP_100,WH_013,2023-02-15,2023-02-22,2023-02-27,193,193.0
PO_05421,PRD_0793,SUP_199,WH_047,2023-05-21,2023-05-22,2023-05-22,122,122.0
PO_05422,PRD_4708,SUP_139,WH_079,2023-09-17,2023-09-18,2023-09-18,152,152.0
PO_05423,PRD_4674,SUP_068,WH_023,2022-05-09,2022-05-10,2022-05-10,94,93.0
PO_05424,PRD_3600,SUP_037,WH_015,2025-08-14,2025-08-26,2025-08-26,139,139.0
PO_05425,PRD_1776,SUP_014,WH_049,2023-06-26,2023-07-09,2023-07-09,289,244.0
PO_05426,PRD_0707,SUP_165,WH_014,2023-11-01,2023-11-10,2023-11-10,364,364.0
PO_05427,PRD_1677,SUP_104,WH_017,2022-11-25,2022-12-03,2022-12-03,203,203.0
PO_05428,PRD_1239,SUP_143,WH_046,2025-11-15,2025-11-24,2025-12-01,270,270.0
PO_05429,PRD_0581,SUP_072,WH_037,2022-02-17,2022-02-21,2022-02-21,222,222.0
PO_05430,PRD_0993,SUP_028,WH_061,2025-03-15,2025-03-27,,76,
PO_05431,PRD_4748,SUP_157,WH_020,2023-05-08,2023-05-09,2023-05-09,29,29.0
PO_05432,PRD_2769,SUP_142,WH_010,2024-12-12,2024-12-21,2024-12-21,125,125.0
PO_05433,PRD_4469,SUP_121,WH_016,2023-03-21,2023-03-24,2023-03-24,228,149.0
PO_05434,PRD_2411,SUP_020,WH_053,2024-03-11,2024-03-13,2024-03-13,48,48.0
PO_05435,PRD_3108,SUP_033,WH_015,2023-07-17,2023-07-31,2023-08-01,212,212.0
PO_05436,PRD_0119,SUP_088,WH_023,2024-03-16,2024-03-22,2024-03-27,360,360.0
PO_05437,PRD_2109,SUP_194,WH_045,2023-05-09,2023-05-15,2023-05-20,397,397.0
PO_05438,PRD_2669,SUP_120,WH_075,2024-05-13,2024-05-26,2024-05-26,292,292.0
PO_05439,PRD_1833,SUP_121,WH_012,2024-11-24,2024-11-27,2024-12-04,386,236.0
PO_05440,PRD_0961,SUP_142,WH_026,2025-02-27,2025-03-08,2025-03-08,393,393.0
PO_05441,PRD_0611,SUP_001,WH_024,2025-09-03,2025-09-10,2025-09-10,145,145.0
PO_05442,PRD_3123,SUP_045,WH_049,2022-07-26,2022-08-09,2022-08-09,416,410.0
PO_05443,PRD_4954,SUP_092,WH_015,2024-01-05,2024-01-06,,183,
PO_05444,PRD_1650,SUP_077,WH_049,2024-09-10,2024-09-13,2024-09-13,343,305.0
PO_05445,PRD_1860,SUP_160,WH_076,2024-05-13,2024-05-18,2024-05-18,377,377.0
PO_05446,PRD_0119,SUP_088,WH_050,2025-08-20,2025-08-26,2025-08-27,451,451.0
PO_05447,PRD_2388,SUP_080,WH_054,2023-08-04,2023-08-05,2023-08-05,222,222.0
PO_05448,PRD_0077,SUP_065,WH_044,2024-09-01,2024-09-09,2024-09-09,500,500.0
PO_05449,PRD_4883,SUP_145,WH_072,2024-03-07,2024-03-14,2024-03-14,20,20.0
PO_05450,PRD_3050,SUP_004,WH_029,2022-07-04,2022-07-17,,101,
PO_05451,PRD_1640,SUP_108,WH_055,2022-05-14,2022-05-22,2022-05-22,263,235.0
PO_05452,PRD_2427,SUP_110,WH_067,2022-02-04,2022-02-08,2022-02-11,469,469.0
PO_05453,PRD_1548,SUP_138,WH_048,2023-04-15,2023-04-23,2023-04-23,409,409.0
PO_05454,PRD_2004,SUP_200,WH_055,2022-11-10,2022-11-14,2022-11-14,288,288.0
PO_05455,PRD_3630,SUP_032,WH_045,2025-10-06,2025-10-20,2025-10-21,341,336.0
PO_05456,PRD_0027,SUP_086,WH_058,2023-11-03,2023-11-05,2023-11-05,214,214.0
PO_05457,PRD_4386,SUP_049,WH_019,2023-05-03,2023-05-12,2023-05-12,489,489.0
PO_05458,PRD_4184,SUP_080,WH_031,2025-11-23,2025-11-24,2025-11-24,249,249.0
PO_05459,PRD_3078,SUP_026,WH_012,2025-10-08,2025-10-14,2025-10-20,471,471.0
PO_05460,PRD_2789,SUP_109,WH_067,2024-03-10,2024-03-15,2024-03-15,447,360.0
PO_05461,PRD_2770,SUP_012,WH_001,2023-12-06,2023-12-19,2023-12-19,278,278.0
PO_05462,PRD_4886,SUP_063,WH_008,2025-01-02,2025-01-13,2025-01-13,401,346.0
PO_05463,PRD_2050,SUP_028,WH_068,2023-10-03,2023-10-15,2023-10-15,303,303.0
PO_05464,PRD_2035,SUP_194,WH_050,2022-11-17,2022-11-23,2022-11-23,94,94.0
PO_05465,PRD_0802,SUP_094,WH_028,2023-08-16,2023-08-30,2023-08-30,108,108.0
PO_05466,PRD_1463,SUP_085,WH_067,2024-11-07,2024-11-09,2024-11-09,310,310.0
PO_05467,PRD_4730,SUP_121,WH_059,2022-09-21,2022-09-24,2022-09-24,384,384.0
PO_05468,PRD_0967,SUP_076,WH_011,2022-06-10,2022-06-12,2022-06-14,404,404.0
PO_05469,PRD_2938,SUP_145,WH_078,2023-06-22,2023-06-29,2023-06-29,307,307.0
PO_05470,PRD_1863,SUP_101,WH_073,2024-07-11,2024-07-15,2024-07-15,130,130.0
PO_05471,PRD_1395,SUP_040,WH_066,2025-03-07,2025-03-21,2025-03-21,430,430.0
PO_05472,PRD_4364,SUP_031,WH_066,2023-02-11,2023-02-15,2023-02-16,469,469.0
PO_05473,PRD_3414,SUP_060,WH_048,2022-02-15,2022-02-25,2022-02-25,207,207.0
PO_05474,PRD_3129,SUP_113,WH_002,2023-12-27,2024-01-02,2024-01-02,188,158.0
PO_05475,PRD_3807,SUP_105,WH_037,2022-12-18,2022-12-29,2022-12-29,285,285.0
PO_05476,PRD_0153,SUP_053,WH_050,2025-10-02,2025-10-10,2025-10-10,382,319.0
PO_05477,PRD_1964,SUP_180,WH_044,2025-09-25,2025-10-01,2025-10-01,74,74.0
PO_05478,PRD_1299,SUP_185,WH_080,2022-10-11,2022-10-25,2022-10-25,456,456.0
PO_05479,PRD_2197,SUP_145,WH_037,2022-02-23,2022-03-02,2022-03-02,416,416.0
PO_05480,PRD_2664,SUP_071,WH_006,2022-01-10,2022-01-20,2022-01-20,367,367.0
PO_05481,PRD_1764,SUP_047,WH_076,2022-11-26,2022-11-30,2022-11-30,138,138.0
PO_05482,PRD_3190,SUP_027,WH_004,2023-04-04,2023-04-16,2023-04-16,252,170.0
PO_05483,PRD_3460,SUP_030,WH_026,2025-01-19,2025-01-31,2025-01-31,323,268.0
PO_05484,PRD_0899,SUP_078,WH_077,2022-01-19,2022-01-20,2022-01-26,295,295.0
PO_05485,PRD_4115,SUP_117,WH_061,2024-06-19,2024-07-01,2024-07-01,139,139.0
PO_05486,PRD_2949,SUP_041,WH_054,2025-03-19,2025-03-20,2025-03-20,337,337.0
PO_05487,PRD_0122,SUP_163,WH_025,2025-06-17,2025-06-24,2025-06-24,340,340.0
PO_05488,PRD_4445,SUP_130,WH_053,2024-11-05,2024-11-09,2024-11-09,77,77.0
PO_05489,PRD_2954,SUP_098,WH_075,2024-01-15,2024-01-25,,357,
PO_05490,PRD_1499,SUP_070,WH_061,2024-09-01,2024-09-02,,38,
PO_05491,PRD_4895,SUP_043,WH_077,2025-02-10,2025-02-19,2025-02-19,351,351.0
PO_05492,PRD_0934,SUP_108,WH_023,2025-07-13,2025-07-21,2025-07-21,85,85.0
PO_05493,PRD_2640,SUP_152,WH_037,2025-03-26,2025-04-04,2025-04-04,76,76.0
PO_05494,PRD_1065,SUP_177,WH_059,2025-12-23,2025-12-24,,281,
PO_05495,PRD_4059,SUP_139,WH_016,2024-07-02,2024-07-03,,356,
PO_05496,PRD_4637,SUP_182,WH_045,2023-06-23,2023-06-27,,373,
PO_05497,PRD_4951,SUP_045,WH_011,2023-09-11,2023-09-25,2023-09-25,97,62.0
PO_05498,PRD_4812,SUP_044,WH_034,2024-01-20,2024-01-31,2024-02-03,405,405.0
PO_05499,PRD_3271,SUP_177,WH_039,2022-05-01,2022-05-02,2022-05-02,285,285.0
PO_05500,PRD_1318,SUP_197,WH_075,2024-02-19,2024-02-28,2024-02-29,344,344.0
PO_05501,PRD_2322,SUP_018,WH_040,2023-04-24,2023-04-30,2023-05-03,131,131.0
PO_05502,PRD_2096,SUP_122,WH_058,2025-10-04,2025-10-08,2025-10-08,254,187.0
PO_05503,PRD_1449,SUP_152,WH_026,2023-08-17,2023-08-26,2023-08-30,287,287.0
PO_05504,PRD_3089,SUP_004,WH_015,2022-08-22,2022-09-04,2022-09-04,477,347.0
PO_05505,PRD_4195,SUP_106,WH_070,2022-12-19,2022-12-20,2022-12-21,364,364.0
PO_05506,PRD_2118,SUP_172,WH_034,2025-04-13,2025-04-21,2025-04-21,365,359.0
PO_05507,PRD_3623,SUP_151,WH_016,2024-02-13,2024-02-23,,483,
PO_05508,PRD_4154,SUP_119,WH_004,2022-04-20,2022-04-26,2022-04-26,380,380.0
PO_05509,PRD_0750,SUP_032,WH_023,2023-12-06,2023-12-20,2023-12-20,369,369.0
PO_05510,PRD_4980,SUP_021,WH_073,2023-06-13,2023-06-23,2023-06-23,137,137.0
PO_05511,PRD_3911,SUP_105,WH_040,2025-01-27,2025-02-07,2025-02-07,310,310.0
PO_05512,PRD_2526,SUP_173,WH_057,2025-01-21,2025-01-22,2025-01-22,229,229.0
PO_05513,PRD_1878,SUP_072,WH_051,2023-04-19,2023-04-23,,436,
PO_05514,PRD_2801,SUP_026,WH_016,2024-05-25,2024-05-31,,358,
PO_05515,PRD_4127,SUP_139,WH_028,2022-01-01,2022-01-02,2022-01-02,119,119.0
PO_05516,PRD_2483,SUP_070,WH_059,2022-08-26,2022-08-27,2022-09-03,66,51.0
PO_05517,PRD_3713,SUP_011,WH_016,2024-07-26,2024-08-06,2024-08-06,33,22.0
PO_05518,PRD_0186,SUP_109,WH_049,2023-02-02,2023-02-07,2023-02-07,388,388.0
PO_05519,PRD_1125,SUP_103,WH_001,2025-11-06,2025-11-17,,423,
PO_05520,PRD_1795,SUP_022,WH_048,2025-03-01,2025-03-14,2025-03-14,255,255.0
PO_05521,PRD_3642,SUP_129,WH_080,2024-09-20,2024-09-23,2024-09-23,355,289.0
PO_05522,PRD_3544,SUP_037,WH_024,2022-03-15,2022-03-27,,35,
PO_05523,PRD_2163,SUP_028,WH_048,2024-09-14,2024-09-26,2024-09-27,404,278.0
PO_05524,PRD_2967,SUP_079,WH_065,2022-05-08,2022-05-13,2022-05-13,276,227.0
PO_05525,PRD_2976,SUP_016,WH_077,2025-11-18,2025-11-29,2025-12-05,212,212.0
PO_05526,PRD_4202,SUP_049,WH_067,2024-08-10,2024-08-19,2024-08-19,229,229.0
PO_05527,PRD_2934,SUP_151,WH_021,2022-10-22,2022-11-01,2022-11-01,454,454.0
PO_05528,PRD_3596,SUP_177,WH_062,2022-09-09,2022-09-10,2022-09-10,123,123.0
PO_05529,PRD_4795,SUP_077,WH_071,2022-07-21,2022-07-24,2022-07-24,205,205.0
PO_05530,PRD_2619,SUP_146,WH_041,2024-02-19,2024-03-04,2024-03-04,264,181.0
PO_05531,PRD_0312,SUP_020,WH_042,2022-11-01,2022-11-03,2022-11-03,202,202.0
PO_05532,PRD_3705,SUP_043,WH_023,2022-03-08,2022-03-17,2022-03-17,348,348.0
PO_05533,PRD_4734,SUP_105,WH_015,2022-06-08,2022-06-19,2022-06-20,150,150.0
PO_05534,PRD_4614,SUP_192,WH_052,2022-02-11,2022-02-13,2022-02-13,113,113.0
PO_05535,PRD_2999,SUP_153,WH_031,2022-11-02,2022-11-06,2022-11-06,107,107.0
PO_05536,PRD_3510,SUP_111,WH_028,2025-03-13,2025-03-15,2025-03-17,108,108.0
PO_05537,PRD_0609,SUP_001,WH_057,2025-08-20,2025-08-27,2025-08-28,326,326.0
PO_05538,PRD_2899,SUP_137,WH_046,2025-02-25,2025-02-27,2025-02-27,33,33.0
PO_05539,PRD_3524,SUP_011,WH_025,2023-08-10,2023-08-21,2023-08-29,141,141.0
PO_05540,PRD_0979,SUP_104,WH_051,2024-06-04,2024-06-12,2024-06-12,246,238.0
PO_05541,PRD_2851,SUP_149,WH_055,2024-11-10,2024-11-17,2024-11-17,353,353.0
PO_05542,PRD_2212,SUP_145,WH_072,2022-02-13,2022-02-20,,325,
PO_05543,PRD_3084,SUP_045,WH_027,2025-03-23,2025-04-06,2025-04-06,414,414.0
PO_05544,PRD_0418,SUP_033,WH_031,2023-08-03,2023-08-17,2023-08-17,468,468.0
PO_05545,PRD_3221,SUP_177,WH_032,2023-06-08,2023-06-09,2023-06-09,493,493.0
PO_05546,PRD_0442,SUP_159,WH_017,2024-03-13,2024-03-25,,44,
PO_05547,PRD_3162,SUP_193,WH_066,2023-01-14,2023-01-16,2023-01-16,342,272.0
PO_05548,PRD_3739,SUP_121,WH_043,2024-06-15,2024-06-18,2024-06-18,330,330.0
PO_05549,PRD_0163,SUP_184,WH_043,2025-11-02,2025-11-05,2025-11-05,64,64.0
PO_05550,PRD_4354,SUP_184,WH_071,2025-06-15,2025-06-18,2025-06-18,23,23.0
PO_05551,PRD_1495,SUP_192,WH_024,2025-01-12,2025-01-14,2025-01-14,53,53.0
PO_05552,PRD_3198,SUP_177,WH_016,2022-12-09,2022-12-10,,369,
PO_05553,PRD_3655,SUP_083,WH_021,2022-08-10,2022-08-21,2022-08-21,325,325.0
PO_05554,PRD_0475,SUP_091,WH_002,2022-01-02,2022-01-03,,243,
PO_05555,PRD_2015,SUP_066,WH_038,2024-03-08,2024-03-17,2024-03-20,61,61.0
PO_05556,PRD_4595,SUP_105,WH_072,2025-04-04,2025-04-15,2025-04-19,460,460.0
PO_05557,PRD_0230,SUP_012,WH_031,2022-11-24,2022-12-07,2022-12-07,391,391.0
PO_05558,PRD_4825,SUP_063,WH_076,2024-02-24,2024-03-06,2024-03-06,459,459.0
PO_05559,PRD_4635,SUP_074,WH_057,2022-07-08,2022-07-22,,314,
PO_05560,PRD_2114,SUP_008,WH_044,2024-12-03,2024-12-10,2024-12-15,375,375.0
PO_05561,PRD_0167,SUP_164,WH_078,2023-01-10,2023-01-19,2023-01-19,22,22.0
PO_05562,PRD_2113,SUP_149,WH_007,2024-06-03,2024-06-10,2024-06-10,56,56.0
PO_05563,PRD_0589,SUP_001,WH_023,2025-02-20,2025-02-27,2025-02-27,423,423.0
PO_05564,PRD_2359,SUP_152,WH_054,2024-03-27,2024-04-05,2024-04-11,171,171.0
PO_05565,PRD_2692,SUP_093,WH_043,2022-09-19,2022-09-22,,391,
PO_05566,PRD_1495,SUP_192,WH_034,2023-10-12,2023-10-14,2023-10-14,179,179.0
PO_05567,PRD_3599,SUP_070,WH_072,2023-07-16,2023-07-17,,120,
PO_05568,PRD_1512,SUP_140,WH_007,2025-02-05,2025-02-16,2025-02-22,289,289.0
PO_05569,PRD_0939,SUP_045,WH_030,2022-08-18,2022-09-01,2022-09-01,336,336.0
PO_05570,PRD_1871,SUP_119,WH_077,2023-01-27,2023-02-02,2023-02-02,401,293.0
PO_05571,PRD_3553,SUP_120,WH_080,2022-01-25,2022-02-07,2022-02-07,363,363.0
PO_05572,PRD_1011,SUP_086,WH_046,2025-04-23,2025-04-25,2025-04-25,301,227.0
PO_05573,PRD_1681,SUP_193,WH_034,2025-06-16,2025-06-18,2025-06-18,93,93.0
PO_05574,PRD_4510,SUP_170,WH_073,2024-09-27,2024-10-05,2024-10-05,213,213.0
PO_05575,PRD_3935,SUP_090,WH_010,2023-08-09,2023-08-14,2023-08-14,352,352.0
PO_05576,PRD_4000,SUP_093,WH_050,2025-08-27,2025-08-30,2025-08-30,65,65.0
PO_05577,PRD_4594,SUP_087,WH_008,2024-10-21,2024-11-02,,316,
PO_05578,PRD_3147,SUP_174,WH_002,2023-12-16,2023-12-24,2023-12-24,276,276.0
PO_05579,PRD_0491,SUP_198,WH_054,2022-10-22,2022-10-26,2022-10-26,34,34.0
PO_05580,PRD_0722,SUP_174,WH_070,2025-06-23,2025-07-01,2025-07-01,434,434.0
PO_05581,PRD_2257,SUP_020,WH_003,2022-01-03,2022-01-05,2022-01-05,213,213.0
PO_05582,PRD_2408,SUP_063,WH_036,2024-05-26,2024-06-06,2024-06-14,306,306.0
PO_05583,PRD_2240,SUP_011,WH_026,2025-12-21,2026-01-01,2026-01-01,203,203.0
PO_05584,PRD_1572,SUP_008,WH_042,2024-12-26,2025-01-02,2025-01-02,480,480.0
PO_05585,PRD_1200,SUP_127,WH_038,2022-04-19,2022-04-29,2022-04-29,144,144.0
PO_05586,PRD_2936,SUP_156,WH_021,2023-08-27,2023-08-29,2023-09-06,347,347.0
PO_05587,PRD_0658,SUP_010,WH_009,2024-08-22,2024-09-04,2024-09-04,187,187.0
PO_05588,PRD_2405,SUP_063,WH_071,2022-09-17,2022-09-28,2022-09-28,20,15.0
PO_05589,PRD_3399,SUP_105,WH_071,2022-09-09,2022-09-20,2022-09-20,238,238.0
PO_05590,PRD_3152,SUP_058,WH_048,2024-02-20,2024-02-21,,114,
PO_05591,PRD_4420,SUP_147,WH_029,2025-04-10,2025-04-20,2025-04-20,104,104.0
PO_05592,PRD_3865,SUP_105,WH_031,2025-05-24,2025-06-04,2025-06-04,68,68.0
PO_05593,PRD_3359,SUP_121,WH_065,2022-03-17,2022-03-20,2022-03-20,116,116.0
PO_05594,PRD_3353,SUP_151,WH_079,2025-03-27,2025-04-06,2025-04-06,200,200.0
PO_05595,PRD_4184,SUP_080,WH_036,2025-04-07,2025-04-08,2025-04-08,309,309.0
PO_05596,PRD_1764,SUP_047,WH_011,2023-10-01,2023-10-05,2023-10-05,23,23.0
PO_05597,PRD_4832,SUP_096,WH_055,2023-10-20,2023-10-25,2023-10-25,394,334.0
PO_05598,PRD_2000,SUP_030,WH_077,2023-08-18,2023-08-30,2023-08-30,164,164.0
PO_05599,PRD_4980,SUP_021,WH_033,2022-07-20,2022-07-30,2022-07-30,43,41.0
PO_05600,PRD_4531,SUP_117,WH_040,2022-02-11,2022-02-23,2022-02-23,54,54.0
PO_05601,PRD_4115,SUP_117,WH_034,2024-06-11,2024-06-23,2024-06-23,373,373.0
PO_05602,PRD_0508,SUP_066,WH_022,2025-04-26,2025-05-05,2025-05-05,330,330.0
PO_05603,PRD_3935,SUP_090,WH_061,2022-07-07,2022-07-12,2022-07-14,237,237.0
PO_05604,PRD_2537,SUP_196,WH_050,2024-06-12,2024-06-25,2024-06-25,347,347.0
PO_05605,PRD_0260,SUP_118,WH_020,2023-08-09,2023-08-20,2023-08-20,88,61.0
PO_05606,PRD_0615,SUP_030,WH_010,2024-11-05,2024-11-17,2024-11-17,105,105.0
PO_05607,PRD_0552,SUP_068,WH_005,2022-09-04,2022-09-05,2022-09-05,461,461.0
PO_05608,PRD_4480,SUP_149,WH_077,2022-08-09,2022-08-16,,98,
PO_05609,PRD_4422,SUP_071,WH_013,2022-03-12,2022-03-22,,416,
PO_05610,PRD_1795,SUP_022,WH_061,2025-09-12,2025-09-25,2025-09-25,258,218.0
PO_05611,PRD_0361,SUP_059,WH_037,2023-11-26,2023-11-29,2023-11-29,386,386.0
PO_05612,PRD_2193,SUP_170,WH_036,2025-08-02,2025-08-10,2025-08-10,291,291.0
PO_05613,PRD_2589,SUP_167,WH_030,2025-01-26,2025-01-29,2025-01-29,222,222.0
PO_05614,PRD_1099,SUP_170,WH_045,2024-04-02,2024-04-10,2024-04-10,167,117.0
PO_05615,PRD_0527,SUP_067,WH_073,2023-11-04,2023-11-08,2023-11-08,275,275.0
PO_05616,PRD_0709,SUP_068,WH_001,2024-12-18,2024-12-19,2024-12-19,210,210.0
PO_05617,PRD_1081,SUP_148,WH_052,2025-07-19,2025-07-22,2025-07-22,442,442.0
PO_05618,PRD_1088,SUP_189,WH_010,2023-04-11,2023-04-24,2023-04-24,138,138.0
PO_05619,PRD_2458,SUP_157,WH_056,2023-12-06,2023-12-07,2023-12-12,470,470.0
PO_05620,PRD_0090,SUP_054,WH_001,2025-11-25,2025-12-06,2025-12-14,274,274.0
PO_05621,PRD_4442,SUP_190,WH_067,2025-09-03,2025-09-05,2025-09-05,195,195.0
PO_05622,PRD_3452,SUP_060,WH_039,2023-02-08,2023-02-18,2023-02-18,349,296.0
PO_05623,PRD_1966,SUP_145,WH_059,2024-08-27,2024-09-03,2024-09-03,465,464.0
PO_05624,PRD_1465,SUP_013,WH_065,2023-02-16,2023-02-20,2023-02-20,494,494.0
PO_05625,PRD_3520,SUP_139,WH_075,2022-07-15,2022-07-16,2022-07-16,129,129.0
PO_05626,PRD_0641,SUP_066,WH_036,2024-02-16,2024-02-25,,415,
PO_05627,PRD_4618,SUP_191,WH_030,2023-11-15,2023-11-29,2023-11-29,213,213.0
PO_05628,PRD_0589,SUP_001,WH_006,2022-11-13,2022-11-20,2022-11-20,204,204.0
PO_05629,PRD_1173,SUP_114,WH_060,2023-09-24,2023-10-05,2023-10-05,221,221.0
PO_05630,PRD_0591,SUP_010,WH_076,2025-05-06,2025-05-19,,252,
PO_05631,PRD_4977,SUP_063,WH_006,2023-06-22,2023-07-03,2023-07-03,190,190.0
PO_05632,PRD_3698,SUP_024,WH_032,2024-06-26,2024-07-05,2024-07-06,484,315.0
PO_05633,PRD_1393,SUP_067,WH_041,2025-02-21,2025-02-25,2025-02-25,396,396.0
PO_05634,PRD_3725,SUP_090,WH_041,2023-09-14,2023-09-19,2023-09-19,337,337.0
PO_05635,PRD_1708,SUP_002,WH_043,2023-10-27,2023-10-28,,340,
PO_05636,PRD_4455,SUP_115,WH_041,2023-02-02,2023-02-03,2023-02-04,232,232.0
PO_05637,PRD_0558,SUP_066,WH_038,2024-11-02,2024-11-11,2024-11-11,450,386.0
PO_05638,PRD_0164,SUP_028,WH_064,2023-05-23,2023-06-04,,55,
PO_05639,PRD_2170,SUP_020,WH_056,2023-06-22,2023-06-24,2023-06-24,284,284.0
PO_05640,PRD_1863,SUP_101,WH_076,2022-03-25,2022-03-29,2022-03-29,350,350.0
PO_05641,PRD_4275,SUP_024,WH_069,2023-09-13,2023-09-22,2023-09-22,80,77.0
PO_05642,PRD_4136,SUP_179,WH_019,2023-02-07,2023-02-11,2023-02-14,331,331.0
PO_05643,PRD_0385,SUP_175,WH_057,2024-07-23,2024-07-27,2024-07-27,117,117.0
PO_05644,PRD_0264,SUP_039,WH_042,2025-11-16,2025-11-23,2025-11-23,461,461.0
PO_05645,PRD_2978,SUP_088,WH_041,2025-08-14,2025-08-20,2025-08-20,344,344.0
PO_05646,PRD_3795,SUP_193,WH_006,2024-07-10,2024-07-12,2024-07-12,295,295.0
PO_05647,PRD_3589,SUP_059,WH_060,2023-05-06,2023-05-09,2023-05-09,57,57.0
PO_05648,PRD_3330,SUP_058,WH_062,2023-09-03,2023-09-04,2023-09-04,184,126.0
PO_05649,PRD_3058,SUP_048,WH_035,2022-10-05,2022-10-18,2022-10-18,146,146.0
PO_05650,PRD_3981,SUP_112,WH_001,2022-11-23,2022-11-29,2022-12-07,189,189.0
PO_05651,PRD_1759,SUP_013,WH_064,2023-10-16,2023-10-20,2023-10-20,402,402.0
PO_05652,PRD_0234,SUP_155,WH_047,2023-03-14,2023-03-15,2023-03-15,413,413.0
PO_05653,PRD_0950,SUP_146,WH_052,2025-11-17,2025-12-01,2025-12-01,384,384.0
PO_05654,PRD_3571,SUP_154,WH_024,2022-05-15,2022-05-27,2022-05-27,35,35.0
PO_05655,PRD_3163,SUP_162,WH_067,2023-01-27,2023-02-07,2023-02-07,66,66.0
PO_05656,PRD_3913,SUP_042,WH_030,2023-08-09,2023-08-10,2023-08-10,380,380.0
PO_05657,PRD_0482,SUP_171,WH_034,2024-11-09,2024-11-15,2024-11-18,201,201.0
PO_05658,PRD_2386,SUP_089,WH_038,2024-12-23,2024-12-30,2024-12-30,183,181.0
PO_05659,PRD_3304,SUP_140,WH_065,2024-03-13,2024-03-24,2024-03-24,323,323.0
PO_05660,PRD_4149,SUP_156,WH_078,2025-10-26,2025-10-28,2025-10-28,45,45.0
PO_05661,PRD_1193,SUP_061,WH_010,2024-03-18,2024-03-30,,456,
PO_05662,PRD_0632,SUP_068,WH_030,2024-01-17,2024-01-18,2024-01-24,174,139.0
PO_05663,PRD_2277,SUP_051,WH_039,2025-01-26,2025-02-02,2025-02-07,370,370.0
PO_05664,PRD_2666,SUP_067,WH_027,2024-06-05,2024-06-09,2024-06-09,142,142.0
PO_05665,PRD_2838,SUP_024,WH_054,2023-06-19,2023-06-28,2023-06-28,209,209.0
PO_05666,PRD_0116,SUP_065,WH_037,2022-07-26,2022-08-03,2022-08-03,452,451.0
PO_05667,PRD_0204,SUP_200,WH_040,2023-01-14,2023-01-18,2023-01-18,262,262.0
PO_05668,PRD_2386,SUP_089,WH_013,2023-02-21,2023-02-28,2023-02-28,26,26.0
PO_05669,PRD_3480,SUP_016,WH_050,2025-09-17,2025-09-28,2025-09-28,346,346.0
PO_05670,PRD_0781,SUP_170,WH_063,2023-08-19,2023-08-27,,411,
PO_05671,PRD_0451,SUP_095,WH_007,2024-12-01,2024-12-03,2024-12-10,103,103.0
PO_05672,PRD_4803,SUP_157,WH_003,2024-03-02,2024-03-03,2024-03-03,88,88.0
PO_05673,PRD_3611,SUP_190,WH_035,2023-06-23,2023-06-25,2023-06-25,31,30.0
PO_05674,PRD_0321,SUP_052,WH_055,2024-06-22,2024-06-28,2024-06-28,259,259.0
PO_05675,PRD_0176,SUP_053,WH_048,2025-12-05,2025-12-13,2025-12-13,303,303.0
PO_05676,PRD_0215,SUP_053,WH_069,2022-11-11,2022-11-19,2022-11-19,490,490.0
PO_05677,PRD_0053,SUP_024,WH_017,2023-11-27,2023-12-06,2023-12-06,298,298.0
PO_05678,PRD_0793,SUP_199,WH_064,2024-01-21,2024-01-22,2024-01-25,109,109.0
PO_05679,PRD_4113,SUP_197,WH_002,2025-01-21,2025-01-30,2025-01-30,313,305.0
PO_05680,PRD_1232,SUP_161,WH_008,2025-10-11,2025-10-16,2025-10-16,271,271.0
PO_05681,PRD_4600,SUP_139,WH_057,2025-09-12,2025-09-13,2025-09-13,455,289.0
PO_05682,PRD_3107,SUP_054,WH_077,2025-11-23,2025-12-04,2025-12-04,20,20.0
PO_05683,PRD_3208,SUP_019,WH_057,2022-09-06,2022-09-18,,477,
PO_05684,PRD_1849,SUP_145,WH_036,2025-06-14,2025-06-21,2025-06-21,426,426.0
PO_05685,PRD_4277,SUP_099,WH_056,2024-08-21,2024-08-27,2024-08-27,434,362.0
PO_05686,PRD_2661,SUP_105,WH_005,2023-03-11,2023-03-22,2023-03-28,404,404.0
PO_05687,PRD_4551,SUP_018,WH_042,2022-09-18,2022-09-24,2022-09-24,117,117.0
PO_05688,PRD_2386,SUP_089,WH_050,2023-01-17,2023-01-24,2023-01-24,117,117.0
PO_05689,PRD_4067,SUP_125,WH_075,2022-12-12,2022-12-16,2022-12-21,270,262.0
PO_05690,PRD_3614,SUP_113,WH_009,2025-10-07,2025-10-13,2025-10-13,63,63.0
PO_05691,PRD_2623,SUP_004,WH_019,2023-04-09,2023-04-22,2023-04-22,222,222.0
PO_05692,PRD_4205,SUP_053,WH_054,2025-11-20,2025-11-28,2025-11-28,204,204.0
PO_05693,PRD_3526,SUP_019,WH_065,2025-02-15,2025-02-27,2025-02-27,133,133.0
PO_05694,PRD_3888,SUP_121,WH_018,2022-06-22,2022-06-25,2022-06-25,490,490.0
PO_05695,PRD_3581,SUP_146,WH_033,2022-12-07,2022-12-21,2022-12-21,178,178.0
PO_05696,PRD_2127,SUP_043,WH_060,2022-12-03,2022-12-12,2022-12-13,332,332.0
PO_05697,PRD_2672,SUP_091,WH_071,2024-07-04,2024-07-05,2024-07-13,385,385.0
PO_05698,PRD_3343,SUP_030,WH_027,2023-08-12,2023-08-24,,175,
PO_05699,PRD_2078,SUP_056,WH_071,2024-03-05,2024-03-19,2024-03-19,22,22.0
PO_05700,PRD_0291,SUP_121,WH_039,2022-06-06,2022-06-09,2022-06-09,242,242.0
PO_05701,PRD_3146,SUP_048,WH_019,2025-01-05,2025-01-18,2025-01-18,168,168.0
PO_05702,PRD_3203,SUP_109,WH_073,2023-09-10,2023-09-15,2023-09-21,39,39.0
PO_05703,PRD_4935,SUP_111,WH_031,2025-11-27,2025-11-29,2025-12-06,477,477.0
PO_05704,PRD_0658,SUP_010,WH_069,2024-12-16,2024-12-29,2024-12-29,393,393.0
PO_05705,PRD_2312,SUP_184,WH_001,2023-03-22,2023-03-25,2023-03-25,196,196.0
PO_05706,PRD_0757,SUP_094,WH_004,2022-06-06,2022-06-20,2022-06-20,368,271.0
PO_05707,PRD_0534,SUP_165,WH_074,2023-05-20,2023-05-29,,41,
PO_05708,PRD_2848,SUP_004,WH_065,2024-01-14,2024-01-27,,22,
PO_05709,PRD_0558,SUP_066,WH_049,2023-11-05,2023-11-14,2023-11-19,267,267.0
PO_05710,PRD_1217,SUP_007,WH_074,2022-01-11,2022-01-16,2022-01-16,121,121.0
PO_05711,PRD_1581,SUP_196,WH_055,2024-03-15,2024-03-28,2024-03-28,421,421.0
PO_05712,PRD_2449,SUP_069,WH_046,2025-03-27,2025-04-10,2025-04-16,172,162.0
PO_05713,PRD_0588,SUP_138,WH_072,2022-08-23,2022-08-31,2022-08-31,397,397.0
PO_05714,PRD_0467,SUP_142,WH_030,2024-11-03,2024-11-12,2024-11-12,96,96.0
PO_05715,PRD_1662,SUP_091,WH_050,2024-04-24,2024-04-25,2024-04-25,116,75.0
PO_05716,PRD_0538,SUP_028,WH_037,2022-02-21,2022-03-05,,179,
PO_05717,PRD_1361,SUP_016,WH_050,2023-12-25,2024-01-05,,492,
PO_05718,PRD_0799,SUP_111,WH_068,2022-11-16,2022-11-18,2022-11-18,234,234.0
PO_05719,PRD_1069,SUP_055,WH_040,2024-11-16,2024-11-25,2024-11-26,321,321.0
PO_05720,PRD_1311,SUP_192,WH_009,2024-08-16,2024-08-18,2024-08-21,84,84.0
PO_05721,PRD_1968,SUP_200,WH_028,2023-05-26,2023-05-30,2023-05-30,458,458.0
PO_05722,PRD_0370,SUP_140,WH_050,2022-03-24,2022-04-04,2022-04-10,361,361.0
PO_05723,PRD_1309,SUP_120,WH_065,2022-07-09,2022-07-22,2022-07-22,180,180.0
PO_05724,PRD_2939,SUP_134,WH_060,2024-02-17,2024-02-18,2024-02-18,144,144.0
PO_05725,PRD_3782,SUP_167,WH_048,2022-03-17,2022-03-20,2022-03-20,413,413.0
PO_05726,PRD_2432,SUP_110,WH_014,2025-02-07,2025-02-11,2025-02-14,491,491.0
PO_05727,PRD_2524,SUP_158,WH_048,2024-12-07,2024-12-21,2024-12-25,445,445.0
PO_05728,PRD_2765,SUP_076,WH_078,2024-01-14,2024-01-16,2024-01-16,183,183.0
PO_05729,PRD_1582,SUP_098,WH_064,2025-11-12,2025-11-22,2025-11-22,50,50.0
PO_05730,PRD_0653,SUP_028,WH_025,2022-10-04,2022-10-16,2022-10-16,72,72.0
PO_05731,PRD_4860,SUP_047,WH_066,2022-07-25,2022-07-29,2022-07-29,220,220.0
PO_05732,PRD_2617,SUP_071,WH_047,2023-08-18,2023-08-28,2023-09-01,280,280.0
PO_05733,PRD_3068,SUP_197,WH_042,2022-06-05,2022-06-14,2022-06-14,112,112.0
PO_05734,PRD_2095,SUP_120,WH_017,2023-12-10,2023-12-23,2023-12-24,426,426.0
PO_05735,PRD_0583,SUP_174,WH_034,2022-03-04,2022-03-12,2022-03-20,449,449.0
PO_05736,PRD_3212,SUP_177,WH_026,2025-12-22,2025-12-23,2025-12-27,399,399.0
PO_05737,PRD_4325,SUP_126,WH_056,2024-03-24,2024-03-27,2024-03-27,85,85.0
PO_05738,PRD_1555,SUP_002,WH_028,2023-01-16,2023-01-17,,449,
PO_05739,PRD_0089,SUP_109,WH_045,2025-06-27,2025-07-02,2025-07-02,81,81.0
PO_05740,PRD_1862,SUP_182,WH_014,2023-06-14,2023-06-18,2023-06-22,340,340.0
PO_05741,PRD_2000,SUP_030,WH_064,2022-02-08,2022-02-20,2022-02-21,91,91.0
PO_05742,PRD_3445,SUP_177,WH_061,2022-11-12,2022-11-13,,224,
PO_05743,PRD_0444,SUP_010,WH_066,2023-03-23,2023-04-05,2023-04-08,41,41.0
PO_05744,PRD_1731,SUP_022,WH_048,2025-08-13,2025-08-26,2025-08-26,361,248.0
PO_05745,PRD_1244,SUP_113,WH_010,2025-08-05,2025-08-11,2025-08-11,460,412.0
PO_05746,PRD_4232,SUP_160,WH_075,2023-11-14,2023-11-19,2023-11-24,304,304.0
PO_05747,PRD_1770,SUP_108,WH_007,2023-04-23,2023-05-01,,369,
PO_05748,PRD_4157,SUP_014,WH_062,2023-07-21,2023-08-03,2023-08-03,124,124.0
PO_05749,PRD_1794,SUP_145,WH_027,2022-12-07,2022-12-14,2022-12-22,236,236.0
PO_05750,PRD_0518,SUP_134,WH_025,2022-08-13,2022-08-14,,83,
PO_05751,PRD_4230,SUP_014,WH_078,2024-03-13,2024-03-26,,29,
PO_05752,PRD_0676,SUP_187,WH_078,2025-06-25,2025-06-28,2025-06-28,474,474.0
PO_05753,PRD_3464,SUP_009,WH_003,2022-05-08,2022-05-15,2022-05-21,75,75.0
PO_05754,PRD_4180,SUP_103,WH_020,2023-09-20,2023-10-01,2023-10-01,32,32.0
PO_05755,PRD_4149,SUP_156,WH_016,2025-03-24,2025-03-26,2025-03-26,177,177.0
PO_05756,PRD_1671,SUP_100,WH_041,2022-04-18,2022-04-25,2022-04-25,73,73.0
PO_05757,PRD_4255,SUP_115,WH_054,2022-02-25,2022-02-26,2022-03-02,200,200.0
PO_05758,PRD_3025,SUP_027,WH_065,2024-08-02,2024-08-14,,426,
PO_05759,PRD_4597,SUP_010,WH_002,2023-07-17,2023-07-30,2023-07-30,445,445.0
PO_05760,PRD_3703,SUP_153,WH_063,2024-08-01,2024-08-05,2024-08-05,236,236.0
PO_05761,PRD_3569,SUP_155,WH_065,2023-10-07,2023-10-08,2023-10-13,344,344.0
PO_05762,PRD_4055,SUP_080,WH_073,2023-12-27,2023-12-28,2024-01-02,440,440.0
PO_05763,PRD_3431,SUP_019,WH_034,2022-11-10,2022-11-22,2022-11-22,191,191.0
PO_05764,PRD_2822,SUP_124,WH_074,2023-09-12,2023-09-23,2023-09-23,368,368.0
PO_05765,PRD_3126,SUP_123,WH_035,2024-03-19,2024-03-31,2024-03-31,48,29.0
PO_05766,PRD_4783,SUP_008,WH_024,2023-05-16,2023-05-23,2023-05-23,262,262.0
PO_05767,PRD_1190,SUP_012,WH_074,2023-12-20,2024-01-02,2024-01-03,460,460.0
PO_05768,PRD_3053,SUP_126,WH_033,2022-07-02,2022-07-05,2022-07-05,175,175.0
PO_05769,PRD_1253,SUP_055,WH_034,2023-05-19,2023-05-28,2023-05-28,225,225.0
PO_05770,PRD_0743,SUP_148,WH_039,2022-08-05,2022-08-08,2022-08-08,360,360.0
PO_05771,PRD_4507,SUP_004,WH_027,2023-11-08,2023-11-21,2023-11-21,103,103.0
PO_05772,PRD_4971,SUP_012,WH_014,2025-03-23,2025-04-05,2025-04-05,52,52.0
PO_05773,PRD_2926,SUP_114,WH_066,2023-03-14,2023-03-25,2023-03-25,146,146.0
PO_05774,PRD_0874,SUP_184,WH_035,2022-10-04,2022-10-07,2022-10-13,383,383.0
PO_05775,PRD_2222,SUP_097,WH_069,2024-10-04,2024-10-16,2024-10-16,382,382.0
PO_05776,PRD_2271,SUP_152,WH_042,2023-07-23,2023-08-01,,152,
PO_05777,PRD_1980,SUP_095,WH_054,2022-07-04,2022-07-06,2022-07-06,435,435.0
PO_05778,PRD_1543,SUP_057,WH_023,2024-11-17,2024-11-22,2024-11-22,359,359.0
PO_05779,PRD_2135,SUP_194,WH_045,2022-10-27,2022-11-02,2022-11-02,465,434.0
PO_05780,PRD_0577,SUP_199,WH_010,2022-10-16,2022-10-17,2022-10-17,147,147.0
PO_05781,PRD_4859,SUP_098,WH_049,2023-10-02,2023-10-12,2023-10-12,244,186.0
PO_05782,PRD_2387,SUP_063,WH_040,2023-02-07,2023-02-18,2023-02-18,444,444.0
PO_05783,PRD_4256,SUP_035,WH_035,2024-12-06,2024-12-16,2024-12-16,186,129.0
PO_05784,PRD_4970,SUP_128,WH_045,2023-06-17,2023-06-20,,120,
PO_05785,PRD_3856,SUP_011,WH_016,2023-05-18,2023-05-29,2023-06-01,121,106.0
PO_05786,PRD_0954,SUP_130,WH_013,2025-03-01,2025-03-05,2025-03-05,484,374.0
PO_05787,PRD_1441,SUP_064,WH_022,2023-10-22,2023-10-28,2023-10-28,408,408.0
PO_05788,PRD_2781,SUP_093,WH_076,2025-04-06,2025-04-09,2025-04-09,412,412.0
PO_05789,PRD_2874,SUP_014,WH_067,2025-09-10,2025-09-23,2025-09-23,384,384.0
PO_05790,PRD_1457,SUP_115,WH_076,2023-04-26,2023-04-27,2023-04-27,151,151.0
PO_05791,PRD_0188,SUP_191,WH_077,2024-07-20,2024-08-03,2024-08-03,125,125.0
PO_05792,PRD_3563,SUP_078,WH_003,2025-11-07,2025-11-08,2025-11-08,330,330.0
PO_05793,PRD_4212,SUP_081,WH_037,2025-02-08,2025-02-16,2025-02-16,106,106.0
PO_05794,PRD_3236,SUP_075,WH_009,2025-01-15,2025-01-22,2025-01-22,285,285.0
PO_05795,PRD_2648,SUP_108,WH_057,2022-08-15,2022-08-23,2022-08-23,388,388.0
PO_05796,PRD_4287,SUP_181,WH_017,2025-05-22,2025-05-30,2025-05-30,43,43.0
PO_05797,PRD_3553,SUP_120,WH_077,2023-07-16,2023-07-29,2023-07-29,344,238.0
PO_05798,PRD_0298,SUP_079,WH_065,2025-09-08,2025-09-13,2025-09-13,205,205.0
PO_05799,PRD_1918,SUP_139,WH_007,2023-02-02,2023-02-03,2023-02-03,306,306.0
PO_05800,PRD_0288,SUP_042,WH_060,2025-12-13,2025-12-14,2025-12-14,102,102.0
PO_05801,PRD_2055,SUP_122,WH_028,2022-09-18,2022-09-22,2022-09-24,395,395.0
PO_05802,PRD_4642,SUP_196,WH_059,2024-07-23,2024-08-05,2024-08-06,248,248.0
PO_05803,PRD_0244,SUP_109,WH_015,2023-07-24,2023-07-29,2023-07-29,361,361.0
PO_05804,PRD_1635,SUP_104,WH_027,2024-03-09,2024-03-17,2024-03-23,118,118.0
PO_05805,PRD_2384,SUP_027,WH_030,2024-10-13,2024-10-25,2024-10-25,198,198.0
PO_05806,PRD_3850,SUP_112,WH_018,2025-09-24,2025-09-30,,314,
PO_05807,PRD_3989,SUP_197,WH_037,2024-11-21,2024-11-30,,436,
PO_05808,PRD_3461,SUP_075,WH_029,2023-02-09,2023-02-16,2023-02-21,214,214.0
PO_05809,PRD_2918,SUP_079,WH_031,2024-04-08,2024-04-13,2024-04-13,334,230.0
PO_05810,PRD_1191,SUP_019,WH_051,2022-04-17,2022-04-29,2022-04-29,385,385.0
PO_05811,PRD_0399,SUP_193,WH_016,2022-06-23,2022-06-25,2022-06-25,499,499.0
PO_05812,PRD_2621,SUP_158,WH_020,2022-01-26,2022-02-09,2022-02-09,119,119.0
PO_05813,PRD_1705,SUP_008,WH_011,2024-07-20,2024-07-27,,302,
PO_05814,PRD_0377,SUP_186,WH_057,2022-01-14,2022-01-23,2022-01-23,150,150.0
PO_05815,PRD_2757,SUP_081,WH_061,2025-11-13,2025-11-21,2025-11-21,209,209.0
PO_05816,PRD_2305,SUP_097,WH_054,2025-12-12,2025-12-24,,44,
PO_05817,PRD_1156,SUP_173,WH_005,2022-08-11,2022-08-12,2022-08-12,71,71.0
PO_05818,PRD_0152,SUP_142,WH_012,2025-10-01,2025-10-10,2025-10-16,487,487.0
PO_05819,PRD_4184,SUP_080,WH_023,2023-07-19,2023-07-20,2023-07-20,139,139.0
PO_05820,PRD_2486,SUP_071,WH_006,2025-09-12,2025-09-22,2025-09-24,276,276.0
PO_05821,PRD_0753,SUP_108,WH_037,2022-05-25,2022-06-02,2022-06-02,169,169.0
PO_05822,PRD_3604,SUP_083,WH_033,2024-02-09,2024-02-20,2024-02-27,255,255.0
PO_05823,PRD_4122,SUP_030,WH_017,2025-05-07,2025-05-19,2025-05-19,78,78.0
PO_05824,PRD_0846,SUP_018,WH_025,2022-08-08,2022-08-14,2022-08-14,92,92.0
PO_05825,PRD_4307,SUP_024,WH_022,2024-03-17,2024-03-26,2024-03-26,415,415.0
PO_05826,PRD_1149,SUP_046,WH_060,2025-04-09,2025-04-18,,157,
PO_05827,PRD_3400,SUP_075,WH_029,2022-10-12,2022-10-19,2022-10-19,292,292.0
PO_05828,PRD_2156,SUP_008,WH_056,2023-04-16,2023-04-23,2023-04-23,324,324.0
PO_05829,PRD_0856,SUP_111,WH_069,2025-04-27,2025-04-29,2025-04-29,25,25.0
PO_05830,PRD_3293,SUP_176,WH_069,2025-09-26,2025-10-07,2025-10-07,271,271.0
PO_05831,PRD_2295,SUP_161,WH_061,2025-06-14,2025-06-19,2025-06-19,320,320.0
PO_05832,PRD_2340,SUP_095,WH_043,2023-12-22,2023-12-24,2023-12-24,306,306.0
PO_05833,PRD_3664,SUP_007,WH_024,2022-01-17,2022-01-22,2022-01-22,144,144.0
PO_05834,PRD_3730,SUP_133,WH_077,2023-12-11,2023-12-20,2023-12-20,442,409.0
PO_05835,PRD_4916,SUP_084,WH_070,2025-03-19,2025-03-20,2025-03-24,186,183.0
PO_05836,PRD_2030,SUP_120,WH_025,2022-10-04,2022-10-17,2022-10-17,209,209.0
PO_05837,PRD_1188,SUP_057,WH_014,2024-06-15,2024-06-20,2024-06-20,92,92.0
PO_05838,PRD_1309,SUP_120,WH_029,2023-08-07,2023-08-20,2023-08-20,218,218.0
PO_05839,PRD_4847,SUP_163,WH_058,2022-09-18,2022-09-25,2022-09-25,192,192.0
PO_05840,PRD_0166,SUP_071,WH_035,2024-05-05,2024-05-15,2024-05-15,152,152.0
PO_05841,PRD_2755,SUP_060,WH_070,2025-01-12,2025-01-22,2025-01-22,398,398.0
PO_05842,PRD_1775,SUP_013,WH_051,2024-04-17,2024-04-21,2024-04-21,456,423.0
PO_05843,PRD_3014,SUP_064,WH_073,2023-02-12,2023-02-18,2023-02-18,362,362.0
PO_05844,PRD_0268,SUP_144,WH_052,2023-02-12,2023-02-14,2023-02-14,174,174.0
PO_05845,PRD_3750,SUP_105,WH_058,2023-06-05,2023-06-16,2023-06-16,164,164.0
PO_05846,PRD_2131,SUP_167,WH_065,2024-07-18,2024-07-21,2024-07-21,274,274.0
PO_05847,PRD_2317,SUP_161,WH_020,2023-12-03,2023-12-08,2023-12-09,412,274.0
PO_05848,PRD_4890,SUP_063,WH_074,2025-12-24,2026-01-04,2026-01-04,421,421.0
PO_05849,PRD_4244,SUP_178,WH_043,2024-11-25,2024-12-03,2024-12-03,280,280.0
PO_05850,PRD_0566,SUP_089,WH_074,2022-11-12,2022-11-19,2022-11-19,221,221.0
PO_05851,PRD_3199,SUP_074,WH_057,2022-05-02,2022-05-16,2022-05-16,348,348.0
PO_05852,PRD_4639,SUP_168,WH_024,2024-08-19,2024-08-22,,146,
PO_05853,PRD_4043,SUP_023,WH_069,2025-01-21,2025-02-04,2025-02-04,261,261.0
PO_05854,PRD_0263,SUP_028,WH_064,2022-05-07,2022-05-19,2022-05-19,84,84.0
PO_05855,PRD_4645,SUP_040,WH_063,2022-08-14,2022-08-28,2022-08-28,315,315.0
PO_05856,PRD_4909,SUP_026,WH_024,2025-12-24,2025-12-30,2025-12-30,314,314.0
PO_05857,PRD_4723,SUP_170,WH_066,2022-01-24,2022-02-01,2022-02-01,173,173.0
PO_05858,PRD_1994,SUP_011,WH_067,2024-07-12,2024-07-23,2024-07-27,97,60.0
PO_05859,PRD_1551,SUP_123,WH_052,2024-05-26,2024-06-07,2024-06-07,366,366.0
PO_05860,PRD_4155,SUP_041,WH_025,2023-10-04,2023-10-05,2023-10-07,484,484.0
PO_05861,PRD_1228,SUP_024,WH_049,2023-02-26,2023-03-07,,335,
PO_05862,PRD_2137,SUP_052,WH_051,2023-09-22,2023-09-28,2023-09-28,64,64.0
PO_05863,PRD_2634,SUP_133,WH_053,2022-10-20,2022-10-29,2022-10-29,252,252.0
PO_05864,PRD_1459,SUP_105,WH_019,2024-09-26,2024-10-07,2024-10-07,111,111.0
PO_05865,PRD_2695,SUP_014,WH_003,2024-05-22,2024-06-04,2024-06-04,422,422.0
PO_05866,PRD_3818,SUP_105,WH_067,2023-10-10,2023-10-21,2023-10-21,178,178.0
PO_05867,PRD_2359,SUP_152,WH_065,2024-03-20,2024-03-29,2024-03-29,269,269.0
PO_05868,PRD_0095,SUP_142,WH_048,2024-01-01,2024-01-10,2024-01-10,233,233.0
PO_05869,PRD_2350,SUP_110,WH_024,2024-10-04,2024-10-08,2024-10-10,259,186.0
PO_05870,PRD_4672,SUP_192,WH_020,2024-08-06,2024-08-08,2024-08-08,210,210.0
PO_05871,PRD_1810,SUP_047,WH_058,2023-07-18,2023-07-22,2023-07-22,340,221.0
PO_05872,PRD_2427,SUP_110,WH_023,2025-05-18,2025-05-22,2025-05-22,118,118.0
PO_05873,PRD_4124,SUP_034,WH_066,2023-06-26,2023-07-07,2023-07-09,308,271.0
PO_05874,PRD_3779,SUP_193,WH_023,2024-06-19,2024-06-21,2024-06-21,101,101.0
PO_05875,PRD_4387,SUP_140,WH_071,2024-11-25,2024-12-06,2024-12-06,478,478.0
PO_05876,PRD_4684,SUP_135,WH_052,2025-03-07,2025-03-15,2025-03-15,346,346.0
PO_05877,PRD_4028,SUP_161,WH_029,2025-01-22,2025-01-27,2025-01-27,438,438.0
PO_05878,PRD_1915,SUP_121,WH_060,2023-10-19,2023-10-22,2023-10-22,488,488.0
PO_05879,PRD_1441,SUP_064,WH_020,2022-06-09,2022-06-15,2022-06-22,448,336.0
PO_05880,PRD_2603,SUP_134,WH_074,2024-01-19,2024-01-20,2024-01-20,151,151.0
PO_05881,PRD_0391,SUP_052,WH_043,2023-07-05,2023-07-11,2023-07-11,156,153.0
PO_05882,PRD_1507,SUP_070,WH_020,2023-06-21,2023-06-22,2023-06-22,146,146.0
PO_05883,PRD_1892,SUP_165,WH_022,2025-07-12,2025-07-21,,114,
PO_05884,PRD_0689,SUP_179,WH_031,2023-01-08,2023-01-12,2023-01-12,458,458.0
PO_05885,PRD_1563,SUP_070,WH_060,2022-05-22,2022-05-23,2022-05-23,66,66.0
PO_05886,PRD_0488,SUP_198,WH_050,2022-01-15,2022-01-19,2022-01-19,243,203.0
PO_05887,PRD_3351,SUP_109,WH_036,2024-11-09,2024-11-14,,390,
PO_05888,PRD_1216,SUP_194,WH_074,2023-10-18,2023-10-24,2023-10-24,364,364.0
PO_05889,PRD_2967,SUP_079,WH_042,2022-08-18,2022-08-23,2022-08-23,270,270.0
PO_05890,PRD_4807,SUP_181,WH_025,2025-12-21,2025-12-29,,22,
PO_05891,PRD_1436,SUP_099,WH_001,2022-06-06,2022-06-12,2022-06-20,286,286.0
PO_05892,PRD_4344,SUP_126,WH_018,2024-09-17,2024-09-20,2024-09-20,75,75.0
PO_05893,PRD_2456,SUP_093,WH_035,2022-09-27,2022-09-30,2022-09-30,397,397.0
PO_05894,PRD_0993,SUP_028,WH_029,2024-03-14,2024-03-26,2024-03-29,98,98.0
PO_05895,PRD_0828,SUP_001,WH_001,2022-07-04,2022-07-11,,450,
PO_05896,PRD_4193,SUP_065,WH_048,2024-03-05,2024-03-13,2024-03-13,143,143.0
PO_05897,PRD_0449,SUP_175,WH_036,2022-11-05,2022-11-09,2022-11-17,245,245.0
PO_05898,PRD_2087,SUP_167,WH_001,2025-09-09,2025-09-12,2025-09-12,182,182.0
PO_05899,PRD_2246,SUP_095,WH_013,2024-08-18,2024-08-20,2024-08-20,292,175.0
PO_05900,PRD_1015,SUP_148,WH_066,2024-11-01,2024-11-04,2024-11-12,473,346.0
PO_05901,PRD_0924,SUP_130,WH_029,2022-10-12,2022-10-16,,423,
PO_05902,PRD_1353,SUP_134,WH_074,2023-11-11,2023-11-12,2023-11-12,167,156.0
PO_05903,PRD_1042,SUP_173,WH_032,2023-05-27,2023-05-28,2023-05-29,293,293.0
PO_05904,PRD_1295,SUP_197,WH_016,2025-09-05,2025-09-14,2025-09-20,409,409.0
PO_05905,PRD_1113,SUP_114,WH_070,2025-04-01,2025-04-12,2025-04-12,290,290.0
PO_05906,PRD_4156,SUP_160,WH_016,2024-06-07,2024-06-12,2024-06-12,363,363.0
PO_05907,PRD_1913,SUP_108,WH_041,2022-06-13,2022-06-21,2022-06-23,304,186.0
PO_05908,PRD_2202,SUP_152,WH_080,2024-05-09,2024-05-18,2024-05-22,214,214.0
PO_05909,PRD_0430,SUP_086,WH_011,2023-03-17,2023-03-19,2023-03-19,209,209.0
PO_05910,PRD_2781,SUP_093,WH_029,2023-12-17,2023-12-20,2023-12-20,186,186.0
PO_05911,PRD_0001,SUP_130,WH_043,2022-02-02,2022-02-06,2022-02-06,36,36.0
PO_05912,PRD_2435,SUP_158,WH_023,2022-10-23,2022-11-06,2022-11-06,225,225.0
PO_05913,PRD_4426,SUP_031,WH_012,2022-11-24,2022-11-28,2022-11-28,276,276.0
PO_05914,PRD_2022,SUP_156,WH_042,2022-04-15,2022-04-17,2022-04-17,277,277.0
PO_05915,PRD_2496,SUP_138,WH_016,2025-09-10,2025-09-18,,277,
PO_05916,PRD_4678,SUP_182,WH_060,2024-02-17,2024-02-21,,316,
PO_05917,PRD_4968,SUP_021,WH_069,2023-11-20,2023-11-30,2023-11-30,383,383.0
PO_05918,PRD_1979,SUP_160,WH_003,2024-01-24,2024-01-29,2024-01-29,274,274.0
PO_05919,PRD_0841,SUP_179,WH_014,2025-06-02,2025-06-06,2025-06-06,476,476.0
PO_05920,PRD_1713,SUP_108,WH_015,2022-09-10,2022-09-18,,469,
PO_05921,PRD_3564,SUP_019,WH_058,2023-09-19,2023-10-01,2023-10-01,399,316.0
PO_05922,PRD_2396,SUP_179,WH_015,2024-03-09,2024-03-13,2024-03-13,50,31.0
PO_05923,PRD_2472,SUP_182,WH_072,2025-04-24,2025-04-28,2025-04-28,222,222.0
PO_05924,PRD_3330,SUP_058,WH_034,2025-05-02,2025-05-03,2025-05-03,51,51.0
PO_05925,PRD_1194,SUP_162,WH_004,2024-06-08,2024-06-19,2024-06-19,181,181.0
PO_05926,PRD_1544,SUP_008,WH_023,2025-04-12,2025-04-19,2025-04-19,172,172.0
PO_05927,PRD_3016,SUP_159,WH_019,2023-01-09,2023-01-21,2023-01-21,322,322.0
PO_05928,PRD_1676,SUP_002,WH_079,2025-01-15,2025-01-16,2025-01-16,189,189.0
PO_05929,PRD_1035,SUP_086,WH_007,2023-11-16,2023-11-18,2023-11-18,197,197.0
PO_05930,PRD_3103,SUP_197,WH_045,2025-03-21,2025-03-30,2025-03-30,331,331.0
PO_05931,PRD_0775,SUP_085,WH_055,2023-09-12,2023-09-14,2023-09-14,368,368.0
PO_05932,PRD_1167,SUP_058,WH_060,2025-11-01,2025-11-02,2025-11-02,371,371.0
PO_05933,PRD_2546,SUP_084,WH_035,2022-04-08,2022-04-09,2022-04-09,312,217.0
PO_05934,PRD_0179,SUP_065,WH_045,2024-09-18,2024-09-26,2024-09-26,251,251.0
PO_05935,PRD_2632,SUP_083,WH_026,2022-01-08,2022-01-19,2022-01-19,497,497.0
PO_05936,PRD_2536,SUP_070,WH_075,2023-09-27,2023-09-28,2023-09-28,438,375.0
PO_05937,PRD_1620,SUP_108,WH_003,2025-05-09,2025-05-17,2025-05-17,171,171.0
PO_05938,PRD_4490,SUP_107,WH_066,2025-01-01,2025-01-07,,347,
PO_05939,PRD_3872,SUP_090,WH_071,2023-03-14,2023-03-19,2023-03-19,161,161.0
PO_05940,PRD_4706,SUP_033,WH_024,2022-10-01,2022-10-15,,279,
PO_05941,PRD_0498,SUP_028,WH_018,2023-09-15,2023-09-27,2023-09-27,264,170.0
PO_05942,PRD_2824,SUP_033,WH_037,2024-09-21,2024-10-05,2024-10-06,442,366.0
PO_05943,PRD_3305,SUP_121,WH_012,2024-06-03,2024-06-06,2024-06-06,112,112.0
PO_05944,PRD_4259,SUP_187,WH_033,2024-02-14,2024-02-17,2024-02-17,249,182.0
PO_05945,PRD_2616,SUP_143,WH_056,2022-10-19,2022-10-28,2022-10-28,369,286.0
PO_05946,PRD_2806,SUP_141,WH_070,2022-02-19,2022-03-03,2022-03-03,251,187.0
PO_05947,PRD_0147,SUP_071,WH_053,2024-10-12,2024-10-22,2024-10-24,497,497.0
PO_05948,PRD_4996,SUP_128,WH_070,2024-10-04,2024-10-07,2024-10-09,187,187.0
PO_05949,PRD_0533,SUP_198,WH_037,2022-05-17,2022-05-21,,473,
PO_05950,PRD_3882,SUP_024,WH_005,2022-06-16,2022-06-25,2022-06-25,233,233.0
PO_05951,PRD_2467,SUP_111,WH_079,2022-07-20,2022-07-22,2022-07-22,215,215.0
PO_05952,PRD_3963,SUP_172,WH_019,2025-09-14,2025-09-22,2025-09-22,189,179.0
PO_05953,PRD_4616,SUP_004,WH_066,2025-11-19,2025-12-02,2025-12-07,406,406.0
PO_05954,PRD_1826,SUP_084,WH_035,2025-08-25,2025-08-26,2025-08-26,80,80.0
PO_05955,PRD_1573,SUP_104,WH_070,2025-04-10,2025-04-18,2025-04-18,234,234.0
PO_05956,PRD_1134,SUP_038,WH_054,2025-10-01,2025-10-10,2025-10-10,458,458.0
PO_05957,PRD_1616,SUP_091,WH_027,2024-05-16,2024-05-17,2024-05-20,305,305.0
PO_05958,PRD_1445,SUP_035,WH_007,2022-09-02,2022-09-12,2022-09-12,121,121.0
PO_05959,PRD_0355,SUP_003,WH_047,2022-08-20,2022-08-24,2022-08-24,406,406.0
PO_05960,PRD_4290,SUP_181,WH_002,2022-08-01,2022-08-09,2022-08-09,104,104.0
PO_05961,PRD_0425,SUP_039,WH_044,2022-02-08,2022-02-15,2022-02-15,405,405.0
PO_05962,PRD_2921,SUP_151,WH_079,2024-09-21,2024-10-01,2024-10-01,222,148.0
PO_05963,PRD_3857,SUP_083,WH_033,2022-01-15,2022-01-26,2022-01-26,314,314.0
PO_05964,PRD_2832,SUP_005,WH_005,2025-04-23,2025-04-27,2025-04-27,450,450.0
PO_05965,PRD_2465,SUP_167,WH_073,2022-07-23,2022-07-26,,369,
PO_05966,PRD_1148,SUP_099,WH_003,2023-12-12,2023-12-18,2023-12-18,45,45.0
PO_05967,PRD_2993,SUP_143,WH_035,2025-07-10,2025-07-19,2025-07-19,433,388.0
PO_05968,PRD_4312,SUP_089,WH_027,2022-06-12,2022-06-19,2022-06-22,262,194.0
PO_05969,PRD_3709,SUP_129,WH_074,2022-11-20,2022-11-23,2022-11-23,235,235.0
PO_05970,PRD_4782,SUP_163,WH_038,2023-07-20,2023-07-27,,353,
PO_05971,PRD_2211,SUP_078,WH_017,2024-05-21,2024-05-22,2024-05-27,92,92.0
PO_05972,PRD_1153,SUP_058,WH_080,2024-05-08,2024-05-09,2024-05-09,410,410.0
PO_05973,PRD_4104,SUP_010,WH_059,2023-12-20,2024-01-02,2024-01-02,211,211.0
PO_05974,PRD_3591,SUP_016,WH_077,2022-08-23,2022-09-03,2022-09-03,287,287.0
PO_05975,PRD_1799,SUP_013,WH_001,2025-06-14,2025-06-18,2025-06-18,426,426.0
PO_05976,PRD_2628,SUP_072,WH_044,2025-10-13,2025-10-17,2025-10-20,386,386.0
PO_05977,PRD_2492,SUP_148,WH_057,2025-07-08,2025-07-11,2025-07-11,92,92.0
PO_05978,PRD_2336,SUP_018,WH_009,2022-02-10,2022-02-16,2022-02-16,47,47.0
PO_05979,PRD_4531,SUP_117,WH_022,2022-05-14,2022-05-26,2022-05-26,126,126.0
PO_05980,PRD_0110,SUP_109,WH_044,2023-07-14,2023-07-19,2023-07-19,342,342.0
PO_05981,PRD_1318,SUP_197,WH_045,2023-05-06,2023-05-15,2023-05-19,217,164.0
PO_05982,PRD_4129,SUP_133,WH_076,2025-11-20,2025-11-29,2025-11-29,132,132.0
PO_05983,PRD_1305,SUP_143,WH_032,2025-12-03,2025-12-12,2025-12-12,343,343.0
PO_05984,PRD_3556,SUP_069,WH_049,2024-09-26,2024-10-10,2024-10-10,396,396.0
PO_05985,PRD_3022,SUP_004,WH_050,2022-06-20,2022-07-03,2022-07-03,270,270.0
PO_05986,PRD_1824,SUP_108,WH_001,2025-07-22,2025-07-30,2025-07-31,489,489.0
PO_05987,PRD_1584,SUP_100,WH_026,2025-06-16,2025-06-23,2025-06-23,197,197.0
PO_05988,PRD_0333,SUP_118,WH_011,2022-07-24,2022-08-04,2022-08-04,261,261.0
PO_05989,PRD_0105,SUP_184,WH_059,2025-05-14,2025-05-17,2025-05-17,428,428.0
PO_05990,PRD_2700,SUP_095,WH_052,2023-03-07,2023-03-09,2023-03-09,240,240.0
PO_05991,PRD_2168,SUP_066,WH_050,2025-05-22,2025-05-31,2025-05-31,360,360.0
PO_05992,PRD_1726,SUP_108,WH_044,2023-09-23,2023-10-01,2023-10-01,452,452.0
PO_05993,PRD_4133,SUP_156,WH_025,2025-09-18,2025-09-20,2025-09-20,499,499.0
PO_05994,PRD_3139,SUP_156,WH_020,2025-04-05,2025-04-07,2025-04-07,237,237.0
PO_05995,PRD_3746,SUP_163,WH_034,2025-08-09,2025-08-16,2025-08-16,382,382.0
PO_05996,PRD_1004,SUP_007,WH_055,2023-11-12,2023-11-17,2023-11-17,101,101.0
PO_05997,PRD_3222,SUP_140,WH_041,2025-09-02,2025-09-13,,185,
PO_05998,PRD_3794,SUP_045,WH_052,2025-09-15,2025-09-29,2025-09-29,458,458.0
PO_05999,PRD_1996,SUP_033,WH_050,2025-02-25,2025-03-11,2025-03-11,387,387.0
PO_06000,PRD_0939,SUP_045,WH_058,2023-03-15,2023-03-29,,165,
PO_06001,PRD_0949,SUP_098,WH_011,2025-02-26,2025-03-08,,204,
PO_06002,PRD_0457,SUP_090,WH_055,2025-08-16,2025-08-21,2025-08-21,174,174.0
PO_06003,PRD_4676,SUP_074,WH_050,2024-05-27,2024-06-10,2024-06-10,137,137.0
PO_06004,PRD_1505,SUP_112,WH_036,2022-10-15,2022-10-21,2022-10-21,91,91.0
PO_06005,PRD_1265,SUP_105,WH_030,2022-02-14,2022-02-25,2022-02-25,87,87.0
PO_06006,PRD_4921,SUP_076,WH_023,2024-01-25,2024-01-27,2024-01-27,137,137.0
PO_06007,PRD_2824,SUP_033,WH_054,2024-01-21,2024-02-04,2024-02-05,444,444.0
PO_06008,PRD_4069,SUP_069,WH_077,2022-11-02,2022-11-16,2022-11-16,339,339.0
PO_06009,PRD_2374,SUP_078,WH_009,2024-06-11,2024-06-12,,457,
PO_06010,PRD_4094,SUP_157,WH_028,2023-10-01,2023-10-02,2023-10-02,498,498.0
PO_06011,PRD_0458,SUP_175,WH_015,2024-09-08,2024-09-12,2024-09-13,318,318.0
PO_06012,PRD_4406,SUP_147,WH_055,2024-08-25,2024-09-04,2024-09-04,205,205.0
PO_06013,PRD_0370,SUP_140,WH_048,2022-09-03,2022-09-14,2022-09-20,457,457.0
PO_06014,PRD_2743,SUP_063,WH_005,2023-01-14,2023-01-25,2023-01-28,479,479.0
PO_06015,PRD_0818,SUP_146,WH_055,2023-10-23,2023-11-06,,150,
PO_06016,PRD_2970,SUP_065,WH_040,2025-02-23,2025-03-03,,209,
PO_06017,PRD_4425,SUP_117,WH_008,2023-04-07,2023-04-19,2023-04-19,132,132.0
PO_06018,PRD_4189,SUP_156,WH_040,2023-08-02,2023-08-04,2023-08-04,235,235.0
PO_06019,PRD_4047,SUP_197,WH_049,2025-09-20,2025-09-29,2025-10-03,290,290.0
PO_06020,PRD_3039,SUP_116,WH_058,2022-10-24,2022-11-02,2022-11-02,412,412.0
PO_06021,PRD_0211,SUP_065,WH_027,2024-09-22,2024-09-30,2024-09-30,306,306.0
PO_06022,PRD_1661,SUP_002,WH_022,2025-08-21,2025-08-22,,466,
PO_06023,PRD_2320,SUP_102,WH_017,2025-10-10,2025-10-17,,190,
PO_06024,PRD_4403,SUP_097,WH_056,2023-03-27,2023-04-08,2023-04-08,351,308.0
PO_06025,PRD_0807,SUP_104,WH_080,2025-06-23,2025-07-01,2025-07-01,105,73.0
PO_06026,PRD_3742,SUP_163,WH_029,2023-01-23,2023-01-30,2023-01-30,415,415.0
PO_06027,PRD_2758,SUP_095,WH_056,2022-09-24,2022-09-26,2022-09-26,78,78.0
PO_06028,PRD_4976,SUP_084,WH_008,2022-04-05,2022-04-06,2022-04-06,210,210.0
PO_06029,PRD_0363,SUP_046,WH_063,2022-03-25,2022-04-03,2022-04-03,386,386.0
PO_06030,PRD_4054,SUP_127,WH_021,2022-07-23,2022-08-02,2022-08-02,452,452.0
PO_06031,PRD_3388,SUP_140,WH_048,2023-04-19,2023-04-30,2023-04-30,96,96.0
PO_06032,PRD_2121,SUP_040,WH_059,2024-06-17,2024-07-01,2024-07-01,264,264.0
PO_06033,PRD_3847,SUP_105,WH_016,2025-10-24,2025-11-04,2025-11-04,284,225.0
PO_06034,PRD_1282,SUP_105,WH_021,2024-03-08,2024-03-19,2024-03-19,52,52.0
PO_06035,PRD_1042,SUP_173,WH_026,2025-03-27,2025-03-28,2025-03-28,50,50.0
PO_06036,PRD_2091,SUP_006,WH_044,2024-02-23,2024-03-08,2024-03-08,321,269.0
PO_06037,PRD_2151,SUP_040,WH_077,2023-03-23,2023-04-06,2023-04-06,181,181.0
PO_06038,PRD_2220,SUP_097,WH_069,2024-12-19,2024-12-31,2024-12-31,314,314.0
PO_06039,PRD_0790,SUP_085,WH_039,2023-04-12,2023-04-14,2023-04-14,429,429.0
PO_06040,PRD_0212,SUP_065,WH_075,2024-03-26,2024-04-03,2024-04-03,396,396.0
PO_06041,PRD_3919,SUP_126,WH_066,2023-12-27,2023-12-30,2023-12-30,400,400.0
PO_06042,PRD_2001,SUP_011,WH_027,2025-03-06,2025-03-17,2025-03-17,286,286.0
PO_06043,PRD_4024,SUP_083,WH_002,2025-12-13,2025-12-24,2025-12-24,482,482.0
PO_06044,PRD_0950,SUP_146,WH_045,2023-06-26,2023-07-10,2023-07-10,27,27.0
PO_06045,PRD_3960,SUP_133,WH_002,2025-06-08,2025-06-17,2025-06-17,36,36.0
PO_06046,PRD_0330,SUP_064,WH_069,2024-03-03,2024-03-09,2024-03-09,444,378.0
PO_06047,PRD_4388,SUP_088,WH_026,2022-05-14,2022-05-20,2022-05-20,396,396.0
PO_06048,PRD_3255,SUP_193,WH_073,2022-06-17,2022-06-19,2022-06-19,260,260.0
PO_06049,PRD_4486,SUP_038,WH_078,2023-05-27,2023-06-05,2023-06-05,368,368.0
PO_06050,PRD_0709,SUP_068,WH_009,2023-05-17,2023-05-18,2023-05-24,261,261.0
PO_06051,PRD_4445,SUP_130,WH_076,2024-03-23,2024-03-27,2024-03-27,450,450.0
PO_06052,PRD_3154,SUP_185,WH_028,2024-01-17,2024-01-31,2024-01-31,500,500.0
PO_06053,PRD_0232,SUP_086,WH_034,2022-04-01,2022-04-03,2022-04-09,359,359.0
PO_06054,PRD_2195,SUP_027,WH_013,2024-03-12,2024-03-24,2024-03-24,254,188.0
PO_06055,PRD_3325,SUP_161,WH_013,2023-12-02,2023-12-07,2023-12-11,401,299.0
PO_06056,PRD_1647,SUP_140,WH_042,2022-03-24,2022-04-04,2022-04-04,263,263.0
PO_06057,PRD_4698,SUP_112,WH_054,2023-10-11,2023-10-17,2023-10-21,199,199.0
PO_06058,PRD_0106,SUP_086,WH_038,2024-06-08,2024-06-10,2024-06-10,28,28.0
PO_06059,PRD_4219,SUP_117,WH_072,2023-06-17,2023-06-29,2023-06-29,170,170.0
PO_06060,PRD_3920,SUP_112,WH_034,2023-03-25,2023-03-31,2023-03-31,105,105.0
PO_06061,PRD_4283,SUP_086,WH_063,2025-12-09,2025-12-11,2025-12-11,25,25.0
PO_06062,PRD_2074,SUP_040,WH_007,2025-06-17,2025-07-01,2025-07-09,397,397.0
PO_06063,PRD_1998,SUP_080,WH_065,2023-08-03,2023-08-04,,66,
PO_06064,PRD_3767,SUP_011,WH_009,2022-05-19,2022-05-30,2022-05-30,302,302.0
PO_06065,PRD_4902,SUP_178,WH_019,2024-06-27,2024-07-05,,60,
PO_06066,PRD_3756,SUP_024,WH_073,2024-12-03,2024-12-12,2024-12-12,448,448.0
PO_06067,PRD_2305,SUP_097,WH_034,2025-05-13,2025-05-25,,467,
PO_06068,PRD_2202,SUP_152,WH_044,2024-09-07,2024-09-16,2024-09-16,141,141.0
PO_06069,PRD_0191,SUP_053,WH_044,2022-02-11,2022-02-19,2022-02-19,214,214.0
PO_06070,PRD_1657,SUP_196,WH_008,2025-10-09,2025-10-22,2025-10-22,66,66.0
PO_06071,PRD_4919,SUP_062,WH_042,2024-10-23,2024-10-31,2024-11-02,307,305.0
PO_06072,PRD_2272,SUP_170,WH_046,2025-06-25,2025-07-03,,185,
PO_06073,PRD_3648,SUP_192,WH_067,2022-12-13,2022-12-15,,310,
PO_06074,PRD_1397,SUP_200,WH_038,2023-01-09,2023-01-13,2023-01-13,115,115.0
PO_06075,PRD_3479,SUP_117,WH_030,2023-06-04,2023-06-16,2023-06-16,456,382.0
PO_06076,PRD_0906,SUP_130,WH_018,2025-01-14,2025-01-18,2025-01-18,251,190.0
PO_06077,PRD_1601,SUP_192,WH_057,2023-04-27,2023-04-29,2023-04-29,360,360.0
PO_06078,PRD_0732,SUP_028,WH_059,2025-03-26,2025-04-07,2025-04-07,114,114.0
PO_06079,PRD_1628,SUP_193,WH_072,2024-01-17,2024-01-19,2024-01-19,210,210.0
PO_06080,PRD_2048,SUP_008,WH_051,2024-11-26,2024-12-03,2024-12-03,99,99.0
PO_06081,PRD_3666,SUP_065,WH_006,2023-02-09,2023-02-17,,179,
PO_06082,PRD_0492,SUP_149,WH_015,2022-11-25,2022-12-02,2022-12-02,267,164.0
PO_06083,PRD_1986,SUP_186,WH_035,2024-12-18,2024-12-27,2024-12-30,478,478.0
PO_06084,PRD_3510,SUP_111,WH_020,2022-11-06,2022-11-08,,430,
PO_06085,PRD_4993,SUP_106,WH_023,2023-05-16,2023-05-17,2023-05-23,486,486.0
PO_06086,PRD_1509,SUP_192,WH_016,2023-09-23,2023-09-25,2023-09-25,320,320.0
PO_06087,PRD_1593,SUP_112,WH_031,2025-12-14,2025-12-20,2025-12-20,428,428.0
PO_06088,PRD_1418,SUP_115,WH_003,2023-11-04,2023-11-05,2023-11-05,214,214.0
PO_06089,PRD_2541,SUP_119,WH_079,2023-05-17,2023-05-23,2023-05-25,249,192.0
PO_06090,PRD_4382,SUP_115,WH_055,2025-09-21,2025-09-22,2025-09-26,421,421.0
PO_06091,PRD_4348,SUP_186,WH_079,2023-04-21,2023-04-30,2023-04-30,274,183.0
PO_06092,PRD_4188,SUP_014,WH_058,2025-04-19,2025-05-02,2025-05-03,146,146.0
PO_06093,PRD_3032,SUP_114,WH_052,2023-03-20,2023-03-31,2023-03-31,27,27.0
PO_06094,PRD_1911,SUP_139,WH_016,2025-05-16,2025-05-17,,426,
PO_06095,PRD_0411,SUP_003,WH_061,2023-01-02,2023-01-06,2023-01-06,93,93.0
PO_06096,PRD_0456,SUP_028,WH_062,2022-10-19,2022-10-31,,191,
PO_06097,PRD_0244,SUP_109,WH_002,2025-08-18,2025-08-23,,211,
PO_06098,PRD_4729,SUP_127,WH_050,2023-06-23,2023-07-03,2023-07-09,145,145.0
PO_06099,PRD_3809,SUP_150,WH_040,2024-03-25,2024-04-06,2024-04-06,64,64.0
PO_06100,PRD_2646,SUP_040,WH_076,2023-07-17,2023-07-31,2023-07-31,174,174.0
PO_06101,PRD_4038,SUP_142,WH_010,2023-06-23,2023-07-02,2023-07-02,179,179.0
PO_06102,PRD_2972,SUP_068,WH_055,2023-11-02,2023-11-03,2023-11-08,455,455.0
PO_06103,PRD_3341,SUP_161,WH_011,2025-02-07,2025-02-12,2025-02-13,285,285.0
PO_06104,PRD_0646,SUP_068,WH_032,2023-01-17,2023-01-18,2023-01-18,176,176.0
PO_06105,PRD_1474,SUP_071,WH_025,2023-12-03,2023-12-13,2023-12-21,36,36.0
PO_06106,PRD_4072,SUP_093,WH_021,2024-06-19,2024-06-22,2024-06-22,428,428.0
PO_06107,PRD_1875,SUP_013,WH_006,2025-09-15,2025-09-19,2025-09-19,120,120.0
PO_06108,PRD_0347,SUP_079,WH_026,2024-09-15,2024-09-20,,203,
PO_06109,PRD_2807,SUP_122,WH_004,2023-05-01,2023-05-05,2023-05-08,308,308.0
PO_06110,PRD_1049,SUP_086,WH_006,2022-06-22,2022-06-24,2022-06-24,168,168.0
PO_06111,PRD_4999,SUP_045,WH_044,2023-09-27,2023-10-11,2023-10-11,407,407.0
PO_06112,PRD_2250,SUP_031,WH_018,2024-03-01,2024-03-05,2024-03-05,279,279.0
PO_06113,PRD_2705,SUP_012,WH_013,2024-08-14,2024-08-27,2024-08-27,176,176.0
PO_06114,PRD_4305,SUP_154,WH_072,2023-07-21,2023-08-02,2023-08-02,353,353.0
PO_06115,PRD_0598,SUP_165,WH_009,2025-10-16,2025-10-25,2025-10-25,107,107.0
PO_06116,PRD_3093,SUP_078,WH_064,2024-10-07,2024-10-08,2024-10-08,300,300.0
PO_06117,PRD_1915,SUP_121,WH_025,2022-06-13,2022-06-16,2022-06-16,237,237.0
PO_06118,PRD_2166,SUP_006,WH_050,2025-10-02,2025-10-16,2025-10-16,399,399.0
PO_06119,PRD_3953,SUP_072,WH_055,2024-05-09,2024-05-13,2024-05-13,186,186.0
PO_06120,PRD_1055,SUP_109,WH_079,2025-11-15,2025-11-20,2025-11-28,159,159.0
PO_06121,PRD_4000,SUP_093,WH_027,2024-02-24,2024-02-27,2024-02-27,443,443.0
PO_06122,PRD_4138,SUP_080,WH_058,2024-01-18,2024-01-19,,392,
PO_06123,PRD_4048,SUP_160,WH_038,2022-05-16,2022-05-21,2022-05-21,346,346.0
PO_06124,PRD_2202,SUP_152,WH_030,2022-12-09,2022-12-18,2022-12-18,116,116.0
PO_06125,PRD_4300,SUP_124,WH_067,2024-05-03,2024-05-14,2024-05-14,477,477.0
PO_06126,PRD_3695,SUP_011,WH_004,2022-11-22,2022-12-03,2022-12-03,420,420.0
PO_06127,PRD_2762,SUP_124,WH_045,2023-09-09,2023-09-20,,495,
PO_06128,PRD_2079,SUP_186,WH_021,2023-04-13,2023-04-22,2023-04-22,477,477.0
PO_06129,PRD_4194,SUP_113,WH_070,2024-08-01,2024-08-07,2024-08-07,380,380.0
PO_06130,PRD_1409,SUP_152,WH_013,2025-12-08,2025-12-17,2025-12-23,475,475.0
PO_06131,PRD_4456,SUP_031,WH_006,2025-10-25,2025-10-29,,161,
PO_06132,PRD_2854,SUP_026,WH_037,2023-03-14,2023-03-20,,146,
PO_06133,PRD_3730,SUP_133,WH_076,2023-02-17,2023-02-26,2023-02-26,424,424.0
PO_06134,PRD_4186,SUP_160,WH_076,2022-07-06,2022-07-11,,162,
PO_06135,PRD_4187,SUP_010,WH_030,2025-04-09,2025-04-22,2025-04-25,255,211.0
PO_06136,PRD_3487,SUP_037,WH_007,2022-02-22,2022-03-06,2022-03-06,164,101.0
PO_06137,PRD_3840,SUP_090,WH_048,2022-04-26,2022-05-01,2022-05-01,32,32.0
PO_06138,PRD_4699,SUP_135,WH_030,2024-03-11,2024-03-19,2024-03-19,500,500.0
PO_06139,PRD_4526,SUP_106,WH_047,2025-08-11,2025-08-12,2025-08-12,423,423.0
PO_06140,PRD_3471,SUP_051,WH_002,2024-02-07,2024-02-14,2024-02-14,336,336.0
PO_06141,PRD_2066,SUP_156,WH_024,2025-01-19,2025-01-21,2025-01-21,461,461.0
PO_06142,PRD_1964,SUP_180,WH_078,2024-05-23,2024-05-29,2024-05-29,433,433.0
PO_06143,PRD_2749,SUP_126,WH_038,2024-04-05,2024-04-08,2024-04-08,29,29.0
PO_06144,PRD_4791,SUP_128,WH_039,2023-02-25,2023-02-28,2023-02-28,499,499.0
PO_06145,PRD_1772,SUP_047,WH_066,2024-02-12,2024-02-16,2024-02-16,265,197.0
PO_06146,PRD_3008,SUP_142,WH_028,2024-12-26,2025-01-04,2025-01-04,383,383.0
PO_06147,PRD_2063,SUP_056,WH_057,2025-11-20,2025-12-04,2025-12-04,347,347.0
PO_06148,PRD_3173,SUP_027,WH_064,2023-02-18,2023-03-02,2023-03-02,174,174.0
PO_06149,PRD_3638,SUP_074,WH_071,2023-07-04,2023-07-18,2023-07-26,488,488.0
PO_06150,PRD_2540,SUP_143,WH_033,2024-11-08,2024-11-17,2024-11-17,88,52.0
PO_06151,PRD_1406,SUP_055,WH_048,2023-05-12,2023-05-21,,318,
PO_06152,PRD_4217,SUP_142,WH_024,2023-02-21,2023-03-02,2023-03-02,464,464.0
PO_06153,PRD_2352,SUP_097,WH_070,2022-12-18,2022-12-30,2023-01-05,47,47.0
PO_06154,PRD_2674,SUP_087,WH_074,2023-10-02,2023-10-14,,333,
PO_06155,PRD_1417,SUP_067,WH_013,2024-10-21,2024-10-25,,365,
PO_06156,PRD_4151,SUP_132,WH_074,2023-09-19,2023-09-23,2023-09-24,44,44.0
PO_06157,PRD_0326,SUP_033,WH_045,2022-04-26,2022-05-10,2022-05-10,281,281.0
PO_06158,PRD_4265,SUP_071,WH_052,2023-01-18,2023-01-28,2023-01-28,423,423.0
PO_06159,PRD_3113,SUP_145,WH_009,2024-02-10,2024-02-17,2024-02-17,308,308.0
PO_06160,PRD_0679,SUP_176,WH_050,2024-07-19,2024-07-30,2024-07-30,213,213.0
PO_06161,PRD_2131,SUP_167,WH_014,2024-01-03,2024-01-06,2024-01-06,49,49.0
PO_06162,PRD_3708,SUP_024,WH_040,2024-03-21,2024-03-30,2024-03-30,334,334.0
PO_06163,PRD_0970,SUP_179,WH_004,2023-12-14,2023-12-18,2023-12-18,306,306.0
PO_06164,PRD_1063,SUP_170,WH_053,2022-01-21,2022-01-29,2022-01-29,454,454.0
PO_06165,PRD_3465,SUP_073,WH_028,2025-05-08,2025-05-20,2025-05-20,252,248.0
PO_06166,PRD_2787,SUP_059,WH_064,2024-04-16,2024-04-19,2024-04-19,333,333.0
PO_06167,PRD_1907,SUP_165,WH_043,2022-10-12,2022-10-21,2022-10-21,188,188.0
PO_06168,PRD_3204,SUP_030,WH_059,2023-12-24,2024-01-05,,288,
PO_06169,PRD_1749,SUP_145,WH_055,2023-11-06,2023-11-13,,104,
PO_06170,PRD_0231,SUP_073,WH_029,2022-03-17,2022-03-29,2022-03-29,289,289.0
PO_06171,PRD_0912,SUP_033,WH_022,2024-06-22,2024-07-06,2024-07-06,120,120.0
PO_06172,PRD_0673,SUP_153,WH_046,2022-10-12,2022-10-16,2022-10-16,460,460.0
PO_06173,PRD_4735,SUP_125,WH_065,2023-10-01,2023-10-05,2023-10-05,122,122.0
PO_06174,PRD_2175,SUP_176,WH_013,2025-06-13,2025-06-24,2025-06-24,230,230.0
PO_06175,PRD_4900,SUP_175,WH_077,2023-04-20,2023-04-24,2023-04-24,39,39.0
PO_06176,PRD_1300,SUP_036,WH_062,2024-04-26,2024-05-03,,481,
PO_06177,PRD_3433,SUP_051,WH_019,2023-01-08,2023-01-15,2023-01-15,338,338.0
PO_06178,PRD_4368,SUP_149,WH_076,2025-04-13,2025-04-20,2025-04-20,54,54.0
PO_06179,PRD_1798,SUP_067,WH_063,2022-09-02,2022-09-06,2022-09-09,331,331.0
PO_06180,PRD_3431,SUP_019,WH_002,2023-06-26,2023-07-08,2023-07-08,137,137.0
PO_06181,PRD_4974,SUP_045,WH_066,2023-11-23,2023-12-07,2023-12-15,219,219.0
PO_06182,PRD_2012,SUP_200,WH_020,2023-07-07,2023-07-11,2023-07-11,424,424.0
PO_06183,PRD_1503,SUP_087,WH_017,2025-04-18,2025-04-30,2025-04-30,323,323.0
PO_06184,PRD_4010,SUP_128,WH_041,2025-07-13,2025-07-16,2025-07-16,21,21.0
PO_06185,PRD_0802,SUP_094,WH_014,2024-11-07,2024-11-21,2024-11-21,124,124.0
PO_06186,PRD_3200,SUP_117,WH_079,2023-03-08,2023-03-20,2023-03-20,40,40.0
PO_06187,PRD_3656,SUP_129,WH_009,2023-10-10,2023-10-13,2023-10-13,311,229.0
PO_06188,PRD_2199,SUP_152,WH_057,2022-11-08,2022-11-17,2022-11-17,365,365.0
PO_06189,PRD_3145,SUP_121,WH_026,2022-07-09,2022-07-12,2022-07-19,50,50.0
PO_06190,PRD_1625,SUP_002,WH_068,2022-07-02,2022-07-03,2022-07-07,456,456.0
PO_06191,PRD_1166,SUP_114,WH_060,2025-10-24,2025-11-04,,349,
PO_06192,PRD_4190,SUP_083,WH_051,2023-09-09,2023-09-20,2023-09-20,305,233.0
PO_06193,PRD_4248,SUP_004,WH_074,2024-05-02,2024-05-15,,239,
PO_06194,PRD_0537,SUP_148,WH_073,2025-03-11,2025-03-14,2025-03-20,431,431.0
PO_06195,PRD_2298,SUP_089,WH_035,2022-05-27,2022-06-03,2022-06-07,382,229.0
PO_06196,PRD_0373,SUP_039,WH_066,2025-04-15,2025-04-22,2025-04-22,42,42.0
PO_06197,PRD_4549,SUP_026,WH_070,2025-03-12,2025-03-18,2025-03-18,104,104.0
PO_06198,PRD_1740,SUP_120,WH_048,2025-11-03,2025-11-16,2025-11-16,486,333.0
PO_06199,PRD_4171,SUP_160,WH_041,2025-03-02,2025-03-07,2025-03-07,191,191.0
PO_06200,PRD_1304,SUP_136,WH_001,2025-06-26,2025-07-03,,214,
PO_06201,PRD_2454,SUP_175,WH_079,2025-11-16,2025-11-20,2025-11-20,254,254.0
PO_06202,PRD_1468,SUP_070,WH_065,2023-10-17,2023-10-18,2023-10-18,414,414.0
PO_06203,PRD_2778,SUP_060,WH_056,2023-09-16,2023-09-26,2023-09-26,409,409.0
PO_06204,PRD_4266,SUP_186,WH_053,2022-06-25,2022-07-04,2022-07-04,457,457.0
PO_06205,PRD_2555,SUP_133,WH_044,2024-02-11,2024-02-20,2024-02-20,75,75.0
PO_06206,PRD_4848,SUP_098,WH_017,2023-07-03,2023-07-13,2023-07-13,403,403.0
PO_06207,PRD_1638,SUP_125,WH_026,2024-05-11,2024-05-15,2024-05-15,278,278.0
PO_06208,PRD_1419,SUP_055,WH_051,2024-03-07,2024-03-16,2024-03-16,346,346.0
PO_06209,PRD_4264,SUP_130,WH_013,2024-11-16,2024-11-20,2024-11-20,111,111.0
PO_06210,PRD_2348,SUP_184,WH_072,2025-04-11,2025-04-14,2025-04-14,129,116.0
PO_06211,PRD_1195,SUP_080,WH_004,2022-01-23,2022-01-24,2022-01-24,395,286.0
PO_06212,PRD_3831,SUP_114,WH_030,2023-12-21,2024-01-01,2024-01-01,199,199.0
PO_06213,PRD_4684,SUP_135,WH_017,2025-10-06,2025-10-14,2025-10-15,95,95.0
PO_06214,PRD_4153,SUP_125,WH_055,2022-01-04,2022-01-08,2022-01-08,131,131.0
PO_06215,PRD_2262,SUP_174,WH_068,2024-05-13,2024-05-21,2024-05-21,445,388.0
PO_06216,PRD_3549,SUP_113,WH_011,2022-05-16,2022-05-22,2022-05-22,49,29.0
PO_06217,PRD_2566,SUP_055,WH_019,2025-05-06,2025-05-15,2025-05-15,158,158.0
PO_06218,PRD_0225,SUP_186,WH_005,2025-10-02,2025-10-11,2025-10-14,93,79.0
PO_06219,PRD_1293,SUP_016,WH_037,2023-07-02,2023-07-13,2023-07-13,426,426.0
PO_06220,PRD_1247,SUP_017,WH_009,2022-06-22,2022-06-25,2022-06-25,392,392.0
PO_06221,PRD_1241,SUP_021,WH_046,2024-03-23,2024-04-02,2024-04-02,297,297.0
PO_06222,PRD_1794,SUP_145,WH_060,2023-03-22,2023-03-29,,146,
PO_06223,PRD_3399,SUP_105,WH_020,2022-02-26,2022-03-09,2022-03-09,23,23.0
PO_06224,PRD_0312,SUP_020,WH_055,2025-12-05,2025-12-07,2025-12-07,406,406.0
PO_06225,PRD_3008,SUP_142,WH_054,2025-04-02,2025-04-11,2025-04-11,459,459.0
PO_06226,PRD_3446,SUP_075,WH_064,2022-01-14,2022-01-21,2022-01-25,130,130.0
PO_06227,PRD_0394,SUP_193,WH_057,2025-10-18,2025-10-20,,220,
PO_06228,PRD_0386,SUP_038,WH_009,2022-06-25,2022-07-04,2022-07-04,402,402.0
PO_06229,PRD_3070,SUP_145,WH_047,2022-03-25,2022-04-01,2022-04-01,199,199.0
PO_06230,PRD_1914,SUP_014,WH_065,2022-08-18,2022-08-31,2022-08-31,45,45.0
PO_06231,PRD_1058,SUP_177,WH_044,2023-04-03,2023-04-04,2023-04-04,172,172.0
PO_06232,PRD_2089,SUP_056,WH_027,2022-02-20,2022-03-06,2022-03-06,121,121.0
PO_06233,PRD_3896,SUP_121,WH_010,2025-09-25,2025-09-28,2025-09-28,212,212.0
PO_06234,PRD_4558,SUP_170,WH_045,2022-01-03,2022-01-11,2022-01-11,459,459.0
PO_06235,PRD_3306,SUP_105,WH_080,2025-05-10,2025-05-21,,489,
PO_06236,PRD_0876,SUP_105,WH_009,2024-08-15,2024-08-26,2024-08-26,295,295.0
PO_06237,PRD_4477,SUP_030,WH_011,2022-12-26,2023-01-07,,471,
PO_06238,PRD_4107,SUP_194,WH_072,2024-10-10,2024-10-16,,259,
PO_06239,PRD_3996,SUP_119,WH_043,2022-05-22,2022-05-28,2022-05-28,297,297.0
PO_06240,PRD_0725,SUP_153,WH_047,2025-11-24,2025-11-28,2025-11-28,254,254.0
PO_06241,PRD_4330,SUP_154,WH_055,2022-09-16,2022-09-28,2022-09-29,35,35.0
PO_06242,PRD_3822,SUP_193,WH_067,2024-07-19,2024-07-21,2024-07-21,145,145.0
PO_06243,PRD_3793,SUP_173,WH_009,2022-04-05,2022-04-06,2022-04-06,406,406.0
PO_06244,PRD_2824,SUP_033,WH_052,2024-12-26,2025-01-09,2025-01-09,64,64.0
PO_06245,PRD_0870,SUP_104,WH_002,2025-03-13,2025-03-21,2025-03-21,427,427.0
PO_06246,PRD_2117,SUP_156,WH_063,2022-01-18,2022-01-20,2022-01-20,479,405.0
PO_06247,PRD_4680,SUP_186,WH_038,2022-02-01,2022-02-10,2022-02-17,205,205.0
PO_06248,PRD_3550,SUP_065,WH_067,2024-02-13,2024-02-21,2024-02-21,371,371.0
PO_06249,PRD_0452,SUP_098,WH_025,2023-03-15,2023-03-25,2023-03-25,302,302.0
PO_06250,PRD_4440,SUP_077,WH_054,2024-11-23,2024-11-26,2024-11-26,404,404.0
PO_06251,PRD_2479,SUP_105,WH_055,2025-04-23,2025-05-04,2025-05-04,273,273.0
PO_06252,PRD_0443,SUP_040,WH_019,2023-04-25,2023-05-09,2023-05-09,106,106.0
PO_06253,PRD_2404,SUP_145,WH_023,2024-03-27,2024-04-03,2024-04-10,487,487.0
PO_06254,PRD_4148,SUP_065,WH_025,2024-04-13,2024-04-21,,303,
PO_06255,PRD_3655,SUP_083,WH_055,2025-06-22,2025-07-03,,187,
PO_06256,PRD_1130,SUP_109,WH_031,2024-08-24,2024-08-29,2024-08-30,287,287.0
PO_06257,PRD_2254,SUP_063,WH_061,2025-05-03,2025-05-14,2025-05-19,186,172.0
PO_06258,PRD_1193,SUP_061,WH_051,2023-10-26,2023-11-07,,465,
PO_06259,PRD_0148,SUP_109,WH_048,2023-04-13,2023-04-18,2023-04-18,147,147.0
PO_06260,PRD_1286,SUP_036,WH_080,2024-01-13,2024-01-20,2024-01-26,290,290.0
PO_06261,PRD_1331,SUP_144,WH_030,2023-03-12,2023-03-14,2023-03-14,400,355.0
PO_06262,PRD_0770,SUP_018,WH_030,2025-08-07,2025-08-13,2025-08-13,412,412.0
PO_06263,PRD_2061,SUP_122,WH_066,2024-07-25,2024-07-29,2024-07-29,97,97.0
PO_06264,PRD_0256,SUP_029,WH_019,2022-04-17,2022-04-29,2022-04-29,249,249.0
PO_06265,PRD_1074,SUP_114,WH_065,2023-10-09,2023-10-20,2023-10-23,39,39.0
PO_06266,PRD_1656,SUP_104,WH_016,2025-06-21,2025-06-29,2025-06-29,41,41.0
PO_06267,PRD_4451,SUP_035,WH_043,2022-12-15,2022-12-25,2022-12-31,44,44.0
PO_06268,PRD_1572,SUP_008,WH_045,2023-04-23,2023-04-30,2023-04-30,167,167.0
PO_06269,PRD_3509,SUP_190,WH_032,2025-05-20,2025-05-22,2025-05-22,124,124.0
PO_06270,PRD_2310,SUP_170,WH_058,2023-10-06,2023-10-14,2023-10-14,192,192.0
PO_06271,PRD_4338,SUP_063,WH_019,2022-12-09,2022-12-20,2022-12-20,120,120.0
PO_06272,PRD_1021,SUP_046,WH_078,2025-12-24,2026-01-02,,137,
PO_06273,PRD_4266,SUP_186,WH_064,2023-12-27,2024-01-05,2024-01-05,422,422.0
PO_06274,PRD_1748,SUP_022,WH_073,2024-09-10,2024-09-23,2024-10-01,268,268.0
PO_06275,PRD_1620,SUP_108,WH_017,2025-12-18,2025-12-26,2025-12-26,272,234.0
PO_06276,PRD_1844,SUP_117,WH_080,2024-07-19,2024-07-31,2024-08-08,298,298.0
PO_06277,PRD_3748,SUP_150,WH_041,2024-04-25,2024-05-07,2024-05-07,267,267.0
PO_06278,PRD_4341,SUP_147,WH_061,2023-10-16,2023-10-26,2023-10-31,261,261.0
PO_06279,PRD_2340,SUP_095,WH_037,2022-06-17,2022-06-19,2022-06-21,68,68.0
PO_06280,PRD_2436,SUP_175,WH_063,2025-01-23,2025-01-27,2025-01-27,353,353.0
PO_06281,PRD_2417,SUP_152,WH_015,2024-01-21,2024-01-30,2024-01-30,312,312.0
PO_06282,PRD_0333,SUP_118,WH_062,2023-04-02,2023-04-13,2023-04-18,423,423.0
PO_06283,PRD_2453,SUP_148,WH_075,2024-03-18,2024-03-21,2024-03-21,224,219.0
PO_06284,PRD_0862,SUP_158,WH_002,2022-12-26,2023-01-09,2023-01-09,474,474.0
PO_06285,PRD_3867,SUP_126,WH_071,2023-08-05,2023-08-08,2023-08-08,153,153.0
PO_06286,PRD_4062,SUP_160,WH_046,2024-09-27,2024-10-02,2024-10-02,216,216.0
PO_06287,PRD_0085,SUP_070,WH_001,2022-03-09,2022-03-10,,325,
PO_06288,PRD_2261,SUP_184,WH_041,2025-01-14,2025-01-17,2025-01-17,348,348.0
PO_06289,PRD_4081,SUP_081,WH_078,2024-10-17,2024-10-25,2024-10-25,254,254.0
PO_06290,PRD_3029,SUP_077,WH_030,2022-08-25,2022-08-28,2022-08-28,133,133.0
PO_06291,PRD_1362,SUP_161,WH_051,2024-02-17,2024-02-22,2024-02-22,229,229.0
PO_06292,PRD_2829,SUP_046,WH_026,2023-08-18,2023-08-27,2023-08-27,476,476.0
PO_06293,PRD_2245,SUP_102,WH_073,2022-06-06,2022-06-13,2022-06-13,377,377.0
PO_06294,PRD_0987,SUP_170,WH_021,2024-01-09,2024-01-17,2024-01-17,144,144.0
PO_06295,PRD_4847,SUP_163,WH_041,2024-05-24,2024-05-31,2024-05-31,165,165.0
PO_06296,PRD_1984,SUP_030,WH_054,2022-05-07,2022-05-19,,438,
PO_06297,PRD_4895,SUP_043,WH_021,2025-07-07,2025-07-16,2025-07-16,30,30.0
PO_06298,PRD_4750,SUP_195,WH_013,2023-02-24,2023-02-27,2023-02-27,95,95.0
PO_06299,PRD_4186,SUP_160,WH_048,2022-06-06,2022-06-11,2022-06-11,129,129.0
PO_06300,PRD_0419,SUP_167,WH_018,2025-08-16,2025-08-19,2025-08-19,40,40.0
PO_06301,PRD_4162,SUP_069,WH_074,2025-01-10,2025-01-24,2025-01-24,364,364.0
PO_06302,PRD_4991,SUP_159,WH_061,2024-07-06,2024-07-18,2024-07-22,78,78.0
PO_06303,PRD_2130,SUP_006,WH_005,2024-09-04,2024-09-18,2024-09-24,478,478.0
PO_06304,PRD_4048,SUP_160,WH_035,2024-12-03,2024-12-08,2024-12-08,474,474.0
PO_06305,PRD_4095,SUP_127,WH_072,2022-05-03,2022-05-13,2022-05-13,80,80.0
PO_06306,PRD_1824,SUP_108,WH_063,2022-06-24,2022-07-02,2022-07-02,49,32.0
PO_06307,PRD_3258,SUP_058,WH_009,2024-07-05,2024-07-06,2024-07-08,429,429.0
PO_06308,PRD_4682,SUP_039,WH_077,2025-12-05,2025-12-12,2025-12-12,454,339.0
PO_06309,PRD_0189,SUP_014,WH_038,2022-12-14,2022-12-27,2022-12-27,383,383.0
PO_06310,PRD_4990,SUP_195,WH_037,2024-05-01,2024-05-04,2024-05-04,134,134.0
PO_06311,PRD_2688,SUP_089,WH_014,2024-09-09,2024-09-16,2024-09-16,172,172.0
PO_06312,PRD_0105,SUP_184,WH_053,2022-09-20,2022-09-23,2022-09-23,298,298.0
PO_06313,PRD_2705,SUP_012,WH_054,2024-01-15,2024-01-28,,40,
PO_06314,PRD_1321,SUP_099,WH_060,2023-11-18,2023-11-24,2023-11-24,237,237.0
PO_06315,PRD_0618,SUP_134,WH_003,2025-09-05,2025-09-06,2025-09-06,66,53.0
PO_06316,PRD_4909,SUP_026,WH_013,2023-01-02,2023-01-08,2023-01-08,397,302.0
PO_06317,PRD_2977,SUP_114,WH_032,2024-11-24,2024-12-05,2024-12-05,223,223.0
PO_06318,PRD_0788,SUP_197,WH_060,2024-01-10,2024-01-19,2024-01-19,499,499.0
PO_06319,PRD_0050,SUP_073,WH_072,2024-07-05,2024-07-17,2024-07-17,313,313.0
PO_06320,PRD_3879,SUP_196,WH_074,2022-08-17,2022-08-30,2022-08-30,474,474.0
PO_06321,PRD_0614,SUP_174,WH_016,2022-09-03,2022-09-11,2022-09-11,327,327.0
PO_06322,PRD_2641,SUP_108,WH_009,2025-08-23,2025-08-31,2025-08-31,411,411.0
PO_06323,PRD_1999,SUP_178,WH_076,2024-05-13,2024-05-21,,118,
PO_06324,PRD_4332,SUP_179,WH_017,2022-09-10,2022-09-14,2022-09-14,397,397.0
PO_06325,PRD_3784,SUP_133,WH_001,2023-08-03,2023-08-12,2023-08-13,319,319.0
PO_06326,PRD_0861,SUP_187,WH_071,2023-12-09,2023-12-12,2023-12-12,373,373.0
PO_06327,PRD_1125,SUP_103,WH_071,2024-07-07,2024-07-18,2024-07-18,443,443.0
PO_06328,PRD_4024,SUP_083,WH_046,2024-12-20,2024-12-31,2024-12-31,327,283.0
PO_06329,PRD_4440,SUP_077,WH_070,2023-06-16,2023-06-19,2023-06-19,205,205.0
PO_06330,PRD_1585,SUP_112,WH_007,2022-10-03,2022-10-09,2022-10-09,371,371.0
PO_06331,PRD_2843,SUP_070,WH_061,2023-02-24,2023-02-25,2023-02-25,367,367.0
PO_06332,PRD_0772,SUP_050,WH_049,2022-01-12,2022-01-15,2022-01-15,376,376.0
PO_06333,PRD_0822,SUP_174,WH_026,2022-02-26,2022-03-06,2022-03-06,186,173.0
PO_06334,PRD_1674,SUP_125,WH_021,2022-04-04,2022-04-08,2022-04-11,53,53.0
PO_06335,PRD_3292,SUP_170,WH_023,2023-02-22,2023-03-02,2023-03-09,320,320.0
PO_06336,PRD_3999,SUP_160,WH_023,2023-10-18,2023-10-23,2023-10-23,390,390.0
PO_06337,PRD_3414,SUP_060,WH_011,2025-01-09,2025-01-19,2025-01-19,341,341.0
PO_06338,PRD_0675,SUP_066,WH_004,2025-08-08,2025-08-17,2025-08-19,71,71.0
PO_06339,PRD_1455,SUP_013,WH_077,2022-11-02,2022-11-06,2022-11-06,362,362.0
PO_06340,PRD_4186,SUP_160,WH_001,2022-02-03,2022-02-08,2022-02-11,74,74.0
PO_06341,PRD_4885,SUP_045,WH_020,2025-08-20,2025-09-03,,199,
PO_06342,PRD_4581,SUP_170,WH_007,2023-01-13,2023-01-21,2023-01-21,308,308.0
PO_06343,PRD_1321,SUP_099,WH_022,2024-11-09,2024-11-15,2024-11-15,117,117.0
PO_06344,PRD_4311,SUP_128,WH_011,2025-09-11,2025-09-14,2025-09-14,474,474.0
PO_06345,PRD_1431,SUP_200,WH_075,2025-11-15,2025-11-19,2025-11-19,339,339.0
PO_06346,PRD_2826,SUP_014,WH_060,2025-05-17,2025-05-30,2025-05-30,187,187.0
PO_06347,PRD_3403,SUP_161,WH_068,2023-03-21,2023-03-26,2023-04-02,42,42.0
PO_06348,PRD_2666,SUP_067,WH_029,2024-07-27,2024-07-31,2024-08-03,128,128.0
PO_06349,PRD_3487,SUP_037,WH_007,2023-02-03,2023-02-15,2023-02-21,131,131.0
PO_06350,PRD_4420,SUP_147,WH_014,2025-10-02,2025-10-12,2025-10-12,32,32.0
PO_06351,PRD_2003,SUP_006,WH_003,2024-09-09,2024-09-23,2024-09-23,245,245.0
PO_06352,PRD_4600,SUP_139,WH_008,2025-08-08,2025-08-09,2025-08-09,437,340.0
PO_06353,PRD_1162,SUP_199,WH_022,2024-04-27,2024-04-28,2024-05-04,321,321.0
PO_06354,PRD_1629,SUP_091,WH_054,2023-05-09,2023-05-10,2023-05-10,489,352.0
PO_06355,PRD_0780,SUP_177,WH_008,2022-08-02,2022-08-03,2022-08-09,23,23.0
PO_06356,PRD_2235,SUP_176,WH_043,2025-09-18,2025-09-29,2025-10-06,274,274.0
PO_06357,PRD_2851,SUP_149,WH_007,2022-02-12,2022-02-19,2022-02-21,345,345.0
PO_06358,PRD_0656,SUP_018,WH_009,2022-12-27,2023-01-02,2023-01-02,331,331.0
PO_06359,PRD_0957,SUP_146,WH_042,2024-05-19,2024-06-02,2024-06-02,486,486.0
PO_06360,PRD_3044,SUP_145,WH_016,2022-02-23,2022-03-02,,353,
PO_06361,PRD_0683,SUP_148,WH_009,2025-11-12,2025-11-15,2025-11-15,320,320.0
PO_06362,PRD_2645,SUP_091,WH_003,2024-01-04,2024-01-05,2024-01-05,144,144.0
PO_06363,PRD_1357,SUP_125,WH_021,2025-09-24,2025-09-28,2025-09-28,185,185.0
PO_06364,PRD_0622,SUP_165,WH_015,2023-02-21,2023-03-02,2023-03-02,236,236.0
PO_06365,PRD_3733,SUP_173,WH_043,2025-04-07,2025-04-08,2025-04-09,130,130.0
PO_06366,PRD_3239,SUP_170,WH_060,2022-02-02,2022-02-10,2022-02-10,402,402.0
PO_06367,PRD_0451,SUP_095,WH_076,2025-08-08,2025-08-10,2025-08-10,312,312.0
PO_06368,PRD_3595,SUP_070,WH_079,2023-12-18,2023-12-19,2023-12-19,286,286.0
PO_06369,PRD_1972,SUP_120,WH_064,2023-11-26,2023-12-09,2023-12-09,463,463.0
PO_06370,PRD_4918,SUP_062,WH_012,2025-08-20,2025-08-28,,79,
PO_06371,PRD_0259,SUP_186,WH_036,2025-09-10,2025-09-19,2025-09-19,82,82.0
PO_06372,PRD_2096,SUP_122,WH_049,2022-06-11,2022-06-15,2022-06-15,173,173.0
PO_06373,PRD_0991,SUP_185,WH_064,2024-03-18,2024-04-01,,197,
PO_06374,PRD_2606,SUP_004,WH_053,2024-07-08,2024-07-21,,290,
PO_06375,PRD_0527,SUP_067,WH_006,2025-04-19,2025-04-23,2025-04-23,478,478.0
PO_06376,PRD_2424,SUP_170,WH_070,2024-03-24,2024-04-01,2024-04-01,306,306.0
PO_06377,PRD_4884,SUP_178,WH_009,2025-08-18,2025-08-26,,208,
PO_06378,PRD_1305,SUP_143,WH_060,2025-08-13,2025-08-22,2025-08-22,221,221.0
PO_06379,PRD_3417,SUP_030,WH_024,2024-02-23,2024-03-06,2024-03-06,460,460.0
PO_06380,PRD_0459,SUP_118,WH_046,2023-01-05,2023-01-16,2023-01-19,80,80.0
PO_06381,PRD_1581,SUP_196,WH_040,2022-08-16,2022-08-29,2022-08-29,300,300.0
PO_06382,PRD_4729,SUP_127,WH_009,2023-03-14,2023-03-24,2023-03-24,312,312.0
PO_06383,PRD_2917,SUP_174,WH_054,2023-08-26,2023-09-03,2023-09-11,350,350.0
PO_06384,PRD_2213,SUP_020,WH_005,2024-01-17,2024-01-19,2024-01-19,265,265.0
PO_06385,PRD_3024,SUP_123,WH_068,2022-08-01,2022-08-13,2022-08-13,371,371.0
PO_06386,PRD_0599,SUP_066,WH_013,2025-05-18,2025-05-27,2025-05-27,474,474.0
PO_06387,PRD_3893,SUP_072,WH_011,2023-12-04,2023-12-08,2023-12-08,96,67.0
PO_06388,PRD_3698,SUP_024,WH_047,2025-12-14,2025-12-23,2025-12-23,419,419.0
PO_06389,PRD_3551,SUP_104,WH_017,2025-05-22,2025-05-30,2025-05-30,293,293.0
PO_06390,PRD_0478,SUP_168,WH_050,2025-09-03,2025-09-06,2025-09-10,90,80.0
PO_06391,PRD_1414,SUP_082,WH_005,2022-10-11,2022-10-12,2022-10-12,423,423.0
PO_06392,PRD_2859,SUP_079,WH_030,2022-11-05,2022-11-10,2022-11-10,265,265.0
PO_06393,PRD_4101,SUP_156,WH_009,2022-11-05,2022-11-07,2022-11-07,342,342.0
PO_06394,PRD_3825,SUP_011,WH_069,2024-02-21,2024-03-03,2024-03-05,441,441.0
PO_06395,PRD_4599,SUP_010,WH_050,2023-05-02,2023-05-15,2023-05-15,68,68.0
PO_06396,PRD_3514,SUP_043,WH_078,2024-10-22,2024-10-31,2024-11-01,468,468.0
PO_06397,PRD_2602,SUP_167,WH_032,2023-01-02,2023-01-05,,68,
PO_06398,PRD_2135,SUP_194,WH_060,2025-07-04,2025-07-10,2025-07-10,288,255.0
PO_06399,PRD_3595,SUP_070,WH_039,2025-05-16,2025-05-17,2025-05-17,143,93.0
PO_06400,PRD_2451,SUP_158,WH_040,2024-12-14,2024-12-28,,290,
PO_06401,PRD_1942,SUP_095,WH_076,2022-10-18,2022-10-20,,347,
PO_06402,PRD_2148,SUP_194,WH_036,2025-09-04,2025-09-10,2025-09-10,390,390.0
PO_06403,PRD_3276,SUP_121,WH_052,2023-11-06,2023-11-09,2023-11-15,436,436.0
PO_06404,PRD_4890,SUP_063,WH_045,2025-05-01,2025-05-12,2025-05-15,361,361.0
PO_06405,PRD_4279,SUP_018,WH_014,2025-03-03,2025-03-09,2025-03-09,218,218.0
PO_06406,PRD_1911,SUP_139,WH_025,2022-10-26,2022-10-27,2022-10-27,363,363.0
PO_06407,PRD_2493,SUP_158,WH_011,2025-05-21,2025-06-04,2025-06-04,259,259.0
PO_06408,PRD_1477,SUP_117,WH_074,2025-04-27,2025-05-09,2025-05-09,36,36.0
PO_06409,PRD_1305,SUP_143,WH_060,2022-03-08,2022-03-17,2022-03-17,437,437.0
PO_06410,PRD_3719,SUP_047,WH_012,2025-11-04,2025-11-08,2025-11-16,492,492.0
PO_06411,PRD_4955,SUP_045,WH_053,2023-08-04,2023-08-18,2023-08-26,309,309.0
PO_06412,PRD_0192,SUP_014,WH_008,2024-02-07,2024-02-20,2024-02-21,337,247.0
PO_06413,PRD_1987,SUP_149,WH_064,2023-07-13,2023-07-20,2023-07-20,405,244.0
PO_06414,PRD_4432,SUP_039,WH_061,2022-11-08,2022-11-15,2022-11-15,357,357.0
PO_06415,PRD_4297,SUP_186,WH_075,2023-02-27,2023-03-08,2023-03-12,456,456.0
PO_06416,PRD_0479,SUP_040,WH_074,2022-01-14,2022-01-28,2022-02-01,347,347.0
PO_06417,PRD_3867,SUP_126,WH_019,2024-09-18,2024-09-21,2024-09-21,325,325.0
PO_06418,PRD_0399,SUP_193,WH_007,2023-11-27,2023-11-29,2023-11-29,435,326.0
PO_06419,PRD_3397,SUP_140,WH_024,2023-06-22,2023-07-03,2023-07-03,171,114.0
PO_06420,PRD_2228,SUP_161,WH_053,2023-11-15,2023-11-20,2023-11-20,387,387.0
PO_06421,PRD_0031,SUP_191,WH_043,2022-01-07,2022-01-21,2022-01-21,220,220.0
PO_06422,PRD_3411,SUP_068,WH_067,2024-04-25,2024-04-26,2024-04-26,34,34.0
PO_06423,PRD_1496,SUP_185,WH_047,2024-12-06,2024-12-20,2024-12-20,493,493.0
PO_06424,PRD_4142,SUP_023,WH_067,2024-01-22,2024-02-05,2024-02-05,49,49.0
PO_06425,PRD_1619,SUP_193,WH_059,2023-06-01,2023-06-03,2023-06-03,75,75.0
PO_06426,PRD_3621,SUP_078,WH_002,2022-04-14,2022-04-15,2022-04-15,477,414.0
PO_06427,PRD_0220,SUP_053,WH_023,2022-12-17,2022-12-25,2022-12-25,86,86.0
PO_06428,PRD_3362,SUP_030,WH_014,2022-10-01,2022-10-13,2022-10-13,294,294.0
PO_06429,PRD_1564,SUP_140,WH_064,2023-04-23,2023-05-04,2023-05-04,196,196.0
PO_06430,PRD_1877,SUP_005,WH_005,2024-06-04,2024-06-08,2024-06-08,316,243.0
PO_06431,PRD_1838,SUP_005,WH_025,2023-10-15,2023-10-19,2023-10-19,88,68.0
PO_06432,PRD_4841,SUP_062,WH_021,2023-09-16,2023-09-24,2023-09-24,325,325.0
PO_06433,PRD_4317,SUP_186,WH_055,2022-08-24,2022-09-02,,129,
PO_06434,PRD_2312,SUP_184,WH_058,2024-09-20,2024-09-23,,429,
PO_06435,PRD_0161,SUP_065,WH_034,2022-07-09,2022-07-17,2022-07-17,106,106.0
PO_06436,PRD_2601,SUP_152,WH_006,2022-01-27,2022-02-05,2022-02-11,274,181.0
PO_06437,PRD_3685,SUP_180,WH_038,2024-09-07,2024-09-13,2024-09-13,399,399.0
PO_06438,PRD_0986,SUP_158,WH_045,2025-02-26,2025-03-12,2025-03-12,488,488.0
PO_06439,PRD_1788,SUP_165,WH_061,2023-01-19,2023-01-28,2023-02-03,436,436.0
PO_06440,PRD_0255,SUP_058,WH_002,2023-12-14,2023-12-15,2023-12-15,297,297.0
PO_06441,PRD_1816,SUP_007,WH_066,2025-01-25,2025-01-30,,260,
PO_06442,PRD_1221,SUP_055,WH_056,2025-01-17,2025-01-26,2025-01-26,59,59.0
PO_06443,PRD_0671,SUP_190,WH_019,2022-02-17,2022-02-19,2022-02-20,259,259.0
PO_06444,PRD_0881,SUP_187,WH_041,2024-04-10,2024-04-13,2024-04-13,365,365.0
PO_06445,PRD_1422,SUP_136,WH_007,2022-10-19,2022-10-26,2022-10-26,217,217.0
PO_06446,PRD_3487,SUP_037,WH_061,2025-10-11,2025-10-23,2025-10-23,354,354.0
PO_06447,PRD_4034,SUP_001,WH_041,2022-04-14,2022-04-21,2022-04-21,255,173.0
PO_06448,PRD_4142,SUP_023,WH_056,2025-11-07,2025-11-21,2025-11-21,248,248.0
PO_06449,PRD_3675,SUP_019,WH_019,2024-11-11,2024-11-23,2024-11-23,462,462.0
PO_06450,PRD_3574,SUP_146,WH_077,2025-01-06,2025-01-20,2025-01-20,359,359.0
PO_06451,PRD_4217,SUP_142,WH_058,2023-06-12,2023-06-21,2023-06-21,123,123.0
PO_06452,PRD_4775,SUP_145,WH_034,2025-05-21,2025-05-28,2025-05-28,222,134.0
PO_06453,PRD_1725,SUP_121,WH_016,2023-08-08,2023-08-11,,397,
PO_06454,PRD_2840,SUP_004,WH_014,2025-01-07,2025-01-20,2025-01-26,118,118.0
PO_06455,PRD_4570,SUP_168,WH_011,2022-05-16,2022-05-19,2022-05-19,55,55.0
PO_06456,PRD_0642,SUP_134,WH_030,2024-07-17,2024-07-18,2024-07-18,100,100.0
PO_06457,PRD_0482,SUP_171,WH_076,2022-08-11,2022-08-17,2022-08-17,259,259.0
PO_06458,PRD_3358,SUP_109,WH_055,2025-12-27,2026-01-01,2026-01-01,129,129.0
PO_06459,PRD_3355,SUP_193,WH_047,2022-09-26,2022-09-28,2022-09-28,322,322.0
PO_06460,PRD_4308,SUP_063,WH_066,2025-10-05,2025-10-16,2025-10-16,126,126.0
PO_06461,PRD_3813,SUP_133,WH_049,2023-11-02,2023-11-11,2023-11-11,497,497.0
PO_06462,PRD_3692,SUP_059,WH_010,2024-03-23,2024-03-26,2024-04-01,194,194.0
PO_06463,PRD_0454,SUP_046,WH_058,2025-07-06,2025-07-15,2025-07-15,439,439.0
PO_06464,PRD_1604,SUP_138,WH_079,2023-12-14,2023-12-22,2023-12-26,354,354.0
PO_06465,PRD_4388,SUP_088,WH_021,2022-08-25,2022-08-31,2022-08-31,363,363.0
PO_06466,PRD_2180,SUP_154,WH_008,2024-08-13,2024-08-25,2024-08-25,368,368.0
PO_06467,PRD_2210,SUP_089,WH_035,2025-11-05,2025-11-12,2025-11-12,270,270.0
PO_06468,PRD_1500,SUP_174,WH_067,2022-02-26,2022-03-06,2022-03-06,421,421.0
PO_06469,PRD_2563,SUP_004,WH_076,2023-06-26,2023-07-09,,306,
PO_06470,PRD_4870,SUP_043,WH_011,2024-05-20,2024-05-29,2024-06-02,367,367.0
PO_06471,PRD_0887,SUP_018,WH_063,2025-10-18,2025-10-24,2025-10-24,371,371.0
PO_06472,PRD_2024,SUP_040,WH_041,2022-07-15,2022-07-29,2022-07-29,255,159.0
PO_06473,PRD_1595,SUP_192,WH_065,2025-08-14,2025-08-16,2025-08-18,358,358.0
PO_06474,PRD_4259,SUP_187,WH_026,2025-09-01,2025-09-04,2025-09-12,44,32.0
PO_06475,PRD_1671,SUP_100,WH_071,2025-08-13,2025-08-20,2025-08-20,214,214.0
PO_06476,PRD_2375,SUP_089,WH_030,2023-12-04,2023-12-11,2023-12-11,298,211.0
PO_06477,PRD_1083,SUP_197,WH_051,2024-07-26,2024-08-04,2024-08-04,348,348.0
PO_06478,PRD_4302,SUP_088,WH_078,2024-09-23,2024-09-29,2024-09-29,222,145.0
PO_06479,PRD_2148,SUP_194,WH_074,2022-08-14,2022-08-20,2022-08-20,294,294.0
PO_06480,PRD_1795,SUP_022,WH_040,2022-11-07,2022-11-20,2022-11-20,395,395.0
PO_06481,PRD_3126,SUP_123,WH_006,2023-06-22,2023-07-04,2023-07-10,280,219.0
PO_06482,PRD_4369,SUP_073,WH_055,2025-07-26,2025-08-07,,136,
PO_06483,PRD_1079,SUP_024,WH_034,2025-08-12,2025-08-21,2025-08-21,483,337.0
PO_06484,PRD_1011,SUP_086,WH_041,2025-12-05,2025-12-07,2025-12-07,119,98.0
PO_06485,PRD_1142,SUP_127,WH_050,2023-12-23,2024-01-02,,454,
PO_06486,PRD_2750,SUP_073,WH_018,2025-04-07,2025-04-19,2025-04-24,378,378.0
PO_06487,PRD_0077,SUP_065,WH_052,2024-09-03,2024-09-11,2024-09-11,171,171.0
PO_06488,PRD_3574,SUP_146,WH_046,2025-03-23,2025-04-06,2025-04-06,370,370.0
PO_06489,PRD_2050,SUP_028,WH_005,2024-02-07,2024-02-19,2024-02-19,64,64.0
PO_06490,PRD_4746,SUP_068,WH_011,2025-09-14,2025-09-15,2025-09-15,36,36.0
PO_06491,PRD_3626,SUP_079,WH_035,2024-09-02,2024-09-07,2024-09-07,118,118.0
PO_06492,PRD_3476,SUP_170,WH_039,2025-02-23,2025-03-03,2025-03-03,158,158.0
PO_06493,PRD_0604,SUP_149,WH_021,2025-10-21,2025-10-28,2025-10-28,446,446.0
PO_06494,PRD_2453,SUP_148,WH_078,2024-11-12,2024-11-15,2024-11-15,476,476.0
PO_06495,PRD_3544,SUP_037,WH_039,2025-12-14,2025-12-26,2026-01-03,384,384.0
PO_06496,PRD_1116,SUP_002,WH_016,2024-08-19,2024-08-20,2024-08-20,473,473.0
PO_06497,PRD_0536,SUP_089,WH_080,2025-12-01,2025-12-08,,304,
PO_06498,PRD_0681,SUP_165,WH_032,2025-08-06,2025-08-15,2025-08-15,302,302.0
PO_06499,PRD_1981,SUP_095,WH_076,2022-06-07,2022-06-09,2022-06-09,404,404.0
PO_06500,PRD_1383,SUP_032,WH_065,2022-03-12,2022-03-26,2022-04-02,161,161.0
PO_06501,PRD_3980,SUP_024,WH_023,2024-12-17,2024-12-26,2024-12-30,444,372.0
PO_06502,PRD_0691,SUP_085,WH_010,2022-02-23,2022-02-25,2022-03-03,104,104.0
PO_06503,PRD_1864,SUP_090,WH_025,2022-12-02,2022-12-07,2022-12-07,94,94.0
PO_06504,PRD_4836,SUP_098,WH_037,2022-04-03,2022-04-13,2022-04-13,302,302.0
PO_06505,PRD_1154,SUP_028,WH_064,2022-12-06,2022-12-18,2022-12-18,90,90.0
PO_06506,PRD_3943,SUP_196,WH_036,2022-01-13,2022-01-26,2022-01-26,313,313.0
PO_06507,PRD_2375,SUP_089,WH_043,2022-06-04,2022-06-11,2022-06-11,441,441.0
PO_06508,PRD_4689,SUP_170,WH_043,2022-01-19,2022-01-27,2022-01-27,390,390.0
PO_06509,PRD_4634,SUP_068,WH_056,2023-07-11,2023-07-12,2023-07-12,167,167.0
PO_06510,PRD_3741,SUP_196,WH_052,2025-09-13,2025-09-26,2025-09-30,314,276.0
PO_06511,PRD_1426,SUP_107,WH_070,2022-04-18,2022-04-24,2022-04-28,428,428.0
PO_06512,PRD_3982,SUP_194,WH_012,2023-08-22,2023-08-28,2023-08-28,404,404.0
PO_06513,PRD_2349,SUP_137,WH_035,2025-04-17,2025-04-19,2025-04-19,470,470.0
PO_06514,PRD_4596,SUP_018,WH_025,2023-02-08,2023-02-14,2023-02-14,488,488.0
PO_06515,PRD_1423,SUP_122,WH_035,2022-01-09,2022-01-13,2022-01-13,430,430.0
PO_06516,PRD_2542,SUP_084,WH_022,2023-09-26,2023-09-27,2023-09-27,404,404.0
PO_06517,PRD_3044,SUP_145,WH_042,2023-08-03,2023-08-10,2023-08-10,128,128.0
PO_06518,PRD_2222,SUP_097,WH_061,2024-07-23,2024-08-04,2024-08-04,42,35.0
PO_06519,PRD_0299,SUP_029,WH_057,2023-07-19,2023-07-31,2023-07-31,98,98.0
PO_06520,PRD_3137,SUP_021,WH_072,2025-01-03,2025-01-13,2025-01-18,251,199.0
PO_06521,PRD_4593,SUP_074,WH_024,2024-07-20,2024-08-03,2024-08-03,146,146.0
PO_06522,PRD_4918,SUP_062,WH_061,2023-09-08,2023-09-16,2023-09-16,119,119.0
PO_06523,PRD_3948,SUP_011,WH_041,2024-03-09,2024-03-20,2024-03-24,160,160.0
PO_06524,PRD_4652,SUP_105,WH_073,2023-06-21,2023-07-02,2023-07-02,176,176.0
PO_06525,PRD_4514,SUP_135,WH_062,2025-02-09,2025-02-17,2025-02-17,290,290.0
PO_06526,PRD_4700,SUP_167,WH_007,2022-01-21,2022-01-24,2022-01-24,474,474.0
PO_06527,PRD_0960,SUP_094,WH_075,2024-07-22,2024-08-05,2024-08-05,314,314.0
PO_06528,PRD_2539,SUP_062,WH_066,2022-09-02,2022-09-10,2022-09-12,31,31.0
PO_06529,PRD_2422,SUP_154,WH_015,2022-01-27,2022-02-08,2022-02-11,325,325.0
PO_06530,PRD_0033,SUP_030,WH_030,2025-07-03,2025-07-15,2025-07-15,194,194.0
PO_06531,PRD_0375,SUP_059,WH_003,2025-11-13,2025-11-16,2025-11-16,395,395.0
PO_06532,PRD_4932,SUP_015,WH_028,2024-02-15,2024-02-22,2024-02-22,109,109.0
PO_06533,PRD_1955,SUP_062,WH_066,2023-04-04,2023-04-12,2023-04-16,376,376.0
PO_06534,PRD_3247,SUP_105,WH_032,2022-03-16,2022-03-27,2022-03-27,164,123.0
PO_06535,PRD_3599,SUP_070,WH_022,2023-12-16,2023-12-17,2023-12-20,194,194.0
PO_06536,PRD_4596,SUP_018,WH_017,2022-02-22,2022-02-28,2022-03-07,474,312.0
PO_06537,PRD_2033,SUP_095,WH_040,2022-09-17,2022-09-19,2022-09-22,139,139.0
PO_06538,PRD_2341,SUP_063,WH_079,2025-01-11,2025-01-22,2025-01-22,417,417.0
PO_06539,PRD_0167,SUP_164,WH_015,2022-03-26,2022-04-04,2022-04-04,71,71.0
PO_06540,PRD_2535,SUP_063,WH_008,2022-08-12,2022-08-23,2022-08-23,400,356.0
PO_06541,PRD_3722,SUP_083,WH_047,2025-10-16,2025-10-27,2025-10-27,260,260.0
PO_06542,PRD_1951,SUP_006,WH_042,2024-06-13,2024-06-27,2024-06-27,91,61.0
PO_06543,PRD_0767,SUP_074,WH_020,2022-03-21,2022-04-04,2022-04-04,434,434.0
PO_06544,PRD_0196,SUP_086,WH_010,2022-01-16,2022-01-18,2022-01-18,371,371.0
PO_06545,PRD_1964,SUP_180,WH_025,2025-02-10,2025-02-16,2025-02-16,22,22.0
PO_06546,PRD_4895,SUP_043,WH_018,2023-02-01,2023-02-10,2023-02-10,53,53.0
PO_06547,PRD_4803,SUP_157,WH_022,2023-02-06,2023-02-07,2023-02-07,146,146.0
PO_06548,PRD_1973,SUP_008,WH_065,2023-04-10,2023-04-17,2023-04-17,487,487.0
PO_06549,PRD_0659,SUP_072,WH_071,2022-10-13,2022-10-17,2022-10-17,79,79.0
PO_06550,PRD_0371,SUP_040,WH_008,2023-03-12,2023-03-26,2023-03-26,227,227.0
PO_06551,PRD_1175,SUP_050,WH_050,2022-11-21,2022-11-24,2022-11-28,223,223.0
PO_06552,PRD_2069,SUP_033,WH_028,2023-03-10,2023-03-24,2023-03-27,292,292.0
PO_06553,PRD_3985,SUP_027,WH_050,2025-01-16,2025-01-28,2025-02-05,397,397.0
PO_06554,PRD_1745,SUP_101,WH_041,2023-09-19,2023-09-23,2023-09-23,60,60.0
PO_06555,PRD_4857,SUP_076,WH_036,2025-11-17,2025-11-19,2025-11-19,393,328.0
PO_06556,PRD_3943,SUP_196,WH_023,2022-04-11,2022-04-24,2022-04-24,284,235.0
PO_06557,PRD_3472,SUP_009,WH_037,2023-11-09,2023-11-16,,30,
PO_06558,PRD_3923,SUP_133,WH_020,2022-04-05,2022-04-14,2022-04-14,293,293.0
PO_06559,PRD_2007,SUP_056,WH_029,2023-08-27,2023-09-10,2023-09-10,229,229.0
PO_06560,PRD_3103,SUP_197,WH_006,2022-02-17,2022-02-26,2022-02-26,478,478.0
PO_06561,PRD_1777,SUP_007,WH_024,2023-06-05,2023-06-10,2023-06-14,159,159.0
PO_06562,PRD_2706,SUP_124,WH_049,2023-03-19,2023-03-30,2023-04-05,491,491.0
PO_06563,PRD_2900,SUP_200,WH_068,2025-01-15,2025-01-19,2025-01-25,55,55.0
PO_06564,PRD_0587,SUP_103,WH_059,2025-02-12,2025-02-23,,419,
PO_06565,PRD_1794,SUP_145,WH_004,2024-01-14,2024-01-21,2024-01-21,429,429.0
PO_06566,PRD_0686,SUP_085,WH_066,2022-02-25,2022-02-27,2022-02-27,287,287.0
PO_06567,PRD_4705,SUP_152,WH_019,2022-01-20,2022-01-29,2022-01-29,168,168.0
PO_06568,PRD_1166,SUP_114,WH_036,2025-11-27,2025-12-08,2025-12-15,408,408.0
PO_06569,PRD_4912,SUP_044,WH_056,2022-01-18,2022-01-29,,28,
PO_06570,PRD_1855,SUP_035,WH_046,2022-03-08,2022-03-18,2022-03-18,350,350.0
PO_06571,PRD_1319,SUP_117,WH_018,2022-04-27,2022-05-09,2022-05-09,267,267.0
PO_06572,PRD_1221,SUP_055,WH_004,2023-06-22,2023-07-01,2023-07-01,388,388.0
PO_06573,PRD_4015,SUP_001,WH_034,2024-11-17,2024-11-24,2024-11-24,96,73.0
PO_06574,PRD_0218,SUP_073,WH_078,2024-08-04,2024-08-16,2024-08-23,227,227.0
PO_06575,PRD_3627,SUP_129,WH_057,2022-01-13,2022-01-16,,132,
PO_06576,PRD_4372,SUP_182,WH_048,2022-10-01,2022-10-05,,418,
PO_06577,PRD_0680,SUP_046,WH_036,2024-11-27,2024-12-06,2024-12-06,96,96.0
PO_06578,PRD_4867,SUP_111,WH_040,2025-12-03,2025-12-05,2025-12-05,329,329.0
PO_06579,PRD_1155,SUP_050,WH_077,2022-11-10,2022-11-13,,218,
PO_06580,PRD_3796,SUP_121,WH_029,2022-08-16,2022-08-19,,88,
PO_06581,PRD_4008,SUP_114,WH_019,2023-02-25,2023-03-08,2023-03-08,22,22.0
PO_06582,PRD_1894,SUP_035,WH_027,2022-10-24,2022-11-03,2022-11-03,131,131.0
PO_06583,PRD_1747,SUP_021,WH_026,2022-04-21,2022-05-01,2022-05-01,297,297.0
PO_06584,PRD_3666,SUP_065,WH_029,2022-03-04,2022-03-12,2022-03-12,198,198.0
PO_06585,PRD_1900,SUP_022,WH_077,2025-07-25,2025-08-07,2025-08-13,220,220.0
PO_06586,PRD_0878,SUP_171,WH_050,2022-06-25,2022-07-01,2022-07-01,186,135.0
PO_06587,PRD_3442,SUP_073,WH_033,2022-10-05,2022-10-17,2022-10-17,183,183.0
PO_06588,PRD_3099,SUP_075,WH_057,2024-10-10,2024-10-17,2024-10-17,321,321.0
PO_06589,PRD_0287,SUP_057,WH_046,2022-05-17,2022-05-22,2022-05-22,405,405.0
PO_06590,PRD_3923,SUP_133,WH_012,2023-07-03,2023-07-12,2023-07-12,436,436.0
PO_06591,PRD_4423,SUP_030,WH_029,2022-04-03,2022-04-15,2022-04-15,472,472.0
PO_06592,PRD_1856,SUP_007,WH_030,2022-01-13,2022-01-18,2022-01-18,398,302.0
PO_06593,PRD_3047,SUP_014,WH_044,2022-07-12,2022-07-25,2022-07-26,106,106.0
PO_06594,PRD_4515,SUP_112,WH_040,2022-02-25,2022-03-03,2022-03-10,456,456.0
PO_06595,PRD_1989,SUP_056,WH_034,2022-01-02,2022-01-16,2022-01-21,176,176.0
PO_06596,PRD_3614,SUP_113,WH_025,2024-08-02,2024-08-08,2024-08-08,287,227.0
PO_06597,PRD_1050,SUP_046,WH_017,2022-09-25,2022-10-04,2022-10-05,430,430.0
PO_06598,PRD_3729,SUP_045,WH_030,2023-02-01,2023-02-15,2023-02-15,455,455.0
PO_06599,PRD_1434,SUP_017,WH_017,2025-08-27,2025-08-30,2025-08-30,179,179.0
PO_06600,PRD_0323,SUP_169,WH_051,2025-02-02,2025-02-06,2025-02-06,167,167.0
PO_06601,PRD_4558,SUP_170,WH_053,2022-11-22,2022-11-30,2022-11-30,195,123.0
PO_06602,PRD_3938,SUP_086,WH_003,2024-02-02,2024-02-04,2024-02-04,124,124.0
PO_06603,PRD_2326,SUP_110,WH_070,2024-05-11,2024-05-15,2024-05-15,342,342.0
PO_06604,PRD_1871,SUP_119,WH_077,2025-11-02,2025-11-08,2025-11-08,134,134.0
PO_06605,PRD_3712,SUP_173,WH_041,2024-05-12,2024-05-13,2024-05-13,51,51.0
PO_06606,PRD_0808,SUP_171,WH_074,2024-01-22,2024-01-28,2024-02-04,373,373.0
PO_06607,PRD_2720,SUP_135,WH_074,2024-01-04,2024-01-12,2024-01-12,292,200.0
PO_06608,PRD_0148,SUP_109,WH_017,2024-07-05,2024-07-10,2024-07-10,379,379.0
PO_06609,PRD_4767,SUP_076,WH_027,2022-12-10,2022-12-12,2022-12-12,375,375.0
PO_06610,PRD_0117,SUP_028,WH_073,2023-09-26,2023-10-08,2023-10-08,129,129.0
PO_06611,PRD_3024,SUP_123,WH_025,2024-02-14,2024-02-26,2024-02-28,188,188.0
PO_06612,PRD_4970,SUP_128,WH_038,2022-06-16,2022-06-19,2022-06-19,446,446.0
PO_06613,PRD_1566,SUP_104,WH_017,2025-08-09,2025-08-17,2025-08-25,255,255.0
PO_06614,PRD_1987,SUP_149,WH_002,2025-01-26,2025-02-02,,95,
PO_06615,PRD_3247,SUP_105,WH_042,2024-01-08,2024-01-19,2024-01-19,79,79.0
PO_06616,PRD_1943,SUP_062,WH_077,2022-05-20,2022-05-28,,120,
PO_06617,PRD_3212,SUP_177,WH_078,2025-11-26,2025-11-27,,491,
PO_06618,PRD_0580,SUP_103,WH_013,2025-08-10,2025-08-21,2025-08-21,440,440.0
PO_06619,PRD_2533,SUP_046,WH_015,2025-07-03,2025-07-12,2025-07-12,344,344.0
PO_06620,PRD_3157,SUP_077,WH_038,2024-05-05,2024-05-08,2024-05-08,117,117.0
PO_06621,PRD_2066,SUP_156,WH_053,2023-07-27,2023-07-29,2023-07-29,205,205.0
PO_06622,PRD_1207,SUP_044,WH_025,2024-08-14,2024-08-25,2024-08-25,362,362.0
PO_06623,PRD_4874,SUP_114,WH_061,2024-01-09,2024-01-20,2024-01-20,343,343.0
PO_06624,PRD_0154,SUP_014,WH_007,2023-01-26,2023-02-08,2023-02-08,430,302.0
PO_06625,PRD_3731,SUP_090,WH_001,2025-08-25,2025-08-30,2025-09-01,316,276.0
PO_06626,PRD_0329,SUP_118,WH_002,2025-10-23,2025-11-03,2025-11-03,99,99.0
PO_06627,PRD_4353,SUP_187,WH_040,2022-06-22,2022-06-25,2022-06-25,255,255.0
PO_06628,PRD_4614,SUP_192,WH_011,2022-10-11,2022-10-13,2022-10-15,252,252.0
PO_06629,PRD_3765,SUP_072,WH_032,2024-05-05,2024-05-09,2024-05-12,376,376.0
PO_06630,PRD_0176,SUP_053,WH_047,2025-05-19,2025-05-27,2025-05-31,222,222.0
PO_06631,PRD_4919,SUP_062,WH_029,2022-12-23,2022-12-31,2023-01-02,237,197.0
PO_06632,PRD_0067,SUP_176,WH_040,2022-06-01,2022-06-12,2022-06-12,450,450.0
PO_06633,PRD_1322,SUP_114,WH_065,2025-02-08,2025-02-19,2025-02-19,35,35.0
PO_06634,PRD_1952,SUP_008,WH_054,2025-04-19,2025-04-26,2025-05-02,103,86.0
PO_06635,PRD_0700,SUP_030,WH_003,2023-03-02,2023-03-14,2023-03-14,301,301.0
PO_06636,PRD_4031,SUP_069,WH_019,2022-01-19,2022-02-02,2022-02-02,399,399.0
PO_06637,PRD_1695,SUP_123,WH_069,2023-01-16,2023-01-28,2023-01-29,262,186.0
PO_06638,PRD_0775,SUP_085,WH_006,2025-09-21,2025-09-23,2025-10-01,311,311.0
PO_06639,PRD_0816,SUP_105,WH_001,2025-01-14,2025-01-25,2025-01-25,476,476.0
PO_06640,PRD_4912,SUP_044,WH_063,2023-08-23,2023-09-03,2023-09-03,461,461.0
PO_06641,PRD_3950,SUP_150,WH_004,2025-02-26,2025-03-10,2025-03-10,173,173.0
PO_06642,PRD_1266,SUP_041,WH_005,2023-05-23,2023-05-24,2023-05-24,197,197.0
PO_06643,PRD_3751,SUP_196,WH_052,2023-10-13,2023-10-26,2023-10-26,402,402.0
PO_06644,PRD_1975,SUP_145,WH_014,2022-12-19,2022-12-26,2022-12-26,372,341.0
PO_06645,PRD_2540,SUP_143,WH_043,2024-04-26,2024-05-05,2024-05-08,422,422.0
PO_06646,PRD_2282,SUP_020,WH_018,2024-09-13,2024-09-15,2024-09-21,166,166.0
PO_06647,PRD_2680,SUP_003,WH_031,2024-11-23,2024-11-27,2024-12-04,381,372.0
PO_06648,PRD_3946,SUP_133,WH_023,2023-12-10,2023-12-19,2023-12-19,405,405.0
PO_06649,PRD_3948,SUP_011,WH_049,2023-03-20,2023-03-31,2023-03-31,20,20.0
PO_06650,PRD_1044,SUP_046,WH_059,2022-01-07,2022-01-16,2022-01-16,106,106.0
PO_06651,PRD_4765,SUP_098,WH_035,2023-04-09,2023-04-19,,116,
PO_06652,PRD_2529,SUP_163,WH_034,2023-06-26,2023-07-03,2023-07-03,276,234.0
PO_06653,PRD_2347,SUP_179,WH_075,2022-03-04,2022-03-08,2022-03-08,93,93.0
PO_06654,PRD_3402,SUP_105,WH_002,2022-05-07,2022-05-18,2022-05-18,309,270.0
PO_06655,PRD_0670,SUP_174,WH_056,2025-06-07,2025-06-15,2025-06-15,58,58.0
PO_06656,PRD_3142,SUP_143,WH_029,2022-07-15,2022-07-24,2022-07-24,230,230.0
PO_06657,PRD_1640,SUP_108,WH_060,2023-05-05,2023-05-13,2023-05-15,209,209.0
PO_06658,PRD_2590,SUP_125,WH_062,2025-02-09,2025-02-13,2025-02-13,80,80.0
PO_06659,PRD_1975,SUP_145,WH_052,2022-12-17,2022-12-24,2023-01-01,229,171.0
PO_06660,PRD_0268,SUP_144,WH_014,2024-10-22,2024-10-24,2024-10-24,456,456.0
PO_06661,PRD_4566,SUP_039,WH_070,2025-07-01,2025-07-08,2025-07-09,334,310.0
PO_06662,PRD_2633,SUP_158,WH_057,2022-08-09,2022-08-23,2022-08-23,320,210.0
PO_06663,PRD_1710,SUP_087,WH_030,2025-01-09,2025-01-21,2025-01-21,289,289.0
PO_06664,PRD_2759,SUP_089,WH_068,2024-09-20,2024-09-27,2024-09-27,212,212.0
PO_06665,PRD_1161,SUP_174,WH_017,2022-07-06,2022-07-14,2022-07-14,103,103.0
PO_06666,PRD_1075,SUP_058,WH_019,2023-10-08,2023-10-09,2023-10-09,208,154.0
PO_06667,PRD_0997,SUP_132,WH_034,2024-10-26,2024-10-30,2024-10-30,308,308.0
PO_06668,PRD_1157,SUP_099,WH_025,2025-04-07,2025-04-13,2025-04-13,307,307.0
PO_06669,PRD_3199,SUP_074,WH_044,2023-01-05,2023-01-19,2023-01-19,425,425.0
PO_06670,PRD_0103,SUP_040,WH_052,2024-10-25,2024-11-08,,152,
PO_06671,PRD_0885,SUP_076,WH_020,2025-06-10,2025-06-12,,257,
PO_06672,PRD_2926,SUP_114,WH_016,2023-08-06,2023-08-17,,252,
PO_06673,PRD_3982,SUP_194,WH_034,2024-08-24,2024-08-30,,20,
PO_06674,PRD_1951,SUP_006,WH_039,2024-04-18,2024-05-02,2024-05-09,81,58.0
PO_06675,PRD_2550,SUP_152,WH_031,2024-04-11,2024-04-20,2024-04-20,49,49.0
PO_06676,PRD_4194,SUP_113,WH_073,2024-10-17,2024-10-23,2024-10-23,318,318.0
PO_06677,PRD_4646,SUP_020,WH_004,2025-05-06,2025-05-08,2025-05-08,58,44.0
PO_06678,PRD_4954,SUP_092,WH_053,2025-11-24,2025-11-25,2025-11-25,312,312.0
PO_06679,PRD_4236,SUP_069,WH_002,2022-05-01,2022-05-15,,128,
PO_06680,PRD_1229,SUP_199,WH_051,2025-02-18,2025-02-19,2025-02-19,176,176.0
PO_06681,PRD_3896,SUP_121,WH_038,2023-09-14,2023-09-17,2023-09-17,478,478.0
PO_06682,PRD_0842,SUP_187,WH_058,2022-06-19,2022-06-22,2022-06-22,32,32.0
PO_06683,PRD_3499,SUP_111,WH_015,2023-12-09,2023-12-11,2023-12-17,151,151.0
PO_06684,PRD_3078,SUP_026,WH_071,2023-04-22,2023-04-28,2023-04-28,84,84.0
PO_06685,PRD_3737,SUP_121,WH_049,2022-01-17,2022-01-20,2022-01-20,445,445.0
PO_06686,PRD_4617,SUP_170,WH_021,2023-07-14,2023-07-22,2023-07-22,246,246.0
PO_06687,PRD_0329,SUP_118,WH_024,2022-12-24,2023-01-04,2023-01-04,75,48.0
PO_06688,PRD_3727,SUP_083,WH_039,2024-02-15,2024-02-26,2024-02-26,249,249.0
PO_06689,PRD_2276,SUP_148,WH_070,2022-07-22,2022-07-25,2022-07-27,317,317.0
PO_06690,PRD_2568,SUP_134,WH_060,2023-04-14,2023-04-15,2023-04-15,185,185.0
PO_06691,PRD_3705,SUP_043,WH_072,2022-05-20,2022-05-29,2022-05-29,31,29.0
PO_06692,PRD_0894,SUP_104,WH_025,2025-08-21,2025-08-29,,442,
PO_06693,PRD_4018,SUP_141,WH_050,2025-02-16,2025-02-28,2025-02-28,82,82.0
PO_06694,PRD_1305,SUP_143,WH_067,2024-10-09,2024-10-18,2024-10-24,362,362.0
PO_06695,PRD_2163,SUP_028,WH_023,2023-11-23,2023-12-05,2023-12-05,496,494.0
PO_06696,PRD_2358,SUP_080,WH_054,2023-03-14,2023-03-15,,216,
PO_06697,PRD_3004,SUP_143,WH_030,2023-02-03,2023-02-12,2023-02-12,497,497.0
PO_06698,PRD_0545,SUP_156,WH_064,2024-02-06,2024-02-08,2024-02-08,317,317.0
PO_06699,PRD_3894,SUP_047,WH_018,2022-03-13,2022-03-17,2022-03-17,329,329.0
PO_06700,PRD_4689,SUP_170,WH_071,2025-11-09,2025-11-17,2025-11-20,420,378.0
PO_06701,PRD_0389,SUP_168,WH_019,2022-12-03,2022-12-06,2022-12-06,413,270.0
PO_06702,PRD_0316,SUP_091,WH_035,2022-11-27,2022-11-28,2022-12-01,331,223.0
PO_06703,PRD_3980,SUP_024,WH_060,2022-08-12,2022-08-21,2022-08-21,173,173.0
PO_06704,PRD_0229,SUP_191,WH_012,2025-09-07,2025-09-21,2025-09-25,255,169.0
PO_06705,PRD_2953,SUP_116,WH_025,2025-02-02,2025-02-11,,132,
PO_06706,PRD_1479,SUP_060,WH_032,2023-07-14,2023-07-24,2023-07-24,391,391.0
PO_06707,PRD_4670,SUP_082,WH_079,2024-10-23,2024-10-24,2024-10-24,239,239.0
PO_06708,PRD_3517,SUP_192,WH_021,2025-06-08,2025-06-10,2025-06-10,210,210.0
PO_06709,PRD_0417,SUP_179,WH_050,2023-12-17,2023-12-21,,338,
PO_06710,PRD_1638,SUP_125,WH_010,2022-09-15,2022-09-19,2022-09-19,240,240.0
PO_06711,PRD_2259,SUP_110,WH_070,2022-09-04,2022-09-08,2022-09-09,156,156.0
PO_06712,PRD_3125,SUP_146,WH_035,2024-11-21,2024-12-05,2024-12-05,480,480.0
PO_06713,PRD_0270,SUP_142,WH_054,2022-08-01,2022-08-10,2022-08-10,246,246.0
PO_06714,PRD_0700,SUP_030,WH_017,2024-05-15,2024-05-27,2024-05-27,472,472.0
PO_06715,PRD_2049,SUP_156,WH_061,2022-04-01,2022-04-03,2022-04-03,119,119.0
PO_06716,PRD_2233,SUP_027,WH_022,2023-08-21,2023-09-02,2023-09-02,410,374.0
PO_06717,PRD_2486,SUP_071,WH_016,2022-12-26,2023-01-05,2023-01-05,223,223.0
PO_06718,PRD_3686,SUP_148,WH_057,2024-08-21,2024-08-24,2024-08-24,79,79.0
PO_06719,PRD_4037,SUP_132,WH_008,2022-02-22,2022-02-26,2022-02-26,389,241.0
PO_06720,PRD_4340,SUP_187,WH_044,2022-02-17,2022-02-20,2022-02-20,26,26.0
PO_06721,PRD_3333,SUP_058,WH_077,2024-03-02,2024-03-03,2024-03-04,419,419.0
PO_06722,PRD_3890,SUP_011,WH_052,2025-09-22,2025-10-03,2025-10-03,458,458.0
PO_06723,PRD_0960,SUP_094,WH_024,2023-06-22,2023-07-06,2023-07-14,368,368.0
PO_06724,PRD_2434,SUP_188,WH_025,2024-08-09,2024-08-18,2024-08-18,325,325.0
PO_06725,PRD_3524,SUP_011,WH_006,2024-09-06,2024-09-17,2024-09-17,42,28.0
PO_06726,PRD_1693,SUP_174,WH_064,2023-02-13,2023-02-21,2023-02-21,372,327.0
PO_06727,PRD_0320,SUP_090,WH_064,2023-04-21,2023-04-26,2023-05-03,311,311.0
PO_06728,PRD_1945,SUP_030,WH_051,2025-06-15,2025-06-27,2025-06-27,480,480.0
PO_06729,PRD_1982,SUP_006,WH_012,2025-12-22,2026-01-05,2026-01-05,468,468.0
PO_06730,PRD_3623,SUP_151,WH_056,2022-07-01,2022-07-11,2022-07-12,386,386.0
PO_06731,PRD_0116,SUP_065,WH_035,2023-08-07,2023-08-15,2023-08-15,425,425.0
PO_06732,PRD_0179,SUP_065,WH_006,2022-07-02,2022-07-10,2022-07-10,361,361.0
PO_06733,PRD_1938,SUP_095,WH_009,2022-04-18,2022-04-20,2022-04-20,236,236.0
PO_06734,PRD_1542,SUP_077,WH_036,2024-08-08,2024-08-11,2024-08-11,282,282.0
PO_06735,PRD_0554,SUP_134,WH_050,2025-11-27,2025-11-28,2025-12-01,448,448.0
PO_06736,PRD_1530,SUP_008,WH_072,2022-06-07,2022-06-14,2022-06-14,368,368.0
PO_06737,PRD_1247,SUP_017,WH_054,2023-05-18,2023-05-21,2023-05-21,482,378.0
PO_06738,PRD_2658,SUP_118,WH_044,2024-11-02,2024-11-13,2024-11-13,370,370.0
PO_06739,PRD_2496,SUP_138,WH_014,2022-09-26,2022-10-04,2022-10-04,297,297.0
PO_06740,PRD_2825,SUP_135,WH_006,2025-10-04,2025-10-12,2025-10-12,223,223.0
PO_06741,PRD_0313,SUP_007,WH_056,2022-11-14,2022-11-19,2022-11-19,90,90.0
PO_06742,PRD_1909,SUP_160,WH_035,2025-10-08,2025-10-13,2025-10-20,257,257.0
PO_06743,PRD_3119,SUP_146,WH_011,2023-02-14,2023-02-28,2023-02-28,91,91.0
PO_06744,PRD_1011,SUP_086,WH_032,2025-08-12,2025-08-14,2025-08-14,472,472.0
PO_06745,PRD_2036,SUP_052,WH_049,2022-03-22,2022-03-28,2022-04-05,31,31.0
PO_06746,PRD_1414,SUP_082,WH_069,2023-06-06,2023-06-07,2023-06-09,228,228.0
PO_06747,PRD_1548,SUP_138,WH_023,2023-12-05,2023-12-13,2023-12-13,65,65.0
PO_06748,PRD_2273,SUP_020,WH_035,2025-05-08,2025-05-10,2025-05-10,90,90.0
PO_06749,PRD_0781,SUP_170,WH_052,2022-11-26,2022-12-04,2022-12-04,96,96.0
PO_06750,PRD_3407,SUP_121,WH_013,2024-01-07,2024-01-10,2024-01-10,476,476.0
PO_06751,PRD_4132,SUP_008,WH_053,2023-10-23,2023-10-30,2023-10-30,384,384.0
PO_06752,PRD_0896,SUP_170,WH_047,2022-10-23,2022-10-31,2022-10-31,269,269.0
PO_06753,PRD_0150,SUP_186,WH_063,2023-05-14,2023-05-23,2023-05-23,56,56.0
PO_06754,PRD_4679,SUP_135,WH_013,2022-08-09,2022-08-17,2022-08-17,327,327.0
PO_06755,PRD_0240,SUP_024,WH_055,2023-01-05,2023-01-14,2023-01-18,423,423.0
PO_06756,PRD_4446,SUP_035,WH_013,2022-03-19,2022-03-29,2022-04-03,491,491.0
PO_06757,PRD_0509,SUP_138,WH_051,2023-06-15,2023-06-23,2023-06-29,350,350.0
PO_06758,PRD_4350,SUP_115,WH_022,2025-05-03,2025-05-04,2025-05-04,100,100.0
PO_06759,PRD_4506,SUP_122,WH_075,2025-12-08,2025-12-12,2025-12-12,423,423.0
PO_06760,PRD_2557,SUP_084,WH_061,2024-12-08,2024-12-09,2024-12-12,354,354.0
PO_06761,PRD_2863,SUP_093,WH_078,2022-10-23,2022-10-26,2022-10-26,288,288.0
PO_06762,PRD_0150,SUP_186,WH_003,2025-02-16,2025-02-25,2025-03-03,128,115.0
PO_06763,PRD_4663,SUP_040,WH_058,2022-04-02,2022-04-16,2022-04-16,391,391.0
PO_06764,PRD_3453,SUP_105,WH_039,2025-12-27,2026-01-07,2026-01-07,185,185.0
PO_06765,PRD_2542,SUP_084,WH_072,2022-03-07,2022-03-08,2022-03-08,377,284.0
PO_06766,PRD_3306,SUP_105,WH_044,2025-06-03,2025-06-14,2025-06-14,344,284.0
PO_06767,PRD_3576,SUP_104,WH_053,2023-11-13,2023-11-21,2023-11-23,165,165.0
PO_06768,PRD_4768,SUP_045,WH_045,2025-04-02,2025-04-16,2025-04-20,177,177.0
PO_06769,PRD_0545,SUP_156,WH_055,2023-09-14,2023-09-16,,22,
PO_06770,PRD_1110,SUP_028,WH_065,2024-12-05,2024-12-17,2024-12-17,117,83.0
PO_06771,PRD_3130,SUP_088,WH_014,2022-07-26,2022-08-01,2022-08-01,81,81.0
PO_06772,PRD_2252,SUP_095,WH_023,2022-07-15,2022-07-17,2022-07-17,294,294.0
PO_06773,PRD_2396,SUP_179,WH_064,2023-03-17,2023-03-21,2023-03-21,451,451.0
PO_06774,PRD_4272,SUP_038,WH_045,2025-09-21,2025-09-30,2025-09-30,126,126.0
PO_06775,PRD_4322,SUP_187,WH_010,2022-02-24,2022-02-27,2022-02-27,177,177.0
PO_06776,PRD_4421,SUP_089,WH_003,2023-07-27,2023-08-03,,455,
PO_06777,PRD_2253,SUP_020,WH_035,2024-03-20,2024-03-22,2024-03-22,136,136.0
PO_06778,PRD_2758,SUP_095,WH_071,2025-04-13,2025-04-15,2025-04-15,204,204.0
PO_06779,PRD_1099,SUP_170,WH_058,2025-01-01,2025-01-09,2025-01-09,63,49.0
PO_06780,PRD_0767,SUP_074,WH_058,2023-07-03,2023-07-17,2023-07-18,23,14.0
PO_06781,PRD_1098,SUP_024,WH_014,2022-04-11,2022-04-20,2022-04-20,150,150.0
PO_06782,PRD_2840,SUP_004,WH_067,2023-01-14,2023-01-27,,241,
PO_06783,PRD_4114,SUP_200,WH_065,2023-01-17,2023-01-21,2023-01-21,186,186.0
PO_06784,PRD_1606,SUP_125,WH_051,2025-01-15,2025-01-19,2025-01-19,469,469.0
PO_06785,PRD_1380,SUP_100,WH_049,2023-08-05,2023-08-12,2023-08-12,183,183.0
PO_06786,PRD_1724,SUP_090,WH_012,2024-08-14,2024-08-19,2024-08-19,397,397.0
PO_06787,PRD_2470,SUP_111,WH_075,2023-07-11,2023-07-13,2023-07-13,152,127.0
PO_06788,PRD_4196,SUP_008,WH_009,2023-10-24,2023-10-31,2023-10-31,484,349.0
PO_06789,PRD_2766,SUP_071,WH_017,2024-11-07,2024-11-17,2024-11-20,416,416.0
PO_06790,PRD_1935,SUP_194,WH_070,2022-02-16,2022-02-22,2022-02-22,159,125.0
PO_06791,PRD_1361,SUP_016,WH_079,2025-01-11,2025-01-22,2025-01-30,122,122.0
PO_06792,PRD_2549,SUP_182,WH_024,2025-09-20,2025-09-24,2025-09-24,188,123.0
PO_06793,PRD_2970,SUP_065,WH_040,2024-12-24,2025-01-01,2025-01-01,92,92.0
PO_06794,PRD_3704,SUP_151,WH_002,2022-12-13,2022-12-23,,56,
PO_06795,PRD_2111,SUP_194,WH_080,2022-09-25,2022-10-01,2022-10-01,262,262.0
PO_06796,PRD_4370,SUP_086,WH_066,2025-06-08,2025-06-10,2025-06-10,389,389.0
PO_06797,PRD_0641,SUP_066,WH_023,2023-04-05,2023-04-14,2023-04-17,137,137.0
PO_06798,PRD_2574,SUP_105,WH_030,2022-06-10,2022-06-21,2022-06-21,177,177.0
PO_06799,PRD_2540,SUP_143,WH_032,2024-09-11,2024-09-20,2024-09-20,219,181.0
PO_06800,PRD_4214,SUP_156,WH_036,2025-05-16,2025-05-18,2025-05-18,20,20.0
PO_06801,PRD_1066,SUP_007,WH_077,2022-10-23,2022-10-28,2022-10-28,326,326.0
PO_06802,PRD_4389,SUP_031,WH_059,2022-06-10,2022-06-14,,65,
PO_06803,PRD_4276,SUP_063,WH_066,2022-11-19,2022-11-30,2022-11-30,95,71.0
PO_06804,PRD_3590,SUP_148,WH_038,2024-03-21,2024-03-24,2024-03-24,336,296.0
PO_06805,PRD_4322,SUP_187,WH_058,2022-09-15,2022-09-18,2022-09-18,354,354.0
PO_06806,PRD_3620,SUP_155,WH_028,2025-01-15,2025-01-16,2025-01-20,54,51.0
PO_06807,PRD_1367,SUP_074,WH_007,2024-08-08,2024-08-22,2024-08-22,349,286.0
PO_06808,PRD_4600,SUP_139,WH_063,2022-09-03,2022-09-04,2022-09-12,401,401.0
PO_06809,PRD_4903,SUP_163,WH_070,2022-09-24,2022-10-01,2022-10-03,263,263.0
PO_06810,PRD_1211,SUP_057,WH_035,2025-05-02,2025-05-07,2025-05-09,298,242.0
PO_06811,PRD_1416,SUP_040,WH_066,2023-11-05,2023-11-19,2023-11-19,400,336.0
PO_06812,PRD_3404,SUP_170,WH_070,2024-04-25,2024-05-03,2024-05-03,491,491.0
PO_06813,PRD_3804,SUP_045,WH_031,2022-07-22,2022-08-05,2022-08-05,82,82.0
PO_06814,PRD_0858,SUP_018,WH_074,2023-01-15,2023-01-21,2023-01-21,38,38.0
PO_06815,PRD_0263,SUP_028,WH_059,2023-07-14,2023-07-26,2023-07-26,493,380.0
PO_06816,PRD_4560,SUP_033,WH_080,2024-04-01,2024-04-15,,478,
PO_06817,PRD_0152,SUP_142,WH_056,2025-02-21,2025-03-02,2025-03-02,131,131.0
PO_06818,PRD_0458,SUP_175,WH_043,2024-09-25,2024-09-29,2024-09-29,292,292.0
PO_06819,PRD_1912,SUP_007,WH_036,2023-02-01,2023-02-06,2023-02-06,44,44.0
PO_06820,PRD_0412,SUP_121,WH_020,2023-02-22,2023-02-25,,41,
PO_06821,PRD_3568,SUP_151,WH_064,2024-06-04,2024-06-14,,91,
PO_06822,PRD_0677,SUP_049,WH_053,2022-04-07,2022-04-16,2022-04-18,349,236.0
PO_06823,PRD_3747,SUP_194,WH_057,2023-10-21,2023-10-27,2023-10-27,340,340.0
PO_06824,PRD_4639,SUP_168,WH_043,2024-05-22,2024-05-25,2024-05-25,373,373.0
PO_06825,PRD_0767,SUP_074,WH_055,2024-07-14,2024-07-28,2024-07-29,271,256.0
PO_06826,PRD_3336,SUP_180,WH_076,2025-11-17,2025-11-23,2025-11-23,479,479.0
PO_06827,PRD_1411,SUP_086,WH_015,2024-01-18,2024-01-20,2024-01-20,99,99.0
PO_06828,PRD_4642,SUP_196,WH_031,2022-07-27,2022-08-09,2022-08-14,211,148.0
PO_06829,PRD_2418,SUP_184,WH_036,2024-05-16,2024-05-19,2024-05-19,107,91.0
PO_06830,PRD_4767,SUP_076,WH_035,2023-10-24,2023-10-26,,370,
PO_06831,PRD_3381,SUP_009,WH_071,2022-03-02,2022-03-09,2022-03-09,272,272.0
PO_06832,PRD_0836,SUP_098,WH_053,2024-07-03,2024-07-13,2024-07-13,113,113.0
PO_06833,PRD_0955,SUP_158,WH_069,2022-02-10,2022-02-24,2022-02-24,213,177.0
PO_06834,PRD_0406,SUP_042,WH_012,2024-08-08,2024-08-09,2024-08-09,228,228.0
PO_06835,PRD_1286,SUP_036,WH_008,2022-05-14,2022-05-21,2022-05-21,104,104.0
PO_06836,PRD_1892,SUP_165,WH_057,2023-11-21,2023-11-30,2023-11-30,179,179.0
PO_06837,PRD_3291,SUP_058,WH_042,2025-12-06,2025-12-07,2025-12-07,138,138.0
PO_06838,PRD_3878,SUP_112,WH_015,2022-01-19,2022-01-25,2022-01-25,183,183.0
PO_06839,PRD_2715,SUP_122,WH_062,2022-07-24,2022-07-28,2022-08-05,360,351.0
PO_06840,PRD_2174,SUP_080,WH_009,2025-02-19,2025-02-20,2025-02-20,166,166.0
PO_06841,PRD_2569,SUP_022,WH_010,2023-12-26,2024-01-08,,89,
PO_06842,PRD_3801,SUP_086,WH_050,2023-01-26,2023-01-28,2023-01-28,111,111.0
PO_06843,PRD_1885,SUP_108,WH_062,2025-02-13,2025-02-21,2025-02-22,312,312.0
PO_06844,PRD_2823,SUP_172,WH_076,2023-06-01,2023-06-09,,123,
PO_06845,PRD_0233,SUP_086,WH_051,2022-12-12,2022-12-14,2022-12-14,424,424.0
PO_06846,PRD_1795,SUP_022,WH_016,2023-03-10,2023-03-23,2023-03-28,193,151.0
PO_06847,PRD_2948,SUP_031,WH_010,2022-12-17,2022-12-21,2022-12-21,172,112.0
PO_06848,PRD_4963,SUP_128,WH_077,2023-05-27,2023-05-30,2023-05-30,260,210.0
PO_06849,PRD_4832,SUP_096,WH_068,2024-05-14,2024-05-19,2024-05-26,221,221.0
PO_06850,PRD_2240,SUP_011,WH_067,2023-08-19,2023-08-30,,336,
PO_06851,PRD_3544,SUP_037,WH_013,2022-06-13,2022-06-25,2022-07-03,265,217.0
PO_06852,PRD_0001,SUP_130,WH_025,2022-01-05,2022-01-09,2022-01-09,147,147.0
PO_06853,PRD_0216,SUP_012,WH_059,2024-05-08,2024-05-21,2024-05-21,309,309.0
PO_06854,PRD_0465,SUP_142,WH_076,2022-04-03,2022-04-12,2022-04-20,213,201.0
PO_06855,PRD_2079,SUP_186,WH_044,2025-10-14,2025-10-23,2025-10-23,253,253.0
PO_06856,PRD_4190,SUP_083,WH_061,2025-04-25,2025-05-06,2025-05-06,378,378.0
PO_06857,PRD_3086,SUP_145,WH_029,2023-03-05,2023-03-12,2023-03-12,343,343.0
PO_06858,PRD_2047,SUP_145,WH_042,2022-04-23,2022-04-30,2022-04-30,62,62.0
PO_06859,PRD_4480,SUP_149,WH_015,2022-12-14,2022-12-21,2022-12-21,435,435.0
PO_06860,PRD_1575,SUP_098,WH_007,2023-11-22,2023-12-02,2023-12-09,383,383.0
PO_06861,PRD_1910,SUP_098,WH_051,2022-06-09,2022-06-19,2022-06-22,333,333.0
PO_06862,PRD_2819,SUP_138,WH_062,2025-05-23,2025-05-31,2025-05-31,326,326.0
PO_06863,PRD_4245,SUP_032,WH_009,2025-04-11,2025-04-25,2025-04-25,281,281.0
PO_06864,PRD_0101,SUP_024,WH_059,2024-03-26,2024-04-04,2024-04-04,72,72.0
PO_06865,PRD_1855,SUP_035,WH_028,2024-02-17,2024-02-27,2024-02-27,65,65.0
PO_06866,PRD_3363,SUP_019,WH_009,2023-09-19,2023-10-01,2023-10-01,286,286.0
PO_06867,PRD_2481,SUP_022,WH_051,2024-03-27,2024-04-09,2024-04-09,68,68.0
PO_06868,PRD_2912,SUP_060,WH_047,2025-02-15,2025-02-25,2025-02-25,457,457.0
PO_06869,PRD_0546,SUP_149,WH_008,2023-02-12,2023-02-19,2023-02-19,301,301.0
PO_06870,PRD_3361,SUP_117,WH_055,2023-08-22,2023-09-03,2023-09-03,37,37.0
PO_06871,PRD_3633,SUP_192,WH_040,2023-06-14,2023-06-16,2023-06-16,421,421.0
PO_06872,PRD_2615,SUP_046,WH_057,2022-05-21,2022-05-30,2022-05-30,475,475.0
PO_06873,PRD_4878,SUP_076,WH_009,2025-02-23,2025-02-25,,230,
PO_06874,PRD_1442,SUP_113,WH_048,2022-03-08,2022-03-14,,271,
PO_06875,PRD_2865,SUP_078,WH_017,2024-02-26,2024-02-27,2024-02-27,44,44.0
PO_06876,PRD_2828,SUP_014,WH_026,2025-02-24,2025-03-09,,88,
PO_06877,PRD_4989,SUP_038,WH_064,2023-10-11,2023-10-20,2023-10-20,279,279.0
PO_06878,PRD_2061,SUP_122,WH_002,2023-05-12,2023-05-16,,93,
PO_06879,PRD_0539,SUP_153,WH_043,2025-05-11,2025-05-15,2025-05-15,110,110.0
PO_06880,PRD_3417,SUP_030,WH_068,2022-05-23,2022-06-04,2022-06-04,203,203.0
PO_06881,PRD_4733,SUP_160,WH_022,2025-02-10,2025-02-15,2025-02-15,20,15.0
PO_06882,PRD_2099,SUP_156,WH_043,2023-03-12,2023-03-14,2023-03-14,255,168.0
PO_06883,PRD_4340,SUP_187,WH_025,2023-08-22,2023-08-25,2023-08-25,256,256.0
PO_06884,PRD_1221,SUP_055,WH_036,2025-05-25,2025-06-03,,313,
PO_06885,PRD_0240,SUP_024,WH_018,2023-01-09,2023-01-18,2023-01-22,101,101.0
PO_06886,PRD_4783,SUP_008,WH_010,2022-01-07,2022-01-14,2022-01-20,175,175.0
PO_06887,PRD_4756,SUP_178,WH_037,2022-06-20,2022-06-28,2022-06-29,330,330.0
PO_06888,PRD_2564,SUP_047,WH_005,2025-06-19,2025-06-23,2025-06-27,475,471.0
PO_06889,PRD_2023,SUP_167,WH_074,2023-05-24,2023-05-27,2023-05-27,313,313.0
PO_06890,PRD_1069,SUP_055,WH_076,2024-09-12,2024-09-21,2024-09-27,370,370.0
PO_06891,PRD_2480,SUP_003,WH_006,2023-12-09,2023-12-13,2023-12-20,105,105.0
PO_06892,PRD_2132,SUP_149,WH_080,2025-05-24,2025-05-31,2025-05-31,320,297.0
PO_06893,PRD_1434,SUP_017,WH_066,2022-04-24,2022-04-27,2022-04-29,104,104.0
PO_06894,PRD_3032,SUP_114,WH_013,2023-08-08,2023-08-19,2023-08-26,42,42.0
PO_06895,PRD_3496,SUP_079,WH_058,2022-09-04,2022-09-09,2022-09-16,307,307.0
PO_06896,PRD_2426,SUP_176,WH_080,2022-11-27,2022-12-08,2022-12-14,498,498.0
PO_06897,PRD_4733,SUP_160,WH_078,2022-03-22,2022-03-27,2022-03-27,333,333.0
PO_06898,PRD_3746,SUP_163,WH_072,2022-08-21,2022-08-28,2022-08-28,134,134.0
PO_06899,PRD_1172,SUP_199,WH_078,2024-02-15,2024-02-16,,349,
PO_06900,PRD_3868,SUP_069,WH_035,2024-08-25,2024-09-08,2024-09-08,154,154.0
PO_06901,PRD_4971,SUP_012,WH_027,2023-10-18,2023-10-31,2023-10-31,357,357.0
PO_06902,PRD_3784,SUP_133,WH_019,2023-11-25,2023-12-04,2023-12-05,204,204.0
PO_06903,PRD_3979,SUP_173,WH_071,2025-03-19,2025-03-20,2025-03-25,396,396.0
PO_06904,PRD_1117,SUP_162,WH_062,2025-03-07,2025-03-18,2025-03-18,73,52.0
PO_06905,PRD_0456,SUP_028,WH_052,2024-06-26,2024-07-08,2024-07-08,188,188.0
PO_06906,PRD_3224,SUP_181,WH_038,2023-12-05,2023-12-13,2023-12-18,45,45.0
PO_06907,PRD_2032,SUP_011,WH_039,2023-02-06,2023-02-17,2023-02-17,276,276.0
PO_06908,PRD_3171,SUP_075,WH_025,2024-10-07,2024-10-14,2024-10-14,68,68.0
PO_06909,PRD_3761,SUP_090,WH_025,2023-04-05,2023-04-10,2023-04-11,365,219.0
PO_06910,PRD_1763,SUP_013,WH_047,2024-05-22,2024-05-26,2024-05-26,294,294.0
PO_06911,PRD_2569,SUP_022,WH_072,2024-05-18,2024-05-31,2024-05-31,75,75.0
PO_06912,PRD_3341,SUP_161,WH_038,2024-11-03,2024-11-08,2024-11-08,476,476.0
PO_06913,PRD_1684,SUP_138,WH_021,2025-10-14,2025-10-22,,182,
PO_06914,PRD_4395,SUP_128,WH_015,2022-06-14,2022-06-17,2022-06-17,432,432.0
PO_06915,PRD_3164,SUP_174,WH_010,2023-01-23,2023-01-31,,78,
PO_06916,PRD_1663,SUP_196,WH_054,2025-09-18,2025-10-01,2025-10-01,334,334.0
PO_06917,PRD_1930,SUP_110,WH_019,2025-02-26,2025-03-02,2025-03-02,397,249.0
PO_06918,PRD_2391,SUP_051,WH_056,2025-10-24,2025-10-31,2025-11-08,277,277.0
PO_06919,PRD_2400,SUP_179,WH_050,2025-10-27,2025-10-31,2025-10-31,196,196.0
PO_06920,PRD_2437,SUP_003,WH_005,2025-06-06,2025-06-10,2025-06-10,124,124.0
PO_06921,PRD_4331,SUP_187,WH_006,2022-09-13,2022-09-16,2022-09-16,149,123.0
PO_06922,PRD_3914,SUP_086,WH_080,2025-07-21,2025-07-23,2025-07-23,465,465.0
PO_06923,PRD_3999,SUP_160,WH_078,2025-09-18,2025-09-23,,444,
PO_06924,PRD_0182,SUP_071,WH_070,2022-11-13,2022-11-23,2022-11-23,411,411.0
PO_06925,PRD_2611,SUP_069,WH_021,2022-01-13,2022-01-27,,30,
PO_06926,PRD_4016,SUP_179,WH_058,2023-01-12,2023-01-16,2023-01-16,330,199.0
PO_06927,PRD_1329,SUP_110,WH_064,2022-11-19,2022-11-23,2022-11-23,293,209.0
PO_06928,PRD_1675,SUP_193,WH_055,2022-09-25,2022-09-27,2022-10-02,233,233.0
PO_06929,PRD_1957,SUP_056,WH_024,2024-03-22,2024-04-05,,99,
PO_06930,PRD_0291,SUP_121,WH_039,2024-03-08,2024-03-11,2024-03-16,223,223.0
PO_06931,PRD_3259,SUP_121,WH_032,2023-05-14,2023-05-17,,227,
PO_06932,PRD_1334,SUP_017,WH_022,2024-02-10,2024-02-13,2024-02-21,29,28.0
PO_06933,PRD_4149,SUP_156,WH_013,2022-03-27,2022-03-29,2022-03-29,464,464.0
PO_06934,PRD_4764,SUP_077,WH_059,2023-04-07,2023-04-10,2023-04-10,410,410.0
PO_06935,PRD_0652,SUP_081,WH_014,2024-02-13,2024-02-21,,52,
PO_06936,PRD_0673,SUP_153,WH_028,2024-02-08,2024-02-12,2024-02-17,30,30.0
PO_06937,PRD_3445,SUP_177,WH_050,2023-09-23,2023-09-24,,63,
PO_06938,PRD_0738,SUP_072,WH_077,2022-06-04,2022-06-08,2022-06-08,397,397.0
PO_06939,PRD_0899,SUP_078,WH_075,2023-01-18,2023-01-19,2023-01-19,260,260.0
PO_06940,PRD_3536,SUP_019,WH_077,2023-05-05,2023-05-17,2023-05-17,455,401.0
PO_06941,PRD_1419,SUP_055,WH_052,2023-01-16,2023-01-25,2023-01-25,417,408.0
PO_06942,PRD_2219,SUP_174,WH_009,2023-07-10,2023-07-18,2023-07-18,434,434.0
PO_06943,PRD_3335,SUP_105,WH_047,2022-07-20,2022-07-31,2022-07-31,103,91.0
PO_06944,PRD_3647,SUP_177,WH_028,2022-11-06,2022-11-07,,446,
PO_06945,PRD_1324,SUP_188,WH_015,2024-02-01,2024-02-10,2024-02-10,393,278.0
PO_06946,PRD_0600,SUP_187,WH_018,2022-03-06,2022-03-09,2022-03-14,256,256.0
PO_06947,PRD_3639,SUP_070,WH_003,2022-06-03,2022-06-04,2022-06-04,365,365.0
PO_06948,PRD_1260,SUP_020,WH_059,2025-05-04,2025-05-06,2025-05-07,486,486.0
PO_06949,PRD_3891,SUP_121,WH_027,2024-09-12,2024-09-15,2024-09-15,120,120.0
PO_06950,PRD_1227,SUP_127,WH_071,2022-01-14,2022-01-24,2022-01-24,58,52.0
PO_06951,PRD_4000,SUP_093,WH_067,2025-06-06,2025-06-09,2025-06-09,57,39.0
PO_06952,PRD_3666,SUP_065,WH_065,2024-06-19,2024-06-27,,136,
PO_06953,PRD_2292,SUP_051,WH_002,2025-01-02,2025-01-09,,181,
PO_06954,PRD_2655,SUP_047,WH_039,2025-09-05,2025-09-09,,356,
PO_06955,PRD_4440,SUP_077,WH_045,2025-02-22,2025-02-25,2025-02-25,409,409.0
PO_06956,PRD_1049,SUP_086,WH_003,2023-03-20,2023-03-22,2023-03-22,77,61.0
PO_06957,PRD_3093,SUP_078,WH_066,2022-01-10,2022-01-11,2022-01-11,226,226.0
PO_06958,PRD_3850,SUP_112,WH_002,2023-07-06,2023-07-12,2023-07-17,131,131.0
PO_06959,PRD_4115,SUP_117,WH_059,2025-03-15,2025-03-27,2025-03-27,366,366.0
PO_06960,PRD_3007,SUP_189,WH_068,2024-12-13,2024-12-26,,379,
PO_06961,PRD_4980,SUP_021,WH_017,2022-11-09,2022-11-19,2022-11-19,92,92.0
PO_06962,PRD_4036,SUP_114,WH_072,2025-12-07,2025-12-18,2025-12-18,335,335.0
PO_06963,PRD_1191,SUP_019,WH_046,2025-12-03,2025-12-15,2025-12-15,55,55.0
PO_06964,PRD_4616,SUP_004,WH_073,2024-06-01,2024-06-14,2024-06-20,53,53.0
PO_06965,PRD_4737,SUP_193,WH_028,2023-09-20,2023-09-22,,198,
PO_06966,PRD_3439,SUP_116,WH_065,2025-07-02,2025-07-11,2025-07-11,461,461.0
PO_06967,PRD_1301,SUP_013,WH_016,2023-12-04,2023-12-08,2023-12-08,377,252.0
PO_06968,PRD_1095,SUP_174,WH_051,2023-06-11,2023-06-19,2023-06-25,423,423.0
PO_06969,PRD_0543,SUP_148,WH_018,2025-10-23,2025-10-26,2025-10-26,60,59.0
PO_06970,PRD_3991,SUP_049,WH_041,2023-09-24,2023-10-03,2023-10-03,72,72.0
PO_06971,PRD_1566,SUP_104,WH_078,2022-06-16,2022-06-24,2022-06-24,414,414.0
PO_06972,PRD_1744,SUP_021,WH_063,2022-09-25,2022-10-05,2022-10-05,470,470.0
PO_06973,PRD_3827,SUP_194,WH_030,2024-04-20,2024-04-26,2024-04-26,49,32.0
PO_06974,PRD_2516,SUP_175,WH_021,2022-06-04,2022-06-08,2022-06-08,379,379.0
PO_06975,PRD_3688,SUP_180,WH_057,2025-11-13,2025-11-19,,34,
PO_06976,PRD_1735,SUP_145,WH_004,2025-10-20,2025-10-27,2025-10-29,205,205.0
PO_06977,PRD_1656,SUP_104,WH_044,2022-06-12,2022-06-20,2022-06-20,275,275.0
PO_06978,PRD_2194,SUP_154,WH_031,2022-09-05,2022-09-17,2022-09-17,37,37.0
PO_06979,PRD_3750,SUP_105,WH_010,2022-08-15,2022-08-26,2022-08-26,471,471.0
PO_06980,PRD_3327,SUP_161,WH_019,2024-04-10,2024-04-15,2024-04-15,144,144.0
PO_06981,PRD_3572,SUP_190,WH_034,2025-04-12,2025-04-14,2025-04-14,113,113.0
PO_06982,PRD_2520,SUP_069,WH_067,2022-06-04,2022-06-18,2022-06-18,437,437.0
PO_06983,PRD_3145,SUP_121,WH_033,2024-09-07,2024-09-10,2024-09-10,479,345.0
PO_06984,PRD_0653,SUP_028,WH_003,2025-05-18,2025-05-30,2025-05-30,80,80.0
PO_06985,PRD_0364,SUP_159,WH_020,2022-07-19,2022-07-31,2022-07-31,491,491.0
PO_06986,PRD_1176,SUP_024,WH_079,2022-04-05,2022-04-14,2022-04-14,241,150.0
PO_06987,PRD_2906,SUP_004,WH_053,2025-01-21,2025-02-03,2025-02-10,117,117.0
PO_06988,PRD_0624,SUP_149,WH_034,2024-02-20,2024-02-27,2024-02-27,83,50.0
PO_06989,PRD_4543,SUP_127,WH_010,2024-11-15,2024-11-25,2024-11-27,358,358.0
PO_06990,PRD_2775,SUP_076,WH_076,2023-12-02,2023-12-04,,286,
PO_06991,PRD_2986,SUP_077,WH_001,2023-08-23,2023-08-26,,29,
PO_06992,PRD_1672,SUP_125,WH_052,2022-03-11,2022-03-15,2022-03-15,427,427.0
PO_06993,PRD_1206,SUP_028,WH_056,2025-08-13,2025-08-25,2025-08-26,31,31.0
PO_06994,PRD_2641,SUP_108,WH_003,2025-07-05,2025-07-13,2025-07-13,294,294.0
PO_06995,PRD_2408,SUP_063,WH_027,2025-12-05,2025-12-16,2025-12-20,47,47.0
PO_06996,PRD_3436,SUP_153,WH_002,2024-05-08,2024-05-12,2024-05-12,259,259.0
PO_06997,PRD_2246,SUP_095,WH_050,2025-08-20,2025-08-22,,374,
PO_06998,PRD_1494,SUP_192,WH_037,2023-05-10,2023-05-12,2023-05-12,392,392.0
PO_06999,PRD_4233,SUP_178,WH_027,2025-12-21,2025-12-29,2025-12-29,418,418.0
PO_07000,PRD_4875,SUP_114,WH_034,2024-07-21,2024-08-01,2024-08-01,439,439.0
PO_07001,PRD_0446,SUP_142,WH_019,2024-01-08,2024-01-17,2024-01-18,238,163.0
PO_07002,PRD_0534,SUP_165,WH_006,2025-11-07,2025-11-16,2025-11-16,222,222.0
PO_07003,PRD_0340,SUP_003,WH_003,2024-06-21,2024-06-25,2024-06-25,136,136.0
PO_07004,PRD_0869,SUP_045,WH_048,2024-12-06,2024-12-20,2024-12-20,398,398.0
PO_07005,PRD_2607,SUP_138,WH_017,2024-11-19,2024-11-27,2024-11-27,256,232.0
PO_07006,PRD_4398,SUP_077,WH_064,2025-03-23,2025-03-26,,198,
PO_07007,PRD_2239,SUP_011,WH_013,2024-02-24,2024-03-06,2024-03-06,65,65.0
PO_07008,PRD_3030,SUP_077,WH_003,2022-06-16,2022-06-19,2022-06-19,389,389.0
PO_07009,PRD_3398,SUP_073,WH_034,2025-09-21,2025-10-03,2025-10-03,273,273.0
PO_07010,PRD_2029,SUP_043,WH_074,2025-07-27,2025-08-05,2025-08-11,254,254.0
PO_07011,PRD_0984,SUP_104,WH_073,2025-12-12,2025-12-20,2025-12-20,159,153.0
PO_07012,PRD_2257,SUP_020,WH_008,2023-10-02,2023-10-04,2023-10-04,263,263.0
PO_07013,PRD_3282,SUP_121,WH_047,2025-01-08,2025-01-11,2025-01-11,487,487.0
PO_07014,PRD_4840,SUP_045,WH_010,2023-05-12,2023-05-26,2023-05-26,271,271.0
PO_07015,PRD_0413,SUP_007,WH_007,2022-01-18,2022-01-23,2022-01-23,97,97.0
PO_07016,PRD_1244,SUP_113,WH_055,2024-08-12,2024-08-18,2024-08-18,327,327.0
PO_07017,PRD_3457,SUP_109,WH_064,2022-10-04,2022-10-09,,33,
PO_07018,PRD_4886,SUP_063,WH_080,2023-08-26,2023-09-06,2023-09-11,497,497.0
PO_07019,PRD_2477,SUP_146,WH_030,2025-08-18,2025-09-01,2025-09-01,215,215.0
PO_07020,PRD_0797,SUP_108,WH_060,2024-11-01,2024-11-09,2024-11-09,459,459.0
PO_07021,PRD_0533,SUP_198,WH_039,2023-02-19,2023-02-23,2023-02-23,287,287.0
PO_07022,PRD_4401,SUP_088,WH_079,2023-10-14,2023-10-20,2023-10-20,284,284.0
PO_07023,PRD_4575,SUP_112,WH_049,2023-07-09,2023-07-15,2023-07-17,450,450.0
PO_07024,PRD_1246,SUP_017,WH_015,2025-08-11,2025-08-14,2025-08-14,389,389.0
PO_07025,PRD_1822,SUP_120,WH_049,2023-12-20,2024-01-02,2024-01-02,134,134.0
PO_07026,PRD_3924,SUP_042,WH_036,2025-02-20,2025-02-21,2025-02-21,416,273.0
PO_07027,PRD_1423,SUP_122,WH_066,2022-04-03,2022-04-07,2022-04-07,66,66.0
PO_07028,PRD_2054,SUP_040,WH_035,2025-12-01,2025-12-15,2025-12-15,303,303.0
PO_07029,PRD_0582,SUP_067,WH_069,2024-01-08,2024-01-12,2024-01-12,417,417.0
PO_07030,PRD_0522,SUP_174,WH_030,2024-09-25,2024-10-03,2024-10-03,216,194.0
PO_07031,PRD_0302,SUP_095,WH_070,2025-07-13,2025-07-15,2025-07-18,39,39.0
PO_07032,PRD_1152,SUP_127,WH_067,2023-10-04,2023-10-14,2023-10-14,199,199.0
PO_07033,PRD_2601,SUP_152,WH_042,2024-10-03,2024-10-12,2024-10-12,158,143.0
PO_07034,PRD_1508,SUP_100,WH_060,2022-07-17,2022-07-24,2022-07-29,465,465.0
PO_07035,PRD_0687,SUP_030,WH_077,2024-02-03,2024-02-15,2024-02-18,128,128.0
PO_07036,PRD_0524,SUP_179,WH_020,2022-07-19,2022-07-23,2022-07-23,426,426.0
PO_07037,PRD_2745,SUP_149,WH_030,2024-12-27,2025-01-03,2025-01-03,363,363.0
PO_07038,PRD_1104,SUP_148,WH_037,2023-01-22,2023-01-25,2023-01-26,366,366.0
PO_07039,PRD_3396,SUP_176,WH_052,2025-06-08,2025-06-19,,353,
PO_07040,PRD_1457,SUP_115,WH_006,2022-08-20,2022-08-21,2022-08-21,481,481.0
PO_07041,PRD_3212,SUP_177,WH_053,2025-12-22,2025-12-23,2025-12-23,379,379.0
PO_07042,PRD_0356,SUP_177,WH_079,2022-06-08,2022-06-09,2022-06-12,248,192.0
PO_07043,PRD_4490,SUP_107,WH_043,2025-05-03,2025-05-09,2025-05-09,105,100.0
PO_07044,PRD_0632,SUP_068,WH_016,2022-07-23,2022-07-24,2022-07-24,25,20.0
PO_07045,PRD_2939,SUP_134,WH_005,2025-04-19,2025-04-20,,362,
PO_07046,PRD_1268,SUP_020,WH_049,2022-12-14,2022-12-16,2022-12-16,64,64.0
PO_07047,PRD_2747,SUP_189,WH_048,2024-09-16,2024-09-29,2024-09-29,444,444.0
PO_07048,PRD_1240,SUP_055,WH_060,2023-12-07,2023-12-16,2023-12-16,230,230.0
PO_07049,PRD_0747,SUP_165,WH_035,2024-03-15,2024-03-24,2024-03-27,436,282.0
PO_07050,PRD_2932,SUP_195,WH_018,2024-01-13,2024-01-16,2024-01-16,123,123.0
PO_07051,PRD_3329,SUP_117,WH_038,2022-08-08,2022-08-20,2022-08-20,331,331.0
PO_07052,PRD_4186,SUP_160,WH_003,2022-12-05,2022-12-10,2022-12-10,224,224.0
PO_07053,PRD_0208,SUP_185,WH_033,2024-12-19,2025-01-02,2025-01-02,349,349.0
PO_07054,PRD_1280,SUP_174,WH_049,2022-02-06,2022-02-14,2022-02-15,227,227.0
PO_07055,PRD_0896,SUP_170,WH_065,2023-07-25,2023-08-02,2023-08-02,458,458.0
PO_07056,PRD_3150,SUP_075,WH_036,2024-10-16,2024-10-23,,123,
PO_07057,PRD_0769,SUP_130,WH_026,2023-08-10,2023-08-14,2023-08-14,162,162.0
PO_07058,PRD_4582,SUP_127,WH_014,2024-06-02,2024-06-12,2024-06-19,220,169.0
PO_07059,PRD_0637,SUP_199,WH_039,2023-01-23,2023-01-24,2023-01-24,33,33.0
PO_07060,PRD_1876,SUP_072,WH_054,2022-05-25,2022-05-29,2022-05-29,411,251.0
PO_07061,PRD_4984,SUP_195,WH_041,2024-03-20,2024-03-23,2024-03-23,100,100.0
PO_07062,PRD_2814,SUP_014,WH_073,2025-11-06,2025-11-19,2025-11-19,186,186.0
PO_07063,PRD_4886,SUP_063,WH_058,2025-10-09,2025-10-20,2025-10-20,248,248.0
PO_07064,PRD_1510,SUP_196,WH_053,2023-07-11,2023-07-24,2023-07-24,94,94.0
PO_07065,PRD_4007,SUP_104,WH_005,2023-12-23,2023-12-31,2023-12-31,208,208.0
PO_07066,PRD_1143,SUP_127,WH_068,2024-05-11,2024-05-21,2024-05-21,32,32.0
PO_07067,PRD_1580,SUP_140,WH_019,2023-12-18,2023-12-29,2023-12-29,90,84.0
PO_07068,PRD_4434,SUP_179,WH_012,2022-11-22,2022-11-26,2022-11-26,57,57.0
PO_07069,PRD_4878,SUP_076,WH_053,2023-06-14,2023-06-16,2023-06-21,50,50.0
PO_07070,PRD_4632,SUP_199,WH_042,2024-03-17,2024-03-18,2024-03-18,39,39.0
PO_07071,PRD_3553,SUP_120,WH_012,2024-01-26,2024-02-08,2024-02-10,261,182.0
PO_07072,PRD_0838,SUP_177,WH_002,2022-08-05,2022-08-06,2022-08-06,84,66.0
PO_07073,PRD_4061,SUP_103,WH_034,2022-02-03,2022-02-14,2022-02-14,421,421.0
PO_07074,PRD_1216,SUP_194,WH_016,2022-05-14,2022-05-20,2022-05-20,36,36.0
PO_07075,PRD_3436,SUP_153,WH_079,2024-08-04,2024-08-08,2024-08-08,427,427.0
PO_07076,PRD_0299,SUP_029,WH_007,2022-01-24,2022-02-05,2022-02-05,402,402.0
PO_07077,PRD_2687,SUP_031,WH_058,2024-12-14,2024-12-18,2024-12-18,346,346.0
PO_07078,PRD_2708,SUP_031,WH_050,2024-11-02,2024-11-06,2024-11-08,292,292.0
PO_07079,PRD_4713,SUP_059,WH_037,2023-07-01,2023-07-04,2023-07-04,233,233.0
PO_07080,PRD_3347,SUP_151,WH_079,2022-01-10,2022-01-20,2022-01-27,39,39.0
PO_07081,PRD_2763,SUP_031,WH_059,2022-01-13,2022-01-17,2022-01-17,155,155.0
PO_07082,PRD_0057,SUP_186,WH_075,2024-01-05,2024-01-14,2024-01-14,324,324.0
PO_07083,PRD_4512,SUP_018,WH_004,2025-04-22,2025-04-28,,71,
PO_07084,PRD_4805,SUP_076,WH_041,2022-11-10,2022-11-12,2022-11-12,174,174.0
PO_07085,PRD_0501,SUP_199,WH_046,2024-07-11,2024-07-12,2024-07-12,262,262.0
PO_07086,PRD_1050,SUP_046,WH_050,2022-02-10,2022-02-19,2022-02-19,478,478.0
PO_07087,PRD_1098,SUP_024,WH_044,2023-08-13,2023-08-22,2023-08-22,308,212.0
PO_07088,PRD_0795,SUP_111,WH_047,2023-11-07,2023-11-09,2023-11-09,337,209.0
PO_07089,PRD_3835,SUP_112,WH_005,2024-01-15,2024-01-21,2024-01-21,287,255.0
PO_07090,PRD_1329,SUP_110,WH_036,2025-05-24,2025-05-28,2025-05-28,332,332.0
PO_07091,PRD_3432,SUP_009,WH_080,2022-01-01,2022-01-08,2022-01-08,207,207.0
PO_07092,PRD_4547,SUP_012,WH_058,2022-07-09,2022-07-22,2022-07-22,53,53.0
PO_07093,PRD_2407,SUP_063,WH_012,2025-01-04,2025-01-15,2025-01-19,75,48.0
PO_07094,PRD_0544,SUP_018,WH_001,2024-07-21,2024-07-27,2024-07-27,500,495.0
PO_07095,PRD_4615,SUP_135,WH_079,2025-12-17,2025-12-25,2025-12-25,30,30.0
PO_07096,PRD_1442,SUP_113,WH_037,2024-10-05,2024-10-11,2024-10-11,79,79.0
PO_07097,PRD_2878,SUP_081,WH_015,2023-02-24,2023-03-04,2023-03-04,380,380.0
PO_07098,PRD_0295,SUP_091,WH_026,2025-02-12,2025-02-13,2025-02-13,109,109.0
PO_07099,PRD_4698,SUP_112,WH_012,2025-10-04,2025-10-10,2025-10-10,270,270.0
PO_07100,PRD_0410,SUP_175,WH_007,2023-11-21,2023-11-25,2023-11-25,362,362.0
PO_07101,PRD_2808,SUP_059,WH_064,2022-05-02,2022-05-05,2022-05-05,64,48.0
PO_07102,PRD_4375,SUP_075,WH_030,2024-06-14,2024-06-21,2024-06-21,409,409.0
PO_07103,PRD_2524,SUP_158,WH_076,2022-01-17,2022-01-31,2022-01-31,460,460.0
PO_07104,PRD_3996,SUP_119,WH_037,2024-11-02,2024-11-08,2024-11-08,309,279.0
PO_07105,PRD_1705,SUP_008,WH_052,2025-12-09,2025-12-16,2025-12-16,143,143.0
PO_07106,PRD_1710,SUP_087,WH_073,2022-06-14,2022-06-26,2022-06-26,54,54.0
PO_07107,PRD_1508,SUP_100,WH_065,2024-02-21,2024-02-28,2024-02-28,34,34.0
PO_07108,PRD_4771,SUP_038,WH_030,2025-08-13,2025-08-22,2025-08-22,48,48.0
PO_07109,PRD_0523,SUP_001,WH_047,2023-01-02,2023-01-09,2023-01-17,373,373.0
PO_07110,PRD_0831,SUP_105,WH_052,2025-08-01,2025-08-12,2025-08-12,162,154.0
PO_07111,PRD_2432,SUP_110,WH_028,2022-03-21,2022-03-25,2022-03-25,432,432.0
PO_07112,PRD_0212,SUP_065,WH_045,2025-12-26,2026-01-03,2026-01-03,96,96.0
PO_07113,PRD_3311,SUP_180,WH_073,2022-07-01,2022-07-07,2022-07-07,68,52.0
PO_07114,PRD_4189,SUP_156,WH_019,2024-01-24,2024-01-26,2024-01-26,107,107.0
PO_07115,PRD_1446,SUP_119,WH_059,2022-04-05,2022-04-11,,458,
PO_07116,PRD_1158,SUP_057,WH_044,2023-06-02,2023-06-07,2023-06-07,384,384.0
PO_07117,PRD_2020,SUP_033,WH_080,2024-02-04,2024-02-18,2024-02-18,82,64.0
PO_07118,PRD_1212,SUP_131,WH_020,2025-11-16,2025-11-23,2025-11-23,104,104.0
PO_07119,PRD_0749,SUP_179,WH_061,2022-03-24,2022-03-28,2022-03-28,473,473.0
PO_07120,PRD_1573,SUP_104,WH_055,2024-02-27,2024-03-06,2024-03-06,489,489.0
PO_07121,PRD_3961,SUP_167,WH_038,2023-03-07,2023-03-10,2023-03-10,490,490.0
PO_07122,PRD_0854,SUP_050,WH_044,2024-02-04,2024-02-07,2024-02-15,86,86.0
PO_07123,PRD_4754,SUP_181,WH_021,2025-08-04,2025-08-12,2025-08-12,291,291.0
PO_07124,PRD_1946,SUP_056,WH_054,2025-04-06,2025-04-20,2025-04-26,233,233.0
PO_07125,PRD_0324,SUP_027,WH_061,2023-12-08,2023-12-20,2023-12-27,225,225.0
PO_07126,PRD_3039,SUP_116,WH_047,2023-08-11,2023-08-20,2023-08-27,477,419.0
PO_07127,PRD_1971,SUP_030,WH_073,2022-03-25,2022-04-06,2022-04-06,152,152.0
PO_07128,PRD_4263,SUP_058,WH_055,2022-06-03,2022-06-04,2022-06-08,471,471.0
PO_07129,PRD_0823,SUP_054,WH_019,2023-06-21,2023-07-02,2023-07-02,221,221.0
PO_07130,PRD_3870,SUP_194,WH_046,2024-08-23,2024-08-29,2024-08-29,132,132.0
PO_07131,PRD_2562,SUP_126,WH_032,2023-05-10,2023-05-13,,172,
PO_07132,PRD_3814,SUP_163,WH_063,2025-12-14,2025-12-21,2025-12-25,86,86.0
PO_07133,PRD_1275,SUP_161,WH_018,2025-04-25,2025-04-30,2025-04-30,27,27.0
PO_07134,PRD_2981,SUP_195,WH_009,2022-04-19,2022-04-22,,354,
PO_07135,PRD_3561,SUP_043,WH_004,2025-05-15,2025-05-24,2025-05-24,197,186.0
PO_07136,PRD_0522,SUP_174,WH_080,2023-10-18,2023-10-26,2023-10-26,282,282.0
PO_07137,PRD_1085,SUP_057,WH_025,2023-04-22,2023-04-27,2023-04-27,124,118.0
PO_07138,PRD_2716,SUP_200,WH_036,2024-10-03,2024-10-07,2024-10-08,450,272.0
PO_07139,PRD_2227,SUP_095,WH_014,2024-03-04,2024-03-06,2024-03-06,78,78.0
PO_07140,PRD_1500,SUP_174,WH_020,2024-05-16,2024-05-24,,395,
PO_07141,PRD_2982,SUP_058,WH_048,2024-10-06,2024-10-07,2024-10-07,388,388.0
PO_07142,PRD_4091,SUP_083,WH_010,2025-01-02,2025-01-13,2025-01-13,262,262.0
PO_07143,PRD_0078,SUP_034,WH_061,2022-09-27,2022-10-08,,108,
PO_07144,PRD_2480,SUP_003,WH_036,2024-08-18,2024-08-22,2024-08-30,236,224.0
PO_07145,PRD_4244,SUP_178,WH_050,2024-02-21,2024-02-29,2024-03-04,49,49.0
PO_07146,PRD_3989,SUP_197,WH_066,2024-11-22,2024-12-01,2024-12-01,204,204.0
PO_07147,PRD_4130,SUP_030,WH_037,2024-07-22,2024-08-03,2024-08-03,347,347.0
PO_07148,PRD_1356,SUP_020,WH_074,2024-07-24,2024-07-26,2024-07-26,351,351.0
PO_07149,PRD_3556,SUP_069,WH_056,2023-10-14,2023-10-28,2023-10-28,303,303.0
PO_07150,PRD_0098,SUP_191,WH_004,2022-04-24,2022-05-08,2022-05-08,140,140.0
PO_07151,PRD_1845,SUP_033,WH_055,2023-09-27,2023-10-11,2023-10-11,463,463.0
PO_07152,PRD_0543,SUP_148,WH_061,2025-09-15,2025-09-18,2025-09-21,133,133.0
PO_07153,PRD_0712,SUP_193,WH_069,2024-04-16,2024-04-18,2024-04-18,62,62.0
PO_07154,PRD_3819,SUP_126,WH_037,2025-12-08,2025-12-11,2025-12-11,342,241.0
PO_07155,PRD_0495,SUP_001,WH_041,2024-11-20,2024-11-27,2024-11-27,466,466.0
PO_07156,PRD_0739,SUP_165,WH_021,2022-03-26,2022-04-04,,396,
PO_07157,PRD_1041,SUP_028,WH_021,2023-01-27,2023-02-08,2023-02-08,392,392.0
PO_07158,PRD_4777,SUP_096,WH_024,2022-11-09,2022-11-14,2022-11-14,318,318.0
PO_07159,PRD_2434,SUP_188,WH_040,2025-07-01,2025-07-10,2025-07-10,193,193.0
PO_07160,PRD_2941,SUP_016,WH_005,2024-11-14,2024-11-25,2024-11-25,170,170.0
PO_07161,PRD_4736,SUP_039,WH_027,2023-11-09,2023-11-16,2023-11-16,63,63.0
PO_07162,PRD_2294,SUP_095,WH_080,2023-12-03,2023-12-05,2023-12-05,380,380.0
PO_07163,PRD_1537,SUP_186,WH_020,2025-05-27,2025-06-05,2025-06-05,119,119.0
PO_07164,PRD_3875,SUP_027,WH_061,2022-11-13,2022-11-25,2022-11-25,453,453.0
PO_07165,PRD_1292,SUP_164,WH_053,2025-08-24,2025-09-02,2025-09-02,203,128.0
PO_07166,PRD_2359,SUP_152,WH_071,2025-07-13,2025-07-22,2025-07-22,373,373.0
PO_07167,PRD_0999,SUP_099,WH_037,2025-06-21,2025-06-27,2025-06-27,160,160.0
PO_07168,PRD_3315,SUP_121,WH_018,2023-03-04,2023-03-07,2023-03-07,240,240.0
PO_07169,PRD_1875,SUP_013,WH_065,2023-12-04,2023-12-08,,168,
PO_07170,PRD_2976,SUP_016,WH_046,2023-09-25,2023-10-06,2023-10-06,124,124.0
PO_07171,PRD_4683,SUP_060,WH_076,2022-04-16,2022-04-26,2022-05-04,44,44.0
PO_07172,PRD_4337,SUP_038,WH_073,2024-05-08,2024-05-17,2024-05-17,296,210.0
PO_07173,PRD_2194,SUP_154,WH_061,2025-06-27,2025-07-09,2025-07-09,271,271.0
PO_07174,PRD_2241,SUP_152,WH_079,2022-10-09,2022-10-18,2022-10-18,354,354.0
PO_07175,PRD_4546,SUP_020,WH_043,2024-03-15,2024-03-17,,224,
PO_07176,PRD_1734,SUP_087,WH_078,2023-08-01,2023-08-13,2023-08-13,386,386.0
PO_07177,PRD_1014,SUP_063,WH_009,2022-07-26,2022-08-06,2022-08-06,293,246.0
PO_07178,PRD_4366,SUP_049,WH_027,2024-06-06,2024-06-15,2024-06-19,321,321.0
PO_07179,PRD_0672,SUP_090,WH_024,2022-09-23,2022-09-28,2022-10-06,292,292.0
PO_07180,PRD_3497,SUP_113,WH_013,2025-02-01,2025-02-07,2025-02-07,258,258.0
PO_07181,PRD_3707,SUP_129,WH_054,2022-10-17,2022-10-20,,310,
PO_07182,PRD_1142,SUP_127,WH_046,2025-06-22,2025-07-02,2025-07-02,444,444.0
PO_07183,PRD_4708,SUP_139,WH_059,2022-04-17,2022-04-18,2022-04-19,45,45.0
PO_07184,PRD_0247,SUP_200,WH_019,2023-10-10,2023-10-14,2023-10-14,241,241.0
PO_07185,PRD_4238,SUP_008,WH_032,2025-07-02,2025-07-09,2025-07-14,284,275.0
PO_07186,PRD_3581,SUP_146,WH_042,2022-09-08,2022-09-22,2022-09-22,214,152.0
PO_07187,PRD_4101,SUP_156,WH_013,2024-09-18,2024-09-20,2024-09-23,462,363.0
PO_07188,PRD_3642,SUP_129,WH_037,2024-02-21,2024-02-24,2024-02-24,322,322.0
PO_07189,PRD_4477,SUP_030,WH_071,2025-02-16,2025-02-28,2025-02-28,76,76.0
PO_07190,PRD_0619,SUP_176,WH_002,2023-04-07,2023-04-18,2023-04-18,476,476.0
PO_07191,PRD_0304,SUP_079,WH_036,2024-02-22,2024-02-27,2024-02-27,84,84.0
PO_07192,PRD_4556,SUP_020,WH_007,2022-08-19,2022-08-21,2022-08-22,392,392.0
PO_07193,PRD_3352,SUP_180,WH_053,2022-09-17,2022-09-23,2022-09-23,240,240.0
PO_07194,PRD_0633,SUP_008,WH_041,2025-01-24,2025-01-31,2025-01-31,90,90.0
PO_07195,PRD_3097,SUP_045,WH_020,2024-05-02,2024-05-16,2024-05-21,237,237.0
PO_07196,PRD_1974,SUP_052,WH_079,2022-09-15,2022-09-21,2022-09-21,456,456.0
PO_07197,PRD_3518,SUP_043,WH_074,2024-02-19,2024-02-28,2024-02-28,210,210.0
PO_07198,PRD_2547,SUP_116,WH_056,2023-11-17,2023-11-26,2023-11-26,457,457.0
PO_07199,PRD_4613,SUP_040,WH_019,2024-05-14,2024-05-28,,227,
PO_07200,PRD_0124,SUP_065,WH_047,2023-02-18,2023-02-26,2023-02-26,54,54.0
PO_07201,PRD_2968,SUP_077,WH_007,2023-10-18,2023-10-21,2023-10-21,358,358.0
PO_07202,PRD_3017,SUP_075,WH_060,2022-03-07,2022-03-14,2022-03-14,406,406.0
PO_07203,PRD_0467,SUP_142,WH_062,2023-09-12,2023-09-21,2023-09-21,329,212.0
PO_07204,PRD_4965,SUP_026,WH_017,2025-05-24,2025-05-30,2025-05-30,254,254.0
PO_07205,PRD_1060,SUP_189,WH_006,2025-12-24,2026-01-06,2026-01-06,144,144.0
PO_07206,PRD_3424,SUP_180,WH_019,2025-07-27,2025-08-02,,280,
PO_07207,PRD_3704,SUP_151,WH_018,2022-09-17,2022-09-27,2022-09-27,279,180.0
PO_07208,PRD_0093,SUP_164,WH_009,2024-10-23,2024-11-01,2024-11-06,400,283.0
PO_07209,PRD_4505,SUP_059,WH_037,2022-04-27,2022-04-30,2022-05-05,179,179.0
PO_07210,PRD_4251,SUP_127,WH_066,2022-01-04,2022-01-14,,145,
PO_07211,PRD_1318,SUP_197,WH_017,2022-12-18,2022-12-27,2022-12-28,96,77.0
PO_07212,PRD_2560,SUP_120,WH_066,2024-09-09,2024-09-22,2024-09-22,29,29.0
PO_07213,PRD_0519,SUP_010,WH_064,2022-03-04,2022-03-17,2022-03-17,216,216.0
PO_07214,PRD_3857,SUP_083,WH_065,2025-11-06,2025-11-17,2025-11-17,249,249.0
PO_07215,PRD_1682,SUP_189,WH_035,2025-08-08,2025-08-21,2025-08-25,294,294.0
PO_07216,PRD_4425,SUP_117,WH_051,2025-12-11,2025-12-23,2025-12-23,94,94.0
PO_07217,PRD_3312,SUP_176,WH_057,2024-07-15,2024-07-26,2024-07-26,104,97.0
PO_07218,PRD_1544,SUP_008,WH_062,2024-10-27,2024-11-03,2024-11-03,321,321.0
PO_07219,PRD_3624,SUP_016,WH_073,2022-11-17,2022-11-28,2022-11-28,103,103.0
PO_07220,PRD_1160,SUP_022,WH_072,2024-03-16,2024-03-29,2024-03-29,314,314.0
PO_07221,PRD_3632,SUP_043,WH_016,2025-05-17,2025-05-26,,247,
PO_07222,PRD_4711,SUP_186,WH_074,2025-10-19,2025-10-28,2025-10-28,343,343.0
PO_07223,PRD_3025,SUP_027,WH_005,2023-10-20,2023-11-01,2023-11-07,224,224.0
PO_07224,PRD_2757,SUP_081,WH_062,2024-08-03,2024-08-11,2024-08-11,214,214.0
PO_07225,PRD_1614,SUP_125,WH_079,2023-06-22,2023-06-26,2023-06-26,35,35.0
PO_07226,PRD_3777,SUP_090,WH_005,2024-01-14,2024-01-19,2024-01-19,197,197.0
PO_07227,PRD_0400,SUP_029,WH_056,2025-09-23,2025-10-05,2025-10-07,134,81.0
PO_07228,PRD_3020,SUP_065,WH_030,2024-09-13,2024-09-21,2024-09-21,210,210.0
PO_07229,PRD_2222,SUP_097,WH_069,2023-04-02,2023-04-14,2023-04-14,282,282.0
PO_07230,PRD_3606,SUP_069,WH_038,2023-06-13,2023-06-27,2023-06-27,155,155.0
PO_07231,PRD_2258,SUP_097,WH_016,2024-07-08,2024-07-20,2024-07-20,52,52.0
PO_07232,PRD_4223,SUP_160,WH_001,2025-11-11,2025-11-16,,372,
PO_07233,PRD_4438,SUP_077,WH_075,2024-06-11,2024-06-14,2024-06-14,293,293.0
PO_07234,PRD_4293,SUP_058,WH_008,2025-09-26,2025-09-27,2025-09-27,369,369.0
PO_07235,PRD_0162,SUP_065,WH_057,2022-10-10,2022-10-18,2022-10-18,278,278.0
PO_07236,PRD_4316,SUP_115,WH_009,2025-04-10,2025-04-11,2025-04-11,232,232.0
PO_07237,PRD_2908,SUP_141,WH_017,2024-07-18,2024-07-30,2024-07-30,474,474.0
PO_07238,PRD_1886,SUP_084,WH_077,2022-09-02,2022-09-03,2022-09-03,172,172.0
PO_07239,PRD_2878,SUP_081,WH_042,2022-08-21,2022-08-29,2022-09-02,255,255.0
PO_07240,PRD_0226,SUP_014,WH_025,2023-01-26,2023-02-08,2023-02-14,422,422.0
PO_07241,PRD_3818,SUP_105,WH_026,2023-04-06,2023-04-17,2023-04-17,323,323.0
PO_07242,PRD_3356,SUP_030,WH_007,2025-09-08,2025-09-20,2025-09-20,273,273.0
PO_07243,PRD_4247,SUP_197,WH_061,2023-06-10,2023-06-19,2023-06-27,271,271.0
PO_07244,PRD_2048,SUP_008,WH_018,2024-11-05,2024-11-12,2024-11-12,225,207.0
PO_07245,PRD_2775,SUP_076,WH_065,2025-04-26,2025-04-28,2025-04-28,108,108.0
PO_07246,PRD_1706,SUP_140,WH_006,2025-04-24,2025-05-05,2025-05-12,217,217.0
PO_07247,PRD_1029,SUP_061,WH_066,2024-04-17,2024-04-29,2024-04-29,403,403.0
PO_07248,PRD_3516,SUP_120,WH_060,2023-04-20,2023-05-03,2023-05-03,421,421.0
PO_07249,PRD_3151,SUP_114,WH_003,2025-11-05,2025-11-16,2025-11-16,370,370.0
PO_07250,PRD_4350,SUP_115,WH_067,2023-09-21,2023-09-22,2023-09-22,71,71.0
PO_07251,PRD_4494,SUP_039,WH_015,2024-10-26,2024-11-02,2024-11-02,484,484.0
PO_07252,PRD_2594,SUP_091,WH_001,2024-11-23,2024-11-24,,428,
PO_07253,PRD_3551,SUP_104,WH_006,2023-04-24,2023-05-02,,444,
PO_07254,PRD_4837,SUP_145,WH_038,2024-09-06,2024-09-13,,485,
PO_07255,PRD_3808,SUP_045,WH_009,2022-04-06,2022-04-20,2022-04-20,165,165.0
PO_07256,PRD_0105,SUP_184,WH_050,2023-01-16,2023-01-19,2023-01-19,233,233.0
PO_07257,PRD_2830,SUP_059,WH_010,2022-02-12,2022-02-15,2022-02-15,50,50.0
PO_07258,PRD_4796,SUP_159,WH_016,2024-11-20,2024-12-02,2024-12-02,188,188.0
PO_07259,PRD_4628,SUP_117,WH_053,2023-05-03,2023-05-15,2023-05-15,114,114.0
PO_07260,PRD_0128,SUP_073,WH_058,2023-10-24,2023-11-05,2023-11-05,157,157.0
PO_07261,PRD_4492,SUP_077,WH_050,2022-06-13,2022-06-16,2022-06-16,120,120.0
PO_07262,PRD_3093,SUP_078,WH_038,2024-03-06,2024-03-07,,161,
PO_07263,PRD_3186,SUP_088,WH_010,2023-07-17,2023-07-23,2023-07-28,407,407.0
PO_07264,PRD_3734,SUP_193,WH_071,2025-07-10,2025-07-12,2025-07-12,73,68.0
PO_07265,PRD_3699,SUP_154,WH_059,2023-08-07,2023-08-19,2023-08-19,421,421.0
PO_07266,PRD_1003,SUP_159,WH_061,2022-06-18,2022-06-30,2022-06-30,184,184.0
PO_07267,PRD_2621,SUP_158,WH_066,2024-01-16,2024-01-30,2024-01-30,256,256.0
PO_07268,PRD_1070,SUP_122,WH_029,2025-02-25,2025-03-01,2025-03-01,45,43.0
PO_07269,PRD_1188,SUP_057,WH_062,2025-09-20,2025-09-25,2025-09-26,285,285.0
PO_07270,PRD_2333,SUP_170,WH_016,2022-06-17,2022-06-25,2022-06-25,59,59.0
PO_07271,PRD_2975,SUP_027,WH_054,2022-06-09,2022-06-21,2022-06-21,38,38.0
PO_07272,PRD_1691,SUP_123,WH_069,2022-01-17,2022-01-29,2022-01-29,261,261.0
PO_07273,PRD_0901,SUP_105,WH_052,2023-07-14,2023-07-25,2023-07-25,50,50.0
PO_07274,PRD_0286,SUP_179,WH_031,2022-01-17,2022-01-21,2022-01-21,84,84.0
PO_07275,PRD_2514,SUP_049,WH_063,2024-12-03,2024-12-12,2024-12-12,192,192.0
PO_07276,PRD_4790,SUP_145,WH_033,2025-08-09,2025-08-16,2025-08-22,259,259.0
PO_07277,PRD_2931,SUP_162,WH_012,2022-12-27,2023-01-07,2023-01-14,167,167.0
PO_07278,PRD_2681,SUP_163,WH_047,2023-09-12,2023-09-19,2023-09-22,89,89.0
PO_07279,PRD_0066,SUP_142,WH_026,2023-07-25,2023-08-03,2023-08-03,381,381.0
PO_07280,PRD_0166,SUP_071,WH_047,2023-02-09,2023-02-19,2023-02-19,271,271.0
PO_07281,PRD_0280,SUP_142,WH_071,2025-02-21,2025-03-02,2025-03-09,335,335.0
PO_07282,PRD_1272,SUP_040,WH_054,2022-01-02,2022-01-16,2022-01-16,138,138.0
PO_07283,PRD_1686,SUP_138,WH_007,2025-04-23,2025-05-01,2025-05-01,423,423.0
PO_07284,PRD_1918,SUP_139,WH_064,2022-06-25,2022-06-26,2022-07-04,67,67.0
PO_07285,PRD_2132,SUP_149,WH_019,2023-11-07,2023-11-14,2023-11-14,154,154.0
PO_07286,PRD_3300,SUP_105,WH_013,2023-12-01,2023-12-12,2023-12-13,245,245.0
PO_07287,PRD_4002,SUP_074,WH_079,2022-08-04,2022-08-18,2022-08-18,288,288.0
PO_07288,PRD_1007,SUP_148,WH_022,2023-11-12,2023-11-15,2023-11-21,395,395.0
PO_07289,PRD_0962,SUP_105,WH_054,2022-01-09,2022-01-20,,342,
PO_07290,PRD_0238,SUP_126,WH_026,2024-07-11,2024-07-14,2024-07-16,195,195.0
PO_07291,PRD_4921,SUP_076,WH_024,2023-12-27,2023-12-29,2023-12-29,135,135.0
PO_07292,PRD_3299,SUP_051,WH_031,2025-08-13,2025-08-20,2025-08-20,85,65.0
PO_07293,PRD_0716,SUP_085,WH_038,2025-11-05,2025-11-07,2025-11-07,437,437.0
PO_07294,PRD_0773,SUP_033,WH_045,2025-06-27,2025-07-11,2025-07-15,243,154.0
PO_07295,PRD_4169,SUP_049,WH_002,2025-09-08,2025-09-17,2025-09-17,240,191.0
PO_07296,PRD_3761,SUP_090,WH_053,2024-07-24,2024-07-29,,335,
PO_07297,PRD_0591,SUP_010,WH_060,2025-07-17,2025-07-30,2025-07-30,194,194.0
PO_07298,PRD_0831,SUP_105,WH_022,2025-05-02,2025-05-13,2025-05-13,210,210.0
PO_07299,PRD_4829,SUP_047,WH_032,2022-05-06,2022-05-10,2022-05-10,257,257.0
PO_07300,PRD_3057,SUP_146,WH_033,2023-06-13,2023-06-27,,282,
PO_07301,PRD_1127,SUP_159,WH_019,2023-04-05,2023-04-17,,173,
PO_07302,PRD_1684,SUP_138,WH_011,2025-07-02,2025-07-10,2025-07-10,261,261.0
PO_07303,PRD_4235,SUP_114,WH_015,2022-09-02,2022-09-13,,277,
PO_07304,PRD_3181,SUP_088,WH_023,2023-07-27,2023-08-02,2023-08-02,211,211.0
PO_07305,PRD_1312,SUP_041,WH_061,2023-05-09,2023-05-10,2023-05-10,161,161.0
PO_07306,PRD_2774,SUP_059,WH_057,2025-01-08,2025-01-11,2025-01-11,169,169.0
PO_07307,PRD_1236,SUP_105,WH_009,2024-09-19,2024-09-30,2024-09-30,179,179.0
PO_07308,PRD_3348,SUP_109,WH_028,2024-10-23,2024-10-28,2024-10-28,164,131.0
PO_07309,PRD_1140,SUP_131,WH_009,2022-10-18,2022-10-25,2022-10-25,128,128.0
PO_07310,PRD_0187,SUP_088,WH_049,2023-09-03,2023-09-09,2023-09-09,249,168.0
PO_07311,PRD_2159,SUP_172,WH_009,2022-07-23,2022-07-31,2022-07-31,424,424.0
PO_07312,PRD_3193,SUP_180,WH_037,2025-10-05,2025-10-11,2025-10-11,71,71.0
PO_07313,PRD_1526,SUP_104,WH_001,2022-07-22,2022-07-30,2022-08-04,230,230.0
PO_07314,PRD_0527,SUP_067,WH_017,2025-05-18,2025-05-22,2025-05-22,152,152.0
PO_07315,PRD_1020,SUP_002,WH_049,2022-07-26,2022-07-27,2022-08-02,96,96.0
PO_07316,PRD_3339,SUP_181,WH_043,2023-12-11,2023-12-19,2023-12-19,86,86.0
PO_07317,PRD_1247,SUP_017,WH_028,2025-01-09,2025-01-12,2025-01-12,369,369.0
PO_07318,PRD_4982,SUP_045,WH_067,2024-12-13,2024-12-27,2024-12-27,463,463.0
PO_07319,PRD_1500,SUP_174,WH_029,2023-12-22,2023-12-30,,274,
PO_07320,PRD_1389,SUP_071,WH_032,2022-05-11,2022-05-21,2022-05-21,253,253.0
PO_07321,PRD_3601,SUP_113,WH_004,2022-11-05,2022-11-11,2022-11-11,100,100.0
PO_07322,PRD_3037,SUP_174,WH_027,2024-05-01,2024-05-09,2024-05-09,35,35.0
PO_07323,PRD_2901,SUP_059,WH_009,2025-06-23,2025-06-26,2025-06-26,167,148.0
PO_07324,PRD_2596,SUP_088,WH_065,2025-01-09,2025-01-15,2025-01-15,121,101.0
PO_07325,PRD_1287,SUP_110,WH_016,2023-08-25,2023-08-29,2023-08-29,210,210.0
PO_07326,PRD_2869,SUP_078,WH_018,2025-03-13,2025-03-14,2025-03-14,189,189.0
PO_07327,PRD_2046,SUP_160,WH_001,2024-08-10,2024-08-15,,194,
PO_07328,PRD_4138,SUP_080,WH_061,2022-11-26,2022-11-27,2022-11-29,263,181.0
PO_07329,PRD_0837,SUP_085,WH_052,2024-12-13,2024-12-15,2024-12-19,46,46.0
PO_07330,PRD_0219,SUP_186,WH_040,2024-05-11,2024-05-20,2024-05-20,47,47.0
PO_07331,PRD_0564,SUP_089,WH_014,2022-02-21,2022-02-28,2022-02-28,66,66.0
PO_07332,PRD_0537,SUP_148,WH_017,2024-03-05,2024-03-08,2024-03-08,339,219.0
PO_07333,PRD_0038,SUP_155,WH_055,2025-09-25,2025-09-26,2025-09-26,67,54.0
PO_07334,PRD_1121,SUP_061,WH_074,2025-02-18,2025-03-02,2025-03-02,317,317.0
PO_07335,PRD_2192,SUP_177,WH_054,2022-06-16,2022-06-17,2022-06-17,104,104.0
PO_07336,PRD_3596,SUP_177,WH_066,2025-01-12,2025-01-13,2025-01-16,308,308.0
PO_07337,PRD_1593,SUP_112,WH_014,2025-12-05,2025-12-11,2025-12-11,94,94.0
PO_07338,PRD_4866,SUP_181,WH_028,2025-11-14,2025-11-22,2025-11-22,353,353.0
PO_07339,PRD_1929,SUP_033,WH_047,2024-11-21,2024-12-05,2024-12-05,243,243.0
PO_07340,PRD_0242,SUP_012,WH_070,2024-02-08,2024-02-21,2024-02-21,62,62.0
PO_07341,PRD_3995,SUP_160,WH_011,2022-05-23,2022-05-28,2022-05-28,333,219.0
PO_07342,PRD_2740,SUP_093,WH_053,2024-03-16,2024-03-19,2024-03-19,343,343.0
PO_07343,PRD_3083,SUP_048,WH_033,2025-09-05,2025-09-18,2025-09-18,166,137.0
PO_07344,PRD_2145,SUP_200,WH_051,2023-12-13,2023-12-17,2023-12-17,258,258.0
PO_07345,PRD_4376,SUP_138,WH_013,2024-10-03,2024-10-11,2024-10-11,343,343.0
PO_07346,PRD_3445,SUP_177,WH_001,2023-03-06,2023-03-07,,276,
PO_07347,PRD_4805,SUP_076,WH_079,2022-07-16,2022-07-18,2022-07-26,235,235.0
PO_07348,PRD_1307,SUP_119,WH_050,2025-07-18,2025-07-24,2025-07-31,44,44.0
PO_07349,PRD_4908,SUP_106,WH_020,2022-11-07,2022-11-08,2022-11-08,72,49.0
PO_07350,PRD_2317,SUP_161,WH_066,2024-03-07,2024-03-12,2024-03-16,22,15.0
PO_07351,PRD_2846,SUP_089,WH_019,2024-07-06,2024-07-13,2024-07-20,482,482.0
PO_07352,PRD_4422,SUP_071,WH_015,2023-10-05,2023-10-15,2023-10-16,60,60.0
PO_07353,PRD_3643,SUP_111,WH_031,2022-03-24,2022-03-26,2022-03-26,490,490.0
PO_07354,PRD_1498,SUP_192,WH_037,2025-01-09,2025-01-11,2025-01-11,464,458.0
PO_07355,PRD_1331,SUP_144,WH_044,2022-01-08,2022-01-10,2022-01-10,412,412.0
PO_07356,PRD_4796,SUP_159,WH_079,2025-06-15,2025-06-27,,130,
PO_07357,PRD_4975,SUP_136,WH_052,2023-05-15,2023-05-22,2023-05-22,421,421.0
PO_07358,PRD_1917,SUP_145,WH_079,2023-08-06,2023-08-13,2023-08-15,266,252.0
PO_07359,PRD_3177,SUP_004,WH_073,2024-10-23,2024-11-05,,491,
PO_07360,PRD_3651,SUP_065,WH_023,2025-11-26,2025-12-04,2025-12-04,352,285.0
PO_07361,PRD_4420,SUP_147,WH_066,2023-06-25,2023-07-05,2023-07-05,50,50.0
PO_07362,PRD_2052,SUP_043,WH_005,2024-04-15,2024-04-24,2024-04-24,387,387.0
PO_07363,PRD_2369,SUP_089,WH_030,2025-08-23,2025-08-30,2025-09-06,88,77.0
PO_07364,PRD_4498,SUP_102,WH_046,2023-12-10,2023-12-17,2023-12-17,121,121.0
PO_07365,PRD_2263,SUP_179,WH_051,2025-10-19,2025-10-23,2025-10-23,470,470.0
PO_07366,PRD_4225,SUP_034,WH_056,2025-02-22,2025-03-05,2025-03-05,47,47.0
PO_07367,PRD_4506,SUP_122,WH_077,2023-02-09,2023-02-13,2023-02-13,468,315.0
PO_07368,PRD_2702,SUP_178,WH_037,2022-05-22,2022-05-30,2022-05-30,47,47.0
PO_07369,PRD_1092,SUP_177,WH_064,2025-10-06,2025-10-07,,144,
PO_07370,PRD_0325,SUP_167,WH_080,2024-06-22,2024-06-25,2024-06-25,178,178.0
PO_07371,PRD_3013,SUP_027,WH_048,2024-08-08,2024-08-20,2024-08-20,487,487.0
PO_07372,PRD_1284,SUP_032,WH_005,2024-08-13,2024-08-27,2024-08-27,145,145.0
PO_07373,PRD_2631,SUP_071,WH_030,2025-09-21,2025-10-01,2025-10-01,198,198.0
PO_07374,PRD_4300,SUP_124,WH_077,2024-04-08,2024-04-19,2024-04-22,238,238.0
PO_07375,PRD_2240,SUP_011,WH_029,2024-01-05,2024-01-16,,463,
PO_07376,PRD_2568,SUP_134,WH_032,2024-09-19,2024-09-20,2024-09-20,89,60.0
PO_07377,PRD_0839,SUP_184,WH_070,2025-10-16,2025-10-19,,103,
PO_07378,PRD_3842,SUP_024,WH_063,2023-10-22,2023-10-31,2023-10-31,470,470.0
PO_07379,PRD_1342,SUP_139,WH_074,2025-10-25,2025-10-26,2025-10-26,290,290.0
PO_07380,PRD_2067,SUP_186,WH_010,2024-06-02,2024-06-11,2024-06-11,42,42.0
PO_07381,PRD_0018,SUP_001,WH_079,2022-07-16,2022-07-23,2022-07-28,20,20.0
PO_07382,PRD_0462,SUP_168,WH_057,2025-01-22,2025-01-25,2025-01-30,376,376.0
PO_07383,PRD_1464,SUP_100,WH_007,2023-03-12,2023-03-19,2023-03-19,28,28.0
PO_07384,PRD_1240,SUP_055,WH_064,2022-06-22,2022-07-01,2022-07-03,188,188.0
PO_07385,PRD_2282,SUP_020,WH_059,2022-10-03,2022-10-05,2022-10-05,107,107.0
PO_07386,PRD_4764,SUP_077,WH_055,2023-08-12,2023-08-15,2023-08-15,450,450.0
PO_07387,PRD_3716,SUP_172,WH_009,2023-10-06,2023-10-14,2023-10-14,423,423.0
PO_07388,PRD_1271,SUP_039,WH_046,2025-12-23,2025-12-30,2025-12-31,298,298.0
PO_07389,PRD_2987,SUP_073,WH_043,2023-04-27,2023-05-09,2023-05-09,496,496.0
PO_07390,PRD_2776,SUP_078,WH_057,2022-04-02,2022-04-03,,218,
PO_07391,PRD_3341,SUP_161,WH_066,2022-11-16,2022-11-21,2022-11-28,445,278.0
PO_07392,PRD_0064,SUP_126,WH_005,2024-06-22,2024-06-25,2024-06-25,482,482.0
PO_07393,PRD_2627,SUP_046,WH_041,2024-10-03,2024-10-12,2024-10-12,443,443.0
PO_07394,PRD_2065,SUP_194,WH_003,2022-04-20,2022-04-26,2022-04-26,408,408.0
PO_07395,PRD_1632,SUP_192,WH_077,2022-11-26,2022-11-28,2022-12-03,30,30.0
PO_07396,PRD_3682,SUP_070,WH_002,2025-12-20,2025-12-21,2025-12-21,62,62.0
PO_07397,PRD_4965,SUP_026,WH_028,2023-08-13,2023-08-19,2023-08-19,386,386.0
PO_07398,PRD_1443,SUP_188,WH_037,2023-07-27,2023-08-05,,441,
PO_07399,PRD_1370,SUP_161,WH_025,2025-02-15,2025-02-20,2025-02-20,308,308.0
PO_07400,PRD_1061,SUP_169,WH_032,2024-08-24,2024-08-28,2024-08-28,188,188.0
PO_07401,PRD_0104,SUP_164,WH_013,2024-05-09,2024-05-18,2024-05-18,407,358.0
PO_07402,PRD_3249,SUP_151,WH_026,2022-05-11,2022-05-21,2022-05-21,479,479.0
PO_07403,PRD_1001,SUP_019,WH_070,2023-10-04,2023-10-16,2023-10-16,416,416.0
PO_07404,PRD_1989,SUP_056,WH_070,2024-05-21,2024-06-04,2024-06-05,476,476.0
PO_07405,PRD_2815,SUP_149,WH_034,2025-07-17,2025-07-24,2025-07-25,366,366.0
PO_07406,PRD_4090,SUP_069,WH_010,2024-05-12,2024-05-26,2024-05-27,44,44.0
PO_07407,PRD_0454,SUP_046,WH_028,2025-11-16,2025-11-25,2025-11-25,494,494.0
PO_07408,PRD_0509,SUP_138,WH_048,2022-03-11,2022-03-19,2022-03-19,196,196.0
PO_07409,PRD_0054,SUP_071,WH_033,2022-09-18,2022-09-28,2022-09-28,20,20.0
PO_07410,PRD_0759,SUP_077,WH_073,2023-02-05,2023-02-08,2023-02-10,22,17.0
PO_07411,PRD_3780,SUP_121,WH_029,2025-06-11,2025-06-14,2025-06-17,350,350.0
PO_07412,PRD_2677,SUP_023,WH_014,2025-06-16,2025-06-30,2025-06-30,231,231.0
PO_07413,PRD_3394,SUP_060,WH_018,2025-10-26,2025-11-05,2025-11-13,246,246.0
PO_07414,PRD_2240,SUP_011,WH_004,2025-10-25,2025-11-05,2025-11-05,305,305.0
PO_07415,PRD_4641,SUP_102,WH_032,2025-09-10,2025-09-17,2025-09-17,384,384.0
PO_07416,PRD_4457,SUP_183,WH_031,2022-03-27,2022-04-10,2022-04-10,271,271.0
PO_07417,PRD_3652,SUP_111,WH_067,2025-12-16,2025-12-18,2025-12-18,432,432.0
PO_07418,PRD_1883,SUP_087,WH_042,2024-05-09,2024-05-21,2024-05-21,434,406.0
PO_07419,PRD_4502,SUP_127,WH_021,2025-06-04,2025-06-14,2025-06-14,97,97.0
PO_07420,PRD_4800,SUP_145,WH_068,2022-08-19,2022-08-26,2022-08-26,67,67.0
PO_07421,PRD_4127,SUP_139,WH_009,2025-08-05,2025-08-06,2025-08-06,219,219.0
PO_07422,PRD_0099,SUP_196,WH_042,2022-06-03,2022-06-16,2022-06-16,328,328.0
PO_07423,PRD_2868,SUP_151,WH_044,2024-04-11,2024-04-21,2024-04-21,416,416.0
PO_07424,PRD_2466,SUP_134,WH_018,2022-03-23,2022-03-24,2022-03-24,39,39.0
PO_07425,PRD_3790,SUP_172,WH_026,2024-10-19,2024-10-27,2024-11-03,103,103.0
PO_07426,PRD_3207,SUP_019,WH_038,2024-09-15,2024-09-27,2024-09-27,191,191.0
PO_07427,PRD_4293,SUP_058,WH_062,2025-06-17,2025-06-18,2025-06-20,395,395.0
PO_07428,PRD_4346,SUP_058,WH_006,2024-09-11,2024-09-12,2024-09-12,486,486.0
PO_07429,PRD_4431,SUP_151,WH_079,2023-11-23,2023-12-03,2023-12-04,57,49.0
PO_07430,PRD_2389,SUP_097,WH_035,2024-03-16,2024-03-28,2024-03-28,390,390.0
PO_07431,PRD_3731,SUP_090,WH_063,2025-04-05,2025-04-10,2025-04-10,201,201.0
PO_07432,PRD_1963,SUP_064,WH_066,2025-07-10,2025-07-16,2025-07-22,211,211.0
PO_07433,PRD_3674,SUP_104,WH_006,2024-09-19,2024-09-27,,337,
PO_07434,PRD_0930,SUP_171,WH_032,2024-08-26,2024-09-01,2024-09-01,434,434.0
PO_07435,PRD_3717,SUP_072,WH_056,2024-07-17,2024-07-21,2024-07-21,340,340.0
PO_07436,PRD_4851,SUP_008,WH_014,2022-11-25,2022-12-02,2022-12-02,446,278.0
PO_07437,PRD_4040,SUP_069,WH_077,2025-08-02,2025-08-16,2025-08-16,427,425.0
PO_07438,PRD_2718,SUP_170,WH_059,2022-04-16,2022-04-24,2022-04-24,172,172.0
PO_07439,PRD_3669,SUP_065,WH_028,2025-08-23,2025-08-31,,378,
PO_07440,PRD_0817,SUP_032,WH_003,2023-09-24,2023-10-08,2023-10-08,382,382.0
PO_07441,PRD_3998,SUP_106,WH_009,2023-10-06,2023-10-07,2023-10-07,263,263.0
PO_07442,PRD_1361,SUP_016,WH_024,2022-12-20,2022-12-31,2022-12-31,340,340.0
PO_07443,PRD_4263,SUP_058,WH_037,2023-09-15,2023-09-16,2023-09-18,234,234.0
PO_07444,PRD_2042,SUP_120,WH_020,2023-04-12,2023-04-25,2023-04-26,34,34.0
PO_07445,PRD_1806,SUP_119,WH_065,2025-12-18,2025-12-24,,353,
PO_07446,PRD_4163,SUP_117,WH_055,2023-07-12,2023-07-24,2023-07-24,82,82.0
PO_07447,PRD_0558,SUP_066,WH_072,2025-02-18,2025-02-27,2025-02-27,407,407.0
PO_07448,PRD_3869,SUP_133,WH_002,2025-09-09,2025-09-18,2025-09-18,443,443.0
PO_07449,PRD_4766,SUP_021,WH_042,2024-08-12,2024-08-22,2024-08-22,80,80.0
PO_07450,PRD_2071,SUP_180,WH_012,2025-07-13,2025-07-19,2025-07-19,486,486.0
PO_07451,PRD_4159,SUP_032,WH_033,2025-02-24,2025-03-10,2025-03-10,64,64.0
PO_07452,PRD_3195,SUP_151,WH_073,2024-08-27,2024-09-06,2024-09-06,442,442.0
PO_07453,PRD_0607,SUP_067,WH_005,2022-11-07,2022-11-11,2022-11-11,48,48.0
PO_07454,PRD_2533,SUP_046,WH_002,2024-08-03,2024-08-12,2024-08-12,276,276.0
PO_07455,PRD_2343,SUP_177,WH_073,2022-04-14,2022-04-15,2022-04-18,245,245.0
PO_07456,PRD_1738,SUP_196,WH_006,2023-11-08,2023-11-21,2023-11-21,403,401.0
PO_07457,PRD_0412,SUP_121,WH_061,2022-06-20,2022-06-23,,371,
PO_07458,PRD_4777,SUP_096,WH_030,2025-03-21,2025-03-26,2025-03-26,74,74.0
PO_07459,PRD_0586,SUP_198,WH_029,2022-04-02,2022-04-06,2022-04-06,117,80.0
PO_07460,PRD_3846,SUP_024,WH_022,2023-02-10,2023-02-19,2023-02-19,298,298.0
PO_07461,PRD_2641,SUP_108,WH_032,2025-12-11,2025-12-19,2025-12-19,266,266.0
PO_07462,PRD_1080,SUP_109,WH_041,2022-08-27,2022-09-01,2022-09-01,195,195.0
PO_07463,PRD_0641,SUP_066,WH_057,2025-06-05,2025-06-14,2025-06-14,83,83.0
PO_07464,PRD_1494,SUP_192,WH_062,2024-01-02,2024-01-04,2024-01-06,64,64.0
PO_07465,PRD_1140,SUP_131,WH_058,2024-01-09,2024-01-16,2024-01-16,343,343.0
PO_07466,PRD_1322,SUP_114,WH_018,2025-03-26,2025-04-06,2025-04-06,261,261.0
PO_07467,PRD_4326,SUP_039,WH_055,2024-06-10,2024-06-17,2024-06-24,285,285.0
PO_07468,PRD_0903,SUP_104,WH_049,2022-01-26,2022-02-03,2022-02-03,263,263.0
PO_07469,PRD_4494,SUP_039,WH_025,2022-11-02,2022-11-09,2022-11-09,398,375.0
PO_07470,PRD_4033,SUP_197,WH_065,2023-06-02,2023-06-11,,122,
PO_07471,PRD_0777,SUP_077,WH_004,2023-02-01,2023-02-04,2023-02-04,383,232.0
PO_07472,PRD_2628,SUP_072,WH_002,2022-08-09,2022-08-13,2022-08-15,41,41.0
PO_07473,PRD_4385,SUP_073,WH_028,2025-12-26,2026-01-07,2026-01-07,417,389.0
PO_07474,PRD_0955,SUP_158,WH_026,2025-02-24,2025-03-10,2025-03-10,310,310.0
PO_07475,PRD_2770,SUP_012,WH_061,2022-06-06,2022-06-19,2022-06-19,164,164.0
PO_07476,PRD_2540,SUP_143,WH_034,2025-07-16,2025-07-25,2025-07-25,106,99.0
PO_07477,PRD_3750,SUP_105,WH_075,2023-04-23,2023-05-04,,242,
PO_07478,PRD_4662,SUP_024,WH_063,2024-06-09,2024-06-18,2024-06-18,155,155.0
PO_07479,PRD_0679,SUP_176,WH_044,2023-05-07,2023-05-18,,342,
PO_07480,PRD_1405,SUP_107,WH_021,2025-07-17,2025-07-23,2025-07-23,316,316.0
PO_07481,PRD_0691,SUP_085,WH_015,2024-09-23,2024-09-25,,478,
PO_07482,PRD_0107,SUP_191,WH_060,2025-05-01,2025-05-15,2025-05-15,46,46.0
PO_07483,PRD_0332,SUP_118,WH_052,2025-12-07,2025-12-18,2025-12-18,237,237.0
PO_07484,PRD_0080,SUP_142,WH_023,2025-11-09,2025-11-18,2025-11-18,497,497.0
PO_07485,PRD_0209,SUP_040,WH_055,2024-11-21,2024-12-05,2024-12-05,29,29.0
PO_07486,PRD_2843,SUP_070,WH_021,2024-01-14,2024-01-15,2024-01-22,219,140.0
PO_07487,PRD_1114,SUP_019,WH_003,2025-12-19,2025-12-31,2025-12-31,209,195.0
PO_07488,PRD_2282,SUP_020,WH_060,2022-06-19,2022-06-21,2022-06-21,442,293.0
PO_07489,PRD_1283,SUP_125,WH_067,2025-07-12,2025-07-16,2025-07-16,470,470.0
PO_07490,PRD_4105,SUP_074,WH_041,2022-06-17,2022-07-01,2022-07-05,228,177.0
PO_07491,PRD_3306,SUP_105,WH_062,2025-07-23,2025-08-03,2025-08-09,315,315.0
PO_07492,PRD_4593,SUP_074,WH_079,2025-11-06,2025-11-20,2025-11-20,480,480.0
PO_07493,PRD_0181,SUP_155,WH_068,2024-07-12,2024-07-13,2024-07-13,105,105.0
PO_07494,PRD_4507,SUP_004,WH_057,2023-05-26,2023-06-08,2023-06-08,297,241.0
PO_07495,PRD_4666,SUP_139,WH_029,2023-12-04,2023-12-05,2023-12-12,495,495.0
PO_07496,PRD_2268,SUP_080,WH_049,2025-12-08,2025-12-09,2025-12-09,39,25.0
PO_07497,PRD_1032,SUP_099,WH_076,2024-07-27,2024-08-02,2024-08-03,374,374.0
PO_07498,PRD_1104,SUP_148,WH_004,2024-03-22,2024-03-25,2024-03-25,53,53.0
PO_07499,PRD_2798,SUP_142,WH_067,2025-05-06,2025-05-15,2025-05-16,173,173.0
PO_07500,PRD_0935,SUP_080,WH_061,2023-05-18,2023-05-19,2023-05-19,410,410.0
PO_07501,PRD_1115,SUP_189,WH_002,2023-11-17,2023-11-30,2023-11-30,91,91.0
PO_07502,PRD_3745,SUP_196,WH_075,2024-11-08,2024-11-21,2024-11-21,244,244.0
PO_07503,PRD_2055,SUP_122,WH_072,2023-05-16,2023-05-20,2023-05-28,448,448.0
PO_07504,PRD_4257,SUP_142,WH_003,2023-02-24,2023-03-05,,77,
PO_07505,PRD_4034,SUP_001,WH_034,2023-02-25,2023-03-04,2023-03-07,361,361.0
PO_07506,PRD_0073,SUP_034,WH_016,2022-02-24,2022-03-07,2022-03-07,423,265.0
PO_07507,PRD_3819,SUP_126,WH_062,2023-10-02,2023-10-05,2023-10-05,104,104.0
PO_07508,PRD_2850,SUP_124,WH_005,2022-03-09,2022-03-20,2022-03-20,123,94.0
PO_07509,PRD_3426,SUP_193,WH_066,2024-06-09,2024-06-11,2024-06-13,65,65.0
PO_07510,PRD_3502,SUP_104,WH_055,2025-07-12,2025-07-20,2025-07-20,339,245.0
PO_07511,PRD_4990,SUP_195,WH_054,2024-03-15,2024-03-18,2024-03-18,295,189.0
PO_07512,PRD_0213,SUP_155,WH_003,2024-05-05,2024-05-06,2024-05-07,429,314.0
PO_07513,PRD_4343,SUP_001,WH_016,2025-06-27,2025-07-04,2025-07-04,222,222.0
PO_07514,PRD_0472,SUP_179,WH_040,2024-02-15,2024-02-19,2024-02-19,373,373.0
PO_07515,PRD_2722,SUP_122,WH_038,2022-09-17,2022-09-21,2022-09-21,293,293.0
PO_07516,PRD_0310,SUP_185,WH_072,2025-10-09,2025-10-23,2025-10-23,455,455.0
PO_07517,PRD_0089,SUP_109,WH_026,2025-11-26,2025-12-01,2025-12-01,268,244.0
PO_07518,PRD_4697,SUP_074,WH_027,2022-04-09,2022-04-23,2022-04-30,471,471.0
PO_07519,PRD_4550,SUP_024,WH_003,2025-07-10,2025-07-19,2025-07-19,381,381.0
PO_07520,PRD_1086,SUP_044,WH_076,2025-01-19,2025-01-30,2025-01-30,429,315.0
PO_07521,PRD_2335,SUP_078,WH_054,2025-12-08,2025-12-09,2025-12-10,204,204.0
PO_07522,PRD_4509,SUP_018,WH_064,2023-12-03,2023-12-09,2023-12-09,182,182.0
PO_07523,PRD_1807,SUP_110,WH_018,2025-08-21,2025-08-25,2025-08-28,120,120.0
PO_07524,PRD_3206,SUP_060,WH_030,2024-08-13,2024-08-23,,329,
PO_07525,PRD_2430,SUP_161,WH_026,2023-07-10,2023-07-15,,180,
PO_07526,PRD_4956,SUP_111,WH_063,2022-05-24,2022-05-26,2022-05-26,447,447.0
PO_07527,PRD_2872,SUP_050,WH_017,2023-06-16,2023-06-19,2023-06-19,319,319.0
PO_07528,PRD_2810,SUP_063,WH_037,2023-04-03,2023-04-14,,245,
PO_07529,PRD_3878,SUP_112,WH_040,2023-11-12,2023-11-18,2023-11-18,119,119.0
PO_07530,PRD_4971,SUP_012,WH_077,2024-01-22,2024-02-04,2024-02-04,366,366.0
PO_07531,PRD_3668,SUP_148,WH_046,2024-05-10,2024-05-13,2024-05-13,83,83.0
PO_07532,PRD_4336,SUP_024,WH_030,2023-01-19,2023-01-28,2023-01-28,426,426.0
PO_07533,PRD_2822,SUP_124,WH_033,2022-12-02,2022-12-13,2022-12-20,278,278.0
PO_07534,PRD_0248,SUP_163,WH_061,2022-04-21,2022-04-28,2022-04-28,449,449.0
PO_07535,PRD_2059,SUP_052,WH_032,2022-07-14,2022-07-20,2022-07-24,57,57.0
PO_07536,PRD_1083,SUP_197,WH_001,2022-06-17,2022-06-26,2022-07-03,187,187.0
PO_07537,PRD_1121,SUP_061,WH_024,2023-03-18,2023-03-30,2023-04-04,204,146.0
PO_07538,PRD_3710,SUP_139,WH_002,2024-09-19,2024-09-20,2024-09-20,198,130.0
PO_07539,PRD_1131,SUP_131,WH_068,2025-09-19,2025-09-26,2025-09-26,170,170.0
PO_07540,PRD_3883,SUP_024,WH_008,2024-01-27,2024-02-05,2024-02-05,419,419.0
PO_07541,PRD_3554,SUP_069,WH_004,2025-03-21,2025-04-04,2025-04-06,128,128.0
PO_07542,PRD_0501,SUP_199,WH_055,2025-07-26,2025-07-27,2025-07-27,465,323.0
PO_07543,PRD_4295,SUP_149,WH_037,2023-09-26,2023-10-03,2023-10-11,110,109.0
PO_07544,PRD_3161,SUP_107,WH_075,2025-02-19,2025-02-25,2025-02-25,338,338.0
PO_07545,PRD_3883,SUP_024,WH_060,2025-04-02,2025-04-11,2025-04-11,496,496.0
PO_07546,PRD_1985,SUP_066,WH_071,2025-06-14,2025-06-23,2025-06-23,171,171.0
PO_07547,PRD_3968,SUP_194,WH_061,2024-05-19,2024-05-25,2024-06-02,219,219.0
PO_07548,PRD_2421,SUP_177,WH_019,2023-10-11,2023-10-12,,388,
PO_07549,PRD_0953,SUP_179,WH_057,2024-03-23,2024-03-27,2024-03-27,480,480.0
PO_07550,PRD_3861,SUP_090,WH_021,2024-08-03,2024-08-08,2024-08-08,25,25.0
PO_07551,PRD_0159,SUP_071,WH_035,2023-01-16,2023-01-26,2023-01-26,460,460.0
PO_07552,PRD_4932,SUP_015,WH_012,2023-11-09,2023-11-16,2023-11-16,232,232.0
PO_07553,PRD_1534,SUP_008,WH_028,2022-02-27,2022-03-06,2022-03-06,132,94.0
PO_07554,PRD_4385,SUP_073,WH_056,2023-02-14,2023-02-26,2023-02-26,173,172.0
PO_07555,PRD_0677,SUP_049,WH_067,2024-02-25,2024-03-05,2024-03-08,269,269.0
PO_07556,PRD_0852,SUP_045,WH_061,2023-08-09,2023-08-23,2023-08-23,433,433.0
PO_07557,PRD_1073,SUP_073,WH_058,2023-05-22,2023-06-03,2023-06-03,320,320.0
PO_07558,PRD_4062,SUP_160,WH_002,2025-10-21,2025-10-26,2025-10-26,177,177.0
PO_07559,PRD_0909,SUP_185,WH_005,2023-06-27,2023-07-11,2023-07-18,245,245.0
PO_07560,PRD_3168,SUP_039,WH_021,2025-09-23,2025-09-30,2025-09-30,329,329.0
PO_07561,PRD_0646,SUP_068,WH_009,2023-11-04,2023-11-05,2023-11-05,77,77.0
PO_07562,PRD_4021,SUP_010,WH_061,2022-11-07,2022-11-20,2022-11-20,482,482.0
PO_07563,PRD_4521,SUP_021,WH_077,2025-03-14,2025-03-24,2025-03-24,221,221.0
PO_07564,PRD_1835,SUP_022,WH_055,2025-06-02,2025-06-15,2025-06-15,218,218.0
PO_07565,PRD_1998,SUP_080,WH_056,2025-05-03,2025-05-04,2025-05-04,239,239.0
PO_07566,PRD_3469,SUP_009,WH_068,2025-02-26,2025-03-05,,371,
PO_07567,PRD_4255,SUP_115,WH_077,2024-11-22,2024-11-23,2024-11-23,234,234.0
PO_07568,PRD_1815,SUP_137,WH_010,2023-09-21,2023-09-23,2023-09-23,302,293.0
PO_07569,PRD_0683,SUP_148,WH_070,2023-02-24,2023-02-27,2023-02-27,468,468.0
PO_07570,PRD_0093,SUP_164,WH_048,2023-05-10,2023-05-19,2023-05-19,479,479.0
PO_07571,PRD_2347,SUP_179,WH_067,2022-11-27,2022-12-01,2022-12-01,406,310.0
PO_07572,PRD_1807,SUP_110,WH_072,2025-10-14,2025-10-18,2025-10-21,264,264.0
PO_07573,PRD_0799,SUP_111,WH_062,2022-03-11,2022-03-13,2022-03-13,132,132.0
PO_07574,PRD_4924,SUP_159,WH_003,2023-07-04,2023-07-16,2023-07-16,337,337.0
PO_07575,PRD_1496,SUP_185,WH_032,2025-04-16,2025-04-30,2025-05-08,337,337.0
PO_07576,PRD_1923,SUP_067,WH_062,2024-07-19,2024-07-23,2024-07-23,53,41.0
PO_07577,PRD_0203,SUP_200,WH_043,2024-07-14,2024-07-18,2024-07-18,319,319.0
PO_07578,PRD_0411,SUP_003,WH_060,2024-10-08,2024-10-12,2024-10-13,203,203.0
PO_07579,PRD_4943,SUP_015,WH_032,2024-08-09,2024-08-16,,395,
PO_07580,PRD_1001,SUP_019,WH_069,2023-10-22,2023-11-03,2023-11-03,82,82.0
PO_07581,PRD_2782,SUP_135,WH_023,2025-03-02,2025-03-10,2025-03-10,468,468.0
PO_07582,PRD_4269,SUP_128,WH_056,2025-08-23,2025-08-26,2025-09-01,435,435.0
PO_07583,PRD_2934,SUP_151,WH_050,2025-11-03,2025-11-13,2025-11-19,385,385.0
PO_07584,PRD_4403,SUP_097,WH_063,2022-11-21,2022-12-03,2022-12-03,464,457.0
PO_07585,PRD_1670,SUP_155,WH_038,2022-05-05,2022-05-06,2022-05-06,440,440.0
PO_07586,PRD_1646,SUP_196,WH_033,2023-10-08,2023-10-21,2023-10-23,437,437.0
PO_07587,PRD_4792,SUP_178,WH_021,2023-03-10,2023-03-18,2023-03-18,482,482.0
PO_07588,PRD_2516,SUP_175,WH_033,2024-10-10,2024-10-14,2024-10-14,301,301.0
PO_07589,PRD_2058,SUP_030,WH_015,2025-11-19,2025-12-01,,215,
PO_07590,PRD_0150,SUP_186,WH_048,2022-02-09,2022-02-18,2022-02-18,478,478.0
PO_07591,PRD_4341,SUP_147,WH_079,2024-07-25,2024-08-04,2024-08-04,172,167.0
PO_07592,PRD_1847,SUP_084,WH_059,2025-12-26,2025-12-27,2025-12-27,485,485.0
PO_07593,PRD_4516,SUP_181,WH_050,2022-05-26,2022-06-03,,288,
PO_07594,PRD_4090,SUP_069,WH_041,2023-06-07,2023-06-21,2023-06-21,160,160.0
PO_07595,PRD_4402,SUP_030,WH_004,2025-10-10,2025-10-22,2025-10-22,142,142.0
PO_07596,PRD_2773,SUP_141,WH_059,2023-11-22,2023-12-04,2023-12-04,116,111.0
PO_07597,PRD_0857,SUP_185,WH_059,2025-01-18,2025-02-01,2025-02-01,62,62.0
PO_07598,PRD_2881,SUP_089,WH_042,2022-11-01,2022-11-08,2022-11-08,286,275.0
PO_07599,PRD_2486,SUP_071,WH_061,2023-02-10,2023-02-20,2023-02-27,86,86.0
PO_07600,PRD_2142,SUP_122,WH_053,2022-10-11,2022-10-15,2022-10-15,69,69.0
PO_07601,PRD_0378,SUP_177,WH_020,2023-05-08,2023-05-09,,285,
PO_07602,PRD_0105,SUP_184,WH_058,2023-08-22,2023-08-25,2023-08-25,177,177.0
PO_07603,PRD_4700,SUP_167,WH_056,2025-08-09,2025-08-12,2025-08-12,472,472.0
PO_07604,PRD_2860,SUP_171,WH_067,2024-01-02,2024-01-08,2024-01-09,96,96.0
PO_07605,PRD_1869,SUP_181,WH_038,2023-09-14,2023-09-22,2023-09-22,414,414.0
PO_07606,PRD_3620,SUP_155,WH_049,2023-07-26,2023-07-27,2023-07-27,213,213.0
PO_07607,PRD_4661,SUP_061,WH_050,2024-11-03,2024-11-15,2024-11-15,500,500.0
PO_07608,PRD_4503,SUP_192,WH_055,2024-12-17,2024-12-19,2024-12-23,454,454.0
PO_07609,PRD_0043,SUP_163,WH_034,2022-03-26,2022-04-02,2022-04-02,38,38.0
PO_07610,PRD_4044,SUP_093,WH_064,2022-09-11,2022-09-14,2022-09-14,244,244.0
PO_07611,PRD_2070,SUP_194,WH_008,2024-07-08,2024-07-14,2024-07-14,177,177.0
PO_07612,PRD_0250,SUP_068,WH_051,2024-10-16,2024-10-17,2024-10-17,105,105.0
PO_07613,PRD_4902,SUP_178,WH_022,2024-08-10,2024-08-18,2024-08-18,375,333.0
PO_07614,PRD_4947,SUP_157,WH_016,2025-03-27,2025-03-28,2025-04-03,459,459.0
PO_07615,PRD_3513,SUP_069,WH_044,2025-08-24,2025-09-07,2025-09-07,177,177.0
PO_07616,PRD_1454,SUP_107,WH_079,2024-03-21,2024-03-27,2024-03-27,261,261.0
PO_07617,PRD_4548,SUP_061,WH_016,2022-03-20,2022-04-01,2022-04-01,311,311.0
PO_07618,PRD_2117,SUP_156,WH_071,2024-02-19,2024-02-21,2024-02-26,187,187.0
PO_07619,PRD_3551,SUP_104,WH_062,2022-02-22,2022-03-02,2022-03-02,212,212.0
PO_07620,PRD_1631,SUP_172,WH_072,2025-09-17,2025-09-25,2025-09-25,246,246.0
PO_07621,PRD_0441,SUP_185,WH_020,2024-08-07,2024-08-21,2024-08-21,106,106.0
PO_07622,PRD_3166,SUP_126,WH_021,2023-07-07,2023-07-10,2023-07-10,447,447.0
PO_07623,PRD_0887,SUP_018,WH_034,2022-09-11,2022-09-17,2022-09-17,445,445.0
PO_07624,PRD_0279,SUP_106,WH_025,2023-10-08,2023-10-09,2023-10-09,425,425.0
PO_07625,PRD_4292,SUP_151,WH_041,2024-04-25,2024-05-05,2024-05-13,357,357.0
PO_07626,PRD_1447,SUP_105,WH_003,2023-07-09,2023-07-20,2023-07-20,29,20.0
PO_07627,PRD_4767,SUP_076,WH_004,2024-08-23,2024-08-25,2024-08-25,157,157.0
PO_07628,PRD_1886,SUP_084,WH_054,2024-01-24,2024-01-25,2024-01-25,48,41.0
PO_07629,PRD_1930,SUP_110,WH_059,2022-05-12,2022-05-16,2022-05-16,48,48.0
PO_07630,PRD_2541,SUP_119,WH_060,2025-02-17,2025-02-23,2025-02-23,39,30.0
PO_07631,PRD_2804,SUP_141,WH_069,2022-01-04,2022-01-16,,319,
PO_07632,PRD_2319,SUP_078,WH_075,2025-05-18,2025-05-19,2025-05-19,134,134.0
PO_07633,PRD_1564,SUP_140,WH_065,2022-01-08,2022-01-19,2022-01-19,404,261.0
PO_07634,PRD_4255,SUP_115,WH_015,2024-03-25,2024-03-26,2024-03-29,304,298.0
PO_07635,PRD_1157,SUP_099,WH_012,2022-02-21,2022-02-27,2022-03-07,485,475.0
PO_07636,PRD_3921,SUP_086,WH_055,2022-06-20,2022-06-22,2022-06-22,97,97.0
PO_07637,PRD_3099,SUP_075,WH_013,2023-07-26,2023-08-02,2023-08-02,286,286.0
PO_07638,PRD_3124,SUP_148,WH_038,2022-05-13,2022-05-16,2022-05-16,128,128.0
PO_07639,PRD_1634,SUP_112,WH_059,2025-11-01,2025-11-07,2025-11-07,181,157.0
PO_07640,PRD_3596,SUP_177,WH_039,2025-05-26,2025-05-27,2025-05-27,67,59.0
PO_07641,PRD_1582,SUP_098,WH_012,2024-03-20,2024-03-30,2024-04-04,97,97.0
PO_07642,PRD_1562,SUP_140,WH_048,2025-11-27,2025-12-08,,35,
PO_07643,PRD_2020,SUP_033,WH_031,2024-06-04,2024-06-18,2024-06-18,416,416.0
PO_07644,PRD_2213,SUP_020,WH_040,2023-12-19,2023-12-21,2023-12-23,100,100.0
PO_07645,PRD_3026,SUP_068,WH_062,2024-05-14,2024-05-15,2024-05-15,200,200.0
PO_07646,PRD_4524,SUP_127,WH_002,2022-03-09,2022-03-19,,286,
PO_07647,PRD_1437,SUP_055,WH_059,2024-07-05,2024-07-14,2024-07-14,49,47.0
PO_07648,PRD_4992,SUP_008,WH_026,2023-04-20,2023-04-27,,110,
PO_07649,PRD_2713,SUP_076,WH_021,2022-06-22,2022-06-24,2022-06-24,154,107.0
PO_07650,PRD_0008,SUP_191,WH_080,2025-09-24,2025-10-08,2025-10-08,188,188.0
PO_07651,PRD_2936,SUP_156,WH_044,2022-03-23,2022-03-25,2022-03-25,211,211.0
PO_07652,PRD_4085,SUP_014,WH_008,2024-05-11,2024-05-24,2024-06-01,461,461.0
PO_07653,PRD_4487,SUP_030,WH_059,2022-11-08,2022-11-20,2022-11-26,118,118.0
PO_07654,PRD_1088,SUP_189,WH_067,2023-05-11,2023-05-24,2023-05-26,175,175.0
PO_07655,PRD_0267,SUP_064,WH_025,2025-11-06,2025-11-12,2025-11-12,443,443.0
PO_07656,PRD_0987,SUP_170,WH_051,2023-08-14,2023-08-22,2023-08-25,352,352.0
PO_07657,PRD_0289,SUP_059,WH_012,2022-06-17,2022-06-20,2022-06-23,180,180.0
PO_07658,PRD_0847,SUP_032,WH_048,2022-11-25,2022-12-09,2022-12-11,193,193.0
PO_07659,PRD_1131,SUP_131,WH_058,2025-09-10,2025-09-17,2025-09-17,31,22.0
PO_07660,PRD_2678,SUP_055,WH_053,2025-07-04,2025-07-13,2025-07-13,105,105.0
PO_07661,PRD_3342,SUP_161,WH_025,2025-02-07,2025-02-12,2025-02-12,199,199.0
PO_07662,PRD_2364,SUP_027,WH_011,2025-02-09,2025-02-21,2025-02-21,255,255.0
PO_07663,PRD_4461,SUP_190,WH_040,2023-12-19,2023-12-21,2023-12-21,397,397.0
PO_07664,PRD_2143,SUP_145,WH_034,2025-09-24,2025-10-01,2025-10-01,44,44.0
PO_07665,PRD_0238,SUP_126,WH_047,2022-07-25,2022-07-28,2022-07-28,221,172.0
PO_07666,PRD_1377,SUP_110,WH_009,2022-07-21,2022-07-25,2022-07-25,500,500.0
PO_07667,PRD_2643,SUP_070,WH_062,2025-07-09,2025-07-10,,152,
PO_07668,PRD_3403,SUP_161,WH_070,2025-05-04,2025-05-09,,236,
PO_07669,PRD_2821,SUP_194,WH_026,2025-11-26,2025-12-02,2025-12-02,210,210.0
PO_07670,PRD_2681,SUP_163,WH_049,2025-08-13,2025-08-20,2025-08-25,499,499.0
PO_07671,PRD_4983,SUP_159,WH_045,2024-05-21,2024-06-02,2024-06-09,304,304.0
PO_07672,PRD_4547,SUP_012,WH_052,2025-12-14,2025-12-27,2025-12-27,221,221.0
PO_07673,PRD_4772,SUP_077,WH_023,2024-03-17,2024-03-20,,273,
PO_07674,PRD_3793,SUP_173,WH_067,2024-10-04,2024-10-05,,263,
PO_07675,PRD_3114,SUP_017,WH_080,2024-11-25,2024-11-28,,175,
PO_07676,PRD_4582,SUP_127,WH_047,2023-07-12,2023-07-22,2023-07-22,446,446.0
PO_07677,PRD_4660,SUP_068,WH_050,2024-11-24,2024-11-25,2024-11-25,468,468.0
PO_07678,PRD_1658,SUP_196,WH_060,2022-11-01,2022-11-14,,29,
PO_07679,PRD_4888,SUP_015,WH_079,2023-11-05,2023-11-12,2023-11-12,412,412.0
PO_07680,PRD_0267,SUP_064,WH_067,2024-02-18,2024-02-24,2024-02-24,399,399.0
PO_07681,PRD_3343,SUP_030,WH_056,2023-07-05,2023-07-17,2023-07-17,395,275.0
PO_07682,PRD_3121,SUP_079,WH_028,2024-12-18,2024-12-23,2024-12-23,291,291.0
PO_07683,PRD_2492,SUP_148,WH_068,2023-11-05,2023-11-08,2023-11-08,263,263.0
PO_07684,PRD_3102,SUP_039,WH_035,2025-10-08,2025-10-15,2025-10-15,129,129.0
PO_07685,PRD_4271,SUP_058,WH_004,2025-12-05,2025-12-06,2025-12-10,366,366.0
PO_07686,PRD_0953,SUP_179,WH_012,2022-11-14,2022-11-18,2022-11-18,280,280.0
PO_07687,PRD_1137,SUP_189,WH_049,2025-04-18,2025-05-01,2025-05-01,233,143.0
PO_07688,PRD_0040,SUP_155,WH_021,2023-01-22,2023-01-23,2023-01-29,104,104.0
PO_07689,PRD_2996,SUP_195,WH_069,2024-12-17,2024-12-20,,358,
PO_07690,PRD_1961,SUP_006,WH_042,2022-02-15,2022-03-01,2022-03-01,201,201.0
PO_07691,PRD_3904,SUP_047,WH_071,2022-11-03,2022-11-07,2022-11-07,366,366.0
PO_07692,PRD_1830,SUP_196,WH_045,2024-04-22,2024-05-05,2024-05-13,274,274.0
PO_07693,PRD_3667,SUP_019,WH_032,2022-05-05,2022-05-17,2022-05-17,395,395.0
PO_07694,PRD_4415,SUP_097,WH_024,2023-02-22,2023-03-06,2023-03-06,218,218.0
PO_07695,PRD_0133,SUP_030,WH_056,2023-10-20,2023-11-01,2023-11-01,20,20.0
PO_07696,PRD_3260,SUP_117,WH_019,2025-09-16,2025-09-28,2025-09-28,208,207.0
PO_07697,PRD_0660,SUP_067,WH_061,2023-09-12,2023-09-16,2023-09-16,146,146.0
PO_07698,PRD_3305,SUP_121,WH_013,2023-10-27,2023-10-30,2023-11-04,395,395.0
PO_07699,PRD_4414,SUP_186,WH_008,2024-05-13,2024-05-22,2024-05-22,105,105.0
PO_07700,PRD_3582,SUP_127,WH_008,2024-09-22,2024-10-02,2024-10-02,68,68.0
PO_07701,PRD_4993,SUP_106,WH_031,2022-01-26,2022-01-27,2022-01-27,120,120.0
PO_07702,PRD_1590,SUP_172,WH_056,2023-06-09,2023-06-17,2023-06-17,144,144.0
PO_07703,PRD_3275,SUP_060,WH_044,2023-01-03,2023-01-13,2023-01-13,135,135.0
PO_07704,PRD_0391,SUP_052,WH_011,2022-01-24,2022-01-30,2022-01-30,422,422.0
PO_07705,PRD_3905,SUP_011,WH_028,2023-08-18,2023-08-29,,271,
PO_07706,PRD_0978,SUP_085,WH_009,2023-02-07,2023-02-09,,185,
PO_07707,PRD_0736,SUP_067,WH_022,2024-07-25,2024-07-29,2024-08-02,273,273.0
PO_07708,PRD_3803,SUP_083,WH_022,2023-09-22,2023-10-03,2023-10-11,94,94.0
PO_07709,PRD_0551,SUP_199,WH_063,2025-10-13,2025-10-14,2025-10-14,221,221.0
PO_07710,PRD_0783,SUP_098,WH_080,2023-05-11,2023-05-21,2023-05-21,430,430.0
PO_07711,PRD_4487,SUP_030,WH_073,2022-11-04,2022-11-16,2022-11-21,460,460.0
PO_07712,PRD_1835,SUP_022,WH_036,2024-12-02,2024-12-15,2024-12-15,26,20.0
PO_07713,PRD_2749,SUP_126,WH_069,2024-07-24,2024-07-27,2024-07-27,321,321.0
PO_07714,PRD_3577,SUP_148,WH_075,2025-04-24,2025-04-27,,73,
PO_07715,PRD_1518,SUP_155,WH_032,2022-08-22,2022-08-23,,253,
PO_07716,PRD_1142,SUP_127,WH_050,2025-06-15,2025-06-25,2025-06-25,279,279.0
PO_07717,PRD_1140,SUP_131,WH_033,2023-03-07,2023-03-14,2023-03-17,302,302.0
PO_07718,PRD_3479,SUP_117,WH_049,2023-06-16,2023-06-28,2023-06-28,115,115.0
PO_07719,PRD_3674,SUP_104,WH_036,2022-05-27,2022-06-04,2022-06-05,316,316.0
PO_07720,PRD_1669,SUP_193,WH_027,2022-03-05,2022-03-07,,426,
PO_07721,PRD_4111,SUP_169,WH_080,2023-05-20,2023-05-24,,225,
PO_07722,PRD_0690,SUP_018,WH_023,2022-01-11,2022-01-17,2022-01-18,472,472.0
PO_07723,PRD_0222,SUP_042,WH_002,2024-10-22,2024-10-23,2024-10-30,252,252.0
PO_07724,PRD_3871,SUP_011,WH_008,2023-10-22,2023-11-02,2023-11-02,89,89.0
PO_07725,PRD_3360,SUP_105,WH_003,2024-06-08,2024-06-19,2024-06-19,117,117.0
PO_07726,PRD_1602,SUP_112,WH_010,2025-04-02,2025-04-08,2025-04-08,412,412.0
PO_07727,PRD_2010,SUP_033,WH_032,2023-05-19,2023-06-02,2023-06-02,82,57.0
PO_07728,PRD_4823,SUP_145,WH_028,2022-10-07,2022-10-14,2022-10-20,21,17.0
PO_07729,PRD_4842,SUP_077,WH_033,2022-08-17,2022-08-20,,146,
PO_07730,PRD_2813,SUP_073,WH_036,2024-03-06,2024-03-18,,449,
PO_07731,PRD_4777,SUP_096,WH_057,2025-11-14,2025-11-19,2025-11-19,477,297.0
PO_07732,PRD_2758,SUP_095,WH_021,2023-04-19,2023-04-21,2023-04-21,334,334.0
PO_07733,PRD_2797,SUP_178,WH_072,2022-05-24,2022-06-01,2022-06-01,385,333.0
PO_07734,PRD_0173,SUP_114,WH_049,2024-05-05,2024-05-16,2024-05-16,219,185.0
PO_07735,PRD_1161,SUP_174,WH_018,2022-02-07,2022-02-15,2022-02-15,34,34.0
PO_07736,PRD_3691,SUP_154,WH_003,2023-12-18,2023-12-30,2023-12-30,21,21.0
PO_07737,PRD_0857,SUP_185,WH_031,2023-07-10,2023-07-24,2023-07-24,487,487.0
PO_07738,PRD_2389,SUP_097,WH_030,2022-07-26,2022-08-07,2022-08-07,445,445.0
PO_07739,PRD_2696,SUP_141,WH_030,2023-04-08,2023-04-20,2023-04-20,32,32.0
PO_07740,PRD_4592,SUP_098,WH_029,2022-08-08,2022-08-18,,368,
PO_07741,PRD_1549,SUP_189,WH_018,2024-09-14,2024-09-27,2024-09-27,144,144.0
PO_07742,PRD_0321,SUP_052,WH_079,2025-11-25,2025-12-01,2025-12-03,106,69.0
PO_07743,PRD_4324,SUP_149,WH_010,2022-06-09,2022-06-16,2022-06-16,203,203.0
PO_07744,PRD_4369,SUP_073,WH_079,2023-02-09,2023-02-21,,361,
PO_07745,PRD_1819,SUP_120,WH_050,2022-07-27,2022-08-09,2022-08-09,336,336.0
PO_07746,PRD_0511,SUP_103,WH_032,2024-04-09,2024-04-20,2024-04-20,253,253.0
PO_07747,PRD_0469,SUP_020,WH_050,2024-12-08,2024-12-10,2024-12-10,292,292.0
PO_07748,PRD_4714,SUP_113,WH_076,2022-03-24,2022-03-30,2022-04-01,427,427.0
PO_07749,PRD_1663,SUP_196,WH_037,2022-01-04,2022-01-17,2022-01-17,337,337.0
PO_07750,PRD_3127,SUP_021,WH_004,2023-05-23,2023-06-02,2023-06-02,381,381.0
PO_07751,PRD_1186,SUP_131,WH_015,2024-12-10,2024-12-17,2024-12-17,340,340.0
PO_07752,PRD_2549,SUP_182,WH_061,2023-10-05,2023-10-09,2023-10-10,425,425.0
PO_07753,PRD_1474,SUP_071,WH_028,2022-01-19,2022-01-29,2022-01-29,499,393.0
PO_07754,PRD_3557,SUP_024,WH_070,2022-01-07,2022-01-16,2022-01-16,116,116.0
PO_07755,PRD_4065,SUP_062,WH_020,2023-10-03,2023-10-11,2023-10-11,398,398.0
PO_07756,PRD_1626,SUP_138,WH_071,2022-09-23,2022-10-01,2022-10-01,156,156.0
PO_07757,PRD_3984,SUP_072,WH_008,2022-11-13,2022-11-17,2022-11-17,430,430.0
PO_07758,PRD_2454,SUP_175,WH_017,2025-09-26,2025-09-30,2025-10-04,168,168.0
PO_07759,PRD_0133,SUP_030,WH_066,2024-06-22,2024-07-04,2024-07-04,86,86.0
PO_07760,PRD_0891,SUP_160,WH_051,2025-10-13,2025-10-18,2025-10-18,361,361.0
PO_07761,PRD_1105,SUP_159,WH_026,2025-10-06,2025-10-18,2025-10-18,328,328.0
PO_07762,PRD_4853,SUP_043,WH_048,2025-04-26,2025-05-05,2025-05-05,280,280.0
PO_07763,PRD_1096,SUP_107,WH_004,2023-07-13,2023-07-19,,487,
PO_07764,PRD_2699,SUP_057,WH_053,2022-04-09,2022-04-14,2022-04-14,156,99.0
PO_07765,PRD_3740,SUP_069,WH_029,2024-10-01,2024-10-15,2024-10-15,69,69.0
PO_07766,PRD_1408,SUP_200,WH_051,2024-12-14,2024-12-18,2024-12-18,258,258.0
PO_07767,PRD_2889,SUP_109,WH_023,2024-03-19,2024-03-24,2024-03-24,348,348.0
PO_07768,PRD_4417,SUP_147,WH_001,2024-02-01,2024-02-11,2024-02-11,36,36.0
PO_07769,PRD_0315,SUP_039,WH_025,2023-12-23,2023-12-30,2023-12-30,421,403.0
PO_07770,PRD_0136,SUP_068,WH_035,2024-04-23,2024-04-24,2024-04-24,23,23.0
PO_07771,PRD_0166,SUP_071,WH_043,2022-11-11,2022-11-21,2022-11-28,209,209.0
PO_07772,PRD_0797,SUP_108,WH_073,2025-08-27,2025-09-04,2025-09-04,142,142.0
PO_07773,PRD_0381,SUP_111,WH_080,2025-04-27,2025-04-29,2025-04-29,266,266.0
PO_07774,PRD_3845,SUP_150,WH_022,2025-02-02,2025-02-14,2025-02-14,316,316.0
PO_07775,PRD_1175,SUP_050,WH_058,2023-08-19,2023-08-22,2023-08-23,218,218.0
PO_07776,PRD_2876,SUP_166,WH_017,2025-04-04,2025-04-07,2025-04-07,315,315.0
PO_07777,PRD_2005,SUP_043,WH_043,2023-04-11,2023-04-20,2023-04-20,380,275.0
PO_07778,PRD_4075,SUP_133,WH_021,2023-05-24,2023-06-02,2023-06-02,339,339.0
PO_07779,PRD_1517,SUP_057,WH_033,2025-10-27,2025-11-01,2025-11-01,73,73.0
PO_07780,PRD_1222,SUP_109,WH_042,2022-10-19,2022-10-24,2022-10-24,155,130.0
PO_07781,PRD_4761,SUP_062,WH_041,2025-01-16,2025-01-24,2025-01-24,333,333.0
PO_07782,PRD_2535,SUP_063,WH_055,2022-03-08,2022-03-19,2022-03-19,155,94.0
PO_07783,PRD_4364,SUP_031,WH_038,2025-12-16,2025-12-20,2025-12-20,478,478.0
PO_07784,PRD_3103,SUP_197,WH_028,2022-05-01,2022-05-10,2022-05-10,27,24.0
PO_07785,PRD_3244,SUP_161,WH_004,2023-11-16,2023-11-21,2023-11-21,311,311.0
PO_07786,PRD_4593,SUP_074,WH_071,2023-07-21,2023-08-04,2023-08-04,356,356.0
PO_07787,PRD_4382,SUP_115,WH_074,2024-07-21,2024-07-22,2024-07-22,53,53.0
PO_07788,PRD_2482,SUP_143,WH_014,2023-09-09,2023-09-18,2023-09-18,126,126.0
PO_07789,PRD_1036,SUP_127,WH_056,2025-04-23,2025-05-03,2025-05-03,280,280.0
PO_07790,PRD_2919,SUP_054,WH_018,2025-01-05,2025-01-16,2025-01-16,343,335.0
PO_07791,PRD_4114,SUP_200,WH_002,2022-09-20,2022-09-24,2022-09-24,342,342.0
PO_07792,PRD_1759,SUP_013,WH_013,2025-07-06,2025-07-10,2025-07-10,302,302.0
PO_07793,PRD_0313,SUP_007,WH_020,2023-02-25,2023-03-02,2023-03-02,212,162.0
PO_07794,PRD_1039,SUP_007,WH_074,2024-09-12,2024-09-17,2024-09-17,262,262.0
PO_07795,PRD_0249,SUP_086,WH_038,2022-02-17,2022-02-19,2022-02-20,485,485.0
PO_07796,PRD_4484,SUP_062,WH_006,2024-09-12,2024-09-20,2024-09-20,203,203.0
PO_07797,PRD_2589,SUP_167,WH_031,2024-02-17,2024-02-20,2024-02-20,161,161.0
PO_07798,PRD_0004,SUP_130,WH_076,2023-04-22,2023-04-26,2023-04-26,206,206.0
PO_07799,PRD_4132,SUP_008,WH_043,2023-06-05,2023-06-12,2023-06-12,49,49.0
PO_07800,PRD_0580,SUP_103,WH_050,2022-10-07,2022-10-18,2022-10-23,282,173.0
PO_07801,PRD_1240,SUP_055,WH_016,2025-02-23,2025-03-04,2025-03-04,155,155.0
PO_07802,PRD_4382,SUP_115,WH_067,2024-09-16,2024-09-17,2024-09-17,345,345.0
PO_07803,PRD_3560,SUP_074,WH_024,2024-02-17,2024-03-02,2024-03-02,405,405.0
PO_07804,PRD_4162,SUP_069,WH_061,2024-03-01,2024-03-15,2024-03-15,248,248.0
PO_07805,PRD_1313,SUP_041,WH_031,2024-09-16,2024-09-17,2024-09-17,257,257.0
PO_07806,PRD_4343,SUP_001,WH_037,2025-02-05,2025-02-12,,350,
PO_07807,PRD_2495,SUP_072,WH_040,2022-09-15,2022-09-19,,256,
PO_07808,PRD_3275,SUP_060,WH_009,2024-07-03,2024-07-13,2024-07-20,22,22.0
PO_07809,PRD_2597,SUP_155,WH_039,2023-02-25,2023-02-26,2023-02-26,455,455.0
PO_07810,PRD_3755,SUP_072,WH_009,2022-04-24,2022-04-28,2022-04-28,228,228.0
PO_07811,PRD_3614,SUP_113,WH_002,2022-12-01,2022-12-07,2022-12-07,146,146.0
PO_07812,PRD_2535,SUP_063,WH_010,2023-06-16,2023-06-27,2023-06-27,298,298.0
PO_07813,PRD_0997,SUP_132,WH_033,2023-07-26,2023-07-30,2023-07-30,214,184.0
PO_07814,PRD_4438,SUP_077,WH_028,2022-03-15,2022-03-18,2022-03-25,143,143.0
PO_07815,PRD_1239,SUP_143,WH_013,2025-06-13,2025-06-22,2025-06-22,137,137.0
PO_07816,PRD_3089,SUP_004,WH_061,2025-05-22,2025-06-04,2025-06-04,241,241.0
PO_07817,PRD_4778,SUP_026,WH_014,2024-02-11,2024-02-17,2024-02-17,154,154.0
PO_07818,PRD_0889,SUP_108,WH_002,2024-12-07,2024-12-15,2024-12-15,29,29.0
PO_07819,PRD_1048,SUP_127,WH_056,2023-05-19,2023-05-29,2023-05-30,248,248.0
PO_07820,PRD_4199,SUP_008,WH_046,2023-05-14,2023-05-21,2023-05-28,470,470.0
PO_07821,PRD_2385,SUP_184,WH_008,2023-12-27,2023-12-30,2023-12-30,55,55.0
PO_07822,PRD_0273,SUP_061,WH_007,2023-06-11,2023-06-23,2023-06-23,126,126.0
PO_07823,PRD_2359,SUP_152,WH_038,2025-01-19,2025-01-28,2025-01-28,182,182.0
PO_07824,PRD_1101,SUP_194,WH_065,2023-10-24,2023-10-30,,82,
PO_07825,PRD_1404,SUP_036,WH_062,2025-02-22,2025-03-01,2025-03-01,378,316.0
PO_07826,PRD_2143,SUP_145,WH_021,2024-03-01,2024-03-08,2024-03-08,341,341.0
PO_07827,PRD_0618,SUP_134,WH_015,2022-01-20,2022-01-21,2022-01-21,354,354.0
PO_07828,PRD_3544,SUP_037,WH_037,2023-11-01,2023-11-13,2023-11-13,473,473.0
PO_07829,PRD_1330,SUP_060,WH_035,2023-12-24,2024-01-03,2024-01-03,83,83.0
PO_07830,PRD_1269,SUP_055,WH_041,2024-01-08,2024-01-17,2024-01-17,107,107.0
PO_07831,PRD_2459,SUP_069,WH_071,2024-02-19,2024-03-04,2024-03-04,361,230.0
PO_07832,PRD_1794,SUP_145,WH_027,2025-05-27,2025-06-03,2025-06-03,291,291.0
PO_07833,PRD_4740,SUP_170,WH_026,2022-04-20,2022-04-28,2022-04-28,363,363.0
PO_07834,PRD_4523,SUP_012,WH_024,2022-05-08,2022-05-21,2022-05-21,436,436.0
PO_07835,PRD_4368,SUP_149,WH_012,2023-05-08,2023-05-15,2023-05-15,331,236.0
PO_07836,PRD_4842,SUP_077,WH_033,2024-10-10,2024-10-13,2024-10-13,186,186.0
PO_07837,PRD_2823,SUP_172,WH_056,2022-03-22,2022-03-30,2022-03-30,97,97.0
PO_07838,PRD_1114,SUP_019,WH_078,2022-08-04,2022-08-16,2022-08-16,258,258.0
PO_07839,PRD_3738,SUP_126,WH_053,2022-04-12,2022-04-15,2022-04-15,281,281.0
PO_07840,PRD_2702,SUP_178,WH_061,2025-08-06,2025-08-14,2025-08-14,120,120.0
PO_07841,PRD_0597,SUP_001,WH_025,2022-07-26,2022-08-02,2022-08-04,486,486.0
PO_07842,PRD_3427,SUP_073,WH_025,2024-02-21,2024-03-04,,376,
PO_07843,PRD_3467,SUP_058,WH_064,2025-11-22,2025-11-23,2025-11-23,484,484.0
PO_07844,PRD_0852,SUP_045,WH_028,2024-05-23,2024-06-06,2024-06-06,94,94.0
PO_07845,PRD_3550,SUP_065,WH_019,2022-09-19,2022-09-27,,298,
PO_07846,PRD_2336,SUP_018,WH_076,2024-07-20,2024-07-26,2024-07-26,278,278.0
PO_07847,PRD_1501,SUP_057,WH_064,2022-06-20,2022-06-25,2022-07-01,226,226.0
PO_07848,PRD_3985,SUP_027,WH_050,2023-08-06,2023-08-18,,434,
PO_07849,PRD_4912,SUP_044,WH_076,2025-06-08,2025-06-19,2025-06-19,431,431.0
PO_07850,PRD_4092,SUP_125,WH_041,2024-05-08,2024-05-12,2024-05-18,84,84.0
PO_07851,PRD_4330,SUP_154,WH_076,2023-02-24,2023-03-08,2023-03-08,452,452.0
PO_07852,PRD_1823,SUP_170,WH_051,2022-12-05,2022-12-13,2022-12-13,245,245.0
PO_07853,PRD_4638,SUP_059,WH_056,2023-12-27,2023-12-30,2023-12-30,85,85.0
PO_07854,PRD_2556,SUP_173,WH_035,2022-04-13,2022-04-14,2022-04-14,57,57.0
PO_07855,PRD_4734,SUP_105,WH_074,2024-10-04,2024-10-15,2024-10-15,347,347.0
PO_07856,PRD_0617,SUP_149,WH_074,2023-09-10,2023-09-17,2023-09-17,329,329.0
PO_07857,PRD_2690,SUP_166,WH_080,2022-09-17,2022-09-20,2022-09-20,23,23.0
PO_07858,PRD_3217,SUP_176,WH_011,2024-10-25,2024-11-05,2024-11-05,63,63.0
PO_07859,PRD_3722,SUP_083,WH_059,2022-01-03,2022-01-14,2022-01-14,81,77.0
PO_07860,PRD_4164,SUP_117,WH_037,2022-12-11,2022-12-23,2022-12-30,92,92.0
PO_07861,PRD_3117,SUP_146,WH_033,2023-03-13,2023-03-27,2023-03-27,403,403.0
PO_07862,PRD_2024,SUP_040,WH_047,2022-07-11,2022-07-25,,85,
PO_07863,PRD_1108,SUP_061,WH_077,2023-07-27,2023-08-08,,148,
PO_07864,PRD_1811,SUP_047,WH_023,2024-02-23,2024-02-27,2024-03-01,114,114.0
PO_07865,PRD_4809,SUP_077,WH_063,2022-12-11,2022-12-14,2022-12-17,24,24.0
PO_07866,PRD_2668,SUP_188,WH_059,2023-09-01,2023-09-10,2023-09-16,112,112.0
PO_07867,PRD_2286,SUP_161,WH_044,2025-07-13,2025-07-18,2025-07-18,285,285.0
PO_07868,PRD_1813,SUP_101,WH_017,2022-04-09,2022-04-13,2022-04-13,164,103.0
PO_07869,PRD_3294,SUP_058,WH_080,2024-01-11,2024-01-12,2024-01-13,382,382.0
PO_07870,PRD_2111,SUP_194,WH_074,2022-12-07,2022-12-13,2022-12-13,220,220.0
PO_07871,PRD_4997,SUP_026,WH_036,2025-05-27,2025-06-02,2025-06-02,280,269.0
PO_07872,PRD_3662,SUP_037,WH_076,2025-09-26,2025-10-08,2025-10-08,416,416.0
PO_07873,PRD_0089,SUP_109,WH_046,2024-11-18,2024-11-23,2024-11-23,376,376.0
PO_07874,PRD_4026,SUP_081,WH_007,2023-08-20,2023-08-28,2023-09-02,116,116.0
PO_07875,PRD_4578,SUP_137,WH_068,2025-10-24,2025-10-26,2025-10-26,69,69.0
PO_07876,PRD_0038,SUP_155,WH_018,2023-08-20,2023-08-21,2023-08-21,302,302.0
PO_07877,PRD_1059,SUP_132,WH_004,2023-12-04,2023-12-08,2023-12-08,372,372.0
PO_07878,PRD_2018,SUP_043,WH_030,2023-07-15,2023-07-24,2023-07-24,353,353.0
PO_07879,PRD_0393,SUP_095,WH_075,2024-04-19,2024-04-21,2024-04-21,59,53.0
PO_07880,PRD_4454,SUP_187,WH_021,2024-02-26,2024-02-29,2024-02-29,492,492.0
PO_07881,PRD_1305,SUP_143,WH_072,2023-06-19,2023-06-28,2023-06-28,430,430.0
PO_07882,PRD_3361,SUP_117,WH_032,2025-12-15,2025-12-27,,305,
PO_07883,PRD_1006,SUP_063,WH_003,2025-08-22,2025-09-02,2025-09-02,279,279.0
PO_07884,PRD_4474,SUP_086,WH_059,2024-09-05,2024-09-07,2024-09-07,407,407.0
PO_07885,PRD_2456,SUP_093,WH_006,2022-09-23,2022-09-26,2022-09-26,70,70.0
PO_07886,PRD_2068,SUP_028,WH_069,2023-08-21,2023-09-02,2023-09-02,117,117.0
PO_07887,PRD_0602,SUP_138,WH_054,2025-11-02,2025-11-10,2025-11-10,257,249.0
PO_07888,PRD_0087,SUP_163,WH_036,2025-01-05,2025-01-12,2025-01-17,51,51.0
PO_07889,PRD_0751,SUP_142,WH_018,2025-01-06,2025-01-15,2025-01-15,172,172.0
PO_07890,PRD_0927,SUP_185,WH_059,2024-09-18,2024-10-02,2024-10-02,107,107.0
PO_07891,PRD_1379,SUP_062,WH_062,2024-09-04,2024-09-12,2024-09-12,250,250.0
PO_07892,PRD_2170,SUP_020,WH_025,2022-01-10,2022-01-12,2022-01-12,331,331.0
PO_07893,PRD_3854,SUP_072,WH_021,2023-03-21,2023-03-25,2023-03-25,314,314.0
PO_07894,PRD_4106,SUP_106,WH_011,2022-10-04,2022-10-05,2022-10-05,341,341.0
PO_07895,PRD_2685,SUP_093,WH_008,2022-03-22,2022-03-25,,124,
PO_07896,PRD_2716,SUP_200,WH_070,2022-09-21,2022-09-25,2022-09-30,38,38.0
PO_07897,PRD_4684,SUP_135,WH_048,2024-07-12,2024-07-20,2024-07-24,74,74.0
PO_07898,PRD_2440,SUP_133,WH_057,2024-10-07,2024-10-16,2024-10-24,178,178.0
PO_07899,PRD_2159,SUP_172,WH_071,2024-05-27,2024-06-04,,429,
PO_07900,PRD_4549,SUP_026,WH_060,2024-08-23,2024-08-29,2024-08-29,84,84.0
PO_07901,PRD_0295,SUP_091,WH_062,2023-12-22,2023-12-23,2023-12-23,98,98.0
PO_07902,PRD_1772,SUP_047,WH_024,2022-08-05,2022-08-09,2022-08-09,250,250.0
PO_07903,PRD_3081,SUP_103,WH_070,2023-07-03,2023-07-14,2023-07-14,388,388.0
PO_07904,PRD_1177,SUP_120,WH_018,2023-05-09,2023-05-22,2023-05-22,399,399.0
PO_07905,PRD_3931,SUP_112,WH_012,2022-05-03,2022-05-09,2022-05-09,473,473.0
PO_07906,PRD_4495,SUP_038,WH_024,2024-05-04,2024-05-13,2024-05-14,203,203.0
PO_07907,PRD_4469,SUP_121,WH_016,2024-11-14,2024-11-17,2024-11-17,108,90.0
PO_07908,PRD_1663,SUP_196,WH_033,2022-04-09,2022-04-22,,20,
PO_07909,PRD_4659,SUP_129,WH_062,2023-05-24,2023-05-27,2023-05-27,211,211.0
PO_07910,PRD_2031,SUP_028,WH_028,2022-08-05,2022-08-17,2022-08-17,245,245.0
PO_07911,PRD_1897,SUP_022,WH_046,2025-02-24,2025-03-09,2025-03-09,448,448.0
PO_07912,PRD_2795,SUP_117,WH_036,2024-12-18,2024-12-30,2024-12-30,34,34.0
PO_07913,PRD_3360,SUP_105,WH_063,2023-01-20,2023-01-31,2023-01-31,286,286.0
PO_07914,PRD_1717,SUP_137,WH_065,2024-08-01,2024-08-03,2024-08-03,49,49.0
PO_07915,PRD_1904,SUP_121,WH_014,2024-05-10,2024-05-13,2024-05-13,281,281.0
PO_07916,PRD_3338,SUP_176,WH_064,2022-01-09,2022-01-20,2022-01-20,325,325.0
PO_07917,PRD_2304,SUP_152,WH_058,2025-07-11,2025-07-20,2025-07-20,396,396.0
PO_07918,PRD_2043,SUP_080,WH_032,2025-03-10,2025-03-11,,21,
PO_07919,PRD_2918,SUP_079,WH_049,2025-08-25,2025-08-30,2025-08-30,165,165.0
PO_07920,PRD_1363,SUP_153,WH_066,2022-11-03,2022-11-07,2022-11-12,25,25.0
PO_07921,PRD_3270,SUP_176,WH_075,2024-06-13,2024-06-24,2024-06-24,34,34.0
PO_07922,PRD_3980,SUP_024,WH_031,2023-03-18,2023-03-27,2023-04-04,447,447.0
PO_07923,PRD_1478,SUP_141,WH_075,2023-07-25,2023-08-06,2023-08-06,180,180.0
PO_07924,PRD_0496,SUP_028,WH_058,2022-01-17,2022-01-29,2022-01-29,136,98.0
PO_07925,PRD_1147,SUP_063,WH_028,2025-09-15,2025-09-26,,70,
PO_07926,PRD_3543,SUP_065,WH_070,2024-11-24,2024-12-02,2024-12-03,305,271.0
PO_07927,PRD_2124,SUP_180,WH_055,2023-08-08,2023-08-14,2023-08-14,386,386.0
PO_07928,PRD_2003,SUP_006,WH_019,2024-03-11,2024-03-25,2024-03-25,404,398.0
PO_07929,PRD_2822,SUP_124,WH_039,2024-12-27,2025-01-07,2025-01-07,110,101.0
PO_07930,PRD_2097,SUP_156,WH_076,2024-09-25,2024-09-27,2024-09-27,79,79.0
PO_07931,PRD_1440,SUP_064,WH_024,2024-02-16,2024-02-22,2024-02-22,426,426.0
PO_07932,PRD_3398,SUP_073,WH_058,2022-05-14,2022-05-26,2022-05-31,397,397.0
PO_07933,PRD_2132,SUP_149,WH_016,2025-09-03,2025-09-10,,346,
PO_07934,PRD_4727,SUP_020,WH_033,2024-06-25,2024-06-27,2024-06-27,65,65.0
PO_07935,PRD_3403,SUP_161,WH_041,2023-04-01,2023-04-06,2023-04-06,119,96.0
PO_07936,PRD_2713,SUP_076,WH_065,2023-06-19,2023-06-21,2023-06-22,331,255.0
PO_07937,PRD_1484,SUP_200,WH_028,2023-04-16,2023-04-20,2023-04-23,326,326.0
PO_07938,PRD_1364,SUP_040,WH_013,2023-01-02,2023-01-16,,449,
PO_07939,PRD_4473,SUP_138,WH_002,2025-06-22,2025-06-30,2025-06-30,482,482.0
PO_07940,PRD_1280,SUP_174,WH_040,2022-08-06,2022-08-14,2022-08-14,327,201.0
PO_07941,PRD_0920,SUP_130,WH_071,2024-04-10,2024-04-14,2024-04-14,139,139.0
PO_07942,PRD_1896,SUP_120,WH_042,2024-07-23,2024-08-05,,265,
PO_07943,PRD_4872,SUP_114,WH_061,2025-09-01,2025-09-12,2025-09-12,198,180.0
PO_07944,PRD_4266,SUP_186,WH_007,2025-01-09,2025-01-18,2025-01-18,495,495.0
PO_07945,PRD_3955,SUP_069,WH_025,2024-01-12,2024-01-26,2024-01-26,65,47.0
PO_07946,PRD_2772,SUP_078,WH_071,2024-06-15,2024-06-16,2024-06-16,463,463.0
PO_07947,PRD_1592,SUP_193,WH_024,2022-10-20,2022-10-22,2022-10-22,24,24.0
PO_07948,PRD_2361,SUP_080,WH_001,2024-10-18,2024-10-19,2024-10-19,96,96.0
PO_07949,PRD_0007,SUP_030,WH_052,2024-11-12,2024-11-24,2024-11-24,275,275.0
PO_07950,PRD_2629,SUP_022,WH_034,2024-12-23,2025-01-05,2025-01-05,392,392.0
PO_07951,PRD_4265,SUP_071,WH_047,2025-03-19,2025-03-29,2025-03-29,404,383.0
PO_07952,PRD_3871,SUP_011,WH_024,2022-02-07,2022-02-18,2022-02-18,441,441.0
PO_07953,PRD_1066,SUP_007,WH_020,2022-04-20,2022-04-25,2022-04-25,426,426.0
PO_07954,PRD_2320,SUP_102,WH_053,2023-01-06,2023-01-13,2023-01-13,226,226.0
PO_07955,PRD_2230,SUP_097,WH_054,2022-04-26,2022-05-08,2022-05-11,337,337.0
PO_07956,PRD_1150,SUP_197,WH_058,2023-05-13,2023-05-22,2023-05-22,286,277.0
PO_07957,PRD_3638,SUP_074,WH_051,2025-10-04,2025-10-18,2025-10-18,422,422.0
PO_07958,PRD_3146,SUP_048,WH_058,2023-06-07,2023-06-20,2023-06-20,485,485.0
PO_07959,PRD_0044,SUP_014,WH_002,2025-12-22,2026-01-04,2026-01-06,81,81.0
PO_07960,PRD_2457,SUP_046,WH_060,2022-12-01,2022-12-10,2022-12-10,445,445.0
PO_07961,PRD_3495,SUP_078,WH_050,2024-11-20,2024-11-21,,494,
PO_07962,PRD_4800,SUP_145,WH_077,2023-03-15,2023-03-22,2023-03-22,268,268.0
PO_07963,PRD_2822,SUP_124,WH_074,2024-12-20,2024-12-31,2024-12-31,456,456.0
PO_07964,PRD_0717,SUP_131,WH_019,2025-10-15,2025-10-22,2025-10-22,59,59.0
PO_07965,PRD_0438,SUP_059,WH_071,2023-02-04,2023-02-07,2023-02-07,302,302.0
PO_07966,PRD_3135,SUP_054,WH_046,2023-02-03,2023-02-14,2023-02-14,150,150.0
PO_07967,PRD_2844,SUP_104,WH_049,2024-05-02,2024-05-10,2024-05-16,207,207.0
PO_07968,PRD_3720,SUP_042,WH_016,2025-02-19,2025-02-20,2025-02-20,482,482.0
PO_07969,PRD_4225,SUP_034,WH_068,2023-04-14,2023-04-25,2023-04-25,287,287.0
PO_07970,PRD_2384,SUP_027,WH_031,2023-03-08,2023-03-20,,115,
PO_07971,PRD_3738,SUP_126,WH_014,2023-04-10,2023-04-13,2023-04-20,262,262.0
PO_07972,PRD_2598,SUP_108,WH_067,2024-10-25,2024-11-02,2024-11-05,332,258.0
PO_07973,PRD_3295,SUP_116,WH_005,2025-07-19,2025-07-28,2025-07-28,301,300.0
PO_07974,PRD_3727,SUP_083,WH_041,2025-07-14,2025-07-25,,105,
PO_07975,PRD_0451,SUP_095,WH_059,2023-12-06,2023-12-08,2023-12-08,315,315.0
PO_07976,PRD_2754,SUP_170,WH_019,2022-03-03,2022-03-11,2022-03-14,267,227.0
PO_07977,PRD_4149,SUP_156,WH_002,2024-07-02,2024-07-04,2024-07-04,128,128.0
PO_07978,PRD_2493,SUP_158,WH_065,2024-02-04,2024-02-18,2024-02-24,456,456.0
PO_07979,PRD_1639,SUP_057,WH_002,2025-06-15,2025-06-20,2025-06-20,362,315.0
PO_07980,PRD_1662,SUP_091,WH_056,2022-01-18,2022-01-19,2022-01-19,179,179.0
PO_07981,PRD_1028,SUP_157,WH_055,2025-01-14,2025-01-15,2025-01-15,85,85.0
PO_07982,PRD_1736,SUP_090,WH_056,2023-10-23,2023-10-28,2023-11-05,63,63.0
PO_07983,PRD_0776,SUP_130,WH_031,2025-10-07,2025-10-11,2025-10-11,325,325.0
PO_07984,PRD_3568,SUP_151,WH_047,2024-09-21,2024-10-01,2024-10-01,167,167.0
PO_07985,PRD_4506,SUP_122,WH_064,2023-11-08,2023-11-12,2023-11-12,77,65.0
PO_07986,PRD_4131,SUP_117,WH_033,2022-06-13,2022-06-25,2022-06-25,142,142.0
PO_07987,PRD_3801,SUP_086,WH_049,2025-12-23,2025-12-25,2026-01-01,242,242.0
PO_07988,PRD_1944,SUP_011,WH_066,2023-11-21,2023-12-02,2023-12-06,241,241.0
PO_07989,PRD_4001,SUP_080,WH_008,2022-09-07,2022-09-08,2022-09-08,189,189.0
PO_07990,PRD_3336,SUP_180,WH_009,2022-12-08,2022-12-14,2022-12-14,95,95.0
PO_07991,PRD_3964,SUP_121,WH_012,2025-12-27,2025-12-30,,321,
PO_07992,PRD_3335,SUP_105,WH_036,2023-11-14,2023-11-25,2023-11-28,225,188.0
PO_07993,PRD_3441,SUP_051,WH_007,2025-07-15,2025-07-22,2025-07-22,279,279.0
PO_07994,PRD_4719,SUP_182,WH_075,2022-03-21,2022-03-25,2022-03-28,25,25.0
PO_07995,PRD_1821,SUP_117,WH_055,2023-03-21,2023-04-02,2023-04-02,230,230.0
PO_07996,PRD_1206,SUP_028,WH_067,2025-07-09,2025-07-21,2025-07-26,38,38.0
PO_07997,PRD_1371,SUP_153,WH_078,2023-12-08,2023-12-12,2023-12-12,396,396.0
PO_07998,PRD_0038,SUP_155,WH_010,2023-12-27,2023-12-28,2024-01-02,75,75.0
PO_07999,PRD_1237,SUP_100,WH_006,2023-10-09,2023-10-16,,290,
PO_08000,PRD_4627,SUP_033,WH_056,2023-02-25,2023-03-11,2023-03-11,20,20.0
PO_08001,PRD_3457,SUP_109,WH_050,2024-10-15,2024-10-20,2024-10-20,185,143.0
PO_08002,PRD_3532,SUP_148,WH_048,2022-03-14,2022-03-17,2022-03-21,430,430.0
PO_08003,PRD_3747,SUP_194,WH_004,2025-04-12,2025-04-18,2025-04-18,397,397.0
PO_08004,PRD_1418,SUP_115,WH_062,2023-05-06,2023-05-07,2023-05-07,487,487.0
PO_08005,PRD_0704,SUP_148,WH_039,2024-12-02,2024-12-05,2024-12-05,411,411.0
PO_08006,PRD_3625,SUP_079,WH_041,2025-06-26,2025-07-01,2025-07-01,196,196.0
PO_08007,PRD_1799,SUP_013,WH_002,2023-04-10,2023-04-14,2023-04-14,256,256.0
PO_08008,PRD_1742,SUP_021,WH_049,2022-01-01,2022-01-11,2022-01-11,106,106.0
PO_08009,PRD_0303,SUP_175,WH_014,2023-10-08,2023-10-12,2023-10-12,419,419.0
PO_08010,PRD_4013,SUP_125,WH_015,2022-07-19,2022-07-23,2022-07-23,411,397.0
PO_08011,PRD_4423,SUP_030,WH_072,2022-12-24,2023-01-05,2023-01-05,35,35.0
PO_08012,PRD_1508,SUP_100,WH_063,2022-02-25,2022-03-04,2022-03-09,433,341.0
PO_08013,PRD_1391,SUP_161,WH_038,2024-06-12,2024-06-17,2024-06-17,57,57.0
PO_08014,PRD_1939,SUP_149,WH_049,2024-07-16,2024-07-23,2024-07-31,65,65.0
PO_08015,PRD_3680,SUP_151,WH_035,2024-12-18,2024-12-28,2024-12-28,227,227.0
PO_08016,PRD_3237,SUP_180,WH_056,2022-11-26,2022-12-02,2022-12-02,483,483.0
PO_08017,PRD_2026,SUP_006,WH_073,2022-10-18,2022-11-01,2022-11-01,379,244.0
PO_08018,PRD_0698,SUP_176,WH_074,2023-03-05,2023-03-16,2023-03-16,341,341.0
PO_08019,PRD_4153,SUP_125,WH_036,2023-09-11,2023-09-15,2023-09-15,370,370.0
PO_08020,PRD_4004,SUP_170,WH_057,2024-07-02,2024-07-10,,229,
PO_08021,PRD_3022,SUP_004,WH_076,2024-01-13,2024-01-26,2024-01-26,150,150.0
PO_08022,PRD_4945,SUP_076,WH_024,2023-04-20,2023-04-22,2023-04-22,365,365.0
PO_08023,PRD_0428,SUP_069,WH_011,2025-01-05,2025-01-19,2025-01-19,90,81.0
PO_08024,PRD_3076,SUP_107,WH_060,2025-09-04,2025-09-10,,105,
PO_08025,PRD_2909,SUP_091,WH_079,2022-01-10,2022-01-11,,366,
PO_08026,PRD_2578,SUP_049,WH_062,2022-08-12,2022-08-21,2022-08-21,253,253.0
PO_08027,PRD_1684,SUP_138,WH_032,2024-09-17,2024-09-25,2024-09-25,211,211.0
PO_08028,PRD_0585,SUP_099,WH_077,2024-10-23,2024-10-29,2024-11-03,226,211.0
PO_08029,PRD_3800,SUP_121,WH_004,2024-06-10,2024-06-13,2024-06-13,231,231.0
PO_08030,PRD_0908,SUP_105,WH_054,2024-12-03,2024-12-14,2024-12-14,116,116.0
PO_08031,PRD_0900,SUP_184,WH_060,2023-09-05,2023-09-08,2023-09-13,463,463.0
PO_08032,PRD_3600,SUP_037,WH_051,2023-07-12,2023-07-24,,151,
PO_08033,PRD_0560,SUP_067,WH_028,2023-05-25,2023-05-29,2023-05-29,412,412.0
PO_08034,PRD_4515,SUP_112,WH_014,2025-12-12,2025-12-18,2025-12-18,331,331.0
PO_08035,PRD_2700,SUP_095,WH_031,2022-11-07,2022-11-09,2022-11-09,196,196.0
PO_08036,PRD_2121,SUP_040,WH_041,2025-07-19,2025-08-02,2025-08-02,311,282.0
PO_08037,PRD_3805,SUP_072,WH_018,2025-12-02,2025-12-06,2025-12-06,370,370.0
PO_08038,PRD_3588,SUP_111,WH_045,2023-01-03,2023-01-05,2023-01-05,486,486.0
PO_08039,PRD_4544,SUP_068,WH_058,2024-02-23,2024-02-24,2024-02-24,129,129.0
PO_08040,PRD_1089,SUP_080,WH_005,2022-10-20,2022-10-21,2022-10-26,395,395.0
PO_08041,PRD_4244,SUP_178,WH_019,2024-11-21,2024-11-29,2024-11-29,202,202.0
PO_08042,PRD_1630,SUP_123,WH_062,2022-01-18,2022-01-30,,452,
PO_08043,PRD_1475,SUP_200,WH_047,2022-03-10,2022-03-14,2022-03-14,340,340.0
PO_08044,PRD_4920,SUP_045,WH_049,2025-01-07,2025-01-21,2025-01-21,398,398.0
PO_08045,PRD_2636,SUP_158,WH_002,2023-11-13,2023-11-27,2023-11-27,80,56.0
PO_08046,PRD_0702,SUP_066,WH_052,2025-12-23,2026-01-01,2026-01-01,173,173.0
PO_08047,PRD_3267,SUP_009,WH_046,2022-11-01,2022-11-08,2022-11-16,295,295.0
PO_08048,PRD_0239,SUP_065,WH_031,2024-06-11,2024-06-19,2024-06-19,127,127.0
PO_08049,PRD_0844,SUP_184,WH_070,2025-10-23,2025-10-26,2025-10-26,20,20.0
PO_08050,PRD_0420,SUP_175,WH_054,2023-12-25,2023-12-29,2023-12-29,92,62.0
PO_08051,PRD_3469,SUP_009,WH_062,2024-04-19,2024-04-26,2024-04-26,115,115.0
PO_08052,PRD_0860,SUP_094,WH_025,2024-05-22,2024-06-05,2024-06-05,487,412.0
PO_08053,PRD_4404,SUP_107,WH_035,2025-03-05,2025-03-11,2025-03-11,85,85.0
PO_08054,PRD_4424,SUP_130,WH_005,2025-07-26,2025-07-30,2025-07-30,296,296.0
PO_08055,PRD_3483,SUP_192,WH_032,2023-11-05,2023-11-07,2023-11-07,26,26.0
PO_08056,PRD_1917,SUP_145,WH_064,2025-09-11,2025-09-18,2025-09-18,65,65.0
PO_08057,PRD_1998,SUP_080,WH_055,2023-12-07,2023-12-08,2023-12-08,214,214.0
PO_08058,PRD_0110,SUP_109,WH_078,2024-03-04,2024-03-09,,265,
PO_08059,PRD_4092,SUP_125,WH_068,2024-08-09,2024-08-13,2024-08-13,500,500.0
PO_08060,PRD_0532,SUP_153,WH_074,2025-04-03,2025-04-07,2025-04-15,473,473.0
PO_08061,PRD_0055,SUP_040,WH_079,2023-08-11,2023-08-25,,87,
PO_08062,PRD_0903,SUP_104,WH_056,2025-01-27,2025-02-04,2025-02-04,254,254.0
PO_08063,PRD_0344,SUP_150,WH_004,2024-03-12,2024-03-24,2024-03-24,322,322.0
PO_08064,PRD_0834,SUP_033,WH_042,2025-08-08,2025-08-22,,171,
PO_08065,PRD_1631,SUP_172,WH_043,2022-08-06,2022-08-14,2022-08-14,344,344.0
PO_08066,PRD_0168,SUP_071,WH_079,2024-04-19,2024-04-29,2024-05-06,337,337.0
PO_08067,PRD_0659,SUP_072,WH_063,2023-09-01,2023-09-05,2023-09-05,405,405.0
PO_08068,PRD_0082,SUP_001,WH_007,2025-04-24,2025-05-01,2025-05-01,243,243.0
PO_08069,PRD_2684,SUP_163,WH_047,2023-06-17,2023-06-24,2023-06-28,409,409.0
PO_08070,PRD_4453,SUP_166,WH_058,2025-01-08,2025-01-11,2025-01-11,116,116.0
PO_08071,PRD_0467,SUP_142,WH_042,2022-10-22,2022-10-31,2022-10-31,171,171.0
PO_08072,PRD_2159,SUP_172,WH_019,2025-03-15,2025-03-23,2025-03-23,248,248.0
PO_08073,PRD_2170,SUP_020,WH_026,2024-08-16,2024-08-18,2024-08-18,322,322.0
PO_08074,PRD_1402,SUP_164,WH_027,2025-08-21,2025-08-30,,227,
PO_08075,PRD_1427,SUP_141,WH_011,2022-02-16,2022-02-28,2022-02-28,279,279.0
PO_08076,PRD_1632,SUP_192,WH_001,2022-11-24,2022-11-26,2022-12-03,258,258.0
PO_08077,PRD_1662,SUP_091,WH_032,2023-08-24,2023-08-25,2023-08-25,107,107.0
PO_08078,PRD_0599,SUP_066,WH_031,2025-11-22,2025-12-01,2025-12-05,107,107.0
PO_08079,PRD_3462,SUP_105,WH_075,2025-06-27,2025-07-08,2025-07-12,250,250.0
PO_08080,PRD_3962,SUP_114,WH_034,2022-09-10,2022-09-21,2022-09-21,405,405.0
PO_08081,PRD_1884,SUP_120,WH_002,2024-06-18,2024-07-01,2024-07-01,473,473.0
PO_08082,PRD_0835,SUP_104,WH_016,2024-01-25,2024-02-02,2024-02-02,266,266.0
PO_08083,PRD_3645,SUP_111,WH_072,2022-12-13,2022-12-15,2022-12-19,301,301.0
PO_08084,PRD_4575,SUP_112,WH_063,2022-07-02,2022-07-08,,400,
PO_08085,PRD_3435,SUP_161,WH_049,2022-08-07,2022-08-12,2022-08-12,24,24.0
PO_08086,PRD_1689,SUP_174,WH_026,2023-04-02,2023-04-10,2023-04-10,464,464.0
PO_08087,PRD_1986,SUP_186,WH_045,2023-05-10,2023-05-19,2023-05-19,140,140.0
PO_08088,PRD_2435,SUP_158,WH_029,2024-10-14,2024-10-28,,309,
PO_08089,PRD_3733,SUP_173,WH_006,2022-03-05,2022-03-06,2022-03-06,40,40.0
PO_08090,PRD_4157,SUP_014,WH_006,2022-08-05,2022-08-18,2022-08-19,377,377.0
PO_08091,PRD_3267,SUP_009,WH_011,2023-04-18,2023-04-25,2023-04-28,197,197.0
PO_08092,PRD_2673,SUP_049,WH_004,2022-06-19,2022-06-28,2022-06-28,453,453.0
PO_08093,PRD_1808,SUP_152,WH_032,2023-11-08,2023-11-17,2023-11-17,56,56.0
PO_08094,PRD_0799,SUP_111,WH_015,2024-10-27,2024-10-29,2024-10-29,496,496.0
PO_08095,PRD_3921,SUP_086,WH_072,2022-01-02,2022-01-04,2022-01-04,335,335.0
PO_08096,PRD_2899,SUP_137,WH_058,2025-03-02,2025-03-04,2025-03-04,339,339.0
PO_08097,PRD_1377,SUP_110,WH_045,2025-02-21,2025-02-25,2025-02-25,400,400.0
PO_08098,PRD_2008,SUP_186,WH_035,2024-01-01,2024-01-10,2024-01-10,211,143.0
PO_08099,PRD_3547,SUP_079,WH_001,2025-02-16,2025-02-21,2025-02-26,340,340.0
PO_08100,PRD_1529,SUP_125,WH_017,2025-11-09,2025-11-13,,145,
PO_08101,PRD_3289,SUP_116,WH_079,2025-10-23,2025-11-01,2025-11-01,157,157.0
PO_08102,PRD_3689,SUP_127,WH_018,2024-07-13,2024-07-23,2024-07-23,89,89.0
PO_08103,PRD_1066,SUP_007,WH_024,2022-06-14,2022-06-19,,409,
PO_08104,PRD_4951,SUP_045,WH_039,2025-02-26,2025-03-12,2025-03-12,394,360.0
PO_08105,PRD_4008,SUP_114,WH_043,2022-04-11,2022-04-22,2022-04-26,469,469.0
PO_08106,PRD_0031,SUP_191,WH_024,2022-07-06,2022-07-20,2022-07-20,152,152.0
PO_08107,PRD_2167,SUP_160,WH_002,2024-10-11,2024-10-16,2024-10-16,454,454.0
PO_08108,PRD_3383,SUP_075,WH_046,2022-05-04,2022-05-11,2022-05-11,444,444.0
PO_08109,PRD_4568,SUP_160,WH_073,2023-07-11,2023-07-16,2023-07-16,182,182.0
PO_08110,PRD_2250,SUP_031,WH_046,2024-09-09,2024-09-13,2024-09-13,94,94.0
PO_08111,PRD_4293,SUP_058,WH_012,2022-01-13,2022-01-14,2022-01-14,52,52.0
PO_08112,PRD_1728,SUP_087,WH_005,2024-02-11,2024-02-23,2024-02-23,337,337.0
PO_08113,PRD_1189,SUP_163,WH_072,2024-08-24,2024-08-31,2024-08-31,212,201.0
PO_08114,PRD_1366,SUP_141,WH_014,2023-12-26,2024-01-07,2024-01-08,358,358.0
PO_08115,PRD_1671,SUP_100,WH_028,2022-02-22,2022-03-01,2022-03-05,209,209.0
PO_08116,PRD_1887,SUP_160,WH_005,2025-08-01,2025-08-06,2025-08-06,314,314.0
PO_08117,PRD_2371,SUP_174,WH_022,2023-06-16,2023-06-24,2023-06-24,271,271.0
PO_08118,PRD_1556,SUP_057,WH_004,2024-09-14,2024-09-19,2024-09-19,23,23.0
PO_08119,PRD_0015,SUP_196,WH_075,2022-06-15,2022-06-28,2022-06-28,74,74.0
PO_08120,PRD_1497,SUP_174,WH_004,2025-10-07,2025-10-15,2025-10-21,458,458.0
PO_08121,PRD_2913,SUP_122,WH_020,2023-01-25,2023-01-29,2023-02-06,192,192.0
PO_08122,PRD_1411,SUP_086,WH_042,2022-11-01,2022-11-03,2022-11-03,473,473.0
PO_08123,PRD_0687,SUP_030,WH_066,2023-12-09,2023-12-21,2023-12-21,117,71.0
PO_08124,PRD_1328,SUP_113,WH_029,2023-07-23,2023-07-29,2023-07-29,80,80.0
PO_08125,PRD_2177,SUP_177,WH_031,2024-04-03,2024-04-04,2024-04-04,446,446.0
PO_08126,PRD_1893,SUP_165,WH_064,2022-09-19,2022-09-28,2022-09-28,319,216.0
PO_08127,PRD_1868,SUP_165,WH_046,2025-06-06,2025-06-15,2025-06-15,56,37.0
PO_08128,PRD_3998,SUP_106,WH_053,2024-08-14,2024-08-15,2024-08-15,476,452.0
PO_08129,PRD_4807,SUP_181,WH_063,2025-11-10,2025-11-18,2025-11-18,178,178.0
PO_08130,PRD_1528,SUP_100,WH_042,2024-06-25,2024-07-02,2024-07-06,328,328.0
PO_08131,PRD_4975,SUP_136,WH_057,2022-09-16,2022-09-23,2022-09-23,376,376.0
PO_08132,PRD_2120,SUP_160,WH_071,2023-11-27,2023-12-02,2023-12-02,286,286.0
PO_08133,PRD_4737,SUP_193,WH_013,2025-07-08,2025-07-10,,422,
PO_08134,PRD_2247,SUP_179,WH_019,2022-10-27,2022-10-31,2022-10-31,488,488.0
PO_08135,PRD_4088,SUP_041,WH_047,2022-09-20,2022-09-21,2022-09-21,438,438.0
PO_08136,PRD_2541,SUP_119,WH_009,2022-02-18,2022-02-24,2022-02-24,232,232.0
PO_08137,PRD_2436,SUP_175,WH_004,2022-04-17,2022-04-21,2022-04-25,257,257.0
PO_08138,PRD_4596,SUP_018,WH_061,2023-06-24,2023-06-30,2023-06-30,34,34.0
PO_08139,PRD_3015,SUP_174,WH_031,2024-03-20,2024-03-28,,400,
PO_08140,PRD_1656,SUP_104,WH_060,2024-10-13,2024-10-21,2024-10-26,47,47.0
PO_08141,PRD_2094,SUP_008,WH_024,2024-12-08,2024-12-15,2024-12-15,28,28.0
PO_08142,PRD_4398,SUP_077,WH_069,2024-08-14,2024-08-17,2024-08-17,485,485.0
PO_08143,PRD_4149,SUP_156,WH_047,2023-03-16,2023-03-18,2023-03-18,418,418.0
PO_08144,PRD_0067,SUP_176,WH_024,2022-04-16,2022-04-27,2022-04-27,205,205.0
PO_08145,PRD_1218,SUP_170,WH_009,2023-03-24,2023-04-01,,195,
PO_08146,PRD_1245,SUP_139,WH_007,2023-12-12,2023-12-13,2023-12-19,490,490.0
PO_08147,PRD_0743,SUP_148,WH_052,2023-02-08,2023-02-11,,478,
PO_08148,PRD_2187,SUP_051,WH_071,2025-06-16,2025-06-23,2025-06-23,50,50.0
PO_08149,PRD_0762,SUP_105,WH_048,2024-05-10,2024-05-21,,432,
PO_08150,PRD_2884,SUP_117,WH_073,2022-02-02,2022-02-14,,289,
PO_08151,PRD_3321,SUP_009,WH_034,2024-11-21,2024-11-28,,176,
PO_08152,PRD_4427,SUP_187,WH_062,2024-08-04,2024-08-07,2024-08-07,248,248.0
PO_08153,PRD_1110,SUP_028,WH_016,2025-01-06,2025-01-18,,112,
PO_08154,PRD_4242,SUP_074,WH_060,2025-12-01,2025-12-15,2025-12-17,406,406.0
PO_08155,PRD_0335,SUP_098,WH_071,2022-03-14,2022-03-24,,435,
PO_08156,PRD_4512,SUP_018,WH_071,2024-11-26,2024-12-02,2024-12-02,357,302.0
PO_08157,PRD_1899,SUP_170,WH_047,2025-11-06,2025-11-14,2025-11-14,297,259.0
PO_08158,PRD_0567,SUP_008,WH_053,2025-10-27,2025-11-03,2025-11-03,131,131.0
PO_08159,PRD_3487,SUP_037,WH_071,2025-02-26,2025-03-10,2025-03-11,385,385.0
PO_08160,PRD_3192,SUP_058,WH_027,2024-10-07,2024-10-08,2024-10-08,152,152.0
PO_08161,PRD_1199,SUP_046,WH_019,2024-05-03,2024-05-12,2024-05-12,356,356.0
PO_08162,PRD_1505,SUP_112,WH_055,2024-09-04,2024-09-10,2024-09-10,450,450.0
PO_08163,PRD_2990,SUP_148,WH_063,2022-06-09,2022-06-12,2022-06-12,208,176.0
PO_08164,PRD_1877,SUP_005,WH_044,2025-07-25,2025-07-29,2025-07-29,164,164.0
PO_08165,PRD_3931,SUP_112,WH_017,2023-05-05,2023-05-11,2023-05-11,79,79.0
PO_08166,PRD_4502,SUP_127,WH_038,2022-09-27,2022-10-07,2022-10-07,114,114.0
PO_08167,PRD_1522,SUP_186,WH_060,2024-10-25,2024-11-03,2024-11-10,270,270.0
PO_08168,PRD_4906,SUP_181,WH_034,2023-06-13,2023-06-21,2023-06-21,356,356.0
PO_08169,PRD_3096,SUP_048,WH_013,2022-07-20,2022-08-02,2022-08-02,399,399.0
PO_08170,PRD_3289,SUP_116,WH_008,2023-03-01,2023-03-10,2023-03-10,202,202.0
PO_08171,PRD_2382,SUP_097,WH_064,2023-09-17,2023-09-29,,304,
PO_08172,PRD_0023,SUP_185,WH_055,2023-10-20,2023-11-03,2023-11-03,412,412.0
PO_08173,PRD_0039,SUP_024,WH_078,2023-08-01,2023-08-10,2023-08-10,95,95.0
PO_08174,PRD_3159,SUP_143,WH_004,2024-11-15,2024-11-24,2024-11-30,391,391.0
PO_08175,PRD_0448,SUP_169,WH_003,2022-02-02,2022-02-06,2022-02-06,457,457.0
PO_08176,PRD_0533,SUP_198,WH_014,2025-06-13,2025-06-17,2025-06-19,121,121.0
PO_08177,PRD_4168,SUP_034,WH_007,2022-09-13,2022-09-24,2022-09-24,53,53.0
PO_08178,PRD_1593,SUP_112,WH_019,2022-01-11,2022-01-17,,387,
PO_08179,PRD_2924,SUP_020,WH_066,2022-07-14,2022-07-16,2022-07-16,440,440.0
PO_08180,PRD_4178,SUP_041,WH_003,2023-03-24,2023-03-25,2023-04-02,196,196.0
PO_08181,PRD_0809,SUP_085,WH_037,2022-04-02,2022-04-04,2022-04-04,394,394.0
PO_08182,PRD_4949,SUP_136,WH_040,2025-04-06,2025-04-13,2025-04-13,261,261.0
PO_08183,PRD_2695,SUP_014,WH_034,2022-09-12,2022-09-25,2022-09-29,38,36.0
PO_08184,PRD_2272,SUP_170,WH_023,2024-03-23,2024-03-31,2024-03-31,424,424.0
PO_08185,PRD_0485,SUP_030,WH_055,2024-01-21,2024-02-02,2024-02-02,396,246.0
PO_08186,PRD_4557,SUP_040,WH_024,2025-09-12,2025-09-26,2025-09-26,142,94.0
PO_08187,PRD_1299,SUP_185,WH_080,2024-08-05,2024-08-19,2024-08-19,265,258.0
PO_08188,PRD_0635,SUP_138,WH_072,2025-06-03,2025-06-11,2025-06-11,490,490.0
PO_08189,PRD_1176,SUP_024,WH_028,2025-05-22,2025-05-31,2025-05-31,488,488.0
PO_08190,PRD_3331,SUP_121,WH_062,2023-12-18,2023-12-21,2023-12-21,207,207.0
PO_08191,PRD_3375,SUP_109,WH_048,2024-04-08,2024-04-13,2024-04-13,475,475.0
PO_08192,PRD_4560,SUP_033,WH_051,2024-10-02,2024-10-16,2024-10-16,49,49.0
PO_08193,PRD_4337,SUP_038,WH_045,2025-09-06,2025-09-15,2025-09-15,34,34.0
PO_08194,PRD_0901,SUP_105,WH_011,2023-12-27,2024-01-07,2024-01-07,315,315.0
PO_08195,PRD_3944,SUP_172,WH_017,2022-05-05,2022-05-13,2022-05-13,233,233.0
PO_08196,PRD_0932,SUP_146,WH_068,2024-08-24,2024-09-07,2024-09-07,354,336.0
PO_08197,PRD_3551,SUP_104,WH_026,2024-05-27,2024-06-04,2024-06-07,36,36.0
PO_08198,PRD_3734,SUP_193,WH_034,2023-10-02,2023-10-04,2023-10-04,85,77.0
PO_08199,PRD_3374,SUP_075,WH_057,2025-06-20,2025-06-27,,301,
PO_08200,PRD_1735,SUP_145,WH_022,2025-02-15,2025-02-22,2025-02-22,72,72.0
PO_08201,PRD_0897,SUP_199,WH_030,2023-08-04,2023-08-05,2023-08-05,241,241.0
PO_08202,PRD_1821,SUP_117,WH_052,2024-05-08,2024-05-20,,169,
PO_08203,PRD_2528,SUP_098,WH_007,2022-06-15,2022-06-25,,276,
PO_08204,PRD_3958,SUP_150,WH_051,2024-06-23,2024-07-05,2024-07-09,153,153.0
PO_08205,PRD_1443,SUP_188,WH_069,2025-04-18,2025-04-27,2025-05-04,357,357.0
PO_08206,PRD_0237,SUP_130,WH_062,2025-10-24,2025-10-28,2025-10-28,393,393.0
PO_08207,PRD_2638,SUP_105,WH_079,2023-07-19,2023-07-30,2023-07-30,415,415.0
PO_08208,PRD_2283,SUP_148,WH_012,2023-02-04,2023-02-07,2023-02-07,53,53.0
PO_08209,PRD_1172,SUP_199,WH_036,2024-09-07,2024-09-08,2024-09-08,479,479.0
PO_08210,PRD_0890,SUP_080,WH_017,2022-12-16,2022-12-17,2022-12-17,422,422.0
PO_08211,PRD_2340,SUP_095,WH_011,2025-01-01,2025-01-03,2025-01-03,38,33.0
PO_08212,PRD_2880,SUP_078,WH_067,2022-09-12,2022-09-13,2022-09-18,405,405.0
PO_08213,PRD_2091,SUP_006,WH_044,2025-03-08,2025-03-22,2025-03-22,192,192.0
PO_08214,PRD_0961,SUP_142,WH_033,2022-01-25,2022-02-03,2022-02-07,420,420.0
PO_08215,PRD_1215,SUP_051,WH_045,2025-04-05,2025-04-12,2025-04-20,131,131.0
PO_08216,PRD_3132,SUP_197,WH_078,2023-09-26,2023-10-05,2023-10-05,316,316.0
PO_08217,PRD_0293,SUP_095,WH_045,2022-03-24,2022-03-26,2022-03-29,220,220.0
PO_08218,PRD_0614,SUP_174,WH_047,2023-01-18,2023-01-26,2023-01-26,418,418.0
PO_08219,PRD_1122,SUP_132,WH_070,2025-01-15,2025-01-19,2025-01-21,234,234.0
PO_08220,PRD_1248,SUP_130,WH_067,2024-04-19,2024-04-23,2024-04-23,71,71.0
PO_08221,PRD_1110,SUP_028,WH_057,2022-05-22,2022-06-03,2022-06-04,440,325.0
PO_08222,PRD_3952,SUP_173,WH_010,2024-10-25,2024-10-26,2024-10-26,153,153.0
PO_08223,PRD_3245,SUP_170,WH_038,2023-09-23,2023-10-01,2023-10-07,192,192.0
PO_08224,PRD_0876,SUP_105,WH_064,2022-07-08,2022-07-19,2022-07-19,125,125.0
PO_08225,PRD_1922,SUP_072,WH_017,2024-05-08,2024-05-12,2024-05-12,333,333.0
PO_08226,PRD_2315,SUP_078,WH_009,2022-07-18,2022-07-19,2022-07-19,383,383.0
PO_08227,PRD_3745,SUP_196,WH_076,2024-08-03,2024-08-16,,221,
PO_08228,PRD_1245,SUP_139,WH_011,2024-06-14,2024-06-15,,230,
PO_08229,PRD_0863,SUP_108,WH_059,2024-09-05,2024-09-13,2024-09-18,314,314.0
PO_08230,PRD_2358,SUP_080,WH_041,2022-02-26,2022-02-27,,128,
PO_08231,PRD_3223,SUP_030,WH_002,2025-07-08,2025-07-20,,175,
PO_08232,PRD_0197,SUP_065,WH_013,2025-01-10,2025-01-18,2025-01-22,336,336.0
PO_08233,PRD_0991,SUP_185,WH_062,2022-11-05,2022-11-19,2022-11-21,427,256.0
PO_08234,PRD_4408,SUP_107,WH_037,2022-07-12,2022-07-18,2022-07-18,443,372.0
PO_08235,PRD_0284,SUP_086,WH_074,2024-04-01,2024-04-03,2024-04-03,456,456.0
PO_08236,PRD_2879,SUP_078,WH_022,2024-01-11,2024-01-12,,362,
PO_08237,PRD_0960,SUP_094,WH_012,2022-09-04,2022-09-18,2022-09-18,251,251.0
PO_08238,PRD_4013,SUP_125,WH_016,2022-12-14,2022-12-18,2022-12-18,487,487.0
PO_08239,PRD_3413,SUP_177,WH_024,2025-04-02,2025-04-03,2025-04-03,43,43.0
PO_08240,PRD_3295,SUP_116,WH_012,2023-08-23,2023-09-01,2023-09-01,343,343.0
PO_08241,PRD_4550,SUP_024,WH_070,2023-05-15,2023-05-24,,72,
PO_08242,PRD_3266,SUP_161,WH_035,2022-11-13,2022-11-18,2022-11-18,233,233.0
PO_08243,PRD_2770,SUP_012,WH_003,2024-11-04,2024-11-17,2024-11-17,86,86.0
PO_08244,PRD_4710,SUP_167,WH_050,2025-08-18,2025-08-21,2025-08-22,289,289.0
PO_08245,PRD_1311,SUP_192,WH_067,2024-03-03,2024-03-05,,361,
PO_08246,PRD_2870,SUP_137,WH_030,2024-03-09,2024-03-11,2024-03-11,212,212.0
PO_08247,PRD_3997,SUP_178,WH_040,2024-07-09,2024-07-17,2024-07-17,392,392.0
PO_08248,PRD_0551,SUP_199,WH_068,2025-03-26,2025-03-27,2025-03-27,383,383.0
PO_08249,PRD_0626,SUP_174,WH_010,2023-08-16,2023-08-24,2023-08-24,344,344.0
PO_08250,PRD_3366,SUP_109,WH_030,2023-06-08,2023-06-13,2023-06-13,358,358.0
PO_08251,PRD_0961,SUP_142,WH_030,2022-05-24,2022-06-02,2022-06-02,184,116.0
PO_08252,PRD_1159,SUP_024,WH_063,2023-07-05,2023-07-14,2023-07-14,165,165.0
PO_08253,PRD_2343,SUP_177,WH_041,2023-08-23,2023-08-24,2023-08-24,106,106.0
PO_08254,PRD_4330,SUP_154,WH_027,2025-08-04,2025-08-16,2025-08-16,436,436.0
PO_08255,PRD_4643,SUP_167,WH_003,2022-10-12,2022-10-15,2022-10-15,231,231.0
PO_08256,PRD_4974,SUP_045,WH_012,2024-02-06,2024-02-20,,139,
PO_08257,PRD_0149,SUP_186,WH_031,2023-10-03,2023-10-12,2023-10-16,185,185.0
PO_08258,PRD_3889,SUP_069,WH_076,2024-12-09,2024-12-23,2024-12-23,215,215.0
PO_08259,PRD_4206,SUP_156,WH_043,2023-02-27,2023-03-01,2023-03-01,433,320.0
PO_08260,PRD_3792,SUP_133,WH_052,2022-12-23,2023-01-01,2023-01-01,211,211.0
PO_08261,PRD_2109,SUP_194,WH_037,2022-12-03,2022-12-09,2022-12-09,121,121.0
PO_08262,PRD_0244,SUP_109,WH_041,2023-05-17,2023-05-22,,500,
PO_08263,PRD_3942,SUP_121,WH_057,2023-03-20,2023-03-23,2023-03-23,493,493.0
PO_08264,PRD_0712,SUP_193,WH_038,2023-06-10,2023-06-12,2023-06-12,114,114.0
PO_08265,PRD_1258,SUP_136,WH_051,2023-02-23,2023-03-02,,347,
PO_08266,PRD_0182,SUP_071,WH_006,2025-07-10,2025-07-20,2025-07-20,332,207.0
PO_08267,PRD_3394,SUP_060,WH_028,2022-06-19,2022-06-29,2022-06-29,499,499.0
PO_08268,PRD_0314,SUP_033,WH_072,2023-12-11,2023-12-25,2023-12-25,416,416.0
PO_08269,PRD_0876,SUP_105,WH_057,2023-03-17,2023-03-28,2023-03-28,316,316.0
PO_08270,PRD_0613,SUP_012,WH_032,2024-04-14,2024-04-27,2024-04-27,497,497.0
PO_08271,PRD_4472,SUP_166,WH_017,2024-12-27,2024-12-30,2024-12-30,118,118.0
PO_08272,PRD_2011,SUP_167,WH_045,2023-08-19,2023-08-22,2023-08-22,88,88.0
PO_08273,PRD_3767,SUP_011,WH_027,2025-09-11,2025-09-22,,387,
PO_08274,PRD_2010,SUP_033,WH_069,2025-02-07,2025-02-21,2025-02-21,88,88.0
PO_08275,PRD_3141,SUP_026,WH_013,2022-01-21,2022-01-27,2022-01-27,183,183.0
PO_08276,PRD_4199,SUP_008,WH_073,2022-11-18,2022-11-25,2022-11-28,271,271.0
PO_08277,PRD_1711,SUP_108,WH_069,2022-10-18,2022-10-26,2022-10-26,127,127.0
PO_08278,PRD_0085,SUP_070,WH_051,2025-07-13,2025-07-14,2025-07-20,37,33.0
PO_08279,PRD_4884,SUP_178,WH_046,2022-10-15,2022-10-23,2022-10-31,295,295.0
PO_08280,PRD_1020,SUP_002,WH_033,2024-08-08,2024-08-09,2024-08-12,328,328.0
PO_08281,PRD_3515,SUP_139,WH_065,2023-04-19,2023-04-20,2023-04-20,272,272.0
PO_08282,PRD_3553,SUP_120,WH_077,2024-06-02,2024-06-15,2024-06-18,423,423.0
PO_08283,PRD_1978,SUP_180,WH_029,2025-01-17,2025-01-23,2025-01-23,127,127.0
PO_08284,PRD_0467,SUP_142,WH_077,2024-09-10,2024-09-19,2024-09-24,327,221.0
PO_08285,PRD_0882,SUP_174,WH_015,2025-12-01,2025-12-09,2025-12-09,208,208.0
PO_08286,PRD_4930,SUP_021,WH_018,2025-02-03,2025-02-13,2025-02-19,464,464.0
PO_08287,PRD_2860,SUP_171,WH_003,2022-08-14,2022-08-20,2022-08-20,146,146.0
PO_08288,PRD_4192,SUP_034,WH_078,2022-09-08,2022-09-19,2022-09-19,417,417.0
PO_08289,PRD_4268,SUP_115,WH_029,2023-06-12,2023-06-13,2023-06-13,80,80.0
PO_08290,PRD_2106,SUP_160,WH_051,2025-10-04,2025-10-09,2025-10-09,49,49.0
PO_08291,PRD_3453,SUP_105,WH_015,2025-04-16,2025-04-27,2025-05-05,339,339.0
PO_08292,PRD_1810,SUP_047,WH_030,2025-03-08,2025-03-12,2025-03-12,43,37.0
PO_08293,PRD_1210,SUP_170,WH_027,2024-02-05,2024-02-13,2024-02-13,417,417.0
PO_08294,PRD_1497,SUP_174,WH_031,2022-04-17,2022-04-25,2022-04-25,423,423.0
PO_08295,PRD_2670,SUP_116,WH_064,2022-11-23,2022-12-02,,158,
PO_08296,PRD_1114,SUP_019,WH_060,2022-04-16,2022-04-28,2022-04-28,447,447.0
PO_08297,PRD_1082,SUP_063,WH_041,2024-05-27,2024-06-07,2024-06-12,240,204.0
PO_08298,PRD_4454,SUP_187,WH_069,2022-02-18,2022-02-21,,34,
PO_08299,PRD_3640,SUP_192,WH_020,2025-05-15,2025-05-17,,218,
PO_08300,PRD_0380,SUP_079,WH_053,2022-11-16,2022-11-21,2022-11-21,309,309.0
PO_08301,PRD_3616,SUP_078,WH_064,2025-07-23,2025-07-24,2025-07-24,167,167.0
PO_08302,PRD_3811,SUP_172,WH_070,2022-07-04,2022-07-12,2022-07-12,65,65.0
PO_08303,PRD_1007,SUP_148,WH_025,2022-11-20,2022-11-23,2022-11-23,352,352.0
PO_08304,PRD_2083,SUP_095,WH_065,2022-01-22,2022-01-24,2022-01-28,152,152.0
PO_08305,PRD_0013,SUP_024,WH_006,2024-12-03,2024-12-12,2024-12-12,279,279.0
PO_08306,PRD_1066,SUP_007,WH_080,2022-05-18,2022-05-23,,322,
PO_08307,PRD_2742,SUP_048,WH_055,2024-09-14,2024-09-27,2024-09-27,201,201.0
PO_08308,PRD_3080,SUP_026,WH_046,2023-10-10,2023-10-16,,70,
PO_08309,PRD_3600,SUP_037,WH_040,2025-03-16,2025-03-28,2025-03-28,254,254.0
PO_08310,PRD_1986,SUP_186,WH_052,2025-03-02,2025-03-11,2025-03-11,81,81.0
PO_08311,PRD_0150,SUP_186,WH_056,2024-01-01,2024-01-10,2024-01-10,180,180.0
PO_08312,PRD_4050,SUP_200,WH_046,2023-05-10,2023-05-14,2023-05-22,212,212.0
PO_08313,PRD_0630,SUP_066,WH_039,2022-04-18,2022-04-27,2022-04-27,54,54.0
PO_08314,PRD_4574,SUP_004,WH_070,2025-03-19,2025-04-01,2025-04-05,149,149.0
PO_08315,PRD_1676,SUP_002,WH_009,2022-02-10,2022-02-11,2022-02-11,157,157.0
PO_08316,PRD_0086,SUP_040,WH_047,2022-12-07,2022-12-21,2022-12-21,205,205.0
PO_08317,PRD_1559,SUP_100,WH_039,2025-06-09,2025-06-16,2025-06-16,24,24.0
PO_08318,PRD_4545,SUP_098,WH_038,2023-04-09,2023-04-19,2023-04-19,229,229.0
PO_08319,PRD_3258,SUP_058,WH_009,2023-01-27,2023-01-28,2023-01-28,41,41.0
PO_08320,PRD_0519,SUP_010,WH_057,2025-06-06,2025-06-19,,385,
PO_08321,PRD_4266,SUP_186,WH_039,2025-06-20,2025-06-29,2025-07-05,286,286.0
PO_08322,PRD_3697,SUP_079,WH_050,2022-07-24,2022-07-29,,155,
PO_08323,PRD_0231,SUP_073,WH_013,2025-10-11,2025-10-23,2025-10-23,423,423.0
PO_08324,PRD_1624,SUP_008,WH_024,2023-12-23,2023-12-30,2023-12-30,297,297.0
PO_08325,PRD_4676,SUP_074,WH_066,2022-06-07,2022-06-21,2022-06-21,316,316.0
PO_08326,PRD_3150,SUP_075,WH_077,2025-03-03,2025-03-10,2025-03-10,291,291.0
PO_08327,PRD_1895,SUP_007,WH_047,2023-06-23,2023-06-28,,28,
PO_08328,PRD_1225,SUP_194,WH_034,2023-09-18,2023-09-24,2023-09-24,263,263.0
PO_08329,PRD_4860,SUP_047,WH_025,2022-01-06,2022-01-10,2022-01-10,70,70.0
PO_08330,PRD_2133,SUP_080,WH_024,2023-06-01,2023-06-02,,203,
PO_08331,PRD_2688,SUP_089,WH_074,2023-12-23,2023-12-30,2023-12-30,140,99.0
PO_08332,PRD_0060,SUP_176,WH_009,2025-04-10,2025-04-21,2025-04-21,51,51.0
PO_08333,PRD_4697,SUP_074,WH_041,2025-04-18,2025-05-02,2025-05-02,470,470.0
PO_08334,PRD_4175,SUP_103,WH_011,2023-02-09,2023-02-20,,301,
PO_08335,PRD_4170,SUP_049,WH_038,2022-03-10,2022-03-19,,451,
PO_08336,PRD_1933,SUP_095,WH_024,2024-06-02,2024-06-04,,303,
PO_08337,PRD_2290,SUP_148,WH_040,2025-04-14,2025-04-17,2025-04-17,500,500.0
PO_08338,PRD_2545,SUP_175,WH_030,2025-05-05,2025-05-09,2025-05-09,317,317.0
PO_08339,PRD_4841,SUP_062,WH_046,2023-02-09,2023-02-17,2023-02-17,282,268.0
PO_08340,PRD_1278,SUP_197,WH_072,2022-12-15,2022-12-24,2022-12-24,494,494.0
PO_08341,PRD_1167,SUP_058,WH_075,2022-10-05,2022-10-06,2022-10-06,62,62.0
PO_08342,PRD_4107,SUP_194,WH_021,2023-05-22,2023-05-28,2023-06-02,106,68.0
PO_08343,PRD_1264,SUP_105,WH_069,2024-10-02,2024-10-13,2024-10-13,277,277.0
PO_08344,PRD_1111,SUP_189,WH_013,2022-06-26,2022-07-09,2022-07-09,423,326.0
PO_08345,PRD_3745,SUP_196,WH_029,2022-12-11,2022-12-24,2022-12-24,136,120.0
PO_08346,PRD_1658,SUP_196,WH_024,2022-02-02,2022-02-15,2022-02-15,72,72.0
PO_08347,PRD_3781,SUP_027,WH_003,2025-02-22,2025-03-06,2025-03-06,355,355.0
PO_08348,PRD_0693,SUP_174,WH_034,2025-02-26,2025-03-06,2025-03-06,218,165.0
PO_08349,PRD_1716,SUP_047,WH_003,2022-02-27,2022-03-03,2022-03-05,241,241.0
PO_08350,PRD_2657,SUP_088,WH_065,2022-03-26,2022-04-01,2022-04-01,311,311.0
PO_08351,PRD_2670,SUP_116,WH_057,2022-06-16,2022-06-25,2022-06-29,128,128.0
PO_08352,PRD_4961,SUP_021,WH_063,2025-04-09,2025-04-19,2025-04-19,300,300.0
PO_08353,PRD_3266,SUP_161,WH_001,2024-04-25,2024-04-30,2024-04-30,344,344.0
PO_08354,PRD_1111,SUP_189,WH_051,2023-11-04,2023-11-17,2023-11-18,40,40.0
PO_08355,PRD_4808,SUP_012,WH_079,2024-12-17,2024-12-30,2024-12-31,282,282.0
PO_08356,PRD_1947,SUP_066,WH_041,2024-01-19,2024-01-28,2024-02-04,416,416.0
PO_08357,PRD_2956,SUP_153,WH_077,2024-04-09,2024-04-13,2024-04-13,333,333.0
PO_08358,PRD_0997,SUP_132,WH_060,2024-08-16,2024-08-20,2024-08-20,125,125.0
PO_08359,PRD_3861,SUP_090,WH_008,2025-04-03,2025-04-08,2025-04-08,392,392.0
PO_08360,PRD_4565,SUP_170,WH_065,2024-06-07,2024-06-15,2024-06-15,432,432.0
PO_08361,PRD_1588,SUP_108,WH_050,2022-12-18,2022-12-26,,472,
PO_08362,PRD_1804,SUP_021,WH_007,2024-01-05,2024-01-15,2024-01-19,135,135.0
PO_08363,PRD_1501,SUP_057,WH_061,2024-12-23,2024-12-28,2024-12-28,195,195.0
PO_08364,PRD_3835,SUP_112,WH_037,2025-06-07,2025-06-13,2025-06-13,455,455.0
PO_08365,PRD_0763,SUP_001,WH_016,2022-05-24,2022-05-31,2022-05-31,262,262.0
PO_08366,PRD_4051,SUP_127,WH_069,2025-11-16,2025-11-26,,477,
PO_08367,PRD_4750,SUP_195,WH_003,2024-12-06,2024-12-09,2024-12-09,273,273.0
PO_08368,PRD_4446,SUP_035,WH_037,2024-10-25,2024-11-04,2024-11-04,144,144.0
PO_08369,PRD_0501,SUP_199,WH_022,2022-03-21,2022-03-22,2022-03-22,403,403.0
PO_08370,PRD_4227,SUP_014,WH_059,2023-08-20,2023-09-02,,150,
PO_08371,PRD_4183,SUP_081,WH_020,2025-07-03,2025-07-11,2025-07-11,446,446.0
PO_08372,PRD_0897,SUP_199,WH_028,2025-04-02,2025-04-03,2025-04-08,345,258.0
PO_08373,PRD_0256,SUP_029,WH_030,2025-01-12,2025-01-24,2025-01-24,70,70.0
PO_08374,PRD_2836,SUP_056,WH_039,2022-02-07,2022-02-21,2022-02-27,134,134.0
PO_08375,PRD_1907,SUP_165,WH_026,2024-08-18,2024-08-27,2024-08-27,129,129.0
PO_08376,PRD_0002,SUP_185,WH_013,2025-05-25,2025-06-08,2025-06-08,140,140.0
PO_08377,PRD_3770,SUP_042,WH_070,2023-11-03,2023-11-04,2023-11-04,63,63.0
PO_08378,PRD_3411,SUP_068,WH_005,2022-01-05,2022-01-06,2022-01-06,447,447.0
PO_08379,PRD_1622,SUP_098,WH_064,2023-02-13,2023-02-23,2023-02-24,461,461.0
PO_08380,PRD_2893,SUP_033,WH_065,2024-04-10,2024-04-24,2024-04-24,221,133.0
PO_08381,PRD_1071,SUP_163,WH_009,2023-03-11,2023-03-18,2023-03-18,297,297.0
PO_08382,PRD_2643,SUP_070,WH_034,2024-05-15,2024-05-16,2024-05-16,171,133.0
PO_08383,PRD_1685,SUP_123,WH_023,2022-02-05,2022-02-17,2022-02-17,388,370.0
PO_08384,PRD_0182,SUP_071,WH_051,2023-07-19,2023-07-29,,121,
PO_08385,PRD_0550,SUP_156,WH_046,2023-11-07,2023-11-09,2023-11-14,323,323.0
PO_08386,PRD_0244,SUP_109,WH_011,2022-07-11,2022-07-16,2022-07-16,155,115.0
PO_08387,PRD_3952,SUP_173,WH_078,2025-07-10,2025-07-11,2025-07-11,415,415.0
PO_08388,PRD_4622,SUP_102,WH_041,2024-11-05,2024-11-12,2024-11-17,173,173.0
PO_08389,PRD_3819,SUP_126,WH_005,2024-07-04,2024-07-07,2024-07-15,26,26.0
PO_08390,PRD_1503,SUP_087,WH_018,2024-10-04,2024-10-16,2024-10-16,261,261.0
PO_08391,PRD_0362,SUP_003,WH_010,2023-06-21,2023-06-25,2023-06-25,84,84.0
PO_08392,PRD_2729,SUP_091,WH_079,2023-07-03,2023-07-04,2023-07-06,122,122.0
PO_08393,PRD_4477,SUP_030,WH_076,2023-11-25,2023-12-07,2023-12-12,364,364.0
PO_08394,PRD_1458,SUP_134,WH_026,2022-08-09,2022-08-10,2022-08-10,219,219.0
PO_08395,PRD_1811,SUP_047,WH_053,2023-06-02,2023-06-06,2023-06-06,144,144.0
PO_08396,PRD_2299,SUP_102,WH_063,2023-10-18,2023-10-25,2023-10-28,37,37.0
PO_08397,PRD_0156,SUP_191,WH_054,2022-01-25,2022-02-08,2022-02-08,366,366.0
PO_08398,PRD_4039,SUP_104,WH_079,2022-07-11,2022-07-19,2022-07-19,168,168.0
PO_08399,PRD_3872,SUP_090,WH_027,2024-10-03,2024-10-08,2024-10-08,374,374.0
PO_08400,PRD_4567,SUP_059,WH_032,2025-04-15,2025-04-18,2025-04-18,306,306.0
PO_08401,PRD_1308,SUP_161,WH_042,2022-10-19,2022-10-24,,157,
PO_08402,PRD_4855,SUP_096,WH_065,2025-06-05,2025-06-10,2025-06-10,274,227.0
PO_08403,PRD_0701,SUP_103,WH_066,2024-01-04,2024-01-15,2024-01-15,187,187.0
PO_08404,PRD_0070,SUP_191,WH_015,2025-12-09,2025-12-23,2025-12-23,493,341.0
PO_08405,PRD_2385,SUP_184,WH_033,2024-06-27,2024-06-30,,226,
PO_08406,PRD_2201,SUP_031,WH_045,2025-12-16,2025-12-20,2025-12-22,477,477.0
PO_08407,PRD_3371,SUP_151,WH_011,2024-12-25,2025-01-04,,155,
PO_08408,PRD_1763,SUP_013,WH_063,2022-08-22,2022-08-26,2022-09-03,371,371.0
PO_08409,PRD_4434,SUP_179,WH_037,2022-03-11,2022-03-15,2022-03-15,100,100.0
PO_08410,PRD_1842,SUP_087,WH_016,2025-08-06,2025-08-18,2025-08-18,223,163.0
PO_08411,PRD_1138,SUP_063,WH_059,2024-03-12,2024-03-23,2024-03-23,493,493.0
PO_08412,PRD_1998,SUP_080,WH_078,2025-03-15,2025-03-16,2025-03-16,392,263.0
PO_08413,PRD_4609,SUP_020,WH_013,2025-12-13,2025-12-15,,424,
PO_08414,PRD_3114,SUP_017,WH_046,2022-01-27,2022-01-30,2022-01-30,265,265.0
PO_08415,PRD_4424,SUP_130,WH_004,2022-10-16,2022-10-20,2022-10-20,350,311.0
PO_08416,PRD_2591,SUP_023,WH_017,2023-10-07,2023-10-21,2023-10-21,362,362.0
PO_08417,PRD_2740,SUP_093,WH_065,2025-09-22,2025-09-25,2025-09-25,403,403.0
PO_08418,PRD_0488,SUP_198,WH_058,2023-12-12,2023-12-16,2023-12-19,211,144.0
PO_08419,PRD_4875,SUP_114,WH_025,2024-04-06,2024-04-17,,194,
PO_08420,PRD_1558,SUP_138,WH_029,2025-02-23,2025-03-03,2025-03-03,485,375.0
PO_08421,PRD_0412,SUP_121,WH_054,2024-05-08,2024-05-11,2024-05-11,62,62.0
PO_08422,PRD_1168,SUP_169,WH_002,2024-10-05,2024-10-09,2024-10-09,161,161.0
PO_08423,PRD_4180,SUP_103,WH_037,2025-10-06,2025-10-17,2025-10-17,257,173.0
PO_08424,PRD_0914,SUP_105,WH_027,2025-03-18,2025-03-29,2025-03-29,487,487.0
PO_08425,PRD_2596,SUP_088,WH_058,2024-09-25,2024-10-01,2024-10-01,415,415.0
PO_08426,PRD_1831,SUP_137,WH_019,2025-04-09,2025-04-11,2025-04-11,136,123.0
PO_08427,PRD_0266,SUP_091,WH_027,2025-09-09,2025-09-10,2025-09-10,268,232.0
PO_08428,PRD_4297,SUP_186,WH_053,2024-09-01,2024-09-10,2024-09-16,247,247.0
PO_08429,PRD_0353,SUP_042,WH_017,2023-11-17,2023-11-18,2023-11-18,276,276.0
PO_08430,PRD_0540,SUP_089,WH_032,2023-01-24,2023-01-31,,260,
PO_08431,PRD_0385,SUP_175,WH_073,2022-10-18,2022-10-22,2022-10-22,284,284.0
PO_08432,PRD_3213,SUP_161,WH_023,2022-11-02,2022-11-07,2022-11-07,407,407.0
PO_08433,PRD_3338,SUP_176,WH_038,2024-11-09,2024-11-20,2024-11-20,44,44.0
PO_08434,PRD_4026,SUP_081,WH_003,2025-12-21,2025-12-29,2025-12-29,292,292.0
PO_08435,PRD_2768,SUP_078,WH_049,2023-12-14,2023-12-15,2023-12-16,391,391.0
PO_08436,PRD_2708,SUP_031,WH_018,2025-05-17,2025-05-21,2025-05-21,32,32.0
PO_08437,PRD_0902,SUP_045,WH_052,2022-02-09,2022-02-23,2022-02-23,365,262.0
PO_08438,PRD_2923,SUP_189,WH_063,2024-09-21,2024-10-04,2024-10-04,75,75.0
PO_08439,PRD_2495,SUP_072,WH_015,2023-12-10,2023-12-14,2023-12-14,435,435.0
PO_08440,PRD_2056,SUP_028,WH_042,2023-10-24,2023-11-05,2023-11-05,60,60.0
PO_08441,PRD_3562,SUP_113,WH_042,2025-10-04,2025-10-10,,26,
PO_08442,PRD_2467,SUP_111,WH_064,2022-04-18,2022-04-20,2022-04-20,213,213.0
PO_08443,PRD_4989,SUP_038,WH_019,2022-04-10,2022-04-19,2022-04-19,395,395.0
PO_08444,PRD_4111,SUP_169,WH_067,2025-07-20,2025-07-24,2025-07-24,202,202.0
PO_08445,PRD_0605,SUP_081,WH_014,2022-08-21,2022-08-29,2022-08-29,118,118.0
PO_08446,PRD_3638,SUP_074,WH_008,2022-02-20,2022-03-06,2022-03-06,177,177.0
PO_08447,PRD_4541,SUP_060,WH_078,2022-11-25,2022-12-05,2022-12-05,173,112.0
PO_08448,PRD_0749,SUP_179,WH_071,2022-03-22,2022-03-26,2022-04-03,300,300.0
PO_08449,PRD_1554,SUP_104,WH_015,2022-03-20,2022-03-28,2022-03-28,135,135.0
PO_08450,PRD_3807,SUP_105,WH_060,2022-12-21,2023-01-01,2023-01-01,415,415.0
PO_08451,PRD_0944,SUP_111,WH_053,2022-03-07,2022-03-09,2022-03-14,218,218.0
PO_08452,PRD_1289,SUP_164,WH_033,2022-01-15,2022-01-24,2022-01-24,87,87.0
PO_08453,PRD_2912,SUP_060,WH_004,2022-01-01,2022-01-11,2022-01-11,475,475.0
PO_08454,PRD_2512,SUP_124,WH_059,2022-02-16,2022-02-27,2022-02-27,114,114.0
PO_08455,PRD_4731,SUP_167,WH_013,2025-09-17,2025-09-20,2025-09-20,338,338.0
PO_08456,PRD_1976,SUP_122,WH_080,2022-09-17,2022-09-21,2022-09-21,45,45.0
PO_08457,PRD_2971,SUP_116,WH_016,2023-08-17,2023-08-26,2023-08-26,411,370.0
PO_08458,PRD_4098,SUP_030,WH_003,2023-05-15,2023-05-27,2023-05-27,74,74.0
PO_08459,PRD_1300,SUP_036,WH_015,2025-12-06,2025-12-13,2025-12-16,443,443.0
PO_08460,PRD_3843,SUP_042,WH_028,2025-07-23,2025-07-24,2025-07-24,213,136.0
PO_08461,PRD_0870,SUP_104,WH_039,2022-03-24,2022-04-01,,158,
PO_08462,PRD_2639,SUP_088,WH_024,2024-09-02,2024-09-08,2024-09-08,156,153.0
PO_08463,PRD_1074,SUP_114,WH_080,2024-01-27,2024-02-07,2024-02-08,113,113.0
PO_08464,PRD_0278,SUP_177,WH_034,2024-08-01,2024-08-02,2024-08-02,30,30.0
PO_08465,PRD_1739,SUP_084,WH_074,2025-07-07,2025-07-08,,258,
PO_08466,PRD_2688,SUP_089,WH_029,2024-06-04,2024-06-11,2024-06-11,247,247.0
PO_08467,PRD_3961,SUP_167,WH_010,2023-06-24,2023-06-27,2023-06-27,491,491.0
PO_08468,PRD_3532,SUP_148,WH_002,2023-03-10,2023-03-13,2023-03-13,255,255.0
PO_08469,PRD_2707,SUP_012,WH_015,2023-04-09,2023-04-22,2023-04-22,282,282.0
PO_08470,PRD_1707,SUP_189,WH_028,2025-01-20,2025-02-02,2025-02-02,281,281.0
PO_08471,PRD_2025,SUP_149,WH_073,2023-02-23,2023-03-02,2023-03-08,22,22.0
PO_08472,PRD_0292,SUP_010,WH_046,2025-03-06,2025-03-19,2025-03-19,77,74.0
PO_08473,PRD_0432,SUP_171,WH_058,2023-08-21,2023-08-27,2023-08-30,500,332.0
PO_08474,PRD_3382,SUP_009,WH_063,2025-07-11,2025-07-18,2025-07-18,445,445.0
PO_08475,PRD_1435,SUP_134,WH_031,2025-12-20,2025-12-21,2025-12-21,242,242.0
PO_08476,PRD_4358,SUP_119,WH_017,2025-01-14,2025-01-20,2025-01-20,183,183.0
PO_08477,PRD_0791,SUP_050,WH_049,2022-05-05,2022-05-08,2022-05-08,381,381.0
PO_08478,PRD_1548,SUP_138,WH_005,2023-09-18,2023-09-26,2023-09-26,216,216.0
PO_08479,PRD_4291,SUP_140,WH_057,2025-09-16,2025-09-27,2025-09-27,331,331.0
PO_08480,PRD_2249,SUP_031,WH_021,2023-02-21,2023-02-25,2023-02-25,291,291.0
PO_08481,PRD_2316,SUP_027,WH_001,2025-03-20,2025-04-01,2025-04-01,309,309.0
PO_08482,PRD_4040,SUP_069,WH_046,2023-04-12,2023-04-26,2023-04-26,256,256.0
PO_08483,PRD_3294,SUP_058,WH_080,2024-07-25,2024-07-26,2024-07-26,308,308.0
PO_08484,PRD_1283,SUP_125,WH_024,2024-03-13,2024-03-17,2024-03-17,471,471.0
PO_08485,PRD_4485,SUP_138,WH_009,2025-02-15,2025-02-23,2025-03-02,350,350.0
PO_08486,PRD_0057,SUP_186,WH_078,2022-08-14,2022-08-23,2022-08-23,254,254.0
PO_08487,PRD_4617,SUP_170,WH_011,2023-08-09,2023-08-17,,63,
PO_08488,PRD_3837,SUP_045,WH_061,2025-05-25,2025-06-08,,211,
PO_08489,PRD_0236,SUP_185,WH_011,2025-02-11,2025-02-25,2025-02-25,376,376.0
PO_08490,PRD_1532,SUP_155,WH_063,2024-09-09,2024-09-10,2024-09-10,485,485.0
PO_08491,PRD_0948,SUP_081,WH_059,2023-01-13,2023-01-21,2023-01-21,362,362.0
PO_08492,PRD_4250,SUP_127,WH_043,2023-08-07,2023-08-17,2023-08-17,437,437.0
PO_08493,PRD_3251,SUP_176,WH_056,2023-12-02,2023-12-13,2023-12-15,169,101.0
PO_08494,PRD_3691,SUP_154,WH_063,2023-05-25,2023-06-06,2023-06-06,158,158.0
PO_08495,PRD_2116,SUP_180,WH_040,2022-11-14,2022-11-20,2022-11-21,91,91.0
PO_08496,PRD_2949,SUP_041,WH_058,2022-08-15,2022-08-16,,282,
PO_08497,PRD_2343,SUP_177,WH_028,2024-09-14,2024-09-15,2024-09-15,290,290.0
PO_08498,PRD_3943,SUP_196,WH_043,2024-04-14,2024-04-27,2024-04-27,113,113.0
PO_08499,PRD_4325,SUP_126,WH_024,2023-10-22,2023-10-25,2023-10-25,66,66.0
PO_08500,PRD_1767,SUP_007,WH_019,2025-04-09,2025-04-14,2025-04-14,372,372.0
PO_08501,PRD_0954,SUP_130,WH_065,2023-07-08,2023-07-12,2023-07-12,98,98.0
PO_08502,PRD_1483,SUP_164,WH_079,2023-01-06,2023-01-15,2023-01-15,391,391.0
PO_08503,PRD_2235,SUP_176,WH_036,2024-08-07,2024-08-18,2024-08-18,107,107.0
PO_08504,PRD_2661,SUP_105,WH_022,2025-01-10,2025-01-21,2025-01-21,351,250.0
PO_08505,PRD_3664,SUP_007,WH_014,2023-10-03,2023-10-08,2023-10-08,437,437.0
PO_08506,PRD_4678,SUP_182,WH_011,2022-01-22,2022-01-26,2022-01-30,440,275.0
PO_08507,PRD_3534,SUP_016,WH_048,2024-04-10,2024-04-21,,371,
PO_08508,PRD_1173,SUP_114,WH_064,2024-01-02,2024-01-13,2024-01-13,434,434.0
PO_08509,PRD_2149,SUP_033,WH_046,2025-06-06,2025-06-20,,152,
PO_08510,PRD_3538,SUP_024,WH_033,2025-12-03,2025-12-12,2025-12-12,220,220.0
PO_08511,PRD_0551,SUP_199,WH_023,2023-04-01,2023-04-02,2023-04-02,345,345.0
PO_08512,PRD_1446,SUP_119,WH_055,2025-02-04,2025-02-10,2025-02-10,191,148.0
PO_08513,PRD_4808,SUP_012,WH_033,2024-02-24,2024-03-08,2024-03-08,53,53.0
PO_08514,PRD_1077,SUP_159,WH_052,2022-05-01,2022-05-13,,419,
PO_08515,PRD_1836,SUP_139,WH_025,2023-05-12,2023-05-13,2023-05-13,228,228.0
PO_08516,PRD_0275,SUP_167,WH_077,2024-07-11,2024-07-14,2024-07-14,134,113.0
PO_08517,PRD_4970,SUP_128,WH_011,2023-09-16,2023-09-19,2023-09-19,486,486.0
PO_08518,PRD_1193,SUP_061,WH_020,2025-04-06,2025-04-18,2025-04-18,107,107.0
PO_08519,PRD_3549,SUP_113,WH_013,2025-03-09,2025-03-15,2025-03-15,333,333.0
PO_08520,PRD_1240,SUP_055,WH_045,2024-09-19,2024-09-28,2024-09-28,148,90.0
PO_08521,PRD_4435,SUP_070,WH_061,2024-01-15,2024-01-16,2024-01-16,24,24.0
PO_08522,PRD_1290,SUP_119,WH_031,2025-05-19,2025-05-25,2025-05-30,319,319.0
PO_08523,PRD_1769,SUP_047,WH_012,2023-08-17,2023-08-21,2023-08-21,300,300.0
PO_08524,PRD_1404,SUP_036,WH_080,2025-11-14,2025-11-21,2025-11-21,304,304.0
PO_08525,PRD_1637,SUP_138,WH_038,2024-07-01,2024-07-09,2024-07-09,469,314.0
PO_08526,PRD_3625,SUP_079,WH_016,2024-01-01,2024-01-06,2024-01-06,221,221.0
PO_08527,PRD_0766,SUP_080,WH_035,2023-06-21,2023-06-22,2023-06-22,50,50.0
PO_08528,PRD_1875,SUP_013,WH_052,2023-07-03,2023-07-07,2023-07-11,193,193.0
PO_08529,PRD_2185,SUP_177,WH_067,2022-08-25,2022-08-26,2022-08-26,188,188.0
PO_08530,PRD_4598,SUP_037,WH_060,2022-10-06,2022-10-18,2022-10-20,472,472.0
PO_08531,PRD_4535,SUP_168,WH_041,2024-11-21,2024-11-24,2024-11-27,317,317.0
PO_08532,PRD_2381,SUP_176,WH_021,2025-05-01,2025-05-12,,86,
PO_08533,PRD_4165,SUP_117,WH_033,2022-10-01,2022-10-13,2022-10-13,338,338.0
PO_08534,PRD_4506,SUP_122,WH_041,2023-12-05,2023-12-09,,366,
PO_08535,PRD_1018,SUP_109,WH_076,2023-07-11,2023-07-16,2023-07-21,232,176.0
PO_08536,PRD_2885,SUP_135,WH_070,2022-02-22,2022-03-02,2022-03-02,477,477.0
PO_08537,PRD_4918,SUP_062,WH_020,2024-04-12,2024-04-20,2024-04-20,152,152.0
PO_08538,PRD_1317,SUP_143,WH_079,2024-08-19,2024-08-28,2024-08-31,34,34.0
PO_08539,PRD_1840,SUP_120,WH_080,2022-12-01,2022-12-14,2022-12-14,381,381.0
PO_08540,PRD_0340,SUP_003,WH_018,2025-05-03,2025-05-07,2025-05-07,191,151.0
PO_08541,PRD_0870,SUP_104,WH_013,2022-05-14,2022-05-22,2022-05-22,122,122.0
PO_08542,PRD_2374,SUP_078,WH_064,2024-12-23,2024-12-24,,422,
PO_08543,PRD_4458,SUP_149,WH_061,2024-05-02,2024-05-09,2024-05-09,341,341.0
PO_08544,PRD_0404,SUP_027,WH_048,2022-05-09,2022-05-21,,178,
PO_08545,PRD_1112,SUP_044,WH_016,2025-08-10,2025-08-21,2025-08-21,439,439.0
PO_08546,PRD_0031,SUP_191,WH_017,2022-01-22,2022-02-05,2022-02-08,408,408.0
PO_08547,PRD_4630,SUP_106,WH_062,2022-05-17,2022-05-18,2022-05-18,489,481.0
PO_08548,PRD_0655,SUP_028,WH_054,2024-03-12,2024-03-24,2024-03-24,102,102.0
PO_08549,PRD_3465,SUP_073,WH_017,2024-11-10,2024-11-22,2024-11-22,47,47.0
PO_08550,PRD_0536,SUP_089,WH_007,2023-03-18,2023-03-25,2023-03-25,152,152.0
PO_08551,PRD_0917,SUP_078,WH_075,2023-06-18,2023-06-19,,340,
PO_08552,PRD_3241,SUP_105,WH_064,2025-10-16,2025-10-27,2025-10-27,131,131.0
PO_08553,PRD_2099,SUP_156,WH_009,2025-01-11,2025-01-13,2025-01-13,394,394.0
PO_08554,PRD_0417,SUP_179,WH_052,2022-08-14,2022-08-18,2022-08-18,293,293.0
PO_08555,PRD_4501,SUP_135,WH_068,2022-09-20,2022-09-28,2022-09-28,30,30.0
PO_08556,PRD_2557,SUP_084,WH_035,2025-02-27,2025-02-28,2025-02-28,421,421.0
PO_08557,PRD_0478,SUP_168,WH_035,2022-02-22,2022-02-25,2022-02-25,30,30.0
PO_08558,PRD_4188,SUP_014,WH_052,2024-02-12,2024-02-25,2024-02-25,75,75.0
PO_08559,PRD_4113,SUP_197,WH_055,2022-10-19,2022-10-28,2022-10-28,307,307.0
PO_08560,PRD_2400,SUP_179,WH_041,2025-07-14,2025-07-18,,398,
PO_08561,PRD_0873,SUP_184,WH_023,2022-01-20,2022-01-23,2022-01-23,308,308.0
PO_08562,PRD_4043,SUP_023,WH_054,2023-09-02,2023-09-16,2023-09-16,209,209.0
PO_08563,PRD_1945,SUP_030,WH_014,2025-03-15,2025-03-27,2025-03-27,483,304.0
PO_08564,PRD_2211,SUP_078,WH_012,2025-11-06,2025-11-07,,302,
PO_08565,PRD_3819,SUP_126,WH_070,2022-07-11,2022-07-14,2022-07-14,160,160.0
PO_08566,PRD_0726,SUP_012,WH_011,2025-08-25,2025-09-07,2025-09-11,188,188.0
PO_08567,PRD_0896,SUP_170,WH_071,2022-05-11,2022-05-19,2022-05-19,319,319.0
PO_08568,PRD_3202,SUP_176,WH_028,2025-04-10,2025-04-21,2025-04-21,430,430.0
PO_08569,PRD_4320,SUP_077,WH_044,2022-07-24,2022-07-27,2022-07-27,35,35.0
PO_08570,PRD_4028,SUP_161,WH_063,2023-04-03,2023-04-08,,369,
PO_08571,PRD_0520,SUP_046,WH_001,2024-11-23,2024-12-02,2024-12-02,388,388.0
PO_08572,PRD_3085,SUP_145,WH_065,2025-01-01,2025-01-08,2025-01-08,296,296.0
PO_08573,PRD_4544,SUP_068,WH_024,2022-07-25,2022-07-26,2022-07-26,30,30.0
PO_08574,PRD_2480,SUP_003,WH_023,2024-04-07,2024-04-11,2024-04-11,69,69.0
PO_08575,PRD_2946,SUP_019,WH_079,2025-04-07,2025-04-19,2025-04-26,428,428.0
PO_08576,PRD_3888,SUP_121,WH_002,2022-08-20,2022-08-23,2022-08-23,387,387.0
PO_08577,PRD_2861,SUP_050,WH_011,2023-12-09,2023-12-12,2023-12-12,103,103.0
PO_08578,PRD_3901,SUP_133,WH_023,2022-09-21,2022-09-30,2022-09-30,480,480.0
PO_08579,PRD_3302,SUP_161,WH_016,2023-06-05,2023-06-10,2023-06-10,317,212.0
PO_08580,PRD_2106,SUP_160,WH_002,2024-07-16,2024-07-21,2024-07-21,58,58.0
PO_08581,PRD_4109,SUP_161,WH_060,2025-06-18,2025-06-23,,123,
PO_08582,PRD_2120,SUP_160,WH_020,2024-10-14,2024-10-19,2024-10-19,39,39.0
PO_08583,PRD_2553,SUP_063,WH_060,2024-06-13,2024-06-24,2024-07-02,307,302.0
PO_08584,PRD_3077,SUP_197,WH_017,2022-06-15,2022-06-24,2022-06-24,59,59.0
PO_08585,PRD_1570,SUP_155,WH_031,2022-08-22,2022-08-23,2022-08-23,284,284.0
PO_08586,PRD_0272,SUP_011,WH_004,2024-02-14,2024-02-25,2024-02-25,251,150.0
PO_08587,PRD_1829,SUP_098,WH_056,2022-10-06,2022-10-16,2022-10-16,225,225.0
PO_08588,PRD_1274,SUP_100,WH_079,2025-10-17,2025-10-24,2025-10-24,100,100.0
PO_08589,PRD_2324,SUP_152,WH_070,2025-05-16,2025-05-25,2025-05-27,310,310.0
PO_08590,PRD_1591,SUP_155,WH_030,2023-01-02,2023-01-03,2023-01-03,224,224.0
PO_08591,PRD_1966,SUP_145,WH_041,2023-04-24,2023-05-01,2023-05-01,153,153.0
PO_08592,PRD_3062,SUP_021,WH_077,2025-07-09,2025-07-19,2025-07-19,33,33.0
PO_08593,PRD_1758,SUP_058,WH_067,2023-01-08,2023-01-09,2023-01-09,326,311.0
PO_08594,PRD_2363,SUP_184,WH_075,2023-01-07,2023-01-10,2023-01-10,246,246.0
PO_08595,PRD_4279,SUP_018,WH_016,2025-02-14,2025-02-20,2025-02-20,39,39.0
PO_08596,PRD_0835,SUP_104,WH_025,2025-09-25,2025-10-03,2025-10-03,196,196.0
PO_08597,PRD_0421,SUP_193,WH_040,2025-07-03,2025-07-05,2025-07-05,152,152.0
PO_08598,PRD_0954,SUP_130,WH_001,2022-04-01,2022-04-05,2022-04-05,449,449.0
PO_08599,PRD_1124,SUP_120,WH_042,2024-09-21,2024-10-04,2024-10-04,110,110.0
PO_08600,PRD_3067,SUP_107,WH_067,2024-02-18,2024-02-24,2024-02-24,279,279.0
PO_08601,PRD_1640,SUP_108,WH_032,2023-05-18,2023-05-26,2023-05-26,327,327.0
PO_08602,PRD_0758,SUP_185,WH_058,2025-03-26,2025-04-09,2025-04-09,90,90.0
PO_08603,PRD_2951,SUP_030,WH_025,2023-05-02,2023-05-14,2023-05-14,444,444.0
PO_08604,PRD_2221,SUP_011,WH_076,2025-12-22,2026-01-02,2026-01-02,271,271.0
PO_08605,PRD_4287,SUP_181,WH_035,2023-08-06,2023-08-14,2023-08-14,118,118.0
PO_08606,PRD_1210,SUP_170,WH_061,2024-02-16,2024-02-24,2024-02-24,247,247.0
PO_08607,PRD_4188,SUP_014,WH_004,2023-05-04,2023-05-17,2023-05-17,115,84.0
PO_08608,PRD_3745,SUP_196,WH_010,2023-02-22,2023-03-07,,302,
PO_08609,PRD_2433,SUP_097,WH_001,2025-09-07,2025-09-19,,315,
PO_08610,PRD_0200,SUP_176,WH_037,2023-12-08,2023-12-19,,349,
PO_08611,PRD_3088,SUP_123,WH_033,2025-10-07,2025-10-19,2025-10-22,390,390.0
PO_08612,PRD_4439,SUP_149,WH_013,2025-03-10,2025-03-17,2025-03-17,168,168.0
PO_08613,PRD_0901,SUP_105,WH_066,2023-04-15,2023-04-26,2023-04-26,424,424.0
PO_08614,PRD_3687,SUP_083,WH_044,2024-03-11,2024-03-22,2024-03-24,155,155.0
PO_08615,PRD_1322,SUP_114,WH_015,2023-04-14,2023-04-25,2023-04-25,351,351.0
PO_08616,PRD_0284,SUP_086,WH_012,2022-10-12,2022-10-14,2022-10-21,144,144.0
PO_08617,PRD_4303,SUP_058,WH_022,2024-08-27,2024-08-28,,67,
PO_08618,PRD_4951,SUP_045,WH_042,2023-04-27,2023-05-11,2023-05-11,467,467.0
PO_08619,PRD_2611,SUP_069,WH_018,2023-05-11,2023-05-25,2023-05-29,217,217.0
PO_08620,PRD_0670,SUP_174,WH_018,2023-02-13,2023-02-21,2023-02-27,126,126.0
PO_08621,PRD_2988,SUP_098,WH_074,2023-07-25,2023-08-04,,247,
PO_08622,PRD_2550,SUP_152,WH_055,2023-04-27,2023-05-06,2023-05-06,293,293.0
PO_08623,PRD_0879,SUP_160,WH_061,2022-05-13,2022-05-18,2022-05-18,170,170.0
PO_08624,PRD_2068,SUP_028,WH_019,2024-08-11,2024-08-23,2024-08-23,362,362.0
PO_08625,PRD_4859,SUP_098,WH_006,2025-02-24,2025-03-06,2025-03-11,388,388.0
PO_08626,PRD_3076,SUP_107,WH_080,2023-06-22,2023-06-28,2023-06-28,205,205.0
PO_08627,PRD_2701,SUP_078,WH_030,2024-10-23,2024-10-24,2024-10-24,471,471.0
PO_08628,PRD_1012,SUP_055,WH_077,2025-02-14,2025-02-23,2025-02-23,315,315.0
PO_08629,PRD_4942,SUP_136,WH_079,2024-10-22,2024-10-29,2024-10-29,321,321.0
PO_08630,PRD_3331,SUP_121,WH_044,2025-02-08,2025-02-11,2025-02-11,381,381.0
PO_08631,PRD_1775,SUP_013,WH_053,2025-11-14,2025-11-18,2025-11-18,207,207.0
PO_08632,PRD_3122,SUP_114,WH_074,2025-10-15,2025-10-26,2025-11-02,251,251.0
PO_08633,PRD_2791,SUP_135,WH_024,2025-03-08,2025-03-16,2025-03-17,402,386.0
PO_08634,PRD_4774,SUP_044,WH_022,2023-05-16,2023-05-27,2023-05-27,299,259.0
PO_08635,PRD_2614,SUP_153,WH_069,2024-03-24,2024-03-28,2024-03-28,298,298.0
PO_08636,PRD_0093,SUP_164,WH_038,2024-06-15,2024-06-24,2024-06-24,209,209.0
PO_08637,PRD_0478,SUP_168,WH_065,2022-01-20,2022-01-23,2022-01-23,466,466.0
PO_08638,PRD_0222,SUP_042,WH_057,2025-03-10,2025-03-11,2025-03-11,221,221.0
PO_08639,PRD_3444,SUP_116,WH_007,2024-08-07,2024-08-16,2024-08-17,56,56.0
PO_08640,PRD_3770,SUP_042,WH_033,2025-03-11,2025-03-12,,459,
PO_08641,PRD_0487,SUP_066,WH_061,2022-10-02,2022-10-11,,461,
PO_08642,PRD_3581,SUP_146,WH_067,2025-05-09,2025-05-23,2025-05-23,170,170.0
PO_08643,PRD_2116,SUP_180,WH_077,2024-12-19,2024-12-25,,360,
PO_08644,PRD_1246,SUP_017,WH_041,2022-04-11,2022-04-14,2022-04-14,248,248.0
PO_08645,PRD_1891,SUP_101,WH_032,2025-11-06,2025-11-10,2025-11-10,167,167.0
PO_08646,PRD_3122,SUP_114,WH_073,2023-11-24,2023-12-05,2023-12-05,169,169.0
PO_08647,PRD_0495,SUP_001,WH_001,2024-02-04,2024-02-11,2024-02-19,499,499.0
PO_08648,PRD_3632,SUP_043,WH_055,2025-12-09,2025-12-18,2025-12-18,41,41.0
PO_08649,PRD_0565,SUP_153,WH_064,2025-10-07,2025-10-11,2025-10-11,369,369.0
PO_08650,PRD_2770,SUP_012,WH_073,2023-05-09,2023-05-22,2023-05-22,365,365.0
PO_08651,PRD_3880,SUP_086,WH_034,2023-11-22,2023-11-24,,350,
PO_08652,PRD_1046,SUP_163,WH_028,2022-09-02,2022-09-09,2022-09-09,110,110.0
PO_08653,PRD_1001,SUP_019,WH_020,2024-10-15,2024-10-27,2024-10-27,261,261.0
PO_08654,PRD_1952,SUP_008,WH_061,2022-12-08,2022-12-15,2022-12-23,217,217.0
PO_08655,PRD_1532,SUP_155,WH_051,2022-09-13,2022-09-14,2022-09-14,194,194.0
PO_08656,PRD_4200,SUP_069,WH_048,2024-07-04,2024-07-18,2024-07-18,59,59.0
PO_08657,PRD_4892,SUP_026,WH_009,2024-11-13,2024-11-19,2024-11-19,488,488.0
PO_08658,PRD_1547,SUP_172,WH_080,2022-01-25,2022-02-02,2022-02-02,163,163.0
PO_08659,PRD_4992,SUP_008,WH_030,2024-06-18,2024-06-25,2024-06-25,235,235.0
PO_08660,PRD_3251,SUP_176,WH_012,2022-04-07,2022-04-18,2022-04-18,367,367.0
PO_08661,PRD_4112,SUP_157,WH_036,2025-07-07,2025-07-08,2025-07-08,96,96.0
PO_08662,PRD_3757,SUP_069,WH_020,2024-07-21,2024-08-04,2024-08-04,143,123.0
PO_08663,PRD_0963,SUP_080,WH_023,2022-04-12,2022-04-13,2022-04-13,347,347.0
PO_08664,PRD_4246,SUP_127,WH_016,2025-11-04,2025-11-14,2025-11-14,72,72.0
PO_08665,PRD_1472,SUP_153,WH_040,2022-10-12,2022-10-16,,42,
PO_08666,PRD_3547,SUP_079,WH_007,2023-07-23,2023-07-28,2023-07-28,249,249.0
PO_08667,PRD_4960,SUP_181,WH_066,2022-02-24,2022-03-04,,169,
PO_08668,PRD_0883,SUP_171,WH_068,2025-01-19,2025-01-25,2025-01-29,433,433.0
PO_08669,PRD_2227,SUP_095,WH_023,2023-10-24,2023-10-26,2023-11-01,442,442.0
PO_08670,PRD_4961,SUP_021,WH_032,2025-10-22,2025-11-01,2025-11-01,435,435.0
PO_08671,PRD_3235,SUP_030,WH_007,2022-12-10,2022-12-22,2022-12-26,76,76.0
PO_08672,PRD_4692,SUP_018,WH_034,2022-12-21,2022-12-27,2022-12-27,96,96.0
PO_08673,PRD_2775,SUP_076,WH_001,2024-11-01,2024-11-03,,101,
PO_08674,PRD_3288,SUP_161,WH_013,2024-12-18,2024-12-23,,412,
PO_08675,PRD_3991,SUP_049,WH_059,2022-04-24,2022-05-03,2022-05-10,238,238.0
PO_08676,PRD_4186,SUP_160,WH_018,2025-08-04,2025-08-09,2025-08-15,463,463.0
PO_08677,PRD_0927,SUP_185,WH_031,2025-04-20,2025-05-04,2025-05-04,338,338.0
PO_08678,PRD_2782,SUP_135,WH_058,2022-01-03,2022-01-11,2022-01-11,166,166.0
PO_08679,PRD_4563,SUP_020,WH_015,2022-08-21,2022-08-23,2022-08-31,359,359.0
PO_08680,PRD_1126,SUP_157,WH_021,2024-01-06,2024-01-07,2024-01-07,28,17.0
PO_08681,PRD_1822,SUP_120,WH_021,2024-09-23,2024-10-06,2024-10-06,234,234.0
PO_08682,PRD_2640,SUP_152,WH_040,2025-10-16,2025-10-25,2025-11-01,424,329.0
PO_08683,PRD_2130,SUP_006,WH_053,2023-06-08,2023-06-22,2023-06-22,450,439.0
PO_08684,PRD_0035,SUP_176,WH_080,2025-05-26,2025-06-06,2025-06-06,455,455.0
PO_08685,PRD_2000,SUP_030,WH_058,2024-08-26,2024-09-07,,27,
PO_08686,PRD_4496,SUP_026,WH_013,2024-03-02,2024-03-08,2024-03-08,404,242.0
PO_08687,PRD_4783,SUP_008,WH_048,2025-10-18,2025-10-25,2025-10-25,99,99.0
PO_08688,PRD_1837,SUP_119,WH_054,2024-03-07,2024-03-13,2024-03-13,345,345.0
PO_08689,PRD_3377,SUP_009,WH_030,2024-05-09,2024-05-16,2024-05-16,55,55.0
PO_08690,PRD_0652,SUP_081,WH_026,2025-10-03,2025-10-11,2025-10-12,341,341.0
PO_08691,PRD_1525,SUP_100,WH_030,2024-08-13,2024-08-20,2024-08-20,98,98.0
PO_08692,PRD_3705,SUP_043,WH_073,2024-01-02,2024-01-11,2024-01-13,46,45.0
PO_08693,PRD_1807,SUP_110,WH_016,2024-07-26,2024-07-30,2024-07-30,272,184.0
PO_08694,PRD_1123,SUP_120,WH_077,2023-09-16,2023-09-29,2023-09-29,268,268.0
PO_08695,PRD_4510,SUP_170,WH_009,2024-04-17,2024-04-25,2024-04-25,289,289.0
PO_08696,PRD_2522,SUP_163,WH_072,2025-09-08,2025-09-15,2025-09-15,370,370.0
PO_08697,PRD_1060,SUP_189,WH_032,2023-07-26,2023-08-08,2023-08-09,64,64.0
PO_08698,PRD_1275,SUP_161,WH_013,2022-08-09,2022-08-14,2022-08-14,205,141.0
PO_08699,PRD_1779,SUP_035,WH_022,2025-03-24,2025-04-03,2025-04-03,46,46.0
PO_08700,PRD_4062,SUP_160,WH_040,2022-07-11,2022-07-16,2022-07-16,225,225.0
PO_08701,PRD_4317,SUP_186,WH_062,2025-12-22,2025-12-31,2025-12-31,472,380.0
PO_08702,PRD_4046,SUP_103,WH_011,2022-07-07,2022-07-18,2022-07-18,280,280.0
PO_08703,PRD_0585,SUP_099,WH_030,2024-09-10,2024-09-16,2024-09-16,350,350.0
PO_08704,PRD_2880,SUP_078,WH_075,2025-06-12,2025-06-13,2025-06-13,192,192.0
PO_08705,PRD_3745,SUP_196,WH_070,2023-07-21,2023-08-03,2023-08-03,483,483.0
PO_08706,PRD_4578,SUP_137,WH_064,2025-06-26,2025-06-28,,288,
PO_08707,PRD_4147,SUP_125,WH_038,2022-08-23,2022-08-27,2022-08-29,68,68.0
PO_08708,PRD_3425,SUP_051,WH_061,2022-08-17,2022-08-24,2022-08-24,48,48.0
PO_08709,PRD_1767,SUP_007,WH_056,2022-03-19,2022-03-24,2022-03-24,469,469.0
PO_08710,PRD_4874,SUP_114,WH_076,2024-08-21,2024-09-01,2024-09-01,500,500.0
PO_08711,PRD_1517,SUP_057,WH_004,2023-07-09,2023-07-14,,236,
PO_08712,PRD_1075,SUP_058,WH_007,2022-10-16,2022-10-17,2022-10-23,62,62.0
PO_08713,PRD_0994,SUP_114,WH_008,2024-12-21,2025-01-01,,207,
PO_08714,PRD_2477,SUP_146,WH_070,2023-10-27,2023-11-10,2023-11-10,331,283.0
PO_08715,PRD_2125,SUP_120,WH_054,2025-01-20,2025-02-02,,237,
PO_08716,PRD_4333,SUP_099,WH_012,2022-04-22,2022-04-28,2022-04-28,224,224.0
PO_08717,PRD_4813,SUP_038,WH_030,2024-11-11,2024-11-20,2024-11-20,395,395.0
PO_08718,PRD_3527,SUP_079,WH_026,2025-05-24,2025-05-29,2025-05-29,447,447.0
PO_08719,PRD_2368,SUP_110,WH_074,2024-12-03,2024-12-07,2024-12-09,404,404.0
PO_08720,PRD_1101,SUP_194,WH_036,2022-01-26,2022-02-01,2022-02-01,382,382.0
PO_08721,PRD_0916,SUP_018,WH_006,2025-03-24,2025-03-30,2025-03-30,118,109.0
PO_08722,PRD_3260,SUP_117,WH_024,2024-10-17,2024-10-29,2024-10-29,118,118.0
PO_08723,PRD_2724,SUP_026,WH_014,2023-01-26,2023-02-01,2023-02-01,412,412.0
PO_08724,PRD_0056,SUP_155,WH_010,2024-10-10,2024-10-11,2024-10-11,210,210.0
PO_08725,PRD_2190,SUP_176,WH_004,2022-11-26,2022-12-07,2022-12-07,429,429.0
PO_08726,PRD_3836,SUP_148,WH_052,2023-07-09,2023-07-12,2023-07-19,160,160.0
PO_08727,PRD_4554,SUP_191,WH_003,2024-07-02,2024-07-16,2024-07-16,42,26.0
PO_08728,PRD_2004,SUP_200,WH_065,2022-09-10,2022-09-14,2022-09-14,189,181.0
PO_08729,PRD_4199,SUP_008,WH_019,2024-10-22,2024-10-29,,491,
PO_08730,PRD_0573,SUP_131,WH_078,2023-03-12,2023-03-19,2023-03-19,323,323.0
PO_08731,PRD_1390,SUP_174,WH_001,2023-05-27,2023-06-04,2023-06-04,349,349.0
PO_08732,PRD_2079,SUP_186,WH_037,2024-01-16,2024-01-25,2024-01-30,146,146.0
PO_08733,PRD_0172,SUP_200,WH_009,2025-12-16,2025-12-20,2025-12-20,238,238.0
PO_08734,PRD_3438,SUP_151,WH_038,2023-10-25,2023-11-04,2023-11-04,355,305.0
PO_08735,PRD_0150,SUP_186,WH_078,2024-06-11,2024-06-20,2024-06-20,332,332.0
PO_08736,PRD_2705,SUP_012,WH_050,2023-11-19,2023-12-02,2023-12-02,322,283.0
PO_08737,PRD_1874,SUP_110,WH_033,2022-12-19,2022-12-23,2022-12-23,372,372.0
PO_08738,PRD_1507,SUP_070,WH_077,2023-10-24,2023-10-25,,286,
PO_08739,PRD_1821,SUP_117,WH_013,2025-07-21,2025-08-02,2025-08-02,343,343.0
PO_08740,PRD_1100,SUP_107,WH_067,2025-12-19,2025-12-25,2025-12-25,147,147.0
PO_08741,PRD_1703,SUP_138,WH_047,2024-09-17,2024-09-25,2024-09-25,311,311.0
PO_08742,PRD_1985,SUP_066,WH_036,2022-09-26,2022-10-05,2022-10-05,332,332.0
PO_08743,PRD_1370,SUP_161,WH_055,2025-03-21,2025-03-26,2025-03-30,62,62.0
PO_08744,PRD_3643,SUP_111,WH_014,2025-10-16,2025-10-18,2025-10-18,167,167.0
PO_08745,PRD_1913,SUP_108,WH_074,2025-06-12,2025-06-20,2025-06-28,451,451.0
PO_08746,PRD_1364,SUP_040,WH_057,2024-02-08,2024-02-22,2024-02-22,28,28.0
PO_08747,PRD_3623,SUP_151,WH_026,2022-07-20,2022-07-30,2022-08-03,330,330.0
PO_08748,PRD_1108,SUP_061,WH_033,2025-12-15,2025-12-27,2025-12-27,261,261.0
PO_08749,PRD_2350,SUP_110,WH_068,2024-10-18,2024-10-22,2024-10-22,443,410.0
PO_08750,PRD_1353,SUP_134,WH_046,2023-07-02,2023-07-03,2023-07-03,229,229.0
PO_08751,PRD_0076,SUP_014,WH_056,2023-03-03,2023-03-16,2023-03-16,377,377.0
PO_08752,PRD_3128,SUP_075,WH_059,2023-04-25,2023-05-02,2023-05-02,477,477.0
PO_08753,PRD_4031,SUP_069,WH_019,2022-05-24,2022-06-07,2022-06-07,445,445.0
PO_08754,PRD_2568,SUP_134,WH_029,2024-03-14,2024-03-15,2024-03-18,464,398.0
PO_08755,PRD_1080,SUP_109,WH_027,2025-03-13,2025-03-18,2025-03-18,257,257.0
PO_08756,PRD_2721,SUP_194,WH_056,2022-04-22,2022-04-28,2022-04-28,33,29.0
PO_08757,PRD_4806,SUP_145,WH_026,2025-07-17,2025-07-24,2025-08-01,499,299.0
PO_08758,PRD_3016,SUP_159,WH_079,2025-02-26,2025-03-10,2025-03-15,222,222.0
PO_08759,PRD_1495,SUP_192,WH_033,2023-11-04,2023-11-06,2023-11-06,244,244.0
PO_08760,PRD_4787,SUP_045,WH_022,2023-11-07,2023-11-21,,185,
PO_08761,PRD_1132,SUP_022,WH_065,2023-09-20,2023-10-03,2023-10-03,459,459.0
PO_08762,PRD_3164,SUP_174,WH_035,2023-08-26,2023-09-03,2023-09-03,367,367.0
PO_08763,PRD_3479,SUP_117,WH_026,2023-08-03,2023-08-15,2023-08-21,55,55.0
PO_08764,PRD_0365,SUP_039,WH_049,2022-01-15,2022-01-22,,176,
PO_08765,PRD_3494,SUP_019,WH_074,2024-12-24,2025-01-05,2025-01-05,403,246.0
PO_08766,PRD_2351,SUP_174,WH_079,2025-11-20,2025-11-28,2025-11-28,56,56.0
PO_08767,PRD_3331,SUP_121,WH_039,2024-08-10,2024-08-13,2024-08-13,58,58.0
PO_08768,PRD_0546,SUP_149,WH_043,2024-07-14,2024-07-21,2024-07-21,471,471.0
PO_08769,PRD_4732,SUP_018,WH_020,2022-10-13,2022-10-19,2022-10-19,282,282.0
PO_08770,PRD_0104,SUP_164,WH_018,2024-05-23,2024-06-01,2024-06-01,357,357.0
PO_08771,PRD_2276,SUP_148,WH_074,2024-06-08,2024-06-11,2024-06-11,378,350.0
PO_08772,PRD_4394,SUP_089,WH_035,2022-11-10,2022-11-17,2022-11-17,173,173.0
PO_08773,PRD_0339,SUP_020,WH_061,2023-02-26,2023-02-28,2023-02-28,377,377.0
PO_08774,PRD_1405,SUP_107,WH_080,2023-09-08,2023-09-14,,287,
PO_08775,PRD_4220,SUP_010,WH_019,2022-05-21,2022-06-03,2022-06-03,366,260.0
PO_08776,PRD_3997,SUP_178,WH_075,2025-10-18,2025-10-26,2025-10-26,109,109.0
PO_08777,PRD_0429,SUP_038,WH_002,2024-12-14,2024-12-23,2024-12-24,128,128.0
PO_08778,PRD_2695,SUP_014,WH_056,2024-11-08,2024-11-21,2024-11-21,209,209.0
PO_08779,PRD_3963,SUP_172,WH_061,2024-11-09,2024-11-17,2024-11-17,152,152.0
PO_08780,PRD_3541,SUP_065,WH_033,2025-04-21,2025-04-29,,264,
PO_08781,PRD_4991,SUP_159,WH_049,2025-06-23,2025-07-05,,123,
PO_08782,PRD_2490,SUP_055,WH_039,2024-04-17,2024-04-26,2024-05-01,388,388.0
PO_08783,PRD_0943,SUP_177,WH_052,2022-09-12,2022-09-13,2022-09-13,467,467.0
PO_08784,PRD_4288,SUP_149,WH_078,2022-05-02,2022-05-09,2022-05-09,268,268.0
PO_08785,PRD_3543,SUP_065,WH_073,2024-11-06,2024-11-14,2024-11-14,164,164.0
PO_08786,PRD_4758,SUP_026,WH_030,2022-03-13,2022-03-19,2022-03-19,168,168.0
PO_08787,PRD_2620,SUP_084,WH_080,2022-05-19,2022-05-20,2022-05-20,303,303.0
PO_08788,PRD_2957,SUP_134,WH_061,2024-11-04,2024-11-05,2024-11-08,185,185.0
PO_08789,PRD_1636,SUP_008,WH_011,2025-11-19,2025-11-26,2025-11-26,183,183.0
PO_08790,PRD_3299,SUP_051,WH_005,2024-06-07,2024-06-14,2024-06-14,76,76.0
PO_08791,PRD_4863,SUP_136,WH_037,2022-05-25,2022-06-01,2022-06-01,305,305.0
PO_08792,PRD_2614,SUP_153,WH_068,2024-02-03,2024-02-07,,440,
PO_08793,PRD_0980,SUP_084,WH_004,2024-07-03,2024-07-04,2024-07-05,205,205.0
PO_08794,PRD_2513,SUP_055,WH_040,2025-05-18,2025-05-27,2025-05-27,461,285.0
PO_08795,PRD_2140,SUP_200,WH_048,2025-08-08,2025-08-12,2025-08-12,132,132.0
PO_08796,PRD_4671,SUP_186,WH_070,2022-01-04,2022-01-13,2022-01-13,51,51.0
PO_08797,PRD_0468,SUP_094,WH_019,2023-03-01,2023-03-15,2023-03-15,471,471.0
PO_08798,PRD_1825,SUP_047,WH_022,2024-06-12,2024-06-16,2024-06-16,56,56.0
PO_08799,PRD_0423,SUP_010,WH_057,2023-01-04,2023-01-17,2023-01-17,162,162.0
PO_08800,PRD_3149,SUP_078,WH_009,2023-12-10,2023-12-11,2023-12-11,281,281.0
PO_08801,PRD_1922,SUP_072,WH_020,2023-09-16,2023-09-20,2023-09-20,475,475.0
PO_08802,PRD_3057,SUP_146,WH_008,2024-10-04,2024-10-18,2024-10-18,406,271.0
PO_08803,PRD_3018,SUP_064,WH_047,2024-03-10,2024-03-16,2024-03-16,65,59.0
PO_08804,PRD_1192,SUP_189,WH_024,2023-12-12,2023-12-25,2023-12-25,239,210.0
PO_08805,PRD_0303,SUP_175,WH_012,2023-10-12,2023-10-16,,228,
PO_08806,PRD_3715,SUP_150,WH_046,2025-07-07,2025-07-19,2025-07-19,349,349.0
PO_08807,PRD_4349,SUP_119,WH_067,2022-03-26,2022-04-01,2022-04-01,243,243.0
PO_08808,PRD_0495,SUP_001,WH_079,2023-04-05,2023-04-12,2023-04-12,140,140.0
PO_08809,PRD_1115,SUP_189,WH_035,2023-09-06,2023-09-19,2023-09-25,20,20.0
PO_08810,PRD_1544,SUP_008,WH_080,2022-02-23,2022-03-02,2022-03-02,496,496.0
PO_08811,PRD_3426,SUP_193,WH_011,2023-02-08,2023-02-10,2023-02-10,459,459.0
PO_08812,PRD_2719,SUP_166,WH_052,2022-06-27,2022-06-30,2022-06-30,330,330.0
PO_08813,PRD_3592,SUP_024,WH_066,2024-09-13,2024-09-22,2024-09-22,138,138.0
PO_08814,PRD_1097,SUP_163,WH_027,2023-09-21,2023-09-28,2023-09-28,356,356.0
PO_08815,PRD_2384,SUP_027,WH_072,2025-07-02,2025-07-14,2025-07-14,117,117.0
PO_08816,PRD_0652,SUP_081,WH_035,2022-05-18,2022-05-26,2022-05-26,57,57.0
PO_08817,PRD_4826,SUP_195,WH_007,2023-11-22,2023-11-25,2023-11-25,81,73.0
PO_08818,PRD_3625,SUP_079,WH_006,2023-02-06,2023-02-11,2023-02-17,252,252.0
PO_08819,PRD_1281,SUP_036,WH_063,2023-04-10,2023-04-17,2023-04-17,327,327.0
PO_08820,PRD_1587,SUP_087,WH_015,2023-02-13,2023-02-25,2023-02-25,343,343.0
PO_08821,PRD_3915,SUP_086,WH_035,2024-10-13,2024-10-15,2024-10-15,122,108.0
PO_08822,PRD_4348,SUP_186,WH_015,2023-05-07,2023-05-16,2023-05-16,94,94.0
PO_08823,PRD_3660,SUP_120,WH_055,2024-03-27,2024-04-09,2024-04-09,448,448.0
PO_08824,PRD_3041,SUP_030,WH_011,2023-12-03,2023-12-15,2023-12-15,184,123.0
PO_08825,PRD_0793,SUP_199,WH_066,2022-04-05,2022-04-06,2022-04-06,402,402.0
PO_08826,PRD_2791,SUP_135,WH_078,2023-01-14,2023-01-22,2023-01-22,434,307.0
PO_08827,PRD_2481,SUP_022,WH_015,2025-06-23,2025-07-06,2025-07-06,24,24.0
PO_08828,PRD_2016,SUP_043,WH_066,2023-02-15,2023-02-24,2023-02-24,454,454.0
PO_08829,PRD_4999,SUP_045,WH_004,2025-06-21,2025-07-05,2025-07-05,392,392.0
PO_08830,PRD_0065,SUP_068,WH_029,2022-09-27,2022-09-28,2022-09-28,399,399.0
PO_08831,PRD_2939,SUP_134,WH_029,2024-09-17,2024-09-18,2024-09-18,231,231.0
PO_08832,PRD_4946,SUP_045,WH_047,2023-11-08,2023-11-22,2023-11-27,476,476.0
PO_08833,PRD_0091,SUP_054,WH_042,2023-08-08,2023-08-19,2023-08-19,332,257.0
PO_08834,PRD_3422,SUP_176,WH_038,2022-10-10,2022-10-21,,395,
PO_08835,PRD_1147,SUP_063,WH_001,2022-11-05,2022-11-16,2022-11-16,177,177.0
PO_08836,PRD_2969,SUP_062,WH_073,2024-04-07,2024-04-15,2024-04-15,329,329.0
PO_08837,PRD_3397,SUP_140,WH_060,2025-04-16,2025-04-27,,21,
PO_08838,PRD_0388,SUP_186,WH_058,2023-09-20,2023-09-29,2023-09-29,118,118.0
PO_08839,PRD_0709,SUP_068,WH_006,2024-12-10,2024-12-11,2024-12-11,224,224.0
PO_08840,PRD_0817,SUP_032,WH_011,2023-02-16,2023-03-02,2023-03-02,91,91.0
PO_08841,PRD_0036,SUP_068,WH_029,2022-04-10,2022-04-11,,74,
PO_08842,PRD_1113,SUP_114,WH_021,2025-01-18,2025-01-29,2025-02-03,391,391.0
PO_08843,PRD_2047,SUP_145,WH_046,2023-12-24,2023-12-31,2023-12-31,277,277.0
PO_08844,PRD_4047,SUP_197,WH_034,2023-10-21,2023-10-30,2023-10-30,309,309.0
PO_08845,PRD_2745,SUP_149,WH_052,2025-03-26,2025-04-02,2025-04-05,444,281.0
PO_08846,PRD_3896,SUP_121,WH_040,2022-06-25,2022-06-28,2022-06-28,363,363.0
PO_08847,PRD_0662,SUP_199,WH_051,2025-03-24,2025-03-25,2025-03-25,30,30.0
PO_08848,PRD_2056,SUP_028,WH_041,2025-07-12,2025-07-24,,122,
PO_08849,PRD_4783,SUP_008,WH_049,2022-05-20,2022-05-27,2022-05-27,181,157.0
PO_08850,PRD_1859,SUP_139,WH_080,2024-02-09,2024-02-10,2024-02-10,485,332.0
PO_08851,PRD_4403,SUP_097,WH_034,2024-03-18,2024-03-30,2024-04-03,139,139.0
PO_08852,PRD_0405,SUP_057,WH_077,2023-09-03,2023-09-08,2023-09-08,98,98.0
PO_08853,PRD_0445,SUP_057,WH_059,2022-03-25,2022-03-30,2022-03-30,164,164.0
PO_08854,PRD_0650,SUP_149,WH_001,2024-03-07,2024-03-14,2024-03-14,114,77.0
PO_08855,PRD_0253,SUP_098,WH_059,2024-03-23,2024-04-02,2024-04-06,266,266.0
PO_08856,PRD_4349,SUP_119,WH_010,2022-10-13,2022-10-19,2022-10-19,27,27.0
PO_08857,PRD_3035,SUP_073,WH_026,2025-06-27,2025-07-09,2025-07-09,194,194.0
PO_08858,PRD_4365,SUP_107,WH_047,2022-12-26,2023-01-01,2023-01-01,191,116.0
PO_08859,PRD_2992,SUP_116,WH_026,2025-12-06,2025-12-15,2025-12-15,157,99.0
PO_08860,PRD_1398,SUP_125,WH_072,2022-11-07,2022-11-11,2022-11-11,417,417.0
PO_08861,PRD_2230,SUP_097,WH_020,2023-08-14,2023-08-26,2023-08-26,473,473.0
PO_08862,PRD_2716,SUP_200,WH_002,2022-02-06,2022-02-10,2022-02-10,293,293.0
PO_08863,PRD_1396,SUP_152,WH_069,2023-04-25,2023-05-04,2023-05-04,257,220.0
PO_08864,PRD_3415,SUP_073,WH_034,2023-05-14,2023-05-26,,390,
PO_08865,PRD_4319,SUP_117,WH_053,2025-10-05,2025-10-17,,93,
PO_08866,PRD_1001,SUP_019,WH_041,2022-06-22,2022-07-04,2022-07-04,103,103.0
PO_08867,PRD_4826,SUP_195,WH_075,2025-10-13,2025-10-16,2025-10-20,142,142.0
PO_08868,PRD_1516,SUP_091,WH_035,2023-01-22,2023-01-23,2023-01-23,241,241.0
PO_08869,PRD_3279,SUP_019,WH_035,2025-06-08,2025-06-20,,92,
PO_08870,PRD_4957,SUP_021,WH_022,2022-01-05,2022-01-15,2022-01-15,207,207.0
PO_08871,PRD_3551,SUP_104,WH_026,2024-01-06,2024-01-14,2024-01-14,164,164.0
PO_08872,PRD_4609,SUP_020,WH_074,2023-07-05,2023-07-07,2023-07-07,85,68.0
PO_08873,PRD_1514,SUP_193,WH_054,2023-12-14,2023-12-16,2023-12-16,274,274.0
PO_08874,PRD_1579,SUP_077,WH_007,2023-01-11,2023-01-14,2023-01-21,317,317.0
PO_08875,PRD_3300,SUP_105,WH_036,2022-07-12,2022-07-23,2022-07-23,475,475.0
PO_08876,PRD_2359,SUP_152,WH_080,2024-10-02,2024-10-11,2024-10-11,457,447.0
PO_08877,PRD_4607,SUP_068,WH_023,2022-01-16,2022-01-17,2022-01-17,78,53.0
PO_08878,PRD_4215,SUP_062,WH_025,2023-04-01,2023-04-09,2023-04-10,138,138.0
PO_08879,PRD_1297,SUP_108,WH_049,2024-10-11,2024-10-19,2024-10-19,122,122.0
PO_08880,PRD_4867,SUP_111,WH_009,2023-07-21,2023-07-23,2023-07-23,272,272.0
PO_08881,PRD_3596,SUP_177,WH_021,2025-04-01,2025-04-02,2025-04-02,258,258.0
PO_08882,PRD_0922,SUP_141,WH_031,2024-02-23,2024-03-06,,267,
PO_08883,PRD_3554,SUP_069,WH_079,2024-08-09,2024-08-23,2024-08-23,426,426.0
PO_08884,PRD_3507,SUP_019,WH_003,2023-01-24,2023-02-05,2023-02-07,58,39.0
PO_08885,PRD_3296,SUP_074,WH_030,2024-05-06,2024-05-20,2024-05-26,313,313.0
PO_08886,PRD_0394,SUP_193,WH_015,2025-08-09,2025-08-11,2025-08-11,354,354.0
PO_08887,PRD_0489,SUP_200,WH_038,2025-01-04,2025-01-08,,496,
PO_08888,PRD_0082,SUP_001,WH_027,2023-01-06,2023-01-13,,304,
PO_08889,PRD_2557,SUP_084,WH_013,2024-05-27,2024-05-28,2024-05-28,222,222.0
PO_08890,PRD_3999,SUP_160,WH_015,2023-09-16,2023-09-21,2023-09-23,134,134.0
PO_08891,PRD_3935,SUP_090,WH_080,2025-07-17,2025-07-22,2025-07-30,476,476.0
PO_08892,PRD_0181,SUP_155,WH_034,2023-10-20,2023-10-21,2023-10-21,169,128.0
PO_08893,PRD_1241,SUP_021,WH_006,2024-08-16,2024-08-26,2024-08-26,492,492.0
PO_08894,PRD_3472,SUP_009,WH_052,2025-10-01,2025-10-08,2025-10-08,178,178.0
PO_08895,PRD_4352,SUP_181,WH_054,2023-08-25,2023-09-02,2023-09-06,82,82.0
PO_08896,PRD_2197,SUP_145,WH_032,2022-02-05,2022-02-12,2022-02-15,336,336.0
PO_08897,PRD_1218,SUP_170,WH_017,2022-05-05,2022-05-13,2022-05-13,74,74.0
PO_08898,PRD_2658,SUP_118,WH_032,2025-09-05,2025-09-16,2025-09-16,29,29.0
PO_08899,PRD_1624,SUP_008,WH_016,2022-07-06,2022-07-13,,285,
PO_08900,PRD_4133,SUP_156,WH_061,2023-04-10,2023-04-12,2023-04-12,82,57.0
PO_08901,PRD_2841,SUP_050,WH_006,2022-03-11,2022-03-14,2022-03-14,478,478.0
PO_08902,PRD_1201,SUP_073,WH_009,2025-01-09,2025-01-21,2025-01-21,185,185.0
PO_08903,PRD_3071,SUP_193,WH_080,2024-03-18,2024-03-20,2024-03-20,315,242.0
PO_08904,PRD_1482,SUP_153,WH_036,2023-03-16,2023-03-20,2023-03-25,406,406.0
PO_08905,PRD_4265,SUP_071,WH_038,2025-01-19,2025-01-29,2025-01-29,272,272.0
PO_08906,PRD_4080,SUP_197,WH_038,2022-05-16,2022-05-25,2022-05-25,113,113.0
PO_08907,PRD_2171,SUP_154,WH_011,2023-08-22,2023-09-03,2023-09-03,262,262.0
PO_08908,PRD_1193,SUP_061,WH_042,2025-04-06,2025-04-18,2025-04-18,307,224.0
PO_08909,PRD_4094,SUP_157,WH_036,2025-12-11,2025-12-12,2025-12-12,378,378.0
PO_08910,PRD_1149,SUP_046,WH_073,2022-09-22,2022-10-01,2022-10-09,204,204.0
PO_08911,PRD_1115,SUP_189,WH_020,2023-03-06,2023-03-19,2023-03-19,254,254.0
PO_08912,PRD_1696,SUP_193,WH_076,2025-12-03,2025-12-05,2025-12-05,237,237.0
PO_08913,PRD_4610,SUP_099,WH_014,2024-05-24,2024-05-30,2024-05-30,138,138.0
PO_08914,PRD_2678,SUP_055,WH_065,2023-07-26,2023-08-04,2023-08-04,175,175.0
PO_08915,PRD_1748,SUP_022,WH_066,2023-12-12,2023-12-25,,97,
PO_08916,PRD_3042,SUP_054,WH_043,2024-01-15,2024-01-26,2024-01-26,489,452.0
PO_08917,PRD_4767,SUP_076,WH_065,2023-07-26,2023-07-28,,467,
PO_08918,PRD_3476,SUP_170,WH_052,2023-08-24,2023-09-01,2023-09-01,105,105.0
PO_08919,PRD_4234,SUP_049,WH_004,2024-11-21,2024-11-30,2024-11-30,184,184.0
PO_08920,PRD_0069,SUP_040,WH_079,2024-08-14,2024-08-28,2024-08-28,401,401.0
PO_08921,PRD_2427,SUP_110,WH_049,2023-04-07,2023-04-11,2023-04-19,430,430.0
PO_08922,PRD_4080,SUP_197,WH_061,2025-11-10,2025-11-19,2025-11-19,322,322.0
PO_08923,PRD_4486,SUP_038,WH_069,2023-03-23,2023-04-01,2023-04-01,21,21.0
PO_08924,PRD_3833,SUP_024,WH_059,2022-11-16,2022-11-25,2022-11-25,338,338.0
PO_08925,PRD_4875,SUP_114,WH_033,2023-12-05,2023-12-16,2023-12-16,208,208.0
PO_08926,PRD_2582,SUP_138,WH_032,2023-04-21,2023-04-29,2023-04-29,145,145.0
PO_08927,PRD_1390,SUP_174,WH_035,2023-09-15,2023-09-23,2023-09-23,356,356.0
PO_08928,PRD_1615,SUP_123,WH_042,2025-03-23,2025-04-04,2025-04-04,486,486.0
PO_08929,PRD_4311,SUP_128,WH_038,2025-05-07,2025-05-10,2025-05-10,409,409.0
PO_08930,PRD_4240,SUP_103,WH_080,2023-03-09,2023-03-20,2023-03-23,271,271.0
PO_08931,PRD_2178,SUP_137,WH_064,2025-06-18,2025-06-20,2025-06-20,270,270.0
PO_08932,PRD_1443,SUP_188,WH_061,2025-05-10,2025-05-19,2025-05-19,28,19.0
PO_08933,PRD_3225,SUP_151,WH_049,2023-02-16,2023-02-26,,365,
PO_08934,PRD_2058,SUP_030,WH_040,2025-07-14,2025-07-26,2025-07-26,273,273.0
PO_08935,PRD_3332,SUP_140,WH_062,2022-07-12,2022-07-23,2022-07-23,23,23.0
PO_08936,PRD_3088,SUP_123,WH_066,2022-12-20,2023-01-01,2023-01-01,328,328.0
PO_08937,PRD_4099,SUP_128,WH_046,2023-04-07,2023-04-10,,143,
PO_08938,PRD_2589,SUP_167,WH_015,2025-04-22,2025-04-25,,50,
PO_08939,PRD_1208,SUP_109,WH_062,2022-09-22,2022-09-27,2022-09-27,439,356.0
PO_08940,PRD_0781,SUP_170,WH_014,2025-09-09,2025-09-17,,339,
PO_08941,PRD_4321,SUP_181,WH_027,2025-12-16,2025-12-24,,376,
PO_08942,PRD_3450,SUP_030,WH_008,2022-09-06,2022-09-18,2022-09-18,284,284.0
PO_08943,PRD_1855,SUP_035,WH_064,2024-02-24,2024-03-05,2024-03-13,26,26.0
PO_08944,PRD_2626,SUP_003,WH_044,2022-11-22,2022-11-26,2022-11-26,107,107.0
PO_08945,PRD_2760,SUP_070,WH_014,2023-10-26,2023-10-27,2023-10-27,244,244.0
PO_08946,PRD_2280,SUP_051,WH_023,2023-03-01,2023-03-08,2023-03-08,263,263.0
PO_08947,PRD_4409,SUP_097,WH_054,2025-06-16,2025-06-28,2025-07-01,31,31.0
PO_08948,PRD_0176,SUP_053,WH_078,2024-06-18,2024-06-26,2024-06-26,138,138.0
PO_08949,PRD_4547,SUP_012,WH_022,2024-06-27,2024-07-10,2024-07-11,97,97.0
PO_08950,PRD_4217,SUP_142,WH_009,2022-04-08,2022-04-17,2022-04-17,385,248.0
PO_08951,PRD_0076,SUP_014,WH_014,2023-04-23,2023-05-06,2023-05-06,298,298.0
PO_08952,PRD_2821,SUP_194,WH_005,2025-09-02,2025-09-08,2025-09-08,447,447.0
PO_08953,PRD_1399,SUP_061,WH_070,2023-03-18,2023-03-30,2023-04-03,334,334.0
PO_08954,PRD_2599,SUP_072,WH_065,2022-10-24,2022-10-28,2022-10-28,437,437.0
PO_08955,PRD_4324,SUP_149,WH_014,2024-04-16,2024-04-23,2024-04-29,166,166.0
PO_08956,PRD_1856,SUP_007,WH_043,2022-08-14,2022-08-19,2022-08-19,330,330.0
PO_08957,PRD_1174,SUP_080,WH_052,2025-11-27,2025-11-28,2025-12-03,105,105.0
PO_08958,PRD_2927,SUP_058,WH_041,2023-07-25,2023-07-26,2023-07-26,320,320.0
PO_08959,PRD_1300,SUP_036,WH_038,2025-12-07,2025-12-14,,462,
PO_08960,PRD_4048,SUP_160,WH_054,2023-11-02,2023-11-07,,377,
PO_08961,PRD_4565,SUP_170,WH_018,2024-01-15,2024-01-23,2024-01-23,266,266.0
PO_08962,PRD_4379,SUP_058,WH_033,2025-10-11,2025-10-12,2025-10-12,234,234.0
PO_08963,PRD_1221,SUP_055,WH_007,2022-01-20,2022-01-29,2022-01-29,87,55.0
PO_08964,PRD_0704,SUP_148,WH_050,2025-01-23,2025-01-26,2025-01-31,235,235.0
PO_08965,PRD_3506,SUP_111,WH_067,2024-07-02,2024-07-04,2024-07-04,272,272.0
PO_08966,PRD_3898,SUP_027,WH_059,2025-02-23,2025-03-07,2025-03-07,387,387.0
PO_08967,PRD_0995,SUP_086,WH_075,2025-07-22,2025-07-24,2025-07-26,413,334.0
PO_08968,PRD_3818,SUP_105,WH_052,2024-03-21,2024-04-01,2024-04-01,398,398.0
PO_08969,PRD_2845,SUP_012,WH_047,2025-02-04,2025-02-17,,472,
PO_08970,PRD_3628,SUP_078,WH_080,2025-02-06,2025-02-07,2025-02-07,298,298.0
PO_08971,PRD_0850,SUP_076,WH_077,2025-12-20,2025-12-22,2025-12-25,376,376.0
PO_08972,PRD_3130,SUP_088,WH_057,2022-06-13,2022-06-19,2022-06-19,337,276.0
PO_08973,PRD_1346,SUP_200,WH_046,2023-09-20,2023-09-24,2023-09-30,464,380.0
PO_08974,PRD_4971,SUP_012,WH_030,2025-12-10,2025-12-23,2025-12-23,310,310.0
PO_08975,PRD_1368,SUP_139,WH_074,2024-09-27,2024-09-28,2024-09-28,189,189.0
PO_08976,PRD_4792,SUP_178,WH_026,2022-12-01,2022-12-09,2022-12-09,224,224.0
PO_08977,PRD_3826,SUP_150,WH_044,2024-02-08,2024-02-20,2024-02-20,153,153.0
PO_08978,PRD_3720,SUP_042,WH_017,2022-02-04,2022-02-05,,42,
PO_08979,PRD_3918,SUP_072,WH_046,2025-08-05,2025-08-09,2025-08-09,21,21.0
PO_08980,PRD_2680,SUP_003,WH_067,2023-04-19,2023-04-23,2023-04-23,490,442.0
PO_08981,PRD_0191,SUP_053,WH_061,2022-10-08,2022-10-16,2022-10-17,433,433.0
PO_08982,PRD_4296,SUP_131,WH_074,2023-12-06,2023-12-13,2023-12-13,103,103.0
PO_08983,PRD_3817,SUP_121,WH_071,2024-11-09,2024-11-12,2024-11-12,332,332.0
PO_08984,PRD_0425,SUP_039,WH_057,2025-01-11,2025-01-18,2025-01-18,111,111.0
PO_08985,PRD_2017,SUP_200,WH_079,2025-09-12,2025-09-16,2025-09-19,471,325.0
PO_08986,PRD_1514,SUP_193,WH_028,2023-04-16,2023-04-18,2023-04-18,282,282.0
PO_08987,PRD_3331,SUP_121,WH_024,2023-01-14,2023-01-17,2023-01-17,275,275.0
PO_08988,PRD_0402,SUP_094,WH_049,2023-01-22,2023-02-05,2023-02-05,109,109.0
PO_08989,PRD_1276,SUP_110,WH_001,2025-07-24,2025-07-28,2025-07-28,453,453.0
PO_08990,PRD_2177,SUP_177,WH_059,2022-11-02,2022-11-03,,379,
PO_08991,PRD_2520,SUP_069,WH_001,2022-11-22,2022-12-06,2022-12-06,343,343.0
PO_08992,PRD_0133,SUP_030,WH_029,2024-11-25,2024-12-07,2024-12-07,392,257.0
PO_08993,PRD_3354,SUP_009,WH_001,2024-12-23,2024-12-30,2024-12-30,378,378.0
PO_08994,PRD_0356,SUP_177,WH_036,2025-03-17,2025-03-18,2025-03-18,71,71.0
PO_08995,PRD_3653,SUP_065,WH_009,2022-04-11,2022-04-19,2022-04-19,389,264.0
PO_08996,PRD_3930,SUP_027,WH_023,2025-06-14,2025-06-26,2025-06-26,472,472.0
PO_08997,PRD_2963,SUP_088,WH_063,2024-02-26,2024-03-03,2024-03-03,390,390.0
PO_08998,PRD_2931,SUP_162,WH_056,2024-09-05,2024-09-16,2024-09-16,373,373.0
PO_08999,PRD_2848,SUP_004,WH_028,2022-05-03,2022-05-16,2022-05-16,177,177.0
PO_09000,PRD_4749,SUP_047,WH_076,2022-08-20,2022-08-24,2022-08-30,35,35.0
PO_09001,PRD_3863,SUP_193,WH_011,2025-03-26,2025-03-28,2025-03-28,331,331.0
PO_09002,PRD_2080,SUP_064,WH_013,2022-10-20,2022-10-26,,201,
PO_09003,PRD_3463,SUP_161,WH_068,2023-11-20,2023-11-25,2023-11-25,314,314.0
PO_09004,PRD_2276,SUP_148,WH_068,2025-06-14,2025-06-17,2025-06-17,317,317.0
PO_09005,PRD_2755,SUP_060,WH_014,2023-04-13,2023-04-23,2023-04-23,297,297.0
PO_09006,PRD_0143,SUP_109,WH_072,2025-02-05,2025-02-10,2025-02-16,319,319.0
PO_09007,PRD_1669,SUP_193,WH_047,2024-05-07,2024-05-09,2024-05-09,262,262.0
PO_09008,PRD_2813,SUP_073,WH_014,2023-11-20,2023-12-02,2023-12-06,296,296.0
PO_09009,PRD_3860,SUP_090,WH_005,2024-03-13,2024-03-18,,153,
PO_09010,PRD_3658,SUP_129,WH_056,2023-12-23,2023-12-26,2024-01-01,377,377.0
PO_09011,PRD_2174,SUP_080,WH_047,2022-06-22,2022-06-23,2022-06-23,64,63.0
PO_09012,PRD_3753,SUP_126,WH_025,2025-01-02,2025-01-05,2025-01-05,249,249.0
PO_09013,PRD_3932,SUP_196,WH_036,2024-01-22,2024-02-04,2024-02-04,251,216.0
PO_09014,PRD_0697,SUP_066,WH_019,2025-01-03,2025-01-12,2025-01-12,401,401.0
PO_09015,PRD_0485,SUP_030,WH_078,2024-09-02,2024-09-14,2024-09-14,385,385.0
PO_09016,PRD_4307,SUP_024,WH_008,2025-06-23,2025-07-02,2025-07-10,69,69.0
PO_09017,PRD_0450,SUP_186,WH_070,2023-12-26,2024-01-04,2024-01-04,408,408.0
PO_09018,PRD_2882,SUP_171,WH_025,2023-10-22,2023-10-28,2023-10-28,240,240.0
PO_09019,PRD_1426,SUP_107,WH_054,2022-07-22,2022-07-28,,23,
PO_09020,PRD_0146,SUP_012,WH_004,2023-06-25,2023-07-08,2023-07-08,107,107.0
PO_09021,PRD_3471,SUP_051,WH_057,2023-06-05,2023-06-12,2023-06-12,221,221.0
PO_09022,PRD_4203,SUP_093,WH_050,2024-03-09,2024-03-12,2024-03-15,41,41.0
PO_09023,PRD_2111,SUP_194,WH_017,2023-05-25,2023-05-31,2023-05-31,41,41.0
PO_09024,PRD_2412,SUP_011,WH_069,2022-01-15,2022-01-26,2022-01-26,177,177.0
PO_09025,PRD_0254,SUP_038,WH_021,2022-11-02,2022-11-11,2022-11-11,172,159.0
PO_09026,PRD_1598,SUP_125,WH_055,2022-11-21,2022-11-25,2022-11-25,137,137.0
PO_09027,PRD_1271,SUP_039,WH_003,2025-05-27,2025-06-03,2025-06-03,429,429.0
PO_09028,PRD_2352,SUP_097,WH_068,2023-03-22,2023-04-03,,204,
PO_09029,PRD_0510,SUP_067,WH_030,2023-04-15,2023-04-19,2023-04-25,245,245.0
PO_09030,PRD_0839,SUP_184,WH_045,2024-07-17,2024-07-20,2024-07-20,154,137.0
PO_09031,PRD_0515,SUP_131,WH_078,2023-10-16,2023-10-23,2023-10-23,369,369.0
PO_09032,PRD_3746,SUP_163,WH_020,2023-07-10,2023-07-17,2023-07-19,258,171.0
PO_09033,PRD_2366,SUP_089,WH_039,2022-03-09,2022-03-16,,93,
PO_09034,PRD_0871,SUP_187,WH_070,2022-05-05,2022-05-08,2022-05-08,162,122.0
PO_09035,PRD_0574,SUP_081,WH_010,2025-04-23,2025-05-01,2025-05-03,365,365.0
PO_09036,PRD_2825,SUP_135,WH_009,2022-07-20,2022-07-28,2022-07-28,41,41.0
PO_09037,PRD_2381,SUP_176,WH_060,2023-01-14,2023-01-25,2023-01-25,378,378.0
PO_09038,PRD_4398,SUP_077,WH_071,2024-09-21,2024-09-24,2024-09-24,95,95.0
PO_09039,PRD_2449,SUP_069,WH_059,2023-10-06,2023-10-20,2023-10-20,138,116.0
PO_09040,PRD_4648,SUP_004,WH_030,2024-01-01,2024-01-14,2024-01-14,410,410.0
PO_09041,PRD_4181,SUP_008,WH_050,2024-12-10,2024-12-17,2024-12-17,368,368.0
PO_09042,PRD_0140,SUP_185,WH_024,2023-07-24,2023-08-07,2023-08-12,148,148.0
PO_09043,PRD_3212,SUP_177,WH_016,2023-02-03,2023-02-04,2023-02-04,56,56.0
PO_09044,PRD_1135,SUP_080,WH_054,2023-05-18,2023-05-19,2023-05-19,23,23.0
PO_09045,PRD_3938,SUP_086,WH_021,2024-06-19,2024-06-21,2024-06-21,464,464.0
PO_09046,PRD_2970,SUP_065,WH_016,2025-12-07,2025-12-15,2025-12-15,478,478.0
PO_09047,PRD_4165,SUP_117,WH_043,2022-08-24,2022-09-05,2022-09-11,70,70.0
PO_09048,PRD_4795,SUP_077,WH_075,2024-11-02,2024-11-05,2024-11-05,475,375.0
PO_09049,PRD_0761,SUP_146,WH_002,2024-08-19,2024-09-02,2024-09-02,473,293.0
PO_09050,PRD_3101,SUP_055,WH_032,2022-04-09,2022-04-18,2022-04-18,433,433.0
PO_09051,PRD_0324,SUP_027,WH_002,2022-07-16,2022-07-28,2022-07-28,247,247.0
PO_09052,PRD_4931,SUP_114,WH_075,2024-11-19,2024-11-30,2024-12-02,353,353.0
PO_09053,PRD_4649,SUP_139,WH_035,2024-08-12,2024-08-13,2024-08-13,363,363.0
PO_09054,PRD_2501,SUP_108,WH_001,2022-06-23,2022-07-01,2022-07-01,160,160.0
PO_09055,PRD_3469,SUP_009,WH_001,2023-03-20,2023-03-27,2023-03-27,73,73.0
PO_09056,PRD_0538,SUP_028,WH_069,2023-03-08,2023-03-20,2023-03-20,370,370.0
PO_09057,PRD_4874,SUP_114,WH_063,2025-07-09,2025-07-20,,137,
PO_09058,PRD_0391,SUP_052,WH_025,2022-05-18,2022-05-24,2022-05-24,206,170.0
PO_09059,PRD_3052,SUP_159,WH_070,2022-04-07,2022-04-19,2022-04-19,70,70.0
PO_09060,PRD_4128,SUP_117,WH_022,2022-08-15,2022-08-27,2022-08-27,469,465.0
PO_09061,PRD_2066,SUP_156,WH_052,2024-05-05,2024-05-07,2024-05-07,353,353.0
PO_09062,PRD_1700,SUP_155,WH_079,2024-02-25,2024-02-26,2024-02-26,302,302.0
PO_09063,PRD_3860,SUP_090,WH_038,2025-05-19,2025-05-24,2025-05-29,185,185.0
PO_09064,PRD_4029,SUP_114,WH_076,2024-10-16,2024-10-27,2024-10-27,177,177.0
PO_09065,PRD_0079,SUP_163,WH_040,2022-10-13,2022-10-20,2022-10-20,160,122.0
PO_09066,PRD_2249,SUP_031,WH_042,2023-03-19,2023-03-23,2023-03-30,444,421.0
PO_09067,PRD_1614,SUP_125,WH_031,2025-04-18,2025-04-22,2025-04-26,308,308.0
PO_09068,PRD_0299,SUP_029,WH_009,2024-09-22,2024-10-04,2024-10-04,412,412.0
PO_09069,PRD_3146,SUP_048,WH_066,2025-06-02,2025-06-15,2025-06-15,190,139.0
PO_09070,PRD_3820,SUP_126,WH_023,2022-07-06,2022-07-09,2022-07-09,80,80.0
PO_09071,PRD_0524,SUP_179,WH_077,2022-03-21,2022-03-25,2022-03-25,402,402.0
PO_09072,PRD_0805,SUP_108,WH_037,2022-01-26,2022-02-03,2022-02-03,492,492.0
PO_09073,PRD_1130,SUP_109,WH_076,2022-01-16,2022-01-21,2022-01-21,146,146.0
PO_09074,PRD_2025,SUP_149,WH_046,2025-02-04,2025-02-11,2025-02-11,224,224.0
PO_09075,PRD_0580,SUP_103,WH_069,2023-01-23,2023-02-03,2023-02-03,48,48.0
PO_09076,PRD_2107,SUP_122,WH_038,2025-09-25,2025-09-29,2025-09-29,220,220.0
PO_09077,PRD_3198,SUP_177,WH_077,2024-02-02,2024-02-03,,356,
PO_09078,PRD_0347,SUP_079,WH_039,2023-10-02,2023-10-07,2023-10-07,470,470.0
PO_09079,PRD_3211,SUP_180,WH_026,2023-05-04,2023-05-10,2023-05-10,336,336.0
PO_09080,PRD_3528,SUP_007,WH_071,2024-07-23,2024-07-28,2024-07-28,120,97.0
PO_09081,PRD_3868,SUP_069,WH_059,2025-08-20,2025-09-03,2025-09-11,440,440.0
PO_09082,PRD_3539,SUP_032,WH_077,2023-03-23,2023-04-06,,436,
PO_09083,PRD_3215,SUP_170,WH_047,2023-12-13,2023-12-21,2023-12-21,177,177.0
PO_09084,PRD_0220,SUP_053,WH_007,2022-02-11,2022-02-19,,415,
PO_09085,PRD_1193,SUP_061,WH_026,2023-04-17,2023-04-29,2023-04-29,352,352.0
PO_09086,PRD_0683,SUP_148,WH_039,2023-10-01,2023-10-04,,453,
PO_09087,PRD_0277,SUP_007,WH_061,2024-04-04,2024-04-09,2024-04-09,380,380.0
PO_09088,PRD_1174,SUP_080,WH_011,2022-10-12,2022-10-13,2022-10-13,391,266.0
PO_09089,PRD_2519,SUP_125,WH_032,2025-04-07,2025-04-11,,351,
PO_09090,PRD_2711,SUP_138,WH_011,2023-06-24,2023-07-02,2023-07-06,479,470.0
PO_09091,PRD_1916,SUP_110,WH_034,2024-06-18,2024-06-22,2024-06-22,372,372.0
PO_09092,PRD_4023,SUP_197,WH_075,2023-09-08,2023-09-17,,227,
PO_09093,PRD_4695,SUP_113,WH_020,2023-01-04,2023-01-10,,451,
PO_09094,PRD_1258,SUP_136,WH_079,2022-02-02,2022-02-09,2022-02-11,330,330.0
PO_09095,PRD_4480,SUP_149,WH_006,2022-11-02,2022-11-09,2022-11-09,436,436.0
PO_09096,PRD_3044,SUP_145,WH_065,2022-04-20,2022-04-27,2022-04-27,165,165.0
PO_09097,PRD_4994,SUP_008,WH_077,2025-08-22,2025-08-29,2025-09-04,148,148.0
PO_09098,PRD_4213,SUP_127,WH_076,2025-05-13,2025-05-23,2025-05-23,83,58.0
PO_09099,PRD_3786,SUP_163,WH_056,2022-11-06,2022-11-13,2022-11-13,138,138.0
PO_09100,PRD_3515,SUP_139,WH_008,2023-06-19,2023-06-20,2023-06-20,285,285.0
PO_09101,PRD_4353,SUP_187,WH_031,2025-02-13,2025-02-16,2025-02-16,387,387.0
PO_09102,PRD_4304,SUP_031,WH_056,2023-03-15,2023-03-19,2023-03-20,489,489.0
PO_09103,PRD_0688,SUP_138,WH_051,2024-12-02,2024-12-10,,302,
PO_09104,PRD_0976,SUP_187,WH_043,2022-04-01,2022-04-04,2022-04-04,446,425.0
PO_09105,PRD_4360,SUP_097,WH_053,2024-11-20,2024-12-02,2024-12-09,56,52.0
PO_09106,PRD_2679,SUP_166,WH_005,2022-05-17,2022-05-20,2022-05-20,475,475.0
PO_09107,PRD_0108,SUP_070,WH_064,2023-06-18,2023-06-19,2023-06-19,46,46.0
PO_09108,PRD_0791,SUP_050,WH_033,2023-08-03,2023-08-06,2023-08-14,303,303.0
PO_09109,PRD_3702,SUP_069,WH_003,2023-01-01,2023-01-15,2023-01-15,42,42.0
PO_09110,PRD_3808,SUP_045,WH_003,2025-01-19,2025-02-02,2025-02-06,415,368.0
PO_09111,PRD_1566,SUP_104,WH_062,2024-05-12,2024-05-20,2024-05-20,218,218.0
PO_09112,PRD_2316,SUP_027,WH_049,2023-07-11,2023-07-23,2023-07-29,52,52.0
PO_09113,PRD_2847,SUP_172,WH_006,2025-07-21,2025-07-29,2025-07-29,302,302.0
PO_09114,PRD_3567,SUP_083,WH_022,2024-12-23,2025-01-03,2025-01-06,188,188.0
PO_09115,PRD_4704,SUP_082,WH_032,2023-07-01,2023-07-02,,429,
PO_09116,PRD_4451,SUP_035,WH_028,2022-11-13,2022-11-23,2022-11-23,195,195.0
PO_09117,PRD_1881,SUP_055,WH_002,2024-10-15,2024-10-24,2024-10-31,117,117.0
PO_09118,PRD_2087,SUP_167,WH_073,2024-12-12,2024-12-15,2024-12-15,408,408.0
PO_09119,PRD_4834,SUP_021,WH_076,2023-06-26,2023-07-06,2023-07-13,422,422.0
PO_09120,PRD_0980,SUP_084,WH_014,2022-03-15,2022-03-16,2022-03-16,437,437.0
PO_09121,PRD_0206,SUP_184,WH_025,2024-02-07,2024-02-10,2024-02-10,46,46.0
PO_09122,PRD_3738,SUP_126,WH_041,2023-12-07,2023-12-10,2023-12-10,405,405.0
PO_09123,PRD_1650,SUP_077,WH_015,2024-04-21,2024-04-24,2024-04-24,101,101.0
PO_09124,PRD_1024,SUP_051,WH_060,2025-06-21,2025-06-28,2025-06-28,459,296.0
PO_09125,PRD_1494,SUP_192,WH_057,2022-11-07,2022-11-09,2022-11-09,59,59.0
PO_09126,PRD_3396,SUP_176,WH_010,2023-07-07,2023-07-18,2023-07-18,50,35.0
PO_09127,PRD_4205,SUP_053,WH_047,2023-04-09,2023-04-17,,267,
PO_09128,PRD_3284,SUP_161,WH_078,2025-03-25,2025-03-30,,127,
PO_09129,PRD_0680,SUP_046,WH_001,2024-05-11,2024-05-20,2024-05-20,443,443.0
PO_09130,PRD_2444,SUP_046,WH_072,2023-09-06,2023-09-15,2023-09-21,172,128.0
PO_09131,PRD_1568,SUP_138,WH_040,2024-06-10,2024-06-18,2024-06-18,192,192.0
PO_09132,PRD_4704,SUP_082,WH_025,2022-02-03,2022-02-04,2022-02-09,282,282.0
PO_09133,PRD_1063,SUP_170,WH_019,2025-09-27,2025-10-05,2025-10-10,47,47.0
PO_09134,PRD_4773,SUP_092,WH_065,2022-12-01,2022-12-02,2022-12-10,338,338.0
PO_09135,PRD_3907,SUP_150,WH_073,2024-06-18,2024-06-30,2024-06-30,401,401.0
PO_09136,PRD_3171,SUP_075,WH_057,2023-01-23,2023-01-30,,364,
PO_09137,PRD_4279,SUP_018,WH_077,2024-04-06,2024-04-12,2024-04-12,466,466.0
PO_09138,PRD_3626,SUP_079,WH_078,2023-08-26,2023-08-31,2023-09-02,221,221.0
PO_09139,PRD_3197,SUP_170,WH_031,2024-11-24,2024-12-02,2024-12-02,465,465.0
PO_09140,PRD_4468,SUP_181,WH_018,2023-02-26,2023-03-06,2023-03-06,273,255.0
PO_09141,PRD_1525,SUP_100,WH_079,2025-07-03,2025-07-10,2025-07-10,396,396.0
PO_09142,PRD_0757,SUP_094,WH_042,2024-06-03,2024-06-17,2024-06-17,153,153.0
PO_09143,PRD_2685,SUP_093,WH_007,2025-07-23,2025-07-26,2025-07-26,433,433.0
PO_09144,PRD_2283,SUP_148,WH_024,2022-10-20,2022-10-23,2022-10-27,158,158.0
PO_09145,PRD_1312,SUP_041,WH_013,2025-09-18,2025-09-19,2025-09-19,430,430.0
PO_09146,PRD_1499,SUP_070,WH_069,2022-07-16,2022-07-17,2022-07-17,104,104.0
PO_09147,PRD_4811,SUP_076,WH_013,2025-08-21,2025-08-23,2025-08-23,347,347.0
PO_09148,PRD_3836,SUP_148,WH_006,2025-02-15,2025-02-18,2025-02-18,482,482.0
PO_09149,PRD_2314,SUP_063,WH_032,2025-11-05,2025-11-16,2025-11-19,136,121.0
PO_09150,PRD_2628,SUP_072,WH_076,2023-12-02,2023-12-06,2023-12-06,114,114.0
PO_09151,PRD_2404,SUP_145,WH_025,2024-03-26,2024-04-02,2024-04-08,332,332.0
PO_09152,PRD_2393,SUP_170,WH_028,2023-10-20,2023-10-28,2023-10-28,198,198.0
PO_09153,PRD_0489,SUP_200,WH_060,2025-01-09,2025-01-13,2025-01-13,84,84.0
PO_09154,PRD_0900,SUP_184,WH_004,2022-02-20,2022-02-23,2022-02-23,211,211.0
PO_09155,PRD_4492,SUP_077,WH_075,2022-04-12,2022-04-15,2022-04-15,339,339.0
PO_09156,PRD_2212,SUP_145,WH_007,2025-12-26,2026-01-02,2026-01-02,317,317.0
PO_09157,PRD_0677,SUP_049,WH_052,2025-12-12,2025-12-21,2025-12-21,236,236.0
PO_09158,PRD_2000,SUP_030,WH_028,2022-02-17,2022-03-01,2022-03-01,286,286.0
PO_09159,PRD_0819,SUP_081,WH_006,2022-05-03,2022-05-11,,311,
PO_09160,PRD_3802,SUP_148,WH_028,2022-08-17,2022-08-20,,312,
PO_09161,PRD_4203,SUP_093,WH_048,2025-01-08,2025-01-11,2025-01-15,200,200.0
PO_09162,PRD_1789,SUP_087,WH_037,2024-05-23,2024-06-04,2024-06-04,73,73.0
PO_09163,PRD_3911,SUP_105,WH_076,2023-09-15,2023-09-26,2023-09-26,98,98.0
PO_09164,PRD_0050,SUP_073,WH_079,2025-11-27,2025-12-09,2025-12-09,51,37.0
PO_09165,PRD_2269,SUP_031,WH_048,2024-03-05,2024-03-09,2024-03-09,107,107.0
PO_09166,PRD_4004,SUP_170,WH_072,2024-03-03,2024-03-11,2024-03-11,483,392.0
PO_09167,PRD_3969,SUP_042,WH_013,2023-04-12,2023-04-13,,207,
PO_09168,PRD_2672,SUP_091,WH_012,2025-01-05,2025-01-06,2025-01-06,130,130.0
PO_09169,PRD_0044,SUP_014,WH_051,2022-04-16,2022-04-29,2022-05-03,441,391.0
PO_09170,PRD_3426,SUP_193,WH_013,2024-08-11,2024-08-13,2024-08-16,350,350.0
PO_09171,PRD_4811,SUP_076,WH_074,2022-12-12,2022-12-14,2022-12-21,193,193.0
PO_09172,PRD_1867,SUP_139,WH_050,2025-04-27,2025-04-28,2025-04-30,172,172.0
PO_09173,PRD_2997,SUP_073,WH_057,2023-03-11,2023-03-23,2023-03-23,199,199.0
PO_09174,PRD_2354,SUP_137,WH_017,2022-08-07,2022-08-09,2022-08-17,210,210.0
PO_09175,PRD_4111,SUP_169,WH_041,2024-11-18,2024-11-22,2024-11-30,137,137.0
PO_09176,PRD_0241,SUP_065,WH_040,2024-12-17,2024-12-25,2024-12-25,34,34.0
PO_09177,PRD_1615,SUP_123,WH_002,2025-11-03,2025-11-15,2025-11-15,480,480.0
PO_09178,PRD_2563,SUP_004,WH_003,2023-09-23,2023-10-06,2023-10-11,487,487.0
PO_09179,PRD_4663,SUP_040,WH_001,2023-10-25,2023-11-08,2023-11-08,223,223.0
PO_09180,PRD_0954,SUP_130,WH_021,2022-02-01,2022-02-05,2022-02-05,291,291.0
PO_09181,PRD_2295,SUP_161,WH_014,2022-05-17,2022-05-22,2022-05-22,82,82.0
PO_09182,PRD_4151,SUP_132,WH_020,2022-08-08,2022-08-12,2022-08-19,435,435.0
PO_09183,PRD_0687,SUP_030,WH_048,2022-12-17,2022-12-29,2022-12-31,157,137.0
PO_09184,PRD_4428,SUP_166,WH_001,2025-12-23,2025-12-26,2025-12-26,295,295.0
PO_09185,PRD_2815,SUP_149,WH_007,2022-04-12,2022-04-19,,411,
PO_09186,PRD_3178,SUP_039,WH_053,2024-02-15,2024-02-22,2024-02-22,234,234.0
PO_09187,PRD_1856,SUP_007,WH_044,2022-08-14,2022-08-19,2022-08-19,302,287.0
PO_09188,PRD_2215,SUP_184,WH_008,2022-07-11,2022-07-14,2022-07-16,108,108.0
PO_09189,PRD_2469,SUP_153,WH_045,2024-12-11,2024-12-15,,313,
PO_09190,PRD_1057,SUP_197,WH_071,2022-11-01,2022-11-10,2022-11-10,198,198.0
PO_09191,PRD_4856,SUP_098,WH_020,2025-01-20,2025-01-30,2025-01-30,410,410.0
PO_09192,PRD_2515,SUP_098,WH_034,2022-03-04,2022-03-14,2022-03-14,82,79.0
PO_09193,PRD_3940,SUP_167,WH_033,2023-03-09,2023-03-12,2023-03-12,110,110.0
PO_09194,PRD_1418,SUP_115,WH_018,2025-06-26,2025-06-27,2025-06-27,281,281.0
PO_09195,PRD_2163,SUP_028,WH_078,2022-08-22,2022-09-03,2022-09-03,107,107.0
PO_09196,PRD_3269,SUP_180,WH_030,2024-09-27,2024-10-03,,288,
PO_09197,PRD_4662,SUP_024,WH_016,2025-05-06,2025-05-15,2025-05-15,346,264.0
PO_09198,PRD_3237,SUP_180,WH_073,2022-12-05,2022-12-11,,240,
PO_09199,PRD_2368,SUP_110,WH_011,2023-05-27,2023-05-31,2023-05-31,154,154.0
PO_09200,PRD_4572,SUP_021,WH_060,2023-10-15,2023-10-25,2023-10-28,205,205.0
PO_09201,PRD_2854,SUP_026,WH_017,2024-10-24,2024-10-30,,381,
PO_09202,PRD_2852,SUP_024,WH_007,2025-04-14,2025-04-23,2025-04-23,281,281.0
PO_09203,PRD_2754,SUP_170,WH_039,2024-08-09,2024-08-17,2024-08-19,84,84.0
PO_09204,PRD_3551,SUP_104,WH_057,2024-10-06,2024-10-14,2024-10-14,226,226.0
PO_09205,PRD_1824,SUP_108,WH_004,2024-07-14,2024-07-22,2024-07-22,366,366.0
PO_09206,PRD_3812,SUP_150,WH_045,2023-05-12,2023-05-24,2023-05-24,56,56.0
PO_09207,PRD_0518,SUP_134,WH_072,2023-06-04,2023-06-05,,481,
PO_09208,PRD_3307,SUP_153,WH_032,2023-07-09,2023-07-13,2023-07-13,67,67.0
PO_09209,PRD_1714,SUP_084,WH_026,2023-02-24,2023-02-25,2023-02-25,29,29.0
PO_09210,PRD_2889,SUP_109,WH_012,2023-06-03,2023-06-08,2023-06-08,209,158.0
PO_09211,PRD_3807,SUP_105,WH_034,2023-10-06,2023-10-17,2023-10-17,457,457.0
PO_09212,PRD_0820,SUP_032,WH_050,2022-04-25,2022-05-09,,213,
PO_09213,PRD_1169,SUP_170,WH_054,2025-01-12,2025-01-20,2025-01-20,271,271.0
PO_09214,PRD_3016,SUP_159,WH_023,2025-12-24,2026-01-05,2026-01-05,477,320.0
PO_09215,PRD_3504,SUP_148,WH_053,2025-06-14,2025-06-17,2025-06-19,450,450.0
PO_09216,PRD_4620,SUP_139,WH_074,2025-04-27,2025-04-28,2025-04-28,208,208.0
PO_09217,PRD_0528,SUP_148,WH_074,2024-05-24,2024-05-27,2024-05-27,193,193.0
PO_09218,PRD_3070,SUP_145,WH_051,2025-11-14,2025-11-21,2025-11-26,120,120.0
PO_09219,PRD_1213,SUP_012,WH_048,2025-12-19,2026-01-01,2026-01-01,403,246.0
PO_09220,PRD_4309,SUP_018,WH_057,2022-06-23,2022-06-29,2022-06-29,272,170.0
PO_09221,PRD_3597,SUP_192,WH_053,2022-07-24,2022-07-26,2022-07-26,208,184.0
PO_09222,PRD_4149,SUP_156,WH_073,2025-07-17,2025-07-19,2025-07-19,69,69.0
PO_09223,PRD_0955,SUP_158,WH_003,2025-04-05,2025-04-19,,284,
PO_09224,PRD_1067,SUP_022,WH_006,2022-11-12,2022-11-25,,437,
PO_09225,PRD_4463,SUP_124,WH_064,2024-03-08,2024-03-19,2024-03-19,284,276.0
PO_09226,PRD_4364,SUP_031,WH_076,2022-04-18,2022-04-22,2022-04-22,333,333.0
PO_09227,PRD_2727,SUP_065,WH_003,2022-11-02,2022-11-10,,258,
PO_09228,PRD_0347,SUP_079,WH_032,2023-09-22,2023-09-27,2023-10-02,446,325.0
PO_09229,PRD_2590,SUP_125,WH_059,2024-06-15,2024-06-19,2024-06-19,204,204.0
PO_09230,PRD_1304,SUP_136,WH_041,2025-01-23,2025-01-30,,155,
PO_09231,PRD_4291,SUP_140,WH_035,2025-08-10,2025-08-21,2025-08-21,276,276.0
PO_09232,PRD_4198,SUP_170,WH_049,2024-08-15,2024-08-23,2024-08-23,70,70.0
PO_09233,PRD_3720,SUP_042,WH_064,2024-04-08,2024-04-09,2024-04-09,491,491.0
PO_09234,PRD_3190,SUP_027,WH_007,2024-12-18,2024-12-30,2025-01-03,220,220.0
PO_09235,PRD_1903,SUP_047,WH_061,2024-06-14,2024-06-18,2024-06-18,288,288.0
PO_09236,PRD_0736,SUP_067,WH_050,2025-04-24,2025-04-28,,208,
PO_09237,PRD_4821,SUP_106,WH_007,2024-08-12,2024-08-13,2024-08-13,327,327.0
PO_09238,PRD_3619,SUP_037,WH_032,2024-02-04,2024-02-16,2024-02-20,488,488.0
PO_09239,PRD_3053,SUP_126,WH_064,2024-08-10,2024-08-13,2024-08-13,252,252.0
PO_09240,PRD_3897,SUP_112,WH_035,2024-07-12,2024-07-18,2024-07-18,466,466.0
PO_09241,PRD_0006,SUP_109,WH_067,2022-03-08,2022-03-13,2022-03-13,263,263.0
PO_09242,PRD_1477,SUP_117,WH_068,2025-03-04,2025-03-16,,415,
PO_09243,PRD_3416,SUP_161,WH_012,2023-01-08,2023-01-13,,444,
PO_09244,PRD_4928,SUP_092,WH_068,2024-10-06,2024-10-07,2024-10-08,263,190.0
PO_09245,PRD_0054,SUP_071,WH_049,2024-01-15,2024-01-25,2024-01-25,415,415.0
PO_09246,PRD_1305,SUP_143,WH_080,2024-09-12,2024-09-21,2024-09-21,369,369.0
PO_09247,PRD_3856,SUP_011,WH_019,2023-01-27,2023-02-07,2023-02-07,326,326.0
PO_09248,PRD_2519,SUP_125,WH_014,2024-03-19,2024-03-23,2024-03-23,135,135.0
PO_09249,PRD_3777,SUP_090,WH_065,2024-04-08,2024-04-13,2024-04-13,440,440.0
PO_09250,PRD_0355,SUP_003,WH_034,2023-03-26,2023-03-30,2023-04-03,143,143.0
PO_09251,PRD_4188,SUP_014,WH_077,2022-12-09,2022-12-22,2022-12-26,89,89.0
PO_09252,PRD_4301,SUP_063,WH_051,2022-08-05,2022-08-16,2022-08-16,412,412.0
PO_09253,PRD_2429,SUP_148,WH_016,2023-07-18,2023-07-21,2023-07-21,499,499.0
PO_09254,PRD_1014,SUP_063,WH_047,2024-12-02,2024-12-13,,443,
PO_09255,PRD_3873,SUP_069,WH_009,2024-05-05,2024-05-19,2024-05-19,143,138.0
PO_09256,PRD_4666,SUP_139,WH_049,2024-12-13,2024-12-14,2024-12-14,407,252.0
PO_09257,PRD_4378,SUP_121,WH_073,2025-06-01,2025-06-04,2025-06-12,473,473.0
PO_09258,PRD_2852,SUP_024,WH_043,2022-05-13,2022-05-22,2022-05-22,169,169.0
PO_09259,PRD_2157,SUP_008,WH_056,2023-03-23,2023-03-30,2023-03-30,136,136.0
PO_09260,PRD_4142,SUP_023,WH_030,2025-10-11,2025-10-25,2025-10-29,428,428.0
PO_09261,PRD_0465,SUP_142,WH_077,2025-10-15,2025-10-24,2025-10-24,268,268.0
PO_09262,PRD_1875,SUP_013,WH_021,2024-06-18,2024-06-22,2024-06-28,46,46.0
PO_09263,PRD_1942,SUP_095,WH_014,2022-10-04,2022-10-06,,380,
PO_09264,PRD_2974,SUP_110,WH_032,2023-11-19,2023-11-23,2023-11-28,119,119.0
PO_09265,PRD_3118,SUP_031,WH_048,2024-01-09,2024-01-13,2024-01-13,424,424.0
PO_09266,PRD_1894,SUP_035,WH_065,2025-01-24,2025-02-03,2025-02-03,102,102.0
PO_09267,PRD_0892,SUP_108,WH_078,2024-01-27,2024-02-04,2024-02-07,161,161.0
PO_09268,PRD_2980,SUP_016,WH_011,2025-07-15,2025-07-26,2025-07-26,207,207.0
PO_09269,PRD_3820,SUP_126,WH_043,2025-05-26,2025-05-29,,293,
PO_09270,PRD_3370,SUP_140,WH_049,2025-05-04,2025-05-15,2025-05-15,358,358.0
PO_09271,PRD_0830,SUP_108,WH_058,2022-05-02,2022-05-10,2022-05-10,157,157.0
PO_09272,PRD_1026,SUP_174,WH_039,2023-01-11,2023-01-19,2023-01-19,202,202.0
PO_09273,PRD_3743,SUP_167,WH_045,2024-11-19,2024-11-22,2024-11-22,169,143.0
PO_09274,PRD_2020,SUP_033,WH_073,2025-03-09,2025-03-23,2025-03-23,72,72.0
PO_09275,PRD_2130,SUP_006,WH_075,2025-10-18,2025-11-01,2025-11-01,325,325.0
PO_09276,PRD_0398,SUP_069,WH_039,2023-11-02,2023-11-16,2023-11-16,169,163.0
PO_09277,PRD_2933,SUP_078,WH_008,2024-08-19,2024-08-20,,92,
PO_09278,PRD_0080,SUP_142,WH_055,2022-08-01,2022-08-10,2022-08-17,132,93.0
PO_09279,PRD_4085,SUP_014,WH_077,2022-07-21,2022-08-03,2022-08-03,129,129.0
PO_09280,PRD_3084,SUP_045,WH_030,2023-01-19,2023-02-02,2023-02-02,365,365.0
PO_09281,PRD_0677,SUP_049,WH_042,2023-12-09,2023-12-18,,173,
PO_09282,PRD_3510,SUP_111,WH_041,2024-05-14,2024-05-16,2024-05-16,293,293.0
PO_09283,PRD_4934,SUP_047,WH_025,2022-07-05,2022-07-09,,216,
PO_09284,PRD_2393,SUP_170,WH_004,2022-11-20,2022-11-28,2022-11-28,247,247.0
PO_09285,PRD_3224,SUP_181,WH_078,2022-02-14,2022-02-22,,194,
PO_09286,PRD_2033,SUP_095,WH_070,2023-11-02,2023-11-04,2023-11-04,28,26.0
PO_09287,PRD_3890,SUP_011,WH_003,2023-05-11,2023-05-22,2023-05-22,22,22.0
PO_09288,PRD_1876,SUP_072,WH_025,2023-09-24,2023-09-28,2023-09-28,230,230.0
PO_09289,PRD_0717,SUP_131,WH_036,2022-01-26,2022-02-02,2022-02-10,385,385.0
PO_09290,PRD_3175,SUP_062,WH_008,2023-10-23,2023-10-31,2023-10-31,400,374.0
PO_09291,PRD_3183,SUP_079,WH_068,2022-03-06,2022-03-11,2022-03-16,253,253.0
PO_09292,PRD_0663,SUP_149,WH_061,2022-06-08,2022-06-15,2022-06-15,236,236.0
PO_09293,PRD_2240,SUP_011,WH_052,2022-10-23,2022-11-03,2022-11-03,404,404.0
PO_09294,PRD_2810,SUP_063,WH_064,2022-05-26,2022-06-06,2022-06-06,102,102.0
PO_09295,PRD_0002,SUP_185,WH_045,2023-12-16,2023-12-30,2024-01-02,69,50.0
PO_09296,PRD_0308,SUP_058,WH_002,2022-09-02,2022-09-03,2022-09-03,466,319.0
PO_09297,PRD_1246,SUP_017,WH_054,2024-12-12,2024-12-15,2024-12-15,54,54.0
PO_09298,PRD_1517,SUP_057,WH_008,2025-05-13,2025-05-18,2025-05-18,468,312.0
PO_09299,PRD_4943,SUP_015,WH_002,2022-04-24,2022-05-01,2022-05-01,277,277.0
PO_09300,PRD_4572,SUP_021,WH_062,2025-06-10,2025-06-20,2025-06-20,92,92.0
PO_09301,PRD_4970,SUP_128,WH_006,2024-06-07,2024-06-10,2024-06-10,251,251.0
PO_09302,PRD_1338,SUP_157,WH_032,2022-01-11,2022-01-12,,446,
PO_09303,PRD_1227,SUP_127,WH_053,2024-07-03,2024-07-13,2024-07-13,170,170.0
PO_09304,PRD_1831,SUP_137,WH_036,2024-04-22,2024-04-24,2024-04-24,389,389.0
PO_09305,PRD_0293,SUP_095,WH_034,2025-10-26,2025-10-28,2025-10-28,304,304.0
PO_09306,PRD_4849,SUP_021,WH_038,2025-05-06,2025-05-16,2025-05-16,87,87.0
PO_09307,PRD_4898,SUP_012,WH_019,2024-06-25,2024-07-08,2024-07-12,31,28.0
PO_09308,PRD_1866,SUP_021,WH_080,2024-11-07,2024-11-17,2024-11-17,395,395.0
PO_09309,PRD_1067,SUP_022,WH_004,2023-01-25,2023-02-07,2023-02-07,348,348.0
PO_09310,PRD_2147,SUP_149,WH_032,2023-04-04,2023-04-11,2023-04-11,368,368.0
PO_09311,PRD_2993,SUP_143,WH_054,2023-11-19,2023-11-28,2023-11-28,358,358.0
PO_09312,PRD_4176,SUP_081,WH_026,2022-05-20,2022-05-28,,432,
PO_09313,PRD_3849,SUP_045,WH_006,2022-03-22,2022-04-05,2022-04-11,203,203.0
PO_09314,PRD_3936,SUP_114,WH_040,2022-07-08,2022-07-19,2022-07-19,394,394.0
PO_09315,PRD_3471,SUP_051,WH_020,2023-05-22,2023-05-29,2023-05-30,441,441.0
PO_09316,PRD_4619,SUP_105,WH_066,2022-04-18,2022-04-29,2022-04-29,208,208.0
PO_09317,PRD_2206,SUP_152,WH_062,2025-04-02,2025-04-11,2025-04-11,336,336.0
PO_09318,PRD_4691,SUP_122,WH_029,2024-10-22,2024-10-26,2024-10-26,483,483.0
PO_09319,PRD_4046,SUP_103,WH_042,2023-01-03,2023-01-14,2023-01-14,213,213.0
PO_09320,PRD_3273,SUP_117,WH_069,2025-09-27,2025-10-09,,495,
PO_09321,PRD_0525,SUP_176,WH_034,2025-01-13,2025-01-24,2025-01-24,495,495.0
PO_09322,PRD_2691,SUP_070,WH_004,2024-10-14,2024-10-15,2024-10-15,340,340.0
PO_09323,PRD_2747,SUP_189,WH_059,2022-09-03,2022-09-16,2022-09-24,357,357.0
PO_09324,PRD_0134,SUP_054,WH_013,2023-03-21,2023-04-01,,412,
PO_09325,PRD_3975,SUP_167,WH_025,2022-12-08,2022-12-11,2022-12-11,349,349.0
PO_09326,PRD_4800,SUP_145,WH_012,2023-04-16,2023-04-23,2023-04-28,445,405.0
PO_09327,PRD_3448,SUP_058,WH_010,2022-08-19,2022-08-20,2022-08-20,181,181.0
PO_09328,PRD_4274,SUP_126,WH_067,2025-02-26,2025-03-01,2025-03-08,323,323.0
PO_09329,PRD_3666,SUP_065,WH_005,2025-10-06,2025-10-14,2025-10-16,468,401.0
PO_09330,PRD_3500,SUP_074,WH_012,2023-08-10,2023-08-24,,111,
PO_09331,PRD_4995,SUP_159,WH_080,2025-06-10,2025-06-22,2025-06-22,301,301.0
PO_09332,PRD_4697,SUP_074,WH_039,2023-07-02,2023-07-16,2023-07-16,244,244.0
PO_09333,PRD_2045,SUP_066,WH_042,2025-11-06,2025-11-15,2025-11-15,208,208.0
PO_09334,PRD_1942,SUP_095,WH_058,2023-11-19,2023-11-21,2023-11-29,100,100.0
PO_09335,PRD_0236,SUP_185,WH_050,2022-03-10,2022-03-24,2022-03-24,368,368.0
PO_09336,PRD_4806,SUP_145,WH_042,2024-02-04,2024-02-11,2024-02-11,199,199.0
PO_09337,PRD_2252,SUP_095,WH_001,2025-06-07,2025-06-09,2025-06-09,289,238.0
PO_09338,PRD_4797,SUP_157,WH_075,2022-06-19,2022-06-20,2022-06-20,174,174.0
PO_09339,PRD_4247,SUP_197,WH_018,2023-02-26,2023-03-07,,96,
PO_09340,PRD_0945,SUP_160,WH_043,2024-12-10,2024-12-15,2024-12-15,208,208.0
PO_09341,PRD_4745,SUP_037,WH_055,2025-05-14,2025-05-26,2025-05-27,242,214.0
PO_09342,PRD_1928,SUP_047,WH_078,2025-03-15,2025-03-19,2025-03-19,261,261.0
PO_09343,PRD_3917,SUP_126,WH_018,2024-01-15,2024-01-18,2024-01-18,260,260.0
PO_09344,PRD_4439,SUP_149,WH_065,2025-06-14,2025-06-21,2025-06-21,422,422.0
PO_09345,PRD_4833,SUP_084,WH_043,2022-12-01,2022-12-02,2022-12-02,308,308.0
PO_09346,PRD_0644,SUP_138,WH_005,2022-07-01,2022-07-09,2022-07-11,23,23.0
PO_09347,PRD_4894,SUP_045,WH_070,2023-09-03,2023-09-17,2023-09-17,265,265.0
PO_09348,PRD_1796,SUP_165,WH_048,2024-02-01,2024-02-10,2024-02-10,421,421.0
PO_09349,PRD_3977,SUP_194,WH_002,2025-09-08,2025-09-14,2025-09-14,452,452.0
PO_09350,PRD_2379,SUP_078,WH_047,2023-04-15,2023-04-16,2023-04-22,219,219.0
PO_09351,PRD_1396,SUP_152,WH_020,2024-09-07,2024-09-16,2024-09-16,235,235.0
PO_09352,PRD_0248,SUP_163,WH_073,2022-04-12,2022-04-19,,55,
PO_09353,PRD_0990,SUP_050,WH_058,2023-11-19,2023-11-22,2023-11-28,202,202.0
PO_09354,PRD_4640,SUP_167,WH_042,2025-12-11,2025-12-14,2025-12-14,167,167.0
PO_09355,PRD_2501,SUP_108,WH_028,2022-01-16,2022-01-24,,123,
PO_09356,PRD_4311,SUP_128,WH_019,2022-12-19,2022-12-22,2022-12-22,92,92.0
PO_09357,PRD_4584,SUP_012,WH_021,2024-10-01,2024-10-14,2024-10-14,324,324.0
PO_09358,PRD_4256,SUP_035,WH_058,2024-12-23,2025-01-02,2025-01-02,255,255.0
PO_09359,PRD_3816,SUP_163,WH_074,2025-06-13,2025-06-20,2025-06-20,264,264.0
PO_09360,PRD_2917,SUP_174,WH_016,2025-05-21,2025-05-29,2025-05-29,30,29.0
PO_09361,PRD_3580,SUP_155,WH_075,2024-10-22,2024-10-23,2024-10-23,66,66.0
PO_09362,PRD_1795,SUP_022,WH_027,2022-09-14,2022-09-27,2022-09-27,499,499.0
PO_09363,PRD_1776,SUP_014,WH_034,2024-07-06,2024-07-19,2024-07-19,438,438.0
PO_09364,PRD_1837,SUP_119,WH_050,2024-07-23,2024-07-29,2024-07-29,413,413.0
PO_09365,PRD_1229,SUP_199,WH_068,2022-06-15,2022-06-16,2022-06-16,417,417.0
PO_09366,PRD_2356,SUP_051,WH_076,2024-07-18,2024-07-25,2024-07-25,45,41.0
PO_09367,PRD_2114,SUP_008,WH_048,2024-09-08,2024-09-15,2024-09-15,446,446.0
PO_09368,PRD_3762,SUP_172,WH_029,2022-03-19,2022-03-27,2022-03-27,414,414.0
PO_09369,PRD_4471,SUP_031,WH_068,2025-03-18,2025-03-22,2025-03-28,200,133.0
PO_09370,PRD_3756,SUP_024,WH_039,2022-03-12,2022-03-21,,454,
PO_09371,PRD_2565,SUP_111,WH_013,2025-11-01,2025-11-03,2025-11-09,25,24.0
PO_09372,PRD_3790,SUP_172,WH_010,2023-09-06,2023-09-14,2023-09-14,147,147.0
PO_09373,PRD_0696,SUP_131,WH_003,2022-06-20,2022-06-27,2022-06-27,228,137.0
PO_09374,PRD_1626,SUP_138,WH_001,2023-10-01,2023-10-09,2023-10-09,309,309.0
PO_09375,PRD_1095,SUP_174,WH_061,2024-05-04,2024-05-12,2024-05-12,187,131.0
PO_09376,PRD_1416,SUP_040,WH_068,2025-08-17,2025-08-31,2025-08-31,335,333.0
PO_09377,PRD_2506,SUP_072,WH_071,2022-02-05,2022-02-09,2022-02-09,81,81.0
PO_09378,PRD_4134,SUP_103,WH_031,2022-07-14,2022-07-25,2022-07-25,410,410.0
PO_09379,PRD_0307,SUP_086,WH_006,2023-01-13,2023-01-15,2023-01-15,427,427.0
PO_09380,PRD_2481,SUP_022,WH_048,2025-12-18,2025-12-31,,170,
PO_09381,PRD_2940,SUP_153,WH_070,2023-09-12,2023-09-16,2023-09-20,300,300.0
PO_09382,PRD_2423,SUP_174,WH_052,2022-12-21,2022-12-29,2022-12-29,411,411.0
PO_09383,PRD_1373,SUP_185,WH_061,2022-06-05,2022-06-19,,213,
PO_09384,PRD_0255,SUP_058,WH_011,2025-07-02,2025-07-03,2025-07-03,233,223.0
PO_09385,PRD_4212,SUP_081,WH_072,2025-12-17,2025-12-25,2025-12-25,484,484.0
PO_09386,PRD_0929,SUP_141,WH_063,2025-09-07,2025-09-19,2025-09-19,44,44.0
PO_09387,PRD_2010,SUP_033,WH_052,2023-10-26,2023-11-09,2023-11-17,80,80.0
PO_09388,PRD_3460,SUP_030,WH_069,2024-06-23,2024-07-05,2024-07-05,42,42.0
PO_09389,PRD_2240,SUP_011,WH_033,2024-06-04,2024-06-15,2024-06-15,470,470.0
PO_09390,PRD_4996,SUP_128,WH_032,2022-12-09,2022-12-12,2022-12-20,472,472.0
PO_09391,PRD_1097,SUP_163,WH_017,2025-01-01,2025-01-08,2025-01-13,203,203.0
PO_09392,PRD_2284,SUP_161,WH_071,2023-05-27,2023-06-01,2023-06-09,21,21.0
PO_09393,PRD_3740,SUP_069,WH_037,2025-06-17,2025-07-01,2025-07-05,28,28.0
PO_09394,PRD_2977,SUP_114,WH_050,2023-03-22,2023-04-02,2023-04-02,343,343.0
PO_09395,PRD_1045,SUP_157,WH_065,2022-09-13,2022-09-14,2022-09-14,235,235.0
PO_09396,PRD_2176,SUP_184,WH_032,2025-02-03,2025-02-06,2025-02-06,162,162.0
PO_09397,PRD_1122,SUP_132,WH_007,2025-02-26,2025-03-02,2025-03-02,155,155.0
PO_09398,PRD_1335,SUP_085,WH_037,2025-05-15,2025-05-17,,24,
PO_09399,PRD_0454,SUP_046,WH_075,2025-07-14,2025-07-23,2025-07-23,307,307.0
PO_09400,PRD_4582,SUP_127,WH_027,2024-12-08,2024-12-18,2024-12-18,36,36.0
PO_09401,PRD_2336,SUP_018,WH_045,2024-07-07,2024-07-13,2024-07-18,261,261.0
PO_09402,PRD_3702,SUP_069,WH_030,2022-12-15,2022-12-29,2022-12-29,320,320.0
PO_09403,PRD_3146,SUP_048,WH_073,2025-06-08,2025-06-21,2025-06-26,193,193.0
PO_09404,PRD_1327,SUP_020,WH_055,2024-06-07,2024-06-09,2024-06-11,198,198.0
PO_09405,PRD_3003,SUP_062,WH_033,2025-04-12,2025-04-20,2025-04-24,32,32.0
PO_09406,PRD_1114,SUP_019,WH_023,2022-05-15,2022-05-27,2022-05-27,426,426.0
PO_09407,PRD_0263,SUP_028,WH_008,2023-03-22,2023-04-03,2023-04-11,112,112.0
PO_09408,PRD_3517,SUP_192,WH_012,2023-08-25,2023-08-27,2023-08-29,479,479.0
PO_09409,PRD_1395,SUP_040,WH_027,2025-01-07,2025-01-21,2025-01-26,169,169.0
PO_09410,PRD_4136,SUP_179,WH_057,2023-03-21,2023-03-25,,262,
PO_09411,PRD_2295,SUP_161,WH_038,2023-12-07,2023-12-12,2023-12-12,283,283.0
PO_09412,PRD_1316,SUP_061,WH_019,2022-11-27,2022-12-09,2022-12-09,251,251.0
PO_09413,PRD_0022,SUP_024,WH_058,2025-09-09,2025-09-18,2025-09-18,471,471.0
PO_09414,PRD_0062,SUP_126,WH_058,2024-10-27,2024-10-30,2024-10-30,78,78.0
PO_09415,PRD_2365,SUP_148,WH_017,2022-09-05,2022-09-08,2022-09-08,22,22.0
PO_09416,PRD_0308,SUP_058,WH_064,2022-09-08,2022-09-09,2022-09-09,303,303.0
PO_09417,PRD_3037,SUP_174,WH_074,2025-06-02,2025-06-10,2025-06-10,337,337.0
PO_09418,PRD_2022,SUP_156,WH_012,2023-03-18,2023-03-20,2023-03-26,81,81.0
PO_09419,PRD_4099,SUP_128,WH_041,2025-07-20,2025-07-23,2025-07-31,235,235.0
PO_09420,PRD_3522,SUP_019,WH_001,2024-11-02,2024-11-14,2024-11-14,247,163.0
PO_09421,PRD_0617,SUP_149,WH_013,2024-07-03,2024-07-10,2024-07-10,314,314.0
PO_09422,PRD_1149,SUP_046,WH_046,2024-08-14,2024-08-23,2024-08-23,35,35.0
PO_09423,PRD_4202,SUP_049,WH_077,2025-04-07,2025-04-16,2025-04-16,364,364.0
PO_09424,PRD_3291,SUP_058,WH_064,2024-02-09,2024-02-10,2024-02-10,120,120.0
PO_09425,PRD_2803,SUP_178,WH_004,2023-11-22,2023-11-30,2023-11-30,37,37.0
PO_09426,PRD_0517,SUP_010,WH_073,2023-07-09,2023-07-22,2023-07-22,238,238.0
PO_09427,PRD_2755,SUP_060,WH_036,2023-09-21,2023-10-01,2023-10-01,164,164.0
PO_09428,PRD_0073,SUP_034,WH_069,2022-02-24,2022-03-07,,390,
PO_09429,PRD_2986,SUP_077,WH_009,2022-05-03,2022-05-06,2022-05-08,210,210.0
PO_09430,PRD_4679,SUP_135,WH_034,2025-01-04,2025-01-12,2025-01-12,154,154.0
PO_09431,PRD_3062,SUP_021,WH_002,2024-09-21,2024-10-01,2024-10-01,79,79.0
PO_09432,PRD_3039,SUP_116,WH_028,2024-12-27,2025-01-05,2025-01-05,441,286.0
PO_09433,PRD_2461,SUP_063,WH_020,2023-05-18,2023-05-29,2023-05-29,150,150.0
PO_09434,PRD_4601,SUP_018,WH_003,2025-11-13,2025-11-19,2025-11-19,156,156.0
PO_09435,PRD_3451,SUP_176,WH_001,2023-03-02,2023-03-13,2023-03-18,235,235.0
PO_09436,PRD_2371,SUP_174,WH_072,2025-07-18,2025-07-26,2025-07-29,309,309.0
PO_09437,PRD_4867,SUP_111,WH_055,2023-10-01,2023-10-03,2023-10-03,112,112.0
PO_09438,PRD_4543,SUP_127,WH_058,2025-05-19,2025-05-29,,327,
PO_09439,PRD_1620,SUP_108,WH_027,2022-07-07,2022-07-15,2022-07-15,118,76.0
PO_09440,PRD_0818,SUP_146,WH_067,2024-09-11,2024-09-25,2024-09-25,493,493.0
PO_09441,PRD_0737,SUP_134,WH_011,2022-10-01,2022-10-02,2022-10-05,92,92.0
PO_09442,PRD_3661,SUP_153,WH_056,2023-02-04,2023-02-08,2023-02-08,358,358.0
PO_09443,PRD_1340,SUP_100,WH_067,2023-01-04,2023-01-11,2023-01-11,244,244.0
PO_09444,PRD_2817,SUP_117,WH_032,2022-04-21,2022-05-03,2022-05-03,47,47.0
PO_09445,PRD_4553,SUP_129,WH_010,2025-07-08,2025-07-11,2025-07-11,374,374.0
PO_09446,PRD_4503,SUP_192,WH_046,2025-03-10,2025-03-12,2025-03-12,263,263.0
PO_09447,PRD_0875,SUP_174,WH_057,2023-02-06,2023-02-14,2023-02-17,115,115.0
PO_09448,PRD_3279,SUP_019,WH_072,2023-06-18,2023-06-30,2023-06-30,216,216.0
PO_09449,PRD_4560,SUP_033,WH_046,2025-11-11,2025-11-25,2025-11-25,218,218.0
PO_09450,PRD_0834,SUP_033,WH_004,2022-03-23,2022-04-06,,294,
PO_09451,PRD_4786,SUP_159,WH_032,2025-02-15,2025-02-27,2025-02-27,71,71.0
PO_09452,PRD_3590,SUP_148,WH_031,2025-08-05,2025-08-08,2025-08-14,347,347.0
PO_09453,PRD_0054,SUP_071,WH_034,2022-12-17,2022-12-27,2022-12-27,166,154.0
PO_09454,PRD_0754,SUP_001,WH_023,2023-04-18,2023-04-25,2023-04-25,376,376.0
PO_09455,PRD_1052,SUP_132,WH_064,2024-01-08,2024-01-12,2024-01-12,32,32.0
PO_09456,PRD_0337,SUP_028,WH_011,2022-08-14,2022-08-26,2022-08-26,339,320.0
PO_09457,PRD_3565,SUP_154,WH_054,2023-07-01,2023-07-13,2023-07-13,171,171.0
PO_09458,PRD_0534,SUP_165,WH_004,2025-11-20,2025-11-29,2025-11-29,318,318.0
PO_09459,PRD_2192,SUP_177,WH_070,2023-04-22,2023-04-23,2023-04-23,329,329.0
PO_09460,PRD_4976,SUP_084,WH_025,2023-02-21,2023-02-22,2023-02-22,494,494.0
PO_09461,PRD_1838,SUP_005,WH_067,2025-02-06,2025-02-10,2025-02-16,282,203.0
PO_09462,PRD_0159,SUP_071,WH_014,2023-11-26,2023-12-06,2023-12-06,77,77.0
PO_09463,PRD_3164,SUP_174,WH_075,2022-09-14,2022-09-22,2022-09-22,414,414.0
PO_09464,PRD_2166,SUP_006,WH_056,2023-03-15,2023-03-29,2023-04-06,172,172.0
PO_09465,PRD_0871,SUP_187,WH_004,2024-12-13,2024-12-16,2024-12-20,216,216.0
PO_09466,PRD_4703,SUP_125,WH_057,2022-10-19,2022-10-23,2022-10-23,438,279.0
PO_09467,PRD_1662,SUP_091,WH_002,2023-09-03,2023-09-04,2023-09-04,493,493.0
PO_09468,PRD_0807,SUP_104,WH_009,2024-04-16,2024-04-24,2024-04-30,226,226.0
PO_09469,PRD_2656,SUP_091,WH_001,2023-09-01,2023-09-02,,481,
PO_09470,PRD_4621,SUP_122,WH_025,2024-03-22,2024-03-26,,412,
PO_09471,PRD_0597,SUP_001,WH_001,2024-09-05,2024-09-12,,76,
PO_09472,PRD_3365,SUP_181,WH_014,2023-06-21,2023-06-29,2023-06-29,331,331.0
PO_09473,PRD_2828,SUP_014,WH_080,2024-12-07,2024-12-20,2024-12-20,26,18.0
PO_09474,PRD_3919,SUP_126,WH_062,2023-01-13,2023-01-16,2023-01-16,152,152.0
PO_09475,PRD_3513,SUP_069,WH_049,2025-09-14,2025-09-28,,155,
PO_09476,PRD_2368,SUP_110,WH_008,2025-10-09,2025-10-13,,122,
PO_09477,PRD_0647,SUP_103,WH_050,2023-10-26,2023-11-06,2023-11-06,27,27.0
PO_09478,PRD_2804,SUP_141,WH_026,2022-04-06,2022-04-18,2022-04-18,199,199.0
PO_09479,PRD_3726,SUP_150,WH_079,2024-05-04,2024-05-16,2024-05-16,168,143.0
PO_09480,PRD_0255,SUP_058,WH_065,2024-02-15,2024-02-16,2024-02-16,422,422.0
PO_09481,PRD_1594,SUP_125,WH_064,2022-08-15,2022-08-19,2022-08-21,171,171.0
PO_09482,PRD_3515,SUP_139,WH_014,2022-08-19,2022-08-20,2022-08-20,276,276.0
PO_09483,PRD_4605,SUP_196,WH_026,2024-02-19,2024-03-03,2024-03-03,229,229.0
PO_09484,PRD_0143,SUP_109,WH_014,2024-07-05,2024-07-10,2024-07-10,206,206.0
PO_09485,PRD_0377,SUP_186,WH_022,2024-12-11,2024-12-20,2024-12-20,456,456.0
PO_09486,PRD_1958,SUP_011,WH_051,2025-02-25,2025-03-08,,380,
PO_09487,PRD_2268,SUP_080,WH_052,2025-01-15,2025-01-16,2025-01-16,427,427.0
PO_09488,PRD_3261,SUP_105,WH_009,2025-09-02,2025-09-13,2025-09-13,89,89.0
PO_09489,PRD_2950,SUP_030,WH_018,2023-01-07,2023-01-19,2023-01-19,86,74.0
PO_09490,PRD_4088,SUP_041,WH_045,2024-12-18,2024-12-19,2024-12-19,203,203.0
PO_09491,PRD_2659,SUP_046,WH_040,2025-12-26,2026-01-04,2026-01-04,340,340.0
PO_09492,PRD_0459,SUP_118,WH_016,2022-12-10,2022-12-21,,278,
PO_09493,PRD_2615,SUP_046,WH_023,2023-04-24,2023-05-03,2023-05-03,223,223.0
PO_09494,PRD_4016,SUP_179,WH_038,2023-08-24,2023-08-28,2023-08-28,433,433.0
PO_09495,PRD_1769,SUP_047,WH_044,2024-01-17,2024-01-21,2024-01-21,40,40.0
PO_09496,PRD_4674,SUP_068,WH_063,2024-12-15,2024-12-16,2024-12-16,243,243.0
PO_09497,PRD_3667,SUP_019,WH_077,2022-05-01,2022-05-13,2022-05-14,326,326.0
PO_09498,PRD_3307,SUP_153,WH_052,2023-11-12,2023-11-16,2023-11-16,478,478.0
PO_09499,PRD_0663,SUP_149,WH_037,2025-04-04,2025-04-11,2025-04-11,156,156.0
PO_09500,PRD_1855,SUP_035,WH_023,2024-10-09,2024-10-19,2024-10-19,320,194.0
PO_09501,PRD_2155,SUP_062,WH_066,2022-02-27,2022-03-07,,174,
PO_09502,PRD_4640,SUP_167,WH_015,2025-08-24,2025-08-27,2025-08-27,480,480.0
PO_09503,PRD_4003,SUP_156,WH_034,2023-10-16,2023-10-18,,232,
PO_09504,PRD_1051,SUP_132,WH_043,2023-09-13,2023-09-17,2023-09-17,398,241.0
PO_09505,PRD_4928,SUP_092,WH_049,2022-01-06,2022-01-07,2022-01-07,418,418.0
PO_09506,PRD_4441,SUP_058,WH_020,2024-07-09,2024-07-10,2024-07-10,399,399.0
PO_09507,PRD_3759,SUP_196,WH_024,2025-06-10,2025-06-23,2025-06-28,488,431.0
PO_09508,PRD_4159,SUP_032,WH_076,2024-04-11,2024-04-25,2024-05-03,111,111.0
PO_09509,PRD_1375,SUP_107,WH_035,2024-10-10,2024-10-16,,380,
PO_09510,PRD_0977,SUP_185,WH_068,2024-01-16,2024-01-30,2024-01-30,462,462.0
PO_09511,PRD_2373,SUP_174,WH_068,2022-01-20,2022-01-28,2022-01-28,237,158.0
PO_09512,PRD_3175,SUP_062,WH_003,2022-09-04,2022-09-12,2022-09-12,111,66.0
PO_09513,PRD_4305,SUP_154,WH_064,2022-06-14,2022-06-26,2022-06-26,290,290.0
PO_09514,PRD_2196,SUP_152,WH_004,2022-04-12,2022-04-21,,194,
PO_09515,PRD_4165,SUP_117,WH_017,2023-06-16,2023-06-28,2023-06-28,90,90.0
PO_09516,PRD_1767,SUP_007,WH_007,2022-03-07,2022-03-12,2022-03-18,253,253.0
PO_09517,PRD_3841,SUP_042,WH_028,2023-08-06,2023-08-07,2023-08-07,276,276.0
PO_09518,PRD_4573,SUP_024,WH_077,2024-09-13,2024-09-22,2024-09-22,411,411.0
PO_09519,PRD_4047,SUP_197,WH_004,2024-08-24,2024-09-02,2024-09-02,375,375.0
PO_09520,PRD_3279,SUP_019,WH_064,2022-05-24,2022-06-05,2022-06-08,338,338.0
PO_09521,PRD_2889,SUP_109,WH_063,2023-11-09,2023-11-14,2023-11-14,334,329.0
PO_09522,PRD_2949,SUP_041,WH_058,2025-07-16,2025-07-17,2025-07-17,86,86.0
PO_09523,PRD_3934,SUP_027,WH_043,2023-02-10,2023-02-22,2023-02-22,389,389.0
PO_09524,PRD_4988,SUP_062,WH_057,2024-12-20,2024-12-28,2024-12-28,425,425.0
PO_09525,PRD_4871,SUP_021,WH_006,2022-10-08,2022-10-18,2022-10-18,155,112.0
PO_09526,PRD_4313,SUP_117,WH_036,2022-11-16,2022-11-28,2022-11-28,489,489.0
PO_09527,PRD_4389,SUP_031,WH_022,2024-01-24,2024-01-28,2024-02-03,167,167.0
PO_09528,PRD_1542,SUP_077,WH_027,2022-09-14,2022-09-17,2022-09-17,385,324.0
PO_09529,PRD_2753,SUP_076,WH_057,2025-08-26,2025-08-28,2025-08-31,226,226.0
PO_09530,PRD_1701,SUP_196,WH_002,2023-10-24,2023-11-06,2023-11-12,50,50.0
PO_09531,PRD_3016,SUP_159,WH_049,2024-08-01,2024-08-13,2024-08-13,405,281.0
PO_09532,PRD_4533,SUP_012,WH_077,2025-08-13,2025-08-26,2025-08-26,492,492.0
PO_09533,PRD_3975,SUP_167,WH_040,2022-09-18,2022-09-21,2022-09-21,91,91.0
PO_09534,PRD_4475,SUP_166,WH_059,2025-12-23,2025-12-26,2025-12-26,457,457.0
PO_09535,PRD_1711,SUP_108,WH_025,2023-03-21,2023-03-29,2023-03-29,319,256.0
PO_09536,PRD_4475,SUP_166,WH_032,2022-12-11,2022-12-14,2022-12-14,454,360.0
PO_09537,PRD_1063,SUP_170,WH_012,2022-03-01,2022-03-09,,124,
PO_09538,PRD_2676,SUP_188,WH_063,2024-05-14,2024-05-23,2024-05-23,330,330.0
PO_09539,PRD_1266,SUP_041,WH_001,2025-03-09,2025-03-10,2025-03-10,82,82.0
PO_09540,PRD_3363,SUP_019,WH_013,2022-01-26,2022-02-07,2022-02-07,132,132.0
PO_09541,PRD_1514,SUP_193,WH_019,2025-12-14,2025-12-16,2025-12-16,489,489.0
PO_09542,PRD_3871,SUP_011,WH_030,2023-09-09,2023-09-20,2023-09-20,341,341.0
PO_09543,PRD_0128,SUP_073,WH_076,2022-05-18,2022-05-30,2022-05-30,446,435.0
PO_09544,PRD_2413,SUP_031,WH_067,2022-12-04,2022-12-08,2022-12-08,470,470.0
PO_09545,PRD_0521,SUP_008,WH_025,2022-05-07,2022-05-14,2022-05-14,139,139.0
PO_09546,PRD_4564,SUP_040,WH_071,2023-05-24,2023-06-07,2023-06-07,212,212.0
PO_09547,PRD_3026,SUP_068,WH_062,2025-12-25,2025-12-26,2025-12-26,230,224.0
PO_09548,PRD_3053,SUP_126,WH_070,2023-02-05,2023-02-08,2023-02-08,426,426.0
PO_09549,PRD_3339,SUP_181,WH_061,2025-11-16,2025-11-24,2025-12-02,316,316.0
PO_09550,PRD_1307,SUP_119,WH_056,2025-03-27,2025-04-02,2025-04-02,214,214.0
PO_09551,PRD_0077,SUP_065,WH_022,2024-04-27,2024-05-05,2024-05-05,395,395.0
PO_09552,PRD_3448,SUP_058,WH_079,2023-06-14,2023-06-15,2023-06-15,363,363.0
PO_09553,PRD_1136,SUP_099,WH_057,2024-09-18,2024-09-24,2024-09-24,106,106.0
PO_09554,PRD_4612,SUP_085,WH_073,2024-12-19,2024-12-21,2024-12-21,56,56.0
PO_09555,PRD_1458,SUP_134,WH_074,2023-10-08,2023-10-09,2023-10-14,264,188.0
PO_09556,PRD_3741,SUP_196,WH_037,2025-04-27,2025-05-10,2025-05-17,291,226.0
PO_09557,PRD_1713,SUP_108,WH_076,2023-03-05,2023-03-13,2023-03-13,481,349.0
PO_09558,PRD_3621,SUP_078,WH_045,2024-08-25,2024-08-26,2024-08-26,468,468.0
PO_09559,PRD_1749,SUP_145,WH_044,2024-07-10,2024-07-17,2024-07-25,27,27.0
PO_09560,PRD_1068,SUP_024,WH_002,2023-09-06,2023-09-15,2023-09-15,162,162.0
PO_09561,PRD_1807,SUP_110,WH_003,2024-08-13,2024-08-17,,156,
PO_09562,PRD_0780,SUP_177,WH_076,2023-04-04,2023-04-05,2023-04-06,135,135.0
PO_09563,PRD_0227,SUP_073,WH_058,2022-11-18,2022-11-30,,460,
PO_09564,PRD_2291,SUP_174,WH_066,2025-10-17,2025-10-25,2025-10-25,283,228.0
PO_09565,PRD_0811,SUP_108,WH_071,2023-03-20,2023-03-28,,171,
PO_09566,PRD_1748,SUP_022,WH_028,2025-08-27,2025-09-09,2025-09-09,454,454.0
PO_09567,PRD_0255,SUP_058,WH_061,2025-03-08,2025-03-09,2025-03-09,491,491.0
PO_09568,PRD_4820,SUP_098,WH_003,2025-12-15,2025-12-25,2025-12-31,436,436.0
PO_09569,PRD_1829,SUP_098,WH_036,2022-01-09,2022-01-19,2022-01-19,384,284.0
PO_09570,PRD_1418,SUP_115,WH_023,2022-09-06,2022-09-07,2022-09-11,161,161.0
PO_09571,PRD_3020,SUP_065,WH_069,2022-07-23,2022-07-31,,190,
PO_09572,PRD_0085,SUP_070,WH_079,2024-08-17,2024-08-18,2024-08-20,178,157.0
PO_09573,PRD_0613,SUP_012,WH_060,2025-07-25,2025-08-07,2025-08-07,37,37.0
PO_09574,PRD_4860,SUP_047,WH_065,2025-06-02,2025-06-06,2025-06-06,423,377.0
PO_09575,PRD_3337,SUP_177,WH_069,2024-02-25,2024-02-26,2024-02-26,386,386.0
PO_09576,PRD_3360,SUP_105,WH_036,2023-11-08,2023-11-19,2023-11-19,176,176.0
PO_09577,PRD_2178,SUP_137,WH_009,2022-09-14,2022-09-16,,448,
PO_09578,PRD_3051,SUP_103,WH_021,2024-03-13,2024-03-24,2024-03-24,211,211.0
PO_09579,PRD_1500,SUP_174,WH_008,2025-09-04,2025-09-12,2025-09-12,159,159.0
PO_09580,PRD_4684,SUP_135,WH_006,2024-06-01,2024-06-09,2024-06-17,447,447.0
PO_09581,PRD_3281,SUP_051,WH_048,2025-04-10,2025-04-17,,180,
PO_09582,PRD_0865,SUP_160,WH_047,2025-03-15,2025-03-20,2025-03-22,149,149.0
PO_09583,PRD_3613,SUP_074,WH_021,2025-11-13,2025-11-27,2025-11-27,352,352.0
PO_09584,PRD_3527,SUP_079,WH_051,2023-08-24,2023-08-29,2023-08-29,472,472.0
PO_09585,PRD_4307,SUP_024,WH_038,2025-02-21,2025-03-02,2025-03-02,121,121.0
PO_09586,PRD_0064,SUP_126,WH_028,2024-08-12,2024-08-15,2024-08-15,477,463.0
PO_09587,PRD_3137,SUP_021,WH_065,2024-09-10,2024-09-20,2024-09-20,496,449.0
PO_09588,PRD_0838,SUP_177,WH_042,2023-04-26,2023-04-27,,473,
PO_09589,PRD_1101,SUP_194,WH_058,2023-07-12,2023-07-18,2023-07-18,461,461.0
PO_09590,PRD_0309,SUP_105,WH_080,2024-10-13,2024-10-24,2024-10-24,101,64.0
PO_09591,PRD_0303,SUP_175,WH_059,2024-01-15,2024-01-19,2024-01-19,41,41.0
PO_09592,PRD_4106,SUP_106,WH_044,2022-08-16,2022-08-17,2022-08-17,399,399.0
PO_09593,PRD_1656,SUP_104,WH_080,2022-09-04,2022-09-12,2022-09-12,372,372.0
PO_09594,PRD_1084,SUP_044,WH_023,2025-11-05,2025-11-16,2025-11-16,445,445.0
PO_09595,PRD_4982,SUP_045,WH_034,2022-07-19,2022-08-02,2022-08-02,43,43.0
PO_09596,PRD_3974,SUP_121,WH_049,2025-02-04,2025-02-07,2025-02-07,159,159.0
PO_09597,PRD_1791,SUP_084,WH_032,2024-04-25,2024-04-26,2024-04-26,278,278.0
PO_09598,PRD_0569,SUP_067,WH_023,2022-10-27,2022-10-31,2022-10-31,133,133.0
PO_09599,PRD_0305,SUP_011,WH_056,2022-05-15,2022-05-26,2022-05-31,398,398.0
PO_09600,PRD_3645,SUP_111,WH_060,2025-05-12,2025-05-14,2025-05-14,495,425.0
PO_09601,PRD_0978,SUP_085,WH_079,2024-12-19,2024-12-21,2024-12-21,469,469.0
PO_09602,PRD_4382,SUP_115,WH_007,2024-05-01,2024-05-02,2024-05-02,498,498.0
PO_09603,PRD_4497,SUP_004,WH_060,2024-01-20,2024-02-02,2024-02-02,112,90.0
PO_09604,PRD_3151,SUP_114,WH_075,2022-03-16,2022-03-27,2022-03-27,347,347.0
PO_09605,PRD_2188,SUP_095,WH_012,2025-07-15,2025-07-17,2025-07-20,447,447.0
PO_09606,PRD_2791,SUP_135,WH_049,2022-11-11,2022-11-19,2022-11-19,106,106.0
PO_09607,PRD_2163,SUP_028,WH_017,2025-01-11,2025-01-23,2025-01-23,27,27.0
PO_09608,PRD_1080,SUP_109,WH_005,2024-10-20,2024-10-25,2024-10-25,196,196.0
PO_09609,PRD_4200,SUP_069,WH_038,2025-08-07,2025-08-21,,134,
PO_09610,PRD_1461,SUP_062,WH_060,2023-04-18,2023-04-26,2023-05-02,352,352.0
PO_09611,PRD_0520,SUP_046,WH_025,2024-01-25,2024-02-03,2024-02-03,338,338.0
PO_09612,PRD_3276,SUP_121,WH_040,2022-03-03,2022-03-06,2022-03-06,177,177.0
PO_09613,PRD_3616,SUP_078,WH_015,2024-09-01,2024-09-02,2024-09-02,35,35.0
PO_09614,PRD_2265,SUP_170,WH_069,2022-03-15,2022-03-23,2022-03-23,304,304.0
PO_09615,PRD_3074,SUP_179,WH_011,2023-11-13,2023-11-17,2023-11-17,216,216.0
PO_09616,PRD_4899,SUP_106,WH_002,2022-12-17,2022-12-18,2022-12-18,392,392.0
PO_09617,PRD_3912,SUP_027,WH_002,2022-05-06,2022-05-18,2022-05-19,427,283.0
PO_09618,PRD_0883,SUP_171,WH_068,2022-11-25,2022-12-01,2022-12-01,484,395.0
PO_09619,PRD_0909,SUP_185,WH_051,2023-08-08,2023-08-22,2023-08-26,293,293.0
PO_09620,PRD_2047,SUP_145,WH_031,2022-10-01,2022-10-08,2022-10-08,376,250.0
PO_09621,PRD_0938,SUP_076,WH_001,2023-10-01,2023-10-03,2023-10-10,144,94.0
PO_09622,PRD_1834,SUP_117,WH_073,2023-08-05,2023-08-17,2023-08-19,361,361.0
PO_09623,PRD_4699,SUP_135,WH_018,2023-12-07,2023-12-15,,183,
PO_09624,PRD_1219,SUP_132,WH_068,2024-02-15,2024-02-19,2024-02-19,162,162.0
PO_09625,PRD_1549,SUP_189,WH_059,2024-01-16,2024-01-29,,343,
PO_09626,PRD_0015,SUP_196,WH_077,2023-03-03,2023-03-16,2023-03-16,109,109.0
PO_09627,PRD_1427,SUP_141,WH_054,2025-05-02,2025-05-14,2025-05-14,317,198.0
PO_09628,PRD_1604,SUP_138,WH_029,2025-01-16,2025-01-24,2025-01-24,121,76.0
PO_09629,PRD_0100,SUP_028,WH_020,2024-12-01,2024-12-13,2024-12-13,100,80.0
PO_09630,PRD_2645,SUP_091,WH_021,2024-08-03,2024-08-04,2024-08-12,218,218.0
PO_09631,PRD_0335,SUP_098,WH_050,2024-12-10,2024-12-20,,498,
PO_09632,PRD_1131,SUP_131,WH_017,2025-05-05,2025-05-12,2025-05-12,235,235.0
PO_09633,PRD_2485,SUP_119,WH_068,2023-06-12,2023-06-18,2023-06-18,145,99.0
PO_09634,PRD_2203,SUP_089,WH_076,2023-10-01,2023-10-08,,356,
PO_09635,PRD_4195,SUP_106,WH_065,2024-02-25,2024-02-26,2024-02-26,197,197.0
PO_09636,PRD_3559,SUP_011,WH_078,2025-11-14,2025-11-25,2025-11-27,234,234.0
PO_09637,PRD_1390,SUP_174,WH_076,2024-12-23,2024-12-31,2025-01-03,415,415.0
PO_09638,PRD_3798,SUP_045,WH_052,2023-05-14,2023-05-28,2023-05-28,185,185.0
PO_09639,PRD_0178,SUP_109,WH_035,2024-07-06,2024-07-11,2024-07-11,33,22.0
PO_09640,PRD_4572,SUP_021,WH_024,2023-01-09,2023-01-19,2023-01-26,187,187.0
PO_09641,PRD_1392,SUP_144,WH_056,2025-10-27,2025-10-29,2025-10-29,68,68.0
PO_09642,PRD_1085,SUP_057,WH_059,2025-05-17,2025-05-22,2025-05-22,50,50.0
PO_09643,PRD_4023,SUP_197,WH_021,2022-07-12,2022-07-21,2022-07-21,368,368.0
PO_09644,PRD_1752,SUP_058,WH_074,2024-12-01,2024-12-02,2024-12-02,463,463.0
PO_09645,PRD_4013,SUP_125,WH_038,2022-10-08,2022-10-12,2022-10-12,113,113.0
PO_09646,PRD_0429,SUP_038,WH_010,2023-04-06,2023-04-15,2023-04-15,270,270.0
PO_09647,PRD_2185,SUP_177,WH_079,2025-02-25,2025-02-26,2025-03-06,242,242.0
PO_09648,PRD_4394,SUP_089,WH_045,2023-02-23,2023-03-02,2023-03-02,431,431.0
PO_09649,PRD_0078,SUP_034,WH_053,2024-11-20,2024-12-01,2024-12-01,118,118.0
PO_09650,PRD_1857,SUP_087,WH_016,2023-03-06,2023-03-18,2023-03-23,478,478.0
PO_09651,PRD_1957,SUP_056,WH_069,2023-02-15,2023-03-01,2023-03-01,465,356.0
PO_09652,PRD_3681,SUP_180,WH_078,2023-01-22,2023-01-28,2023-01-29,400,400.0
PO_09653,PRD_2592,SUP_119,WH_039,2025-06-14,2025-06-20,2025-06-20,50,50.0
PO_09654,PRD_4576,SUP_112,WH_043,2022-10-06,2022-10-12,2022-10-12,244,244.0
PO_09655,PRD_1112,SUP_044,WH_030,2022-04-16,2022-04-27,2022-04-27,425,425.0
PO_09656,PRD_0590,SUP_067,WH_054,2025-01-18,2025-01-22,2025-01-23,453,453.0
PO_09657,PRD_1830,SUP_196,WH_005,2023-10-09,2023-10-22,2023-10-22,354,354.0
PO_09658,PRD_4523,SUP_012,WH_009,2025-09-09,2025-09-22,2025-09-22,436,436.0
PO_09659,PRD_1576,SUP_087,WH_034,2022-05-10,2022-05-22,2022-05-22,477,477.0
PO_09660,PRD_0124,SUP_065,WH_033,2024-07-05,2024-07-13,2024-07-13,229,189.0
PO_09661,PRD_1193,SUP_061,WH_008,2022-01-18,2022-01-30,2022-01-30,135,135.0
PO_09662,PRD_4029,SUP_114,WH_026,2023-12-25,2024-01-05,2024-01-05,339,339.0
PO_09663,PRD_0102,SUP_191,WH_058,2023-11-09,2023-11-23,2023-11-23,264,264.0
PO_09664,PRD_2037,SUP_008,WH_016,2022-01-13,2022-01-20,,82,
PO_09665,PRD_4492,SUP_077,WH_061,2022-06-02,2022-06-05,2022-06-05,186,186.0
PO_09666,PRD_4995,SUP_159,WH_044,2022-07-13,2022-07-25,2022-07-25,396,345.0
PO_09667,PRD_1403,SUP_136,WH_018,2024-04-13,2024-04-20,2024-04-23,202,201.0
PO_09668,PRD_3558,SUP_024,WH_059,2024-10-22,2024-10-31,2024-10-31,51,51.0
PO_09669,PRD_3429,SUP_153,WH_075,2025-06-23,2025-06-27,2025-06-27,66,39.0
PO_09670,PRD_0015,SUP_196,WH_041,2025-11-23,2025-12-06,2025-12-06,57,57.0
PO_09671,PRD_3957,SUP_173,WH_025,2022-04-14,2022-04-15,2022-04-15,254,254.0
PO_09672,PRD_1905,SUP_098,WH_067,2024-03-01,2024-03-11,2024-03-11,319,319.0
PO_09673,PRD_0481,SUP_140,WH_007,2025-08-01,2025-08-12,2025-08-18,104,63.0
PO_09674,PRD_4814,SUP_195,WH_002,2025-06-24,2025-06-27,2025-06-27,231,154.0
PO_09675,PRD_4581,SUP_170,WH_007,2022-12-07,2022-12-15,2022-12-17,360,360.0
PO_09676,PRD_4581,SUP_170,WH_022,2025-06-22,2025-06-30,2025-07-08,424,424.0
PO_09677,PRD_0031,SUP_191,WH_026,2022-06-25,2022-07-09,2022-07-09,146,146.0
PO_09678,PRD_4341,SUP_147,WH_062,2025-09-23,2025-10-03,2025-10-03,48,48.0
PO_09679,PRD_2379,SUP_078,WH_014,2025-03-12,2025-03-13,2025-03-13,99,99.0
PO_09680,PRD_1316,SUP_061,WH_055,2022-12-26,2023-01-07,2023-01-07,418,418.0
PO_09681,PRD_0644,SUP_138,WH_051,2025-01-10,2025-01-18,2025-01-22,451,451.0
PO_09682,PRD_1143,SUP_127,WH_077,2023-12-22,2024-01-01,,441,
PO_09683,PRD_2909,SUP_091,WH_047,2025-11-15,2025-11-16,2025-11-16,311,311.0
PO_09684,PRD_3952,SUP_173,WH_007,2022-05-17,2022-05-18,2022-05-18,471,471.0
PO_09685,PRD_0732,SUP_028,WH_041,2023-11-19,2023-12-01,2023-12-01,97,84.0
PO_09686,PRD_1434,SUP_017,WH_007,2025-06-26,2025-06-29,2025-06-29,125,125.0
PO_09687,PRD_1133,SUP_127,WH_067,2024-10-18,2024-10-28,2024-10-28,452,331.0
PO_09688,PRD_3071,SUP_193,WH_068,2023-06-13,2023-06-15,2023-06-15,159,159.0
PO_09689,PRD_2085,SUP_056,WH_079,2022-08-04,2022-08-18,2022-08-18,470,470.0
PO_09690,PRD_1234,SUP_060,WH_038,2025-09-08,2025-09-18,2025-09-18,222,222.0
PO_09691,PRD_0476,SUP_027,WH_040,2024-08-11,2024-08-23,2024-08-23,483,483.0
PO_09692,PRD_4184,SUP_080,WH_035,2023-05-14,2023-05-15,2023-05-18,163,163.0
PO_09693,PRD_0189,SUP_014,WH_002,2025-12-14,2025-12-27,2025-12-29,55,55.0
PO_09694,PRD_0803,SUP_018,WH_006,2024-06-09,2024-06-15,,239,
PO_09695,PRD_0554,SUP_134,WH_056,2023-03-25,2023-03-26,2023-03-26,96,96.0
PO_09696,PRD_0212,SUP_065,WH_056,2024-08-19,2024-08-27,2024-08-27,458,374.0
PO_09697,PRD_2002,SUP_160,WH_002,2024-04-03,2024-04-08,,346,
PO_09698,PRD_1316,SUP_061,WH_035,2025-06-05,2025-06-17,2025-06-21,131,131.0
PO_09699,PRD_1765,SUP_014,WH_045,2023-01-15,2023-01-28,2023-02-05,223,223.0
PO_09700,PRD_0110,SUP_109,WH_048,2023-06-14,2023-06-19,,131,
PO_09701,PRD_2185,SUP_177,WH_023,2024-05-24,2024-05-25,2024-06-01,87,87.0
PO_09702,PRD_4095,SUP_127,WH_037,2023-05-07,2023-05-17,2023-05-24,120,73.0
PO_09703,PRD_4506,SUP_122,WH_016,2025-01-03,2025-01-07,2025-01-07,20,20.0
PO_09704,PRD_2051,SUP_200,WH_023,2024-03-08,2024-03-12,2024-03-12,168,168.0
PO_09705,PRD_0921,SUP_184,WH_047,2024-05-24,2024-05-27,2024-05-30,306,306.0
PO_09706,PRD_1975,SUP_145,WH_073,2023-01-23,2023-01-30,,416,
PO_09707,PRD_4713,SUP_059,WH_002,2025-05-20,2025-05-23,2025-05-23,326,326.0
PO_09708,PRD_4741,SUP_199,WH_073,2025-07-26,2025-07-27,2025-08-04,480,480.0
PO_09709,PRD_2743,SUP_063,WH_064,2023-02-14,2023-02-25,2023-03-05,384,384.0
PO_09710,PRD_3170,SUP_195,WH_071,2022-04-26,2022-04-29,2022-04-29,37,37.0
PO_09711,PRD_4275,SUP_024,WH_014,2023-02-11,2023-02-20,2023-02-20,450,450.0
PO_09712,PRD_1534,SUP_008,WH_050,2023-01-26,2023-02-02,2023-02-05,363,363.0
PO_09713,PRD_3227,SUP_116,WH_019,2025-06-02,2025-06-11,2025-06-11,499,499.0
PO_09714,PRD_0971,SUP_033,WH_074,2024-09-07,2024-09-21,2024-09-25,97,97.0
PO_09715,PRD_1632,SUP_192,WH_074,2022-05-05,2022-05-07,,26,
PO_09716,PRD_2619,SUP_146,WH_073,2022-01-19,2022-02-02,,300,
PO_09717,PRD_1877,SUP_005,WH_020,2025-12-03,2025-12-07,2025-12-07,306,306.0
PO_09718,PRD_2182,SUP_102,WH_004,2025-08-04,2025-08-11,2025-08-11,307,307.0
PO_09719,PRD_3161,SUP_107,WH_031,2024-02-05,2024-02-11,,31,
PO_09720,PRD_1148,SUP_099,WH_012,2022-11-21,2022-11-27,,396,
PO_09721,PRD_4537,SUP_106,WH_024,2022-09-02,2022-09-03,,317,
PO_09722,PRD_3634,SUP_032,WH_003,2025-12-25,2026-01-08,2026-01-09,67,67.0
PO_09723,PRD_3201,SUP_170,WH_018,2022-10-01,2022-10-09,2022-10-09,118,118.0
PO_09724,PRD_0777,SUP_077,WH_006,2023-12-22,2023-12-25,2023-12-25,477,477.0
PO_09725,PRD_2452,SUP_155,WH_039,2022-04-02,2022-04-03,,232,
PO_09726,PRD_3867,SUP_126,WH_054,2022-10-13,2022-10-16,2022-10-16,410,410.0
PO_09727,PRD_4038,SUP_142,WH_077,2024-12-18,2024-12-27,2024-12-27,482,482.0
PO_09728,PRD_4318,SUP_018,WH_073,2025-09-18,2025-09-24,2025-09-24,389,389.0
PO_09729,PRD_4265,SUP_071,WH_053,2022-10-25,2022-11-04,2022-11-04,415,415.0
PO_09730,PRD_1898,SUP_005,WH_026,2025-07-01,2025-07-05,2025-07-05,92,92.0
PO_09731,PRD_4527,SUP_196,WH_078,2025-06-18,2025-07-01,2025-07-01,240,240.0
PO_09732,PRD_2809,SUP_141,WH_020,2022-11-17,2022-11-29,2022-11-29,415,415.0
PO_09733,PRD_4193,SUP_065,WH_008,2022-12-24,2023-01-01,,376,
PO_09734,PRD_2514,SUP_049,WH_074,2024-12-24,2025-01-02,2025-01-02,500,500.0
PO_09735,PRD_2918,SUP_079,WH_022,2025-11-11,2025-11-16,2025-11-16,435,435.0
PO_09736,PRD_4563,SUP_020,WH_004,2022-08-15,2022-08-17,2022-08-17,497,497.0
PO_09737,PRD_2682,SUP_173,WH_029,2023-02-20,2023-02-21,,100,
PO_09738,PRD_4949,SUP_136,WH_043,2022-04-11,2022-04-18,2022-04-18,151,125.0
PO_09739,PRD_1594,SUP_125,WH_010,2025-04-15,2025-04-19,2025-04-22,168,168.0
PO_09740,PRD_0547,SUP_008,WH_039,2025-10-27,2025-11-03,2025-11-03,309,309.0
PO_09741,PRD_3963,SUP_172,WH_044,2023-11-26,2023-12-04,2023-12-11,476,476.0
PO_09742,PRD_0522,SUP_174,WH_078,2022-12-17,2022-12-25,2022-12-25,87,87.0
PO_09743,PRD_3364,SUP_140,WH_017,2025-07-09,2025-07-20,2025-07-27,103,103.0
PO_09744,PRD_3667,SUP_019,WH_032,2025-08-03,2025-08-15,2025-08-22,496,496.0
PO_09745,PRD_1483,SUP_164,WH_055,2024-12-21,2024-12-30,2024-12-30,67,67.0
PO_09746,PRD_2651,SUP_157,WH_066,2025-07-06,2025-07-07,2025-07-07,363,363.0
PO_09747,PRD_0026,SUP_155,WH_016,2025-02-24,2025-02-25,2025-02-25,383,383.0
PO_09748,PRD_2159,SUP_172,WH_052,2023-09-13,2023-09-21,2023-09-21,262,183.0
PO_09749,PRD_3472,SUP_009,WH_001,2022-08-21,2022-08-28,2022-08-28,85,85.0
PO_09750,PRD_3970,SUP_083,WH_039,2023-04-10,2023-04-21,2023-04-21,289,289.0
PO_09751,PRD_2905,SUP_142,WH_039,2022-09-14,2022-09-23,2022-09-23,221,221.0
PO_09752,PRD_3312,SUP_176,WH_016,2025-06-05,2025-06-16,2025-06-16,424,424.0
PO_09753,PRD_2703,SUP_078,WH_006,2022-07-05,2022-07-06,,102,
PO_09754,PRD_4346,SUP_058,WH_047,2022-01-20,2022-01-21,2022-01-21,146,96.0
PO_09755,PRD_4406,SUP_147,WH_003,2023-04-16,2023-04-26,2023-04-26,286,286.0
PO_09756,PRD_3287,SUP_058,WH_015,2024-11-20,2024-11-21,,240,
PO_09757,PRD_2841,SUP_050,WH_038,2025-07-01,2025-07-04,2025-07-04,83,75.0
PO_09758,PRD_2616,SUP_143,WH_060,2024-08-12,2024-08-21,2024-08-21,145,145.0
PO_09759,PRD_0498,SUP_028,WH_032,2025-03-22,2025-04-03,2025-04-03,125,116.0
PO_09760,PRD_0909,SUP_185,WH_012,2023-02-19,2023-03-05,2023-03-05,422,422.0
PO_09761,PRD_1096,SUP_107,WH_059,2025-02-02,2025-02-08,2025-02-16,83,56.0
PO_09762,PRD_3431,SUP_019,WH_050,2022-05-09,2022-05-21,2022-05-21,426,426.0
PO_09763,PRD_0075,SUP_001,WH_056,2024-07-05,2024-07-12,2024-07-20,315,315.0
PO_09764,PRD_3869,SUP_133,WH_080,2025-03-10,2025-03-19,2025-03-19,465,446.0
PO_09765,PRD_2879,SUP_078,WH_075,2022-03-25,2022-03-26,,487,
PO_09766,PRD_2236,SUP_177,WH_044,2024-06-14,2024-06-15,2024-06-15,349,349.0
PO_09767,PRD_0504,SUP_200,WH_051,2024-11-14,2024-11-18,2024-11-18,198,198.0
PO_09768,PRD_2656,SUP_091,WH_076,2024-05-11,2024-05-12,2024-05-12,431,290.0
PO_09769,PRD_1456,SUP_016,WH_035,2023-06-18,2023-06-29,2023-07-01,129,129.0
PO_09770,PRD_0483,SUP_046,WH_078,2025-06-15,2025-06-24,2025-06-27,233,233.0
PO_09771,PRD_0854,SUP_050,WH_044,2024-06-21,2024-06-24,,434,
PO_09772,PRD_1616,SUP_091,WH_051,2022-02-06,2022-02-07,2022-02-07,288,288.0
PO_09773,PRD_0541,SUP_149,WH_049,2025-11-27,2025-12-04,2025-12-12,242,186.0
PO_09774,PRD_0214,SUP_071,WH_032,2024-03-22,2024-04-01,2024-04-08,27,27.0
PO_09775,PRD_2875,SUP_178,WH_022,2022-12-07,2022-12-15,2022-12-15,416,407.0
PO_09776,PRD_1302,SUP_085,WH_026,2022-03-24,2022-03-26,2022-03-26,325,325.0
PO_09777,PRD_3103,SUP_197,WH_066,2024-06-08,2024-06-17,2024-06-17,455,455.0
PO_09778,PRD_4489,SUP_182,WH_030,2023-09-03,2023-09-07,2023-09-15,22,22.0
PO_09779,PRD_3326,SUP_019,WH_026,2022-09-13,2022-09-25,2022-09-25,372,372.0
PO_09780,PRD_3341,SUP_161,WH_070,2025-10-04,2025-10-09,2025-10-09,421,421.0
PO_09781,PRD_2248,SUP_102,WH_009,2024-08-01,2024-08-08,,434,
PO_09782,PRD_1232,SUP_161,WH_015,2023-06-23,2023-06-28,2023-06-28,95,95.0
PO_09783,PRD_3957,SUP_173,WH_007,2025-11-11,2025-11-12,2025-11-12,70,70.0
PO_09784,PRD_0910,SUP_141,WH_064,2022-12-26,2023-01-07,2023-01-07,79,79.0
PO_09785,PRD_1036,SUP_127,WH_053,2025-05-10,2025-05-20,,277,
PO_09786,PRD_0032,SUP_185,WH_026,2025-12-14,2025-12-28,2026-01-03,66,41.0
PO_09787,PRD_1735,SUP_145,WH_074,2024-12-17,2024-12-24,2024-12-25,406,406.0
PO_09788,PRD_0929,SUP_141,WH_043,2025-07-20,2025-08-01,2025-08-01,464,464.0
PO_09789,PRD_2551,SUP_126,WH_020,2023-12-07,2023-12-10,2023-12-10,496,496.0
PO_09790,PRD_4569,SUP_059,WH_014,2023-10-18,2023-10-21,,277,
PO_09791,PRD_0903,SUP_104,WH_019,2025-11-26,2025-12-04,2025-12-07,145,145.0
PO_09792,PRD_4038,SUP_142,WH_002,2024-11-06,2024-11-15,2024-11-15,103,84.0
PO_09793,PRD_2139,SUP_149,WH_036,2024-06-08,2024-06-15,2024-06-15,184,184.0
PO_09794,PRD_1618,SUP_186,WH_051,2022-01-20,2022-01-29,2022-02-04,277,206.0
PO_09795,PRD_3402,SUP_105,WH_063,2023-08-09,2023-08-20,2023-08-20,313,313.0
PO_09796,PRD_1382,SUP_117,WH_077,2024-09-22,2024-10-04,2024-10-12,120,106.0
PO_09797,PRD_2045,SUP_066,WH_024,2025-12-12,2025-12-21,2025-12-22,70,70.0
PO_09798,PRD_2649,SUP_199,WH_043,2022-03-19,2022-03-20,2022-03-20,232,155.0
PO_09799,PRD_1599,SUP_087,WH_036,2022-02-26,2022-03-10,2022-03-10,421,421.0
PO_09800,PRD_4183,SUP_081,WH_070,2023-06-25,2023-07-03,2023-07-03,455,455.0
PO_09801,PRD_2291,SUP_174,WH_071,2024-02-18,2024-02-26,2024-03-02,67,54.0
PO_09802,PRD_3355,SUP_193,WH_048,2023-07-13,2023-07-15,2023-07-15,345,345.0
PO_09803,PRD_4736,SUP_039,WH_026,2024-03-02,2024-03-09,2024-03-12,440,385.0
PO_09804,PRD_4983,SUP_159,WH_005,2023-07-15,2023-07-27,2023-07-27,149,149.0
PO_09805,PRD_2621,SUP_158,WH_043,2023-09-12,2023-09-26,2023-09-26,347,347.0
PO_09806,PRD_3681,SUP_180,WH_050,2025-11-05,2025-11-11,2025-11-11,184,184.0
PO_09807,PRD_1492,SUP_100,WH_072,2025-12-16,2025-12-23,2025-12-28,360,360.0
PO_09808,PRD_2242,SUP_018,WH_035,2023-07-18,2023-07-24,2023-07-24,40,25.0
PO_09809,PRD_2058,SUP_030,WH_061,2022-08-14,2022-08-26,2022-08-31,370,288.0
PO_09810,PRD_1091,SUP_122,WH_002,2024-05-26,2024-05-30,2024-05-30,132,132.0
PO_09811,PRD_1582,SUP_098,WH_078,2023-02-17,2023-02-27,2023-02-27,180,180.0
PO_09812,PRD_0802,SUP_094,WH_038,2025-01-15,2025-01-29,2025-01-29,201,134.0
PO_09813,PRD_3484,SUP_177,WH_016,2025-04-07,2025-04-08,2025-04-08,119,113.0
PO_09814,PRD_1227,SUP_127,WH_068,2025-05-11,2025-05-21,2025-05-21,153,153.0
PO_09815,PRD_3371,SUP_151,WH_012,2022-07-11,2022-07-21,,258,
PO_09816,PRD_4894,SUP_045,WH_051,2023-06-06,2023-06-20,2023-06-20,350,350.0
PO_09817,PRD_1103,SUP_174,WH_052,2024-03-22,2024-03-30,2024-03-30,179,179.0
PO_09818,PRD_3011,SUP_103,WH_012,2022-02-19,2022-03-02,,387,
PO_09819,PRD_1579,SUP_077,WH_060,2023-03-19,2023-03-22,2023-03-22,193,193.0
PO_09820,PRD_4926,SUP_145,WH_001,2025-06-27,2025-07-04,2025-07-04,485,485.0
PO_09821,PRD_0092,SUP_185,WH_066,2022-12-25,2023-01-08,2023-01-08,434,434.0
PO_09822,PRD_0882,SUP_174,WH_002,2022-03-24,2022-04-01,2022-04-08,209,209.0
PO_09823,PRD_3358,SUP_109,WH_077,2022-06-01,2022-06-06,2022-06-06,192,129.0
PO_09824,PRD_3692,SUP_059,WH_037,2023-11-10,2023-11-13,2023-11-13,225,225.0
PO_09825,PRD_4113,SUP_197,WH_023,2025-12-15,2025-12-24,2025-12-26,304,304.0
PO_09826,PRD_3887,SUP_090,WH_052,2023-04-01,2023-04-06,2023-04-06,204,204.0
PO_09827,PRD_3840,SUP_090,WH_066,2022-12-17,2022-12-22,2022-12-22,54,54.0
PO_09828,PRD_0003,SUP_164,WH_009,2023-08-09,2023-08-18,2023-08-18,402,386.0
PO_09829,PRD_4632,SUP_199,WH_046,2024-06-05,2024-06-06,2024-06-11,234,234.0
PO_09830,PRD_0418,SUP_033,WH_054,2022-10-12,2022-10-26,2022-10-29,221,221.0
PO_09831,PRD_2477,SUP_146,WH_019,2025-06-21,2025-07-05,2025-07-08,182,151.0
PO_09832,PRD_0181,SUP_155,WH_026,2023-03-13,2023-03-14,2023-03-22,320,320.0
PO_09833,PRD_3985,SUP_027,WH_014,2024-05-21,2024-06-02,2024-06-02,408,408.0
PO_09834,PRD_2903,SUP_050,WH_027,2023-11-22,2023-11-25,2023-11-26,131,131.0
PO_09835,PRD_2365,SUP_148,WH_065,2025-08-09,2025-08-12,2025-08-19,386,386.0
PO_09836,PRD_4590,SUP_074,WH_003,2023-11-26,2023-12-10,2023-12-17,153,153.0
PO_09837,PRD_0461,SUP_186,WH_040,2024-04-15,2024-04-24,2024-04-24,122,122.0
PO_09838,PRD_2120,SUP_160,WH_017,2023-11-21,2023-11-26,2023-12-03,372,282.0
PO_09839,PRD_2151,SUP_040,WH_069,2025-09-24,2025-10-08,2025-10-09,269,223.0
PO_09840,PRD_4814,SUP_195,WH_072,2022-09-18,2022-09-21,,119,
PO_09841,PRD_0250,SUP_068,WH_038,2023-11-17,2023-11-18,2023-11-18,413,413.0
PO_09842,PRD_4782,SUP_163,WH_023,2024-06-19,2024-06-26,2024-07-02,295,295.0
PO_09843,PRD_2919,SUP_054,WH_072,2024-11-25,2024-12-06,2024-12-06,422,422.0
PO_09844,PRD_3893,SUP_072,WH_003,2022-08-05,2022-08-09,2022-08-09,426,362.0
PO_09845,PRD_3850,SUP_112,WH_055,2023-06-16,2023-06-22,2023-06-22,219,219.0
PO_09846,PRD_4815,SUP_076,WH_076,2025-06-07,2025-06-09,,427,
PO_09847,PRD_2979,SUP_078,WH_080,2022-08-18,2022-08-19,2022-08-25,57,57.0
PO_09848,PRD_2149,SUP_033,WH_035,2023-07-14,2023-07-28,2023-07-28,282,282.0
PO_09849,PRD_0709,SUP_068,WH_079,2025-09-19,2025-09-20,2025-09-20,300,300.0
PO_09850,PRD_3221,SUP_177,WH_032,2022-03-11,2022-03-12,2022-03-12,369,369.0
PO_09851,PRD_2953,SUP_116,WH_080,2024-03-01,2024-03-10,2024-03-10,314,314.0
PO_09852,PRD_0013,SUP_024,WH_006,2025-07-23,2025-08-01,2025-08-01,337,337.0
PO_09853,PRD_0506,SUP_198,WH_060,2024-05-23,2024-05-27,2024-05-27,317,317.0
PO_09854,PRD_3995,SUP_160,WH_028,2025-01-27,2025-02-01,2025-02-01,413,394.0
PO_09855,PRD_0202,SUP_071,WH_075,2024-04-20,2024-04-30,2024-05-06,162,162.0
PO_09856,PRD_1640,SUP_108,WH_027,2024-01-20,2024-01-28,,273,
PO_09857,PRD_0734,SUP_112,WH_067,2022-01-21,2022-01-27,2022-01-27,287,287.0
PO_09858,PRD_1969,SUP_186,WH_075,2024-10-25,2024-11-03,2024-11-03,387,387.0
PO_09859,PRD_0540,SUP_089,WH_033,2022-01-22,2022-01-29,2022-01-29,380,380.0
PO_09860,PRD_3217,SUP_176,WH_049,2024-01-18,2024-01-29,2024-01-29,82,82.0
PO_09861,PRD_1896,SUP_120,WH_075,2023-03-21,2023-04-03,2023-04-05,78,78.0
PO_09862,PRD_0410,SUP_175,WH_006,2024-08-11,2024-08-15,2024-08-15,450,450.0
PO_09863,PRD_0005,SUP_042,WH_062,2025-12-03,2025-12-04,2025-12-04,410,342.0
PO_09864,PRD_0776,SUP_130,WH_067,2025-11-27,2025-12-01,2025-12-01,381,381.0
PO_09865,PRD_2910,SUP_122,WH_016,2024-05-02,2024-05-06,2024-05-06,56,56.0
PO_09866,PRD_4011,SUP_178,WH_027,2022-10-22,2022-10-30,2022-10-30,254,254.0
PO_09867,PRD_3216,SUP_060,WH_005,2022-01-10,2022-01-20,2022-01-20,338,338.0
PO_09868,PRD_3725,SUP_090,WH_063,2023-07-19,2023-07-24,2023-07-24,368,368.0
PO_09869,PRD_0150,SUP_186,WH_063,2023-03-10,2023-03-19,2023-03-19,442,442.0
PO_09870,PRD_3241,SUP_105,WH_065,2022-10-05,2022-10-16,2022-10-16,490,490.0
PO_09871,PRD_2415,SUP_161,WH_063,2022-01-14,2022-01-19,2022-01-19,55,55.0
PO_09872,PRD_4691,SUP_122,WH_007,2024-07-01,2024-07-05,2024-07-05,441,325.0
PO_09873,PRD_1557,SUP_125,WH_072,2023-04-21,2023-04-25,2023-04-25,450,450.0
PO_09874,PRD_4722,SUP_098,WH_057,2024-02-02,2024-02-12,2024-02-12,397,397.0
PO_09875,PRD_0587,SUP_103,WH_075,2022-06-27,2022-07-08,2022-07-08,195,195.0
PO_09876,PRD_2048,SUP_008,WH_080,2023-12-19,2023-12-26,2023-12-30,415,407.0
PO_09877,PRD_3997,SUP_178,WH_008,2023-09-23,2023-10-01,2023-10-01,476,476.0
PO_09878,PRD_2406,SUP_018,WH_050,2025-08-08,2025-08-14,2025-08-14,248,248.0
PO_09879,PRD_2118,SUP_172,WH_061,2024-07-21,2024-07-29,2024-07-29,189,189.0
PO_09880,PRD_4635,SUP_074,WH_026,2024-06-04,2024-06-18,2024-06-18,371,371.0
PO_09881,PRD_3207,SUP_019,WH_077,2025-07-22,2025-08-03,2025-08-03,362,313.0
PO_09882,PRD_2027,SUP_194,WH_048,2024-09-26,2024-10-02,2024-10-02,315,315.0
PO_09883,PRD_2910,SUP_122,WH_036,2024-01-13,2024-01-17,2024-01-17,238,238.0
PO_09884,PRD_0241,SUP_065,WH_045,2023-11-12,2023-11-20,2023-11-20,361,361.0
PO_09885,PRD_0228,SUP_042,WH_040,2024-11-15,2024-11-16,2024-11-18,113,110.0
PO_09886,PRD_1974,SUP_052,WH_011,2025-06-05,2025-06-11,2025-06-11,344,344.0
PO_09887,PRD_3357,SUP_073,WH_045,2023-01-19,2023-01-31,2023-02-06,186,186.0
PO_09888,PRD_4802,SUP_044,WH_080,2024-02-22,2024-03-04,2024-03-04,232,232.0
PO_09889,PRD_2140,SUP_200,WH_006,2024-10-18,2024-10-22,2024-10-28,159,159.0
PO_09890,PRD_0739,SUP_165,WH_056,2022-07-06,2022-07-15,2022-07-15,224,224.0
PO_09891,PRD_4575,SUP_112,WH_028,2024-06-09,2024-06-15,2024-06-17,214,214.0
PO_09892,PRD_1003,SUP_159,WH_003,2022-11-21,2022-12-03,2022-12-04,196,196.0
PO_09893,PRD_4422,SUP_071,WH_044,2022-11-08,2022-11-18,2022-11-18,370,370.0
PO_09894,PRD_1062,SUP_197,WH_073,2022-10-09,2022-10-18,2022-10-23,39,39.0
PO_09895,PRD_0824,SUP_185,WH_042,2023-11-04,2023-11-18,2023-11-18,143,142.0
PO_09896,PRD_4335,SUP_190,WH_025,2025-11-08,2025-11-10,2025-11-10,467,416.0
PO_09897,PRD_0228,SUP_042,WH_069,2022-03-27,2022-03-28,2022-03-30,218,218.0
PO_09898,PRD_1158,SUP_057,WH_051,2022-02-14,2022-02-19,,48,
PO_09899,PRD_0144,SUP_040,WH_062,2023-12-25,2024-01-08,2024-01-08,265,219.0
PO_09900,PRD_1055,SUP_109,WH_007,2022-12-17,2022-12-22,,341,
PO_09901,PRD_2530,SUP_071,WH_034,2024-10-24,2024-11-03,2024-11-06,110,110.0
PO_09902,PRD_1117,SUP_162,WH_008,2024-07-16,2024-07-27,2024-07-27,76,64.0
PO_09903,PRD_4874,SUP_114,WH_073,2025-04-25,2025-05-06,2025-05-06,360,360.0
PO_09904,PRD_4683,SUP_060,WH_079,2023-07-22,2023-08-01,2023-08-01,31,31.0
PO_09905,PRD_0456,SUP_028,WH_016,2022-02-25,2022-03-09,2022-03-09,469,469.0
PO_09906,PRD_4272,SUP_038,WH_074,2022-06-21,2022-06-30,2022-06-30,395,395.0
PO_09907,PRD_1488,SUP_100,WH_074,2024-02-16,2024-02-23,2024-02-23,481,481.0
PO_09908,PRD_3124,SUP_148,WH_058,2022-07-06,2022-07-09,,295,
PO_09909,PRD_2064,SUP_008,WH_008,2025-11-06,2025-11-13,2025-11-13,378,378.0
PO_09910,PRD_3357,SUP_073,WH_005,2023-07-13,2023-07-25,2023-07-27,49,34.0
PO_09911,PRD_1466,SUP_086,WH_075,2024-08-01,2024-08-03,2024-08-03,363,363.0
PO_09912,PRD_4021,SUP_010,WH_004,2025-12-23,2026-01-05,2026-01-05,117,117.0
PO_09913,PRD_1572,SUP_008,WH_045,2022-08-20,2022-08-27,2022-08-27,462,462.0
PO_09914,PRD_0963,SUP_080,WH_061,2022-12-14,2022-12-15,2022-12-15,445,445.0
PO_09915,PRD_4276,SUP_063,WH_063,2025-12-26,2026-01-06,2026-01-06,403,403.0
PO_09916,PRD_1991,SUP_186,WH_054,2025-11-16,2025-11-25,2025-11-25,439,439.0
PO_09917,PRD_1015,SUP_148,WH_077,2022-11-27,2022-11-30,2022-11-30,286,215.0
PO_09918,PRD_4338,SUP_063,WH_040,2025-08-17,2025-08-28,2025-08-28,328,328.0
PO_09919,PRD_2331,SUP_063,WH_063,2024-04-20,2024-05-01,2024-05-01,140,140.0
PO_09920,PRD_2842,SUP_046,WH_039,2025-11-12,2025-11-21,2025-11-21,262,262.0
PO_09921,PRD_1607,SUP_100,WH_028,2025-08-25,2025-09-01,2025-09-01,235,235.0
PO_09922,PRD_1008,SUP_073,WH_079,2025-02-10,2025-02-22,2025-03-02,26,17.0
PO_09923,PRD_0232,SUP_086,WH_023,2023-03-20,2023-03-22,,165,
PO_09924,PRD_4749,SUP_047,WH_009,2025-11-15,2025-11-19,2025-11-19,184,184.0
PO_09925,PRD_2118,SUP_172,WH_019,2023-07-18,2023-07-26,,40,
PO_09926,PRD_0443,SUP_040,WH_057,2023-06-13,2023-06-27,2023-06-27,469,346.0
PO_09927,PRD_2750,SUP_073,WH_047,2023-03-16,2023-03-28,2023-03-28,117,110.0
PO_09928,PRD_2844,SUP_104,WH_050,2023-05-25,2023-06-02,2023-06-02,171,140.0
PO_09929,PRD_0645,SUP_067,WH_078,2025-02-26,2025-03-02,2025-03-04,274,274.0
PO_09930,PRD_4497,SUP_004,WH_003,2024-05-06,2024-05-19,2024-05-19,371,371.0
PO_09931,PRD_0441,SUP_185,WH_074,2022-08-18,2022-09-01,2022-09-01,205,205.0
PO_09932,PRD_4202,SUP_049,WH_031,2023-01-24,2023-02-02,2023-02-02,194,194.0
PO_09933,PRD_4322,SUP_187,WH_068,2022-02-20,2022-02-23,,45,
PO_09934,PRD_0076,SUP_014,WH_055,2023-05-27,2023-06-09,2023-06-09,442,442.0
PO_09935,PRD_1930,SUP_110,WH_026,2024-10-05,2024-10-09,2024-10-09,33,33.0
PO_09936,PRD_3957,SUP_173,WH_066,2024-05-13,2024-05-14,2024-05-14,471,471.0
PO_09937,PRD_0655,SUP_028,WH_057,2023-01-01,2023-01-13,2023-01-21,288,288.0
PO_09938,PRD_2770,SUP_012,WH_024,2023-09-26,2023-10-09,,127,
PO_09939,PRD_4576,SUP_112,WH_069,2025-01-15,2025-01-21,2025-01-22,410,410.0
PO_09940,PRD_0785,SUP_146,WH_025,2025-07-23,2025-08-06,2025-08-06,240,240.0
PO_09941,PRD_1389,SUP_071,WH_065,2025-05-24,2025-06-03,2025-06-03,435,435.0
PO_09942,PRD_0204,SUP_200,WH_004,2023-05-25,2023-05-29,2023-06-06,110,110.0
PO_09943,PRD_4737,SUP_193,WH_061,2022-11-07,2022-11-09,,160,
PO_09944,PRD_3705,SUP_043,WH_003,2024-03-06,2024-03-15,2024-03-15,41,37.0
PO_09945,PRD_2391,SUP_051,WH_046,2022-02-16,2022-02-23,2022-02-23,112,112.0
PO_09946,PRD_0518,SUP_134,WH_053,2023-07-05,2023-07-06,2023-07-14,209,209.0
PO_09947,PRD_4135,SUP_069,WH_032,2023-04-11,2023-04-25,2023-04-29,420,420.0
PO_09948,PRD_4994,SUP_008,WH_057,2025-08-05,2025-08-12,2025-08-12,459,459.0
PO_09949,PRD_0333,SUP_118,WH_048,2022-08-05,2022-08-16,2022-08-16,138,138.0
PO_09950,PRD_4471,SUP_031,WH_010,2024-03-13,2024-03-17,2024-03-24,92,92.0
PO_09951,PRD_0114,SUP_088,WH_079,2024-11-16,2024-11-22,2024-11-22,457,457.0
PO_09952,PRD_0075,SUP_001,WH_070,2025-05-15,2025-05-22,2025-05-22,155,155.0
PO_09953,PRD_4940,SUP_128,WH_014,2025-01-18,2025-01-21,2025-01-21,166,141.0
PO_09954,PRD_0913,SUP_130,WH_039,2022-11-15,2022-11-19,2022-11-19,107,68.0
PO_09955,PRD_1947,SUP_066,WH_071,2022-06-25,2022-07-04,2022-07-04,284,284.0
PO_09956,PRD_0880,SUP_158,WH_012,2022-12-27,2023-01-10,2023-01-10,462,462.0
PO_09957,PRD_0239,SUP_065,WH_026,2022-05-06,2022-05-14,2022-05-22,58,58.0
PO_09958,PRD_3480,SUP_016,WH_075,2025-03-01,2025-03-12,2025-03-16,101,101.0
PO_09959,PRD_3764,SUP_173,WH_006,2022-01-13,2022-01-14,2022-01-14,409,409.0
PO_09960,PRD_3510,SUP_111,WH_018,2025-06-02,2025-06-04,2025-06-04,101,101.0
PO_09961,PRD_0679,SUP_176,WH_071,2023-07-05,2023-07-16,2023-07-16,483,483.0
PO_09962,PRD_4390,SUP_063,WH_026,2023-04-14,2023-04-25,2023-05-03,84,84.0
PO_09963,PRD_3459,SUP_060,WH_023,2022-08-27,2022-09-06,2022-09-06,244,244.0
PO_09964,PRD_2079,SUP_186,WH_080,2023-10-20,2023-10-29,2023-10-30,409,409.0
PO_09965,PRD_3931,SUP_112,WH_040,2022-07-01,2022-07-07,2022-07-07,269,269.0
PO_09966,PRD_3043,SUP_146,WH_052,2023-05-19,2023-06-02,2023-06-02,372,372.0
PO_09967,PRD_1355,SUP_062,WH_051,2022-08-12,2022-08-20,,468,
PO_09968,PRD_0478,SUP_168,WH_052,2023-01-08,2023-01-11,2023-01-11,152,152.0
PO_09969,PRD_0156,SUP_191,WH_040,2024-12-15,2024-12-29,2025-01-02,335,335.0
PO_09970,PRD_3060,SUP_146,WH_072,2025-10-08,2025-10-22,2025-10-22,374,374.0
PO_09971,PRD_1791,SUP_084,WH_006,2025-07-17,2025-07-18,2025-07-18,70,70.0
PO_09972,PRD_0224,SUP_184,WH_028,2024-03-27,2024-03-30,2024-03-30,90,90.0
PO_09973,PRD_0277,SUP_007,WH_024,2024-03-18,2024-03-23,2024-03-23,136,136.0
PO_09974,PRD_2685,SUP_093,WH_008,2024-01-11,2024-01-14,2024-01-20,223,223.0
PO_09975,PRD_2296,SUP_148,WH_057,2025-12-12,2025-12-15,2025-12-15,334,266.0
PO_09976,PRD_3439,SUP_116,WH_067,2024-05-20,2024-05-29,2024-05-29,251,251.0
PO_09977,PRD_4044,SUP_093,WH_025,2024-08-10,2024-08-13,2024-08-13,276,276.0
PO_09978,PRD_2029,SUP_043,WH_056,2025-11-13,2025-11-22,2025-11-22,188,188.0
PO_09979,PRD_1221,SUP_055,WH_032,2025-11-24,2025-12-03,2025-12-03,466,421.0
PO_09980,PRD_0985,SUP_171,WH_004,2022-02-27,2022-03-05,2022-03-05,316,316.0
PO_09981,PRD_4730,SUP_121,WH_060,2023-09-27,2023-09-30,2023-09-30,158,132.0
PO_09982,PRD_0251,SUP_042,WH_014,2024-03-17,2024-03-18,2024-03-22,151,151.0
PO_09983,PRD_1832,SUP_110,WH_003,2024-05-20,2024-05-24,2024-05-24,476,385.0
PO_09984,PRD_1641,SUP_193,WH_037,2023-08-23,2023-08-25,2023-08-25,63,54.0
PO_09985,PRD_2778,SUP_060,WH_003,2022-01-17,2022-01-27,2022-02-01,461,461.0
PO_09986,PRD_1370,SUP_161,WH_043,2023-05-25,2023-05-30,2023-05-30,201,201.0
PO_09987,PRD_3742,SUP_163,WH_023,2023-10-10,2023-10-17,,383,
PO_09988,PRD_3552,SUP_083,WH_011,2025-05-13,2025-05-24,2025-05-24,202,202.0
PO_09989,PRD_2535,SUP_063,WH_032,2022-01-09,2022-01-20,2022-01-20,87,57.0
PO_09990,PRD_1330,SUP_060,WH_064,2022-01-04,2022-01-14,2022-01-16,273,273.0
PO_09991,PRD_2934,SUP_151,WH_070,2024-03-12,2024-03-22,2024-03-22,315,315.0
PO_09992,PRD_2443,SUP_173,WH_068,2025-08-23,2025-08-24,2025-08-24,109,69.0
PO_09993,PRD_0059,SUP_014,WH_066,2023-05-20,2023-06-02,2023-06-02,225,225.0
PO_09994,PRD_1381,SUP_192,WH_028,2025-06-01,2025-06-03,2025-06-03,200,200.0
PO_09995,PRD_0676,SUP_187,WH_053,2025-01-01,2025-01-04,2025-01-04,255,255.0
PO_09996,PRD_2777,SUP_063,WH_001,2025-03-14,2025-03-25,2025-03-26,208,208.0
PO_09997,PRD_2814,SUP_014,WH_041,2023-06-13,2023-06-26,2023-06-26,184,141.0
PO_09998,PRD_3203,SUP_109,WH_066,2023-01-18,2023-01-23,2023-01-23,130,130.0
PO_09999,PRD_0423,SUP_010,WH_068,2023-09-26,2023-10-09,2023-10-09,280,280.0
PO_10000,PRD_1693,SUP_174,WH_045,2025-12-16,2025-12-24,2025-12-24,30,30.0
PO_10001,PRD_1165,SUP_199,WH_075,2025-03-21,2025-03-22,2025-03-22,335,335.0
PO_10002,PRD_4501,SUP_135,WH_019,2025-07-02,2025-07-10,2025-07-13,390,390.0
PO_10003,PRD_0766,SUP_080,WH_031,2024-11-09,2024-11-10,2024-11-10,478,478.0
PO_10004,PRD_1410,SUP_041,WH_070,2022-09-01,2022-09-02,2022-09-04,159,149.0
PO_10005,PRD_3593,SUP_146,WH_011,2025-11-04,2025-11-18,2025-11-18,125,125.0
PO_10006,PRD_0906,SUP_130,WH_052,2025-01-01,2025-01-05,2025-01-05,121,121.0
PO_10007,PRD_4494,SUP_039,WH_008,2024-05-21,2024-05-28,,37,
PO_10008,PRD_0495,SUP_001,WH_053,2023-04-18,2023-04-25,2023-04-25,295,229.0
PO_10009,PRD_0625,SUP_049,WH_055,2025-06-15,2025-06-24,,96,
PO_10010,PRD_0280,SUP_142,WH_022,2024-02-01,2024-02-10,2024-02-10,312,312.0
PO_10011,PRD_0517,SUP_010,WH_022,2025-09-26,2025-10-09,2025-10-10,20,19.0
PO_10012,PRD_1121,SUP_061,WH_046,2023-10-12,2023-10-24,2023-10-24,255,255.0
PO_10013,PRD_2523,SUP_175,WH_063,2024-04-27,2024-05-01,2024-05-01,112,112.0
PO_10014,PRD_3776,SUP_194,WH_040,2023-03-10,2023-03-16,2023-03-16,204,204.0
PO_10015,PRD_4149,SUP_156,WH_074,2023-02-08,2023-02-10,2023-02-10,205,205.0
PO_10016,PRD_3349,SUP_180,WH_074,2022-04-03,2022-04-09,2022-04-09,61,37.0
PO_10017,PRD_1053,SUP_159,WH_022,2024-03-14,2024-03-26,2024-03-26,380,310.0
PO_10018,PRD_0863,SUP_108,WH_028,2022-04-17,2022-04-25,2022-04-25,267,267.0
PO_10019,PRD_3827,SUP_194,WH_072,2023-05-02,2023-05-08,2023-05-08,300,300.0
PO_10020,PRD_2190,SUP_176,WH_024,2024-06-02,2024-06-13,2024-06-13,361,355.0
PO_10021,PRD_0644,SUP_138,WH_041,2025-05-21,2025-05-29,2025-05-29,335,300.0
PO_10022,PRD_4952,SUP_098,WH_048,2023-10-01,2023-10-11,2023-10-18,157,128.0
PO_10023,PRD_2178,SUP_137,WH_052,2024-05-13,2024-05-15,2024-05-15,155,155.0
PO_10024,PRD_4394,SUP_089,WH_076,2023-04-09,2023-04-16,2023-04-16,382,382.0
PO_10025,PRD_0905,SUP_033,WH_004,2022-02-08,2022-02-22,2022-02-22,444,444.0
PO_10026,PRD_3981,SUP_112,WH_053,2025-03-15,2025-03-21,2025-03-21,72,72.0
PO_10027,PRD_0894,SUP_104,WH_037,2025-10-13,2025-10-21,2025-10-21,269,269.0
PO_10028,PRD_2418,SUP_184,WH_002,2025-08-08,2025-08-11,2025-08-11,126,111.0
PO_10029,PRD_3403,SUP_161,WH_065,2022-01-21,2022-01-26,,260,
PO_10030,PRD_0827,SUP_084,WH_078,2025-04-07,2025-04-08,2025-04-08,158,158.0
PO_10031,PRD_3038,SUP_075,WH_059,2025-11-16,2025-11-23,2025-11-23,485,485.0
PO_10032,PRD_2969,SUP_062,WH_022,2023-01-02,2023-01-10,2023-01-10,234,234.0
PO_10033,PRD_4200,SUP_069,WH_078,2024-05-01,2024-05-15,2024-05-15,237,237.0
PO_10034,PRD_2587,SUP_188,WH_047,2023-10-24,2023-11-02,2023-11-07,311,311.0
PO_10035,PRD_1205,SUP_057,WH_036,2025-10-02,2025-10-07,,379,
PO_10036,PRD_0562,SUP_165,WH_013,2023-05-18,2023-05-27,2023-06-02,396,396.0
PO_10037,PRD_0717,SUP_131,WH_042,2025-12-18,2025-12-25,2025-12-25,160,160.0
PO_10038,PRD_4621,SUP_122,WH_022,2022-11-03,2022-11-07,2022-11-15,419,419.0
PO_10039,PRD_1599,SUP_087,WH_038,2022-09-06,2022-09-18,,32,
PO_10040,PRD_3353,SUP_151,WH_052,2022-03-13,2022-03-23,2022-03-31,379,379.0
PO_10041,PRD_3004,SUP_143,WH_038,2024-10-24,2024-11-02,2024-11-02,98,98.0
PO_10042,PRD_3038,SUP_075,WH_078,2023-07-18,2023-07-25,2023-07-25,404,404.0
PO_10043,PRD_3535,SUP_059,WH_027,2024-01-19,2024-01-22,2024-01-22,458,458.0
PO_10044,PRD_2751,SUP_024,WH_002,2022-02-22,2022-03-03,2022-03-06,27,27.0
PO_10045,PRD_0250,SUP_068,WH_078,2022-10-12,2022-10-13,2022-10-13,278,278.0
PO_10046,PRD_1299,SUP_185,WH_077,2022-05-12,2022-05-26,2022-05-26,46,46.0
PO_10047,PRD_4413,SUP_035,WH_021,2025-01-11,2025-01-21,2025-01-21,470,470.0
PO_10048,PRD_4693,SUP_068,WH_065,2023-06-20,2023-06-21,2023-06-26,466,466.0
PO_10049,PRD_0203,SUP_200,WH_035,2023-03-13,2023-03-17,2023-03-23,135,94.0
PO_10050,PRD_4664,SUP_018,WH_040,2023-10-17,2023-10-23,2023-10-23,121,121.0
PO_10051,PRD_2315,SUP_078,WH_015,2022-05-20,2022-05-21,2022-05-24,172,163.0
PO_10052,PRD_1914,SUP_014,WH_003,2024-09-05,2024-09-18,2024-09-21,490,490.0
PO_10053,PRD_0418,SUP_033,WH_015,2024-01-17,2024-01-31,,150,
PO_10054,PRD_0569,SUP_067,WH_032,2024-05-24,2024-05-28,2024-06-05,201,201.0
PO_10055,PRD_2024,SUP_040,WH_077,2024-01-14,2024-01-28,2024-01-28,445,445.0
PO_10056,PRD_2446,SUP_062,WH_076,2024-08-01,2024-08-09,2024-08-09,24,24.0
PO_10057,PRD_3315,SUP_121,WH_062,2024-07-05,2024-07-08,2024-07-15,53,53.0
PO_10058,PRD_4196,SUP_008,WH_016,2022-10-06,2022-10-13,2022-10-13,313,313.0
PO_10059,PRD_4688,SUP_192,WH_012,2023-08-25,2023-08-27,2023-08-29,112,112.0
PO_10060,PRD_0671,SUP_190,WH_077,2022-05-21,2022-05-23,2022-05-29,50,50.0
PO_10061,PRD_3283,SUP_153,WH_005,2023-08-09,2023-08-13,,360,
PO_10062,PRD_2595,SUP_049,WH_054,2022-03-06,2022-03-15,2022-03-15,474,474.0
PO_10063,PRD_1947,SUP_066,WH_053,2024-02-14,2024-02-23,2024-02-23,257,257.0
PO_10064,PRD_2086,SUP_172,WH_033,2025-02-25,2025-03-05,2025-03-05,441,441.0
PO_10065,PRD_3120,SUP_027,WH_079,2023-02-21,2023-03-05,2023-03-05,42,25.0
PO_10066,PRD_0542,SUP_099,WH_010,2023-11-24,2023-11-30,2023-12-07,176,176.0
PO_10067,PRD_0367,SUP_091,WH_047,2023-01-08,2023-01-09,2023-01-14,80,80.0
PO_10068,PRD_1879,SUP_005,WH_022,2024-10-20,2024-10-24,2024-10-24,165,165.0
PO_10069,PRD_0735,SUP_081,WH_044,2025-08-20,2025-08-28,2025-09-05,465,465.0
PO_10070,PRD_3778,SUP_133,WH_014,2022-11-13,2022-11-22,2022-11-30,439,308.0
PO_10071,PRD_2504,SUP_067,WH_036,2025-01-02,2025-01-06,2025-01-06,95,95.0
PO_10072,PRD_3283,SUP_153,WH_030,2025-10-19,2025-10-23,2025-10-23,493,493.0
PO_10073,PRD_1242,SUP_064,WH_019,2025-10-27,2025-11-02,2025-11-02,44,34.0
PO_10074,PRD_0538,SUP_028,WH_040,2025-01-16,2025-01-28,2025-01-28,272,272.0
PO_10075,PRD_3976,SUP_090,WH_074,2022-08-08,2022-08-13,,139,
PO_10076,PRD_0375,SUP_059,WH_044,2023-02-20,2023-02-23,2023-02-23,234,234.0
PO_10077,PRD_1797,SUP_170,WH_042,2025-04-18,2025-04-26,2025-04-26,115,115.0
PO_10078,PRD_2206,SUP_152,WH_015,2023-05-24,2023-06-02,2023-06-02,321,230.0
PO_10079,PRD_4934,SUP_047,WH_021,2024-09-05,2024-09-09,2024-09-09,365,365.0
PO_10080,PRD_2927,SUP_058,WH_005,2024-12-25,2024-12-26,2024-12-26,398,398.0
PO_10081,PRD_4635,SUP_074,WH_021,2024-11-17,2024-12-01,2024-12-09,418,418.0
PO_10082,PRD_0204,SUP_200,WH_002,2022-06-11,2022-06-15,2022-06-15,329,329.0
PO_10083,PRD_3413,SUP_177,WH_062,2024-01-06,2024-01-07,2024-01-07,219,219.0
PO_10084,PRD_4126,SUP_004,WH_016,2022-05-07,2022-05-20,2022-05-20,395,395.0
PO_10085,PRD_4402,SUP_030,WH_073,2023-07-03,2023-07-15,2023-07-16,201,201.0
PO_10086,PRD_1920,SUP_067,WH_005,2023-02-25,2023-03-01,2023-03-01,22,22.0
PO_10087,PRD_1926,SUP_152,WH_062,2024-10-02,2024-10-11,2024-10-11,320,320.0
PO_10088,PRD_4186,SUP_160,WH_014,2023-03-13,2023-03-18,2023-03-18,282,282.0
PO_10089,PRD_0819,SUP_081,WH_018,2024-01-20,2024-01-28,2024-02-04,80,60.0
PO_10090,PRD_4798,SUP_163,WH_037,2022-06-12,2022-06-19,2022-06-19,29,29.0
PO_10091,PRD_3791,SUP_121,WH_009,2024-01-24,2024-01-27,,288,
PO_10092,PRD_4416,SUP_166,WH_009,2023-05-19,2023-05-22,,231,
PO_10093,PRD_1693,SUP_174,WH_033,2023-03-19,2023-03-27,,450,
PO_10094,PRD_0935,SUP_080,WH_008,2024-03-10,2024-03-11,2024-03-14,238,238.0
PO_10095,PRD_3571,SUP_154,WH_016,2024-08-11,2024-08-23,,484,
PO_10096,PRD_3182,SUP_027,WH_073,2023-02-09,2023-02-21,2023-02-23,442,442.0
PO_10097,PRD_2728,SUP_057,WH_028,2024-08-13,2024-08-18,2024-08-18,181,149.0
PO_10098,PRD_3395,SUP_019,WH_064,2024-01-16,2024-01-28,2024-02-03,127,127.0
PO_10099,PRD_4824,SUP_128,WH_049,2024-03-13,2024-03-16,2024-03-16,197,152.0
PO_10100,PRD_2657,SUP_088,WH_068,2025-05-26,2025-06-01,2025-06-01,237,237.0
PO_10101,PRD_3890,SUP_011,WH_014,2024-04-24,2024-05-05,2024-05-05,281,281.0
PO_10102,PRD_1296,SUP_100,WH_051,2024-04-13,2024-04-20,,97,
PO_10103,PRD_4416,SUP_166,WH_042,2024-05-11,2024-05-14,2024-05-14,223,223.0
PO_10104,PRD_4050,SUP_200,WH_069,2023-09-18,2023-09-22,,181,
PO_10105,PRD_0581,SUP_072,WH_008,2024-04-07,2024-04-11,2024-04-11,264,264.0
PO_10106,PRD_4117,SUP_106,WH_076,2024-01-20,2024-01-21,2024-01-21,179,179.0
PO_10107,PRD_4519,SUP_085,WH_055,2023-06-18,2023-06-20,2023-06-20,423,330.0
PO_10108,PRD_4100,SUP_161,WH_046,2022-08-21,2022-08-26,2022-08-26,351,351.0
PO_10109,PRD_3401,SUP_193,WH_059,2023-10-13,2023-10-15,,242,
PO_10110,PRD_3104,SUP_148,WH_063,2023-08-24,2023-08-27,2023-08-27,429,429.0
PO_10111,PRD_0023,SUP_185,WH_042,2022-09-24,2022-10-08,2022-10-08,20,20.0
PO_10112,PRD_1006,SUP_063,WH_011,2022-11-25,2022-12-06,2022-12-06,107,107.0
PO_10113,PRD_3119,SUP_146,WH_077,2024-10-07,2024-10-21,2024-10-21,329,313.0
PO_10114,PRD_2932,SUP_195,WH_027,2023-01-01,2023-01-04,,476,
PO_10115,PRD_2364,SUP_027,WH_003,2024-06-16,2024-06-28,2024-06-28,374,374.0
PO_10116,PRD_2595,SUP_049,WH_019,2022-03-25,2022-04-03,2022-04-03,129,113.0
PO_10117,PRD_4930,SUP_021,WH_080,2022-11-21,2022-12-01,2022-12-01,285,285.0
PO_10118,PRD_3532,SUP_148,WH_073,2025-02-13,2025-02-16,,325,
PO_10119,PRD_3655,SUP_083,WH_053,2022-01-26,2022-02-06,2022-02-06,279,279.0
PO_10120,PRD_4673,SUP_127,WH_002,2025-05-15,2025-05-25,,274,
PO_10121,PRD_0417,SUP_179,WH_060,2025-02-21,2025-02-25,2025-02-25,75,75.0
PO_10122,PRD_0976,SUP_187,WH_052,2023-05-23,2023-05-26,2023-05-26,308,253.0
PO_10123,PRD_0937,SUP_001,WH_032,2023-05-16,2023-05-23,2023-05-23,77,77.0
PO_10124,PRD_3474,SUP_140,WH_035,2025-12-07,2025-12-18,2025-12-18,76,76.0
PO_10125,PRD_4634,SUP_068,WH_062,2022-10-01,2022-10-02,2022-10-09,330,330.0
PO_10126,PRD_2499,SUP_138,WH_013,2022-08-26,2022-09-03,,135,
PO_10127,PRD_0024,SUP_073,WH_031,2024-01-13,2024-01-25,2024-01-28,71,43.0
PO_10128,PRD_3028,SUP_017,WH_046,2022-03-20,2022-03-23,2022-03-23,115,115.0
PO_10129,PRD_3942,SUP_121,WH_007,2024-12-09,2024-12-12,2024-12-16,499,499.0
PO_10130,PRD_3869,SUP_133,WH_065,2023-10-15,2023-10-24,2023-10-24,157,157.0
PO_10131,PRD_4129,SUP_133,WH_024,2025-08-11,2025-08-20,2025-08-20,341,341.0
PO_10132,PRD_3089,SUP_004,WH_002,2025-12-08,2025-12-21,2025-12-21,488,488.0
PO_10133,PRD_2373,SUP_174,WH_030,2022-02-24,2022-03-04,2022-03-04,245,182.0
PO_10134,PRD_1613,SUP_148,WH_006,2023-06-03,2023-06-06,2023-06-12,58,58.0
PO_10135,PRD_1052,SUP_132,WH_026,2022-09-12,2022-09-16,2022-09-16,273,273.0
PO_10136,PRD_2847,SUP_172,WH_035,2022-04-04,2022-04-12,2022-04-20,185,185.0
PO_10137,PRD_0671,SUP_190,WH_030,2024-03-18,2024-03-20,2024-03-20,454,454.0
PO_10138,PRD_2134,SUP_172,WH_033,2022-04-14,2022-04-22,2022-04-22,193,193.0
PO_10139,PRD_4523,SUP_012,WH_010,2025-11-12,2025-11-25,2025-11-26,459,304.0
PO_10140,PRD_3195,SUP_151,WH_041,2025-09-20,2025-09-30,2025-09-30,481,481.0
PO_10141,PRD_3935,SUP_090,WH_030,2025-12-12,2025-12-17,2025-12-17,391,391.0
PO_10142,PRD_2639,SUP_088,WH_037,2024-02-23,2024-02-29,2024-02-29,397,397.0
PO_10143,PRD_3158,SUP_077,WH_056,2024-02-19,2024-02-22,,174,
PO_10144,PRD_0508,SUP_066,WH_058,2024-05-01,2024-05-10,,480,
PO_10145,PRD_3561,SUP_043,WH_053,2024-08-22,2024-08-31,2024-08-31,167,113.0
PO_10146,PRD_2232,SUP_080,WH_027,2025-03-07,2025-03-08,2025-03-08,399,399.0
PO_10147,PRD_4604,SUP_129,WH_029,2022-06-09,2022-06-12,,325,
PO_10148,PRD_2151,SUP_040,WH_068,2023-10-17,2023-10-31,2023-10-31,119,119.0
PO_10149,PRD_2793,SUP_153,WH_014,2025-09-25,2025-09-29,2025-09-29,155,155.0
PO_10150,PRD_4884,SUP_178,WH_067,2024-08-27,2024-09-04,2024-09-04,147,108.0
PO_10151,PRD_4174,SUP_170,WH_030,2024-03-13,2024-03-21,2024-03-26,194,194.0
PO_10152,PRD_3861,SUP_090,WH_031,2023-07-13,2023-07-18,2023-07-18,259,259.0
PO_10153,PRD_1900,SUP_022,WH_008,2025-08-02,2025-08-15,2025-08-19,58,58.0
PO_10154,PRD_4974,SUP_045,WH_067,2025-09-23,2025-10-07,2025-10-07,335,335.0
PO_10155,PRD_0742,SUP_072,WH_006,2022-05-23,2022-05-27,2022-05-27,191,191.0
PO_10156,PRD_4092,SUP_125,WH_071,2023-09-16,2023-09-20,,441,
PO_10157,PRD_1995,SUP_095,WH_030,2023-07-13,2023-07-15,2023-07-19,417,417.0
PO_10158,PRD_3075,SUP_073,WH_072,2022-08-09,2022-08-21,2022-08-21,408,408.0
PO_10159,PRD_0953,SUP_179,WH_010,2024-12-17,2024-12-21,2024-12-21,178,178.0
PO_10160,PRD_0456,SUP_028,WH_050,2025-12-08,2025-12-20,2025-12-20,288,288.0
PO_10161,PRD_0769,SUP_130,WH_028,2024-07-05,2024-07-09,,475,
PO_10162,PRD_4221,SUP_194,WH_020,2024-11-05,2024-11-11,2024-11-11,317,231.0
PO_10163,PRD_3402,SUP_105,WH_020,2022-11-24,2022-12-05,,124,
PO_10164,PRD_1613,SUP_148,WH_049,2025-06-07,2025-06-10,2025-06-10,335,335.0
PO_10165,PRD_1880,SUP_121,WH_036,2022-06-18,2022-06-21,2022-06-21,484,484.0
PO_10166,PRD_3167,SUP_014,WH_007,2022-12-23,2023-01-05,2023-01-05,283,283.0
PO_10167,PRD_2479,SUP_105,WH_070,2022-12-17,2022-12-28,2022-12-28,241,241.0
PO_10168,PRD_1192,SUP_189,WH_049,2024-11-13,2024-11-26,,463,
PO_10169,PRD_3824,SUP_042,WH_077,2022-09-09,2022-09-10,2022-09-14,138,138.0
PO_10170,PRD_4143,SUP_093,WH_065,2024-02-18,2024-02-21,2024-02-21,189,189.0
PO_10171,PRD_3287,SUP_058,WH_074,2024-01-14,2024-01-15,,339,
PO_10172,PRD_2336,SUP_018,WH_005,2024-05-01,2024-05-07,2024-05-07,330,330.0
PO_10173,PRD_3815,SUP_167,WH_010,2024-10-19,2024-10-22,2024-10-22,422,422.0
PO_10174,PRD_4877,SUP_136,WH_079,2025-07-16,2025-07-23,2025-07-28,350,350.0
PO_10175,PRD_0049,SUP_185,WH_064,2022-08-13,2022-08-27,2022-08-27,476,476.0
PO_10176,PRD_2970,SUP_065,WH_033,2022-10-11,2022-10-19,,107,
PO_10177,PRD_2929,SUP_134,WH_067,2022-11-02,2022-11-03,2022-11-03,363,363.0
PO_10178,PRD_3501,SUP_083,WH_014,2025-09-12,2025-09-23,2025-09-23,427,427.0
PO_10179,PRD_0224,SUP_184,WH_011,2023-08-15,2023-08-18,2023-08-18,319,319.0
PO_10180,PRD_0561,SUP_176,WH_019,2024-10-04,2024-10-15,2024-10-22,223,212.0
PO_10181,PRD_1657,SUP_196,WH_047,2023-01-25,2023-02-07,2023-02-07,205,205.0
PO_10182,PRD_1964,SUP_180,WH_052,2024-04-18,2024-04-24,2024-04-24,344,344.0
PO_10183,PRD_2720,SUP_135,WH_076,2023-06-27,2023-07-05,2023-07-05,265,265.0
PO_10184,PRD_4454,SUP_187,WH_035,2023-11-14,2023-11-17,2023-11-23,417,359.0
PO_10185,PRD_1407,SUP_055,WH_017,2025-10-04,2025-10-13,,86,
PO_10186,PRD_4195,SUP_106,WH_078,2024-04-07,2024-04-08,2024-04-08,246,246.0
PO_10187,PRD_2633,SUP_158,WH_033,2022-04-19,2022-05-03,2022-05-03,311,311.0
PO_10188,PRD_0303,SUP_175,WH_013,2024-12-26,2024-12-30,2024-12-30,307,307.0
PO_10189,PRD_2052,SUP_043,WH_023,2025-04-03,2025-04-12,2025-04-12,142,142.0
PO_10190,PRD_1905,SUP_098,WH_052,2023-12-05,2023-12-15,2023-12-19,409,360.0
PO_10191,PRD_0874,SUP_184,WH_046,2023-11-25,2023-11-28,,196,
PO_10192,PRD_1952,SUP_008,WH_012,2025-08-13,2025-08-20,2025-08-23,357,357.0
PO_10193,PRD_1836,SUP_139,WH_003,2023-10-06,2023-10-07,2023-10-07,280,280.0
PO_10194,PRD_1815,SUP_137,WH_012,2022-07-25,2022-07-27,2022-07-30,282,213.0
PO_10195,PRD_2655,SUP_047,WH_079,2022-03-19,2022-03-23,2022-03-25,63,63.0
PO_10196,PRD_2407,SUP_063,WH_062,2024-11-25,2024-12-06,,147,
PO_10197,PRD_3574,SUP_146,WH_077,2022-12-24,2023-01-07,2023-01-12,165,142.0
PO_10198,PRD_1802,SUP_121,WH_045,2022-05-24,2022-05-27,2022-05-27,121,105.0
PO_10199,PRD_4158,SUP_156,WH_036,2022-04-20,2022-04-22,2022-04-22,426,426.0
PO_10200,PRD_0846,SUP_018,WH_061,2023-04-26,2023-05-02,2023-05-05,466,466.0
PO_10201,PRD_0701,SUP_103,WH_019,2022-07-11,2022-07-22,2022-07-22,51,51.0
PO_10202,PRD_4928,SUP_092,WH_020,2025-03-24,2025-03-25,,32,
PO_10203,PRD_4008,SUP_114,WH_022,2025-01-12,2025-01-23,2025-01-23,436,385.0
PO_10204,PRD_4423,SUP_030,WH_063,2023-09-05,2023-09-17,2023-09-17,366,366.0
PO_10205,PRD_1961,SUP_006,WH_030,2025-04-08,2025-04-22,2025-04-29,204,204.0
PO_10206,PRD_2831,SUP_048,WH_080,2023-07-08,2023-07-21,2023-07-21,101,101.0
PO_10207,PRD_3253,SUP_060,WH_009,2025-10-23,2025-11-02,,455,
PO_10208,PRD_1982,SUP_006,WH_046,2025-10-24,2025-11-07,2025-11-07,131,131.0
PO_10209,PRD_0038,SUP_155,WH_020,2025-10-02,2025-10-03,2025-10-03,332,332.0
PO_10210,PRD_3635,SUP_069,WH_080,2023-11-05,2023-11-19,2023-11-19,322,322.0
PO_10211,PRD_3744,SUP_172,WH_004,2023-09-19,2023-09-27,2023-10-02,56,56.0
PO_10212,PRD_4374,SUP_070,WH_006,2025-09-12,2025-09-13,2025-09-13,482,482.0
PO_10213,PRD_2805,SUP_033,WH_009,2022-05-14,2022-05-28,2022-05-28,245,245.0
PO_10214,PRD_2219,SUP_174,WH_070,2023-06-04,2023-06-12,2023-06-12,172,172.0
PO_10215,PRD_2025,SUP_149,WH_029,2025-06-02,2025-06-09,2025-06-09,38,27.0
PO_10216,PRD_4616,SUP_004,WH_066,2025-01-09,2025-01-22,2025-01-22,361,361.0
PO_10217,PRD_2970,SUP_065,WH_039,2023-03-24,2023-04-01,2023-04-02,252,187.0
PO_10218,PRD_2656,SUP_091,WH_051,2025-05-12,2025-05-13,2025-05-13,116,77.0
PO_10219,PRD_3165,SUP_016,WH_004,2024-12-24,2025-01-04,2025-01-04,112,112.0
PO_10220,PRD_1707,SUP_189,WH_018,2023-04-17,2023-04-30,,54,
PO_10221,PRD_4974,SUP_045,WH_002,2022-04-04,2022-04-18,2022-04-19,336,336.0
PO_10222,PRD_2760,SUP_070,WH_002,2023-11-27,2023-11-28,2023-11-28,239,231.0
PO_10223,PRD_4092,SUP_125,WH_023,2025-02-23,2025-02-27,2025-02-27,326,326.0
PO_10224,PRD_3529,SUP_024,WH_032,2023-02-24,2023-03-05,,327,
PO_10225,PRD_3384,SUP_019,WH_022,2023-03-01,2023-03-13,2023-03-18,117,117.0
PO_10226,PRD_1446,SUP_119,WH_021,2023-08-14,2023-08-20,2023-08-20,473,473.0
PO_10227,PRD_4170,SUP_049,WH_051,2025-04-09,2025-04-18,2025-04-18,154,154.0
PO_10228,PRD_1060,SUP_189,WH_026,2024-01-22,2024-02-04,,215,
PO_10229,PRD_2590,SUP_125,WH_072,2023-11-08,2023-11-12,2023-11-12,224,224.0
PO_10230,PRD_1261,SUP_021,WH_008,2022-03-18,2022-03-28,2022-03-28,45,45.0
PO_10231,PRD_2233,SUP_027,WH_038,2023-05-10,2023-05-22,,450,
PO_10232,PRD_2263,SUP_179,WH_056,2025-03-08,2025-03-12,2025-03-12,290,192.0
PO_10233,PRD_0363,SUP_046,WH_035,2025-03-05,2025-03-14,2025-03-14,223,223.0
PO_10234,PRD_2762,SUP_124,WH_064,2024-08-21,2024-09-01,2024-09-01,202,202.0
PO_10235,PRD_1530,SUP_008,WH_058,2022-04-26,2022-05-03,2022-05-09,197,161.0
PO_10236,PRD_1985,SUP_066,WH_079,2022-08-08,2022-08-17,2022-08-17,52,52.0
PO_10237,PRD_0721,SUP_046,WH_014,2024-12-08,2024-12-17,2024-12-17,262,238.0
PO_10238,PRD_1309,SUP_120,WH_076,2024-10-20,2024-11-02,2024-11-02,413,413.0
PO_10239,PRD_0296,SUP_171,WH_059,2025-05-11,2025-05-17,2025-05-17,74,74.0
PO_10240,PRD_2813,SUP_073,WH_059,2025-03-23,2025-04-04,2025-04-04,138,138.0
PO_10241,PRD_1907,SUP_165,WH_018,2022-03-22,2022-03-31,2022-03-31,42,42.0
PO_10242,PRD_2739,SUP_085,WH_016,2023-09-16,2023-09-18,2023-09-18,274,274.0
PO_10243,PRD_3000,SUP_142,WH_055,2025-04-04,2025-04-13,2025-04-13,31,31.0
PO_10244,PRD_1941,SUP_064,WH_025,2024-05-26,2024-06-01,2024-06-01,415,263.0
PO_10245,PRD_3724,SUP_011,WH_018,2022-12-08,2022-12-19,2022-12-19,371,371.0
PO_10246,PRD_4564,SUP_040,WH_063,2025-09-03,2025-09-17,2025-09-17,95,95.0
PO_10247,PRD_4967,SUP_195,WH_063,2025-06-27,2025-06-30,2025-06-30,141,141.0
PO_10248,PRD_0221,SUP_028,WH_048,2022-04-25,2022-05-07,2022-05-07,329,329.0
PO_10249,PRD_0292,SUP_010,WH_045,2025-06-15,2025-06-28,2025-07-06,329,297.0
PO_10250,PRD_0741,SUP_008,WH_013,2022-09-11,2022-09-18,2022-09-18,82,82.0
PO_10251,PRD_3030,SUP_077,WH_066,2024-07-21,2024-07-24,2024-07-24,136,136.0
PO_10252,PRD_1792,SUP_087,WH_051,2023-11-14,2023-11-26,2023-11-26,434,434.0
PO_10253,PRD_2698,SUP_141,WH_009,2025-11-19,2025-12-01,2025-12-01,128,83.0
PO_10254,PRD_1215,SUP_051,WH_036,2024-10-14,2024-10-21,2024-10-21,190,190.0
PO_10255,PRD_2894,SUP_124,WH_048,2022-02-15,2022-02-26,2022-02-26,291,291.0
PO_10256,PRD_3075,SUP_073,WH_059,2022-03-10,2022-03-22,2022-03-22,247,247.0
PO_10257,PRD_1936,SUP_122,WH_037,2024-07-16,2024-07-20,,279,
PO_10258,PRD_2489,SUP_069,WH_025,2024-12-19,2025-01-02,2025-01-04,317,203.0
PO_10259,PRD_1323,SUP_071,WH_071,2022-06-20,2022-06-30,,440,
PO_10260,PRD_1573,SUP_104,WH_058,2023-02-08,2023-02-16,,349,
PO_10261,PRD_1398,SUP_125,WH_010,2024-03-23,2024-03-27,2024-03-27,236,165.0
PO_10262,PRD_4052,SUP_132,WH_027,2025-03-15,2025-03-19,2025-03-24,371,371.0
PO_10263,PRD_2467,SUP_111,WH_039,2023-01-07,2023-01-09,2023-01-09,430,271.0
PO_10264,PRD_0204,SUP_200,WH_002,2025-09-10,2025-09-14,2025-09-14,171,171.0
PO_10265,PRD_2367,SUP_154,WH_036,2023-07-15,2023-07-27,2023-07-27,77,77.0
PO_10266,PRD_1387,SUP_071,WH_064,2025-04-18,2025-04-28,2025-04-28,451,451.0
PO_10267,PRD_4952,SUP_098,WH_018,2024-08-16,2024-08-26,2024-08-26,243,243.0
PO_10268,PRD_3966,SUP_090,WH_023,2023-03-10,2023-03-15,2023-03-15,462,462.0
PO_10269,PRD_2150,SUP_149,WH_060,2022-02-08,2022-02-15,2022-02-15,124,124.0
PO_10270,PRD_2176,SUP_184,WH_069,2024-05-08,2024-05-11,2024-05-11,112,112.0
PO_10271,PRD_1964,SUP_180,WH_063,2024-04-27,2024-05-03,2024-05-03,454,454.0
PO_10272,PRD_1194,SUP_162,WH_071,2025-03-08,2025-03-19,2025-03-19,262,262.0
PO_10273,PRD_3012,SUP_004,WH_074,2023-07-17,2023-07-30,2023-07-30,162,162.0
PO_10274,PRD_2362,SUP_154,WH_072,2023-11-08,2023-11-20,2023-11-23,123,123.0
PO_10275,PRD_4065,SUP_062,WH_045,2025-08-06,2025-08-14,2025-08-14,330,330.0
PO_10276,PRD_4878,SUP_076,WH_071,2024-03-13,2024-03-15,,147,
PO_10277,PRD_4034,SUP_001,WH_056,2023-10-09,2023-10-16,2023-10-16,269,269.0
PO_10278,PRD_4735,SUP_125,WH_033,2024-10-12,2024-10-16,,271,
PO_10279,PRD_0872,SUP_197,WH_031,2022-12-19,2022-12-28,2022-12-28,476,383.0
PO_10280,PRD_3594,SUP_019,WH_012,2022-04-03,2022-04-15,2022-04-19,152,142.0
PO_10281,PRD_2751,SUP_024,WH_078,2022-02-10,2022-02-19,,395,
PO_10282,PRD_0898,SUP_184,WH_051,2024-09-18,2024-09-21,2024-09-21,474,474.0
PO_10283,PRD_4137,SUP_053,WH_024,2023-08-03,2023-08-11,2023-08-11,41,41.0
PO_10284,PRD_2266,SUP_177,WH_050,2024-02-11,2024-02-12,2024-02-12,269,269.0
PO_10285,PRD_3271,SUP_177,WH_050,2022-10-07,2022-10-08,2022-10-08,230,230.0
PO_10286,PRD_3293,SUP_176,WH_054,2022-03-10,2022-03-21,2022-03-28,258,258.0
PO_10287,PRD_4048,SUP_160,WH_055,2022-01-10,2022-01-15,2022-01-15,311,311.0
PO_10288,PRD_2561,SUP_111,WH_011,2022-01-10,2022-01-12,,447,
PO_10289,PRD_1948,SUP_178,WH_008,2024-03-19,2024-03-27,,325,
PO_10290,PRD_4766,SUP_021,WH_053,2023-02-04,2023-02-14,2023-02-17,88,88.0
PO_10291,PRD_3772,SUP_167,WH_029,2022-01-17,2022-01-20,,329,
PO_10292,PRD_2397,SUP_184,WH_067,2025-06-27,2025-06-30,2025-06-30,52,52.0
PO_10293,PRD_4908,SUP_106,WH_040,2022-01-04,2022-01-05,2022-01-05,188,188.0
PO_10294,PRD_4561,SUP_061,WH_037,2023-12-12,2023-12-24,2023-12-24,384,241.0
PO_10295,PRD_2625,SUP_004,WH_036,2023-10-17,2023-10-30,2023-10-30,320,320.0
PO_10296,PRD_3605,SUP_113,WH_006,2022-05-23,2022-05-29,2022-05-29,124,124.0
PO_10297,PRD_2879,SUP_078,WH_035,2022-10-08,2022-10-09,,110,
PO_10298,PRD_2424,SUP_170,WH_011,2023-01-03,2023-01-11,2023-01-11,116,116.0
PO_10299,PRD_2224,SUP_089,WH_077,2022-08-19,2022-08-26,2022-09-03,421,421.0
PO_10300,PRD_1419,SUP_055,WH_019,2025-06-17,2025-06-26,,31,
PO_10301,PRD_1286,SUP_036,WH_077,2023-04-07,2023-04-14,,211,
PO_10302,PRD_2698,SUP_141,WH_009,2023-04-20,2023-05-02,2023-05-02,203,203.0
PO_10303,PRD_4606,SUP_182,WH_077,2024-07-23,2024-07-27,2024-07-27,76,76.0
PO_10304,PRD_0700,SUP_030,WH_010,2024-03-26,2024-04-07,2024-04-07,444,444.0
PO_10305,PRD_0045,SUP_001,WH_067,2025-02-03,2025-02-10,2025-02-10,431,431.0
PO_10306,PRD_0505,SUP_085,WH_068,2022-10-06,2022-10-08,,280,
PO_10307,PRD_3615,SUP_021,WH_055,2022-07-14,2022-07-24,2022-07-24,373,248.0
PO_10308,PRD_3041,SUP_030,WH_060,2022-11-22,2022-12-04,2022-12-04,465,465.0
PO_10309,PRD_0245,SUP_176,WH_008,2024-01-04,2024-01-15,2024-01-15,398,398.0
PO_10310,PRD_3489,SUP_037,WH_074,2022-08-21,2022-09-02,2022-09-04,40,40.0
PO_10311,PRD_1271,SUP_039,WH_049,2025-04-27,2025-05-04,2025-05-04,364,364.0
PO_10312,PRD_1181,SUP_050,WH_021,2024-07-25,2024-07-28,2024-07-28,204,142.0
PO_10313,PRD_4936,SUP_092,WH_031,2022-02-27,2022-02-28,2022-02-28,225,225.0
PO_10314,PRD_4095,SUP_127,WH_035,2025-06-10,2025-06-20,2025-06-20,283,283.0
PO_10315,PRD_4129,SUP_133,WH_038,2022-03-03,2022-03-12,,377,
PO_10316,PRD_3746,SUP_163,WH_042,2024-04-20,2024-04-27,2024-05-01,126,126.0
PO_10317,PRD_0522,SUP_174,WH_048,2023-07-05,2023-07-13,2023-07-13,433,433.0
PO_10318,PRD_1522,SUP_186,WH_039,2022-07-21,2022-07-30,2022-07-30,116,116.0
PO_10319,PRD_4010,SUP_128,WH_018,2025-02-14,2025-02-17,2025-02-17,24,24.0
PO_10320,PRD_1112,SUP_044,WH_005,2022-07-15,2022-07-26,2022-07-26,399,280.0
PO_10321,PRD_3317,SUP_009,WH_008,2023-08-21,2023-08-28,2023-08-28,172,172.0
PO_10322,PRD_1888,SUP_072,WH_064,2023-03-13,2023-03-17,2023-03-17,209,209.0
PO_10323,PRD_3930,SUP_027,WH_024,2023-09-01,2023-09-13,2023-09-13,274,274.0
PO_10324,PRD_2507,SUP_004,WH_050,2022-08-12,2022-08-25,2022-08-25,385,385.0
PO_10325,PRD_4168,SUP_034,WH_044,2024-11-11,2024-11-22,2024-11-22,79,79.0
PO_10326,PRD_3040,SUP_179,WH_003,2022-08-05,2022-08-09,2022-08-09,460,460.0
PO_10327,PRD_2639,SUP_088,WH_061,2024-05-13,2024-05-19,2024-05-19,179,179.0
PO_10328,PRD_4715,SUP_125,WH_061,2024-10-27,2024-10-31,2024-10-31,107,107.0
PO_10329,PRD_1337,SUP_041,WH_073,2024-01-13,2024-01-14,2024-01-14,105,67.0
PO_10330,PRD_4329,SUP_190,WH_014,2024-05-27,2024-05-29,2024-05-29,31,29.0
PO_10331,PRD_2298,SUP_089,WH_065,2024-06-03,2024-06-10,,259,
PO_10332,PRD_2059,SUP_052,WH_053,2022-05-15,2022-05-21,2022-05-21,243,243.0
PO_10333,PRD_4756,SUP_178,WH_011,2025-10-27,2025-11-04,2025-11-04,99,99.0
PO_10334,PRD_1599,SUP_087,WH_047,2022-08-25,2022-09-06,2022-09-06,423,423.0
PO_10335,PRD_1617,SUP_192,WH_007,2022-07-10,2022-07-12,2022-07-12,419,419.0
PO_10336,PRD_1121,SUP_061,WH_001,2022-04-24,2022-05-06,2022-05-06,110,110.0
PO_10337,PRD_1113,SUP_114,WH_052,2024-12-22,2025-01-02,2025-01-05,69,69.0
PO_10338,PRD_2258,SUP_097,WH_017,2025-03-12,2025-03-24,2025-03-24,482,326.0
PO_10339,PRD_1872,SUP_160,WH_065,2024-10-17,2024-10-22,2024-10-22,477,477.0
PO_10340,PRD_3692,SUP_059,WH_034,2025-08-05,2025-08-08,2025-08-08,70,70.0
PO_10341,PRD_3369,SUP_058,WH_072,2023-11-27,2023-11-28,2023-11-28,329,329.0
PO_10342,PRD_4438,SUP_077,WH_047,2025-04-07,2025-04-10,2025-04-17,283,273.0
PO_10343,PRD_1963,SUP_064,WH_039,2022-07-09,2022-07-15,2022-07-16,423,259.0
PO_10344,PRD_2657,SUP_088,WH_041,2023-10-27,2023-11-02,2023-11-02,124,124.0
PO_10345,PRD_0208,SUP_185,WH_048,2025-06-25,2025-07-09,2025-07-09,223,223.0
PO_10346,PRD_0431,SUP_038,WH_056,2025-09-07,2025-09-16,,97,
PO_10347,PRD_1059,SUP_132,WH_005,2024-12-19,2024-12-23,2024-12-23,189,189.0
PO_10348,PRD_1252,SUP_055,WH_001,2025-05-19,2025-05-28,2025-06-02,432,357.0
PO_10349,PRD_0420,SUP_175,WH_033,2024-12-16,2024-12-20,2024-12-24,248,248.0
PO_10350,PRD_4178,SUP_041,WH_065,2022-11-08,2022-11-09,2022-11-09,276,276.0
PO_10351,PRD_2392,SUP_080,WH_077,2023-04-05,2023-04-06,2023-04-06,428,271.0
PO_10352,PRD_1324,SUP_188,WH_041,2023-01-25,2023-02-03,2023-02-06,41,26.0
PO_10353,PRD_0256,SUP_029,WH_016,2024-11-20,2024-12-02,2024-12-07,82,82.0
PO_10354,PRD_2664,SUP_071,WH_044,2025-09-06,2025-09-16,2025-09-24,200,189.0
PO_10355,PRD_1145,SUP_132,WH_067,2023-09-10,2023-09-14,2023-09-14,458,415.0
PO_10356,PRD_0330,SUP_064,WH_017,2022-07-20,2022-07-26,2022-07-26,344,344.0
PO_10357,PRD_1059,SUP_132,WH_048,2024-08-22,2024-08-26,2024-08-26,331,331.0
PO_10358,PRD_4756,SUP_178,WH_063,2023-09-15,2023-09-23,2023-09-23,484,484.0
PO_10359,PRD_2059,SUP_052,WH_006,2023-04-16,2023-04-22,2023-04-27,252,225.0
PO_10360,PRD_1731,SUP_022,WH_002,2025-09-02,2025-09-15,,341,
PO_10361,PRD_0956,SUP_184,WH_002,2024-08-16,2024-08-19,2024-08-24,347,347.0
PO_10362,PRD_2225,SUP_018,WH_075,2023-11-05,2023-11-11,2023-11-11,443,312.0
PO_10363,PRD_2138,SUP_040,WH_005,2023-06-07,2023-06-21,2023-06-21,293,293.0
PO_10364,PRD_1731,SUP_022,WH_047,2022-03-25,2022-04-07,2022-04-07,424,424.0
PO_10365,PRD_0919,SUP_081,WH_071,2024-01-10,2024-01-18,,99,
PO_10366,PRD_4176,SUP_081,WH_079,2025-06-19,2025-06-27,2025-07-02,144,144.0
PO_10367,PRD_4037,SUP_132,WH_050,2025-06-14,2025-06-18,2025-06-18,62,62.0
PO_10368,PRD_2450,SUP_112,WH_057,2024-01-26,2024-02-01,2024-02-01,221,221.0
PO_10369,PRD_3719,SUP_047,WH_080,2022-09-11,2022-09-15,2022-09-17,151,151.0
PO_10370,PRD_4752,SUP_136,WH_010,2025-11-08,2025-11-15,2025-11-16,282,282.0
PO_10371,PRD_0651,SUP_156,WH_053,2023-10-12,2023-10-14,2023-10-14,168,168.0
PO_10372,PRD_3130,SUP_088,WH_051,2023-05-22,2023-05-28,,365,
PO_10373,PRD_1776,SUP_014,WH_024,2022-06-16,2022-06-29,2022-06-29,485,485.0
PO_10374,PRD_0660,SUP_067,WH_066,2022-04-15,2022-04-19,2022-04-19,463,463.0
PO_10375,PRD_3606,SUP_069,WH_065,2024-04-09,2024-04-23,2024-04-23,447,447.0
PO_10376,PRD_3766,SUP_150,WH_049,2023-01-27,2023-02-08,2023-02-08,285,285.0
PO_10377,PRD_2399,SUP_018,WH_048,2024-11-01,2024-11-07,2024-11-07,59,59.0
PO_10378,PRD_2611,SUP_069,WH_012,2022-09-22,2022-10-06,2022-10-06,45,45.0
PO_10379,PRD_3491,SUP_043,WH_029,2024-01-10,2024-01-19,2024-01-19,208,208.0
PO_10380,PRD_2428,SUP_063,WH_066,2023-11-19,2023-11-30,2023-11-30,215,215.0
PO_10381,PRD_2454,SUP_175,WH_004,2024-07-12,2024-07-16,2024-07-16,110,110.0
PO_10382,PRD_0921,SUP_184,WH_053,2025-11-25,2025-11-28,2025-11-28,104,104.0
PO_10383,PRD_1633,SUP_125,WH_016,2023-05-19,2023-05-23,2023-05-23,134,131.0
PO_10384,PRD_2524,SUP_158,WH_060,2022-07-14,2022-07-28,2022-08-02,220,220.0
PO_10385,PRD_4241,SUP_132,WH_005,2023-09-05,2023-09-09,2023-09-09,73,58.0
PO_10386,PRD_0406,SUP_042,WH_042,2022-04-11,2022-04-12,,49,
PO_10387,PRD_2721,SUP_194,WH_039,2023-12-03,2023-12-09,2023-12-09,199,142.0
PO_10388,PRD_2424,SUP_170,WH_012,2025-07-23,2025-07-31,2025-07-31,350,350.0
PO_10389,PRD_2049,SUP_156,WH_029,2022-02-19,2022-02-21,2022-02-22,228,149.0
PO_10390,PRD_2720,SUP_135,WH_068,2022-11-15,2022-11-23,2022-11-23,302,184.0
PO_10391,PRD_3904,SUP_047,WH_079,2024-09-02,2024-09-06,2024-09-06,443,443.0
PO_10392,PRD_1228,SUP_024,WH_050,2024-02-19,2024-02-28,2024-02-28,485,485.0
PO_10393,PRD_3574,SUP_146,WH_013,2024-11-12,2024-11-26,,310,
PO_10394,PRD_2005,SUP_043,WH_049,2025-05-18,2025-05-27,2025-05-27,415,415.0
PO_10395,PRD_1587,SUP_087,WH_040,2025-12-12,2025-12-24,2025-12-24,250,250.0
PO_10396,PRD_1085,SUP_057,WH_069,2025-04-27,2025-05-02,2025-05-02,433,433.0
PO_10397,PRD_4987,SUP_136,WH_041,2025-01-20,2025-01-27,2025-01-27,28,28.0
PO_10398,PRD_0782,SUP_084,WH_020,2023-05-18,2023-05-19,2023-05-25,447,447.0
PO_10399,PRD_1380,SUP_100,WH_062,2024-02-26,2024-03-04,2024-03-04,461,461.0
PO_10400,PRD_2772,SUP_078,WH_048,2024-12-11,2024-12-12,2024-12-12,93,93.0
PO_10401,PRD_2640,SUP_152,WH_021,2025-05-19,2025-05-28,2025-06-05,448,386.0
PO_10402,PRD_4016,SUP_179,WH_071,2023-02-12,2023-02-16,2023-02-16,226,189.0
PO_10403,PRD_4101,SUP_156,WH_015,2023-12-12,2023-12-14,2023-12-14,290,290.0
PO_10404,PRD_4616,SUP_004,WH_028,2025-03-17,2025-03-30,2025-03-30,94,94.0
PO_10405,PRD_0447,SUP_033,WH_049,2022-10-20,2022-11-03,2022-11-03,108,108.0
PO_10406,PRD_3085,SUP_145,WH_064,2025-11-10,2025-11-17,2025-11-17,233,162.0
PO_10407,PRD_0677,SUP_049,WH_039,2022-03-09,2022-03-18,2022-03-18,110,110.0
PO_10408,PRD_0449,SUP_175,WH_060,2024-09-13,2024-09-17,2024-09-17,498,498.0
PO_10409,PRD_0009,SUP_109,WH_013,2023-11-08,2023-11-13,2023-11-18,159,159.0
PO_10410,PRD_1091,SUP_122,WH_045,2022-06-09,2022-06-13,2022-06-13,216,141.0
PO_10411,PRD_0372,SUP_140,WH_075,2024-02-01,2024-02-12,2024-02-12,279,279.0
PO_10412,PRD_1780,SUP_117,WH_008,2025-10-25,2025-11-06,2025-11-06,372,372.0
PO_10413,PRD_4188,SUP_014,WH_035,2023-12-16,2023-12-29,,79,
PO_10414,PRD_1614,SUP_125,WH_066,2024-08-27,2024-08-31,2024-08-31,348,348.0
PO_10415,PRD_0743,SUP_148,WH_032,2024-12-20,2024-12-23,2024-12-23,35,35.0
PO_10416,PRD_4844,SUP_181,WH_035,2025-03-11,2025-03-19,2025-03-19,249,194.0
PO_10417,PRD_0964,SUP_084,WH_066,2024-01-12,2024-01-13,2024-01-13,458,458.0
PO_10418,PRD_1170,SUP_148,WH_060,2023-05-15,2023-05-18,2023-05-18,35,35.0
PO_10419,PRD_4964,SUP_044,WH_025,2025-08-08,2025-08-19,2025-08-19,106,79.0
PO_10420,PRD_2821,SUP_194,WH_056,2023-06-03,2023-06-09,2023-06-09,395,395.0
PO_10421,PRD_1623,SUP_185,WH_015,2023-03-15,2023-03-29,2023-04-01,418,418.0
PO_10422,PRD_3120,SUP_027,WH_078,2025-05-15,2025-05-27,2025-05-27,136,136.0
PO_10423,PRD_2491,SUP_116,WH_077,2025-03-04,2025-03-13,,468,
PO_10424,PRD_0618,SUP_134,WH_059,2022-03-08,2022-03-09,,452,
PO_10425,PRD_4507,SUP_004,WH_008,2022-12-06,2022-12-19,2022-12-19,399,399.0
PO_10426,PRD_2803,SUP_178,WH_064,2024-06-23,2024-07-01,2024-07-01,404,404.0
PO_10427,PRD_3548,SUP_148,WH_024,2024-04-09,2024-04-12,2024-04-12,482,328.0
PO_10428,PRD_3499,SUP_111,WH_035,2025-10-14,2025-10-16,,394,
PO_10429,PRD_0236,SUP_185,WH_023,2025-09-26,2025-10-10,2025-10-10,29,29.0
PO_10430,PRD_4702,SUP_117,WH_028,2025-12-12,2025-12-24,2025-12-24,312,200.0
PO_10431,PRD_2190,SUP_176,WH_048,2022-05-27,2022-06-07,2022-06-07,466,466.0
PO_10432,PRD_2287,SUP_102,WH_013,2024-06-19,2024-06-26,2024-06-26,165,165.0
PO_10433,PRD_4553,SUP_129,WH_055,2023-07-03,2023-07-06,2023-07-07,24,24.0
PO_10434,PRD_2040,SUP_186,WH_061,2025-04-09,2025-04-18,2025-04-18,207,207.0
PO_10435,PRD_0231,SUP_073,WH_043,2023-03-27,2023-04-08,2023-04-08,287,287.0
PO_10436,PRD_1795,SUP_022,WH_011,2022-08-26,2022-09-08,2022-09-08,391,331.0
PO_10437,PRD_1060,SUP_189,WH_064,2022-12-20,2023-01-02,2023-01-02,219,219.0
PO_10438,PRD_1415,SUP_113,WH_013,2023-06-16,2023-06-22,2023-06-22,181,181.0
PO_10439,PRD_3751,SUP_196,WH_066,2025-03-16,2025-03-29,2025-03-29,195,195.0
PO_10440,PRD_4031,SUP_069,WH_020,2022-06-19,2022-07-03,2022-07-03,181,181.0
PO_10441,PRD_1266,SUP_041,WH_050,2023-08-16,2023-08-17,2023-08-17,354,242.0
PO_10442,PRD_1676,SUP_002,WH_011,2025-08-07,2025-08-08,2025-08-08,319,319.0
PO_10443,PRD_3057,SUP_146,WH_037,2024-02-07,2024-02-21,,135,
PO_10444,PRD_4204,SUP_001,WH_030,2023-08-25,2023-09-01,2023-09-01,336,316.0
PO_10445,PRD_1862,SUP_182,WH_080,2024-02-14,2024-02-18,2024-02-18,295,239.0
PO_10446,PRD_1724,SUP_090,WH_019,2023-02-03,2023-02-08,2023-02-08,82,82.0
PO_10447,PRD_1618,SUP_186,WH_001,2022-07-22,2022-07-31,2022-08-07,452,452.0
PO_10448,PRD_4665,SUP_020,WH_045,2022-09-06,2022-09-08,2022-09-09,56,56.0
PO_10449,PRD_4855,SUP_096,WH_030,2024-10-21,2024-10-26,,149,
PO_10450,PRD_0866,SUP_104,WH_044,2024-11-22,2024-11-30,2024-11-30,23,23.0
PO_10451,PRD_0651,SUP_156,WH_005,2024-03-13,2024-03-15,2024-03-15,499,383.0
PO_10452,PRD_2746,SUP_014,WH_006,2024-09-22,2024-10-05,2024-10-05,157,157.0
PO_10453,PRD_4645,SUP_040,WH_062,2023-07-24,2023-08-07,2023-08-07,332,330.0
PO_10454,PRD_0830,SUP_108,WH_007,2022-08-26,2022-09-03,2022-09-03,404,404.0
PO_10455,PRD_4572,SUP_021,WH_065,2022-02-08,2022-02-18,2022-02-18,67,67.0
PO_10456,PRD_4917,SUP_159,WH_072,2022-06-14,2022-06-26,2022-06-26,266,220.0
PO_10457,PRD_0404,SUP_027,WH_029,2025-05-25,2025-06-06,2025-06-06,73,73.0
PO_10458,PRD_0822,SUP_174,WH_013,2025-04-27,2025-05-05,2025-05-05,97,97.0
PO_10459,PRD_0258,SUP_007,WH_030,2025-08-27,2025-09-01,2025-09-01,486,486.0
PO_10460,PRD_0239,SUP_065,WH_025,2023-12-27,2024-01-04,2024-01-04,464,464.0
PO_10461,PRD_3282,SUP_121,WH_010,2023-05-12,2023-05-15,2023-05-15,150,150.0
PO_10462,PRD_0015,SUP_196,WH_058,2022-12-19,2023-01-01,2023-01-04,121,121.0
PO_10463,PRD_0495,SUP_001,WH_061,2023-07-19,2023-07-26,2023-07-26,332,332.0
PO_10464,PRD_2394,SUP_176,WH_055,2022-10-09,2022-10-20,2022-10-20,133,133.0
PO_10465,PRD_4743,SUP_085,WH_015,2023-08-11,2023-08-13,2023-08-15,325,325.0
PO_10466,PRD_4732,SUP_018,WH_031,2024-06-24,2024-06-30,2024-06-30,164,164.0
PO_10467,PRD_4135,SUP_069,WH_008,2022-08-08,2022-08-22,2022-08-22,71,71.0
PO_10468,PRD_0018,SUP_001,WH_001,2025-06-02,2025-06-09,,308,
PO_10469,PRD_4046,SUP_103,WH_074,2024-07-23,2024-08-03,2024-08-03,54,54.0
PO_10470,PRD_2069,SUP_033,WH_076,2024-12-26,2025-01-09,2025-01-17,255,255.0
PO_10471,PRD_1305,SUP_143,WH_008,2022-12-17,2022-12-26,2022-12-28,325,325.0
PO_10472,PRD_0446,SUP_142,WH_040,2025-03-20,2025-03-29,2025-03-29,459,459.0
PO_10473,PRD_4644,SUP_117,WH_063,2022-02-07,2022-02-19,2022-02-19,82,61.0
PO_10474,PRD_2647,SUP_120,WH_006,2022-03-06,2022-03-19,2022-03-27,61,61.0
PO_10475,PRD_2278,SUP_063,WH_029,2023-06-10,2023-06-21,2023-06-29,441,371.0
PO_10476,PRD_0550,SUP_156,WH_055,2022-02-11,2022-02-13,2022-02-13,467,467.0
PO_10477,PRD_0862,SUP_158,WH_018,2024-07-01,2024-07-15,2024-07-15,215,131.0
PO_10478,PRD_2569,SUP_022,WH_032,2025-07-17,2025-07-30,2025-07-30,430,430.0
PO_10479,PRD_2405,SUP_063,WH_022,2022-11-20,2022-12-01,,58,
PO_10480,PRD_2017,SUP_200,WH_055,2025-06-19,2025-06-23,2025-06-23,49,49.0
PO_10481,PRD_3924,SUP_042,WH_045,2023-07-27,2023-07-28,2023-07-28,152,152.0
PO_10482,PRD_0786,SUP_033,WH_017,2023-04-11,2023-04-25,2023-04-25,265,264.0
PO_10483,PRD_2541,SUP_119,WH_024,2025-07-03,2025-07-09,2025-07-09,226,192.0
PO_10484,PRD_4228,SUP_194,WH_043,2025-05-25,2025-05-31,2025-05-31,355,355.0
PO_10485,PRD_4155,SUP_041,WH_079,2024-10-05,2024-10-06,2024-10-06,29,29.0
PO_10486,PRD_4367,SUP_183,WH_044,2024-01-25,2024-02-08,2024-02-08,355,355.0
PO_10487,PRD_1827,SUP_084,WH_080,2025-02-12,2025-02-13,2025-02-13,405,405.0
PO_10488,PRD_1984,SUP_030,WH_002,2023-11-03,2023-11-15,2023-11-20,371,371.0
PO_10489,PRD_1463,SUP_085,WH_061,2024-05-27,2024-05-29,2024-05-29,326,319.0
PO_10490,PRD_1480,SUP_071,WH_049,2024-06-26,2024-07-06,2024-07-11,64,64.0
PO_10491,PRD_0652,SUP_081,WH_009,2024-11-11,2024-11-19,2024-11-19,282,282.0
PO_10492,PRD_0161,SUP_065,WH_058,2023-11-09,2023-11-17,2023-11-25,322,322.0
PO_10493,PRD_1039,SUP_007,WH_027,2024-02-27,2024-03-03,2024-03-05,318,318.0
PO_10494,PRD_3986,SUP_128,WH_015,2023-12-26,2023-12-29,2023-12-31,272,272.0
PO_10495,PRD_3805,SUP_072,WH_041,2022-09-18,2022-09-22,2022-09-30,319,317.0
PO_10496,PRD_2578,SUP_049,WH_063,2024-01-03,2024-01-12,2024-01-20,343,343.0
PO_10497,PRD_0299,SUP_029,WH_014,2023-08-02,2023-08-14,2023-08-14,31,31.0
PO_10498,PRD_0184,SUP_086,WH_019,2024-08-27,2024-08-29,,188,
PO_10499,PRD_3628,SUP_078,WH_051,2025-05-20,2025-05-21,2025-05-21,258,258.0
PO_10500,PRD_4676,SUP_074,WH_016,2024-03-09,2024-03-23,2024-03-23,359,326.0
PO_10501,PRD_2249,SUP_031,WH_002,2022-12-15,2022-12-19,2022-12-19,304,304.0
PO_10502,PRD_4361,SUP_166,WH_029,2025-03-15,2025-03-18,2025-03-22,344,264.0
PO_10503,PRD_0214,SUP_071,WH_006,2024-10-01,2024-10-11,2024-10-11,260,260.0
PO_10504,PRD_0319,SUP_144,WH_066,2022-03-15,2022-03-17,2022-03-17,341,341.0
PO_10505,PRD_4904,SUP_063,WH_060,2025-03-23,2025-04-03,2025-04-03,379,379.0
PO_10506,PRD_3210,SUP_030,WH_038,2025-11-21,2025-12-03,2025-12-09,345,345.0
PO_10507,PRD_1874,SUP_110,WH_027,2024-07-09,2024-07-13,2024-07-13,452,452.0
PO_10508,PRD_2923,SUP_189,WH_054,2024-02-17,2024-03-01,2024-03-01,28,17.0
PO_10509,PRD_1420,SUP_141,WH_060,2023-05-09,2023-05-21,2023-05-21,368,368.0
PO_10510,PRD_2545,SUP_175,WH_002,2024-10-14,2024-10-18,2024-10-18,498,498.0
PO_10511,PRD_3556,SUP_069,WH_017,2025-08-26,2025-09-09,2025-09-09,276,276.0
PO_10512,PRD_1243,SUP_013,WH_079,2023-12-26,2023-12-30,2024-01-07,101,60.0
PO_10513,PRD_3447,SUP_180,WH_076,2022-04-16,2022-04-22,2022-04-22,486,486.0
PO_10514,PRD_4714,SUP_113,WH_054,2024-01-08,2024-01-14,2024-01-19,366,366.0
PO_10515,PRD_3244,SUP_161,WH_033,2023-08-24,2023-08-29,,205,
PO_10516,PRD_4486,SUP_038,WH_058,2025-03-04,2025-03-13,2025-03-13,143,143.0
PO_10517,PRD_1529,SUP_125,WH_008,2023-04-16,2023-04-20,,278,
PO_10518,PRD_3872,SUP_090,WH_076,2023-03-22,2023-03-27,2023-03-27,104,104.0
PO_10519,PRD_1225,SUP_194,WH_008,2023-11-02,2023-11-08,2023-11-08,475,475.0
PO_10520,PRD_2178,SUP_137,WH_050,2024-07-07,2024-07-09,,441,
PO_10521,PRD_2254,SUP_063,WH_069,2022-04-14,2022-04-25,2022-04-25,392,392.0
PO_10522,PRD_3785,SUP_193,WH_011,2025-09-15,2025-09-17,2025-09-17,70,70.0
PO_10523,PRD_0496,SUP_028,WH_025,2024-12-24,2025-01-05,2025-01-05,61,61.0
PO_10524,PRD_0920,SUP_130,WH_063,2023-02-19,2023-02-23,2023-02-23,443,443.0
PO_10525,PRD_4142,SUP_023,WH_014,2024-05-13,2024-05-27,2024-05-27,193,193.0
PO_10526,PRD_3756,SUP_024,WH_033,2024-02-19,2024-02-28,2024-02-28,243,243.0
PO_10527,PRD_1195,SUP_080,WH_016,2025-11-02,2025-11-03,2025-11-03,312,312.0
PO_10528,PRD_1246,SUP_017,WH_045,2022-09-22,2022-09-25,2022-09-25,373,373.0
PO_10529,PRD_1825,SUP_047,WH_038,2025-11-17,2025-11-21,,442,
PO_10530,PRD_4079,SUP_125,WH_041,2024-10-22,2024-10-26,2024-10-26,290,290.0
PO_10531,PRD_3925,SUP_083,WH_072,2022-12-18,2022-12-29,2022-12-29,464,464.0
PO_10532,PRD_0669,SUP_179,WH_055,2023-08-04,2023-08-08,2023-08-08,382,382.0
PO_10533,PRD_2773,SUP_141,WH_049,2024-08-23,2024-09-04,2024-09-07,431,431.0
PO_10534,PRD_0887,SUP_018,WH_043,2025-04-15,2025-04-21,2025-04-21,235,235.0
PO_10535,PRD_2266,SUP_177,WH_014,2024-05-09,2024-05-10,2024-05-10,358,358.0
PO_10536,PRD_0984,SUP_104,WH_034,2025-02-20,2025-02-28,2025-02-28,357,357.0
PO_10537,PRD_1504,SUP_108,WH_030,2024-11-18,2024-11-26,2024-11-26,404,404.0
PO_10538,PRD_1386,SUP_060,WH_008,2025-01-24,2025-02-03,2025-02-03,60,60.0
PO_10539,PRD_3463,SUP_161,WH_017,2023-07-22,2023-07-27,,484,
PO_10540,PRD_1262,SUP_122,WH_032,2022-12-01,2022-12-05,2022-12-05,470,470.0
PO_10541,PRD_2272,SUP_170,WH_023,2024-07-27,2024-08-04,2024-08-08,91,91.0
PO_10542,PRD_1278,SUP_197,WH_072,2022-06-24,2022-07-03,,159,
PO_10543,PRD_3433,SUP_051,WH_069,2022-11-02,2022-11-09,2022-11-09,402,402.0
PO_10544,PRD_4078,SUP_062,WH_028,2025-04-04,2025-04-12,2025-04-20,337,337.0
PO_10545,PRD_4598,SUP_037,WH_076,2023-09-26,2023-10-08,2023-10-08,68,56.0
PO_10546,PRD_4726,SUP_033,WH_032,2023-05-11,2023-05-25,2023-05-25,409,409.0
PO_10547,PRD_4049,SUP_034,WH_046,2024-03-17,2024-03-28,,106,
PO_10548,PRD_4480,SUP_149,WH_048,2025-01-23,2025-01-30,2025-01-30,140,140.0
PO_10549,PRD_2005,SUP_043,WH_039,2024-01-08,2024-01-17,2024-01-17,237,150.0
PO_10550,PRD_4223,SUP_160,WH_006,2025-01-20,2025-01-25,2025-01-25,301,301.0
PO_10551,PRD_4882,SUP_175,WH_033,2025-12-01,2025-12-05,2025-12-05,339,339.0
PO_10552,PRD_2993,SUP_143,WH_010,2024-07-16,2024-07-25,,173,
PO_10553,PRD_3598,SUP_129,WH_059,2022-08-03,2022-08-06,2022-08-06,126,126.0
PO_10554,PRD_4009,SUP_081,WH_010,2022-02-10,2022-02-18,,367,
PO_10555,PRD_2844,SUP_104,WH_037,2025-03-08,2025-03-16,2025-03-16,281,281.0
PO_10556,PRD_4640,SUP_167,WH_041,2024-03-02,2024-03-05,2024-03-13,164,164.0
PO_10557,PRD_3156,SUP_189,WH_017,2025-03-03,2025-03-16,2025-03-16,115,115.0
PO_10558,PRD_0114,SUP_088,WH_057,2022-12-15,2022-12-21,2022-12-21,440,440.0
PO_10559,PRD_3545,SUP_153,WH_030,2022-05-14,2022-05-18,2022-05-18,426,426.0
PO_10560,PRD_0154,SUP_014,WH_049,2024-07-05,2024-07-18,2024-07-18,481,481.0
PO_10561,PRD_2665,SUP_196,WH_073,2024-11-07,2024-11-20,2024-11-20,475,475.0
PO_10562,PRD_1131,SUP_131,WH_009,2025-06-05,2025-06-12,2025-06-12,413,413.0
PO_10563,PRD_1200,SUP_127,WH_037,2023-12-17,2023-12-27,2023-12-27,271,271.0
PO_10564,PRD_3223,SUP_030,WH_042,2023-06-16,2023-06-28,2023-06-28,381,381.0
PO_10565,PRD_1760,SUP_022,WH_077,2025-06-07,2025-06-20,2025-06-20,424,424.0
PO_10566,PRD_4625,SUP_186,WH_075,2022-11-06,2022-11-15,2022-11-15,439,439.0
PO_10567,PRD_0034,SUP_176,WH_057,2024-07-02,2024-07-13,2024-07-13,497,497.0
PO_10568,PRD_2304,SUP_152,WH_051,2022-07-14,2022-07-23,,312,
PO_10569,PRD_3355,SUP_193,WH_054,2025-02-17,2025-02-19,2025-02-24,112,112.0
PO_10570,PRD_2964,SUP_077,WH_021,2023-10-21,2023-10-24,2023-10-27,242,242.0
PO_10571,PRD_0835,SUP_104,WH_018,2024-09-11,2024-09-19,2024-09-19,371,371.0
PO_10572,PRD_1602,SUP_112,WH_003,2023-01-05,2023-01-11,2023-01-11,414,395.0
PO_10573,PRD_2194,SUP_154,WH_004,2022-02-01,2022-02-13,2022-02-13,333,333.0
PO_10574,PRD_0523,SUP_001,WH_080,2024-04-22,2024-04-29,2024-04-29,475,475.0
PO_10575,PRD_3692,SUP_059,WH_002,2023-02-11,2023-02-14,2023-02-14,213,213.0
PO_10576,PRD_2604,SUP_022,WH_038,2023-04-10,2023-04-23,2023-04-23,492,492.0
PO_10577,PRD_0190,SUP_109,WH_021,2025-12-18,2025-12-23,2025-12-23,418,325.0
PO_10578,PRD_1003,SUP_159,WH_034,2022-06-11,2022-06-23,,276,
PO_10579,PRD_0234,SUP_155,WH_076,2023-08-06,2023-08-07,2023-08-11,39,39.0
PO_10580,PRD_4376,SUP_138,WH_014,2023-05-05,2023-05-13,,379,
PO_10581,PRD_3286,SUP_181,WH_063,2024-02-14,2024-02-22,2024-02-22,420,420.0
PO_10582,PRD_1901,SUP_110,WH_077,2023-02-17,2023-02-21,2023-02-21,123,123.0
PO_10583,PRD_0016,SUP_065,WH_038,2024-08-10,2024-08-18,2024-08-18,306,306.0
PO_10584,PRD_2617,SUP_071,WH_053,2025-03-17,2025-03-27,2025-03-27,363,363.0
PO_10585,PRD_3894,SUP_047,WH_061,2022-08-04,2022-08-08,2022-08-12,344,344.0
PO_10586,PRD_4791,SUP_128,WH_029,2022-11-20,2022-11-23,2022-11-24,60,60.0
PO_10587,PRD_4039,SUP_104,WH_044,2023-10-03,2023-10-11,2023-10-11,42,42.0
PO_10588,PRD_3500,SUP_074,WH_070,2022-06-08,2022-06-22,,433,
PO_10589,PRD_3862,SUP_167,WH_045,2023-12-22,2023-12-25,2023-12-25,318,318.0
PO_10590,PRD_2179,SUP_170,WH_032,2024-12-24,2025-01-01,2025-01-01,132,132.0
PO_10591,PRD_4071,SUP_133,WH_076,2024-09-21,2024-09-30,2024-09-30,461,461.0
PO_10592,PRD_2756,SUP_050,WH_039,2023-01-20,2023-01-23,2023-01-27,448,448.0
PO_10593,PRD_0741,SUP_008,WH_078,2023-08-19,2023-08-26,,178,
PO_10594,PRD_0976,SUP_187,WH_054,2024-10-20,2024-10-23,2024-10-23,277,277.0
PO_10595,PRD_2728,SUP_057,WH_073,2023-02-26,2023-03-03,2023-03-03,496,434.0
PO_10596,PRD_3097,SUP_045,WH_028,2025-10-21,2025-11-04,2025-11-04,232,232.0
PO_10597,PRD_4792,SUP_178,WH_038,2024-03-16,2024-03-24,2024-03-24,102,102.0
PO_10598,PRD_0348,SUP_098,WH_042,2025-10-23,2025-11-02,2025-11-02,279,279.0
PO_10599,PRD_2991,SUP_185,WH_035,2023-08-10,2023-08-24,2023-08-24,428,309.0
PO_10600,PRD_4958,SUP_008,WH_044,2024-11-13,2024-11-20,2024-11-20,106,106.0
PO_10601,PRD_2091,SUP_006,WH_015,2022-12-21,2023-01-04,2023-01-04,62,52.0
PO_10602,PRD_4526,SUP_106,WH_079,2025-04-02,2025-04-03,,195,
PO_10603,PRD_4377,SUP_088,WH_060,2024-01-08,2024-01-14,2024-01-14,181,115.0
PO_10604,PRD_4679,SUP_135,WH_003,2022-04-17,2022-04-25,2022-04-25,489,489.0
PO_10605,PRD_2519,SUP_125,WH_058,2025-01-14,2025-01-18,2025-01-21,88,88.0
PO_10606,PRD_4849,SUP_021,WH_017,2025-01-23,2025-02-02,2025-02-02,159,159.0
PO_10607,PRD_3133,SUP_195,WH_055,2025-04-08,2025-04-11,2025-04-11,400,400.0
PO_10608,PRD_4171,SUP_160,WH_010,2025-02-05,2025-02-10,2025-02-10,224,224.0
PO_10609,PRD_3870,SUP_194,WH_001,2022-03-15,2022-03-21,2022-03-24,415,415.0
PO_10610,PRD_1813,SUP_101,WH_014,2023-03-03,2023-03-07,2023-03-07,157,157.0
PO_10611,PRD_2698,SUP_141,WH_036,2023-07-07,2023-07-19,2023-07-19,295,295.0
PO_10612,PRD_4060,SUP_194,WH_045,2025-08-15,2025-08-21,2025-08-23,109,109.0
PO_10613,PRD_4051,SUP_127,WH_054,2025-04-22,2025-05-02,2025-05-02,201,148.0
PO_10614,PRD_1256,SUP_017,WH_069,2022-04-12,2022-04-15,2022-04-15,113,113.0
PO_10615,PRD_0782,SUP_084,WH_054,2024-09-22,2024-09-23,2024-09-23,145,145.0
PO_10616,PRD_1960,SUP_011,WH_012,2025-12-05,2025-12-16,2025-12-16,213,213.0
PO_10617,PRD_2948,SUP_031,WH_006,2024-06-11,2024-06-15,2024-06-15,126,126.0
PO_10618,PRD_3901,SUP_133,WH_069,2024-10-16,2024-10-25,2024-10-25,67,67.0
PO_10619,PRD_2970,SUP_065,WH_050,2023-03-14,2023-03-22,2023-03-22,163,144.0
PO_10620,PRD_4429,SUP_190,WH_022,2024-01-16,2024-01-18,2024-01-18,39,39.0
PO_10621,PRD_4264,SUP_130,WH_020,2025-02-27,2025-03-03,2025-03-03,270,270.0
PO_10622,PRD_1088,SUP_189,WH_057,2024-06-05,2024-06-18,2024-06-18,213,213.0
PO_10623,PRD_0310,SUP_185,WH_049,2022-07-12,2022-07-26,2022-07-26,188,188.0
PO_10624,PRD_0380,SUP_079,WH_069,2025-09-11,2025-09-16,2025-09-16,301,230.0
PO_10625,PRD_2384,SUP_027,WH_074,2024-12-22,2025-01-03,2025-01-10,237,237.0
PO_10626,PRD_0192,SUP_014,WH_062,2022-11-17,2022-11-30,2022-11-30,233,233.0
PO_10627,PRD_1234,SUP_060,WH_062,2025-06-21,2025-07-01,2025-07-01,383,383.0
PO_10628,PRD_4366,SUP_049,WH_064,2023-10-21,2023-10-30,2023-10-30,313,313.0
PO_10629,PRD_1171,SUP_057,WH_002,2022-07-14,2022-07-19,2022-07-19,259,189.0
PO_10630,PRD_0319,SUP_144,WH_077,2022-06-05,2022-06-07,2022-06-07,23,23.0
PO_10631,PRD_1784,SUP_165,WH_050,2024-10-01,2024-10-10,2024-10-10,154,154.0
PO_10632,PRD_0016,SUP_065,WH_063,2022-01-04,2022-01-12,2022-01-12,477,477.0
PO_10633,PRD_2827,SUP_115,WH_034,2022-10-20,2022-10-21,2022-10-21,474,474.0
PO_10634,PRD_1733,SUP_035,WH_028,2022-12-02,2022-12-12,,143,
PO_10635,PRD_3583,SUP_032,WH_002,2025-01-06,2025-01-20,2025-01-20,27,27.0
PO_10636,PRD_4854,SUP_044,WH_033,2023-12-19,2023-12-30,2024-01-04,398,398.0
PO_10637,PRD_1097,SUP_163,WH_075,2025-12-05,2025-12-12,2025-12-12,190,190.0
PO_10638,PRD_1793,SUP_035,WH_021,2022-12-05,2022-12-15,2022-12-15,308,308.0
PO_10639,PRD_1064,SUP_050,WH_074,2022-09-07,2022-09-10,2022-09-10,428,428.0
PO_10640,PRD_3248,SUP_181,WH_011,2022-11-21,2022-11-29,2022-11-29,75,75.0
PO_10641,PRD_0289,SUP_059,WH_066,2024-06-06,2024-06-09,,234,
PO_10642,PRD_4291,SUP_140,WH_046,2023-12-03,2023-12-14,,408,
PO_10643,PRD_2195,SUP_027,WH_070,2025-02-21,2025-03-05,2025-03-05,354,251.0
PO_10644,PRD_4186,SUP_160,WH_018,2022-07-03,2022-07-08,2022-07-08,144,144.0
PO_10645,PRD_0118,SUP_155,WH_076,2024-02-16,2024-02-17,2024-02-17,231,231.0
PO_10646,PRD_3040,SUP_179,WH_040,2023-02-07,2023-02-11,2023-02-11,248,248.0
PO_10647,PRD_1672,SUP_125,WH_028,2025-09-23,2025-09-27,2025-10-01,373,373.0
PO_10648,PRD_2782,SUP_135,WH_069,2024-10-18,2024-10-26,2024-10-26,309,309.0
PO_10649,PRD_0035,SUP_176,WH_076,2025-06-19,2025-06-30,2025-06-30,347,347.0
PO_10650,PRD_1569,SUP_087,WH_006,2024-05-01,2024-05-13,2024-05-13,320,320.0
PO_10651,PRD_2023,SUP_167,WH_056,2022-10-18,2022-10-21,2022-10-21,334,334.0
PO_10652,PRD_2427,SUP_110,WH_064,2024-01-23,2024-01-27,2024-01-27,419,297.0
PO_10653,PRD_2537,SUP_196,WH_061,2023-09-05,2023-09-18,2023-09-21,94,94.0
PO_10654,PRD_4679,SUP_135,WH_052,2023-06-15,2023-06-23,,161,
PO_10655,PRD_0966,SUP_177,WH_029,2025-10-27,2025-10-28,2025-10-28,266,266.0
PO_10656,PRD_0380,SUP_079,WH_056,2023-12-24,2023-12-29,2023-12-29,382,382.0
PO_10657,PRD_0418,SUP_033,WH_061,2022-02-18,2022-03-04,2022-03-12,225,191.0
PO_10658,PRD_4120,SUP_200,WH_004,2023-07-05,2023-07-09,2023-07-09,68,68.0
PO_10659,PRD_4166,SUP_113,WH_062,2025-01-15,2025-01-21,,324,
PO_10660,PRD_4351,SUP_024,WH_041,2023-05-20,2023-05-29,2023-05-30,87,87.0
PO_10661,PRD_2187,SUP_051,WH_040,2022-10-02,2022-10-09,2022-10-09,144,144.0
PO_10662,PRD_4621,SUP_122,WH_044,2022-02-01,2022-02-05,2022-02-08,445,445.0
PO_10663,PRD_0601,SUP_049,WH_064,2025-03-24,2025-04-02,2025-04-05,136,108.0
PO_10664,PRD_0991,SUP_185,WH_071,2024-06-02,2024-06-16,2024-06-16,462,405.0
PO_10665,PRD_2031,SUP_028,WH_016,2022-09-03,2022-09-15,2022-09-15,474,474.0
PO_10666,PRD_0576,SUP_187,WH_027,2022-04-25,2022-04-28,2022-04-30,87,87.0
PO_10667,PRD_4461,SUP_190,WH_005,2023-09-03,2023-09-05,2023-09-10,309,309.0
PO_10668,PRD_4916,SUP_084,WH_043,2022-07-27,2022-07-28,2022-07-28,41,41.0
PO_10669,PRD_0035,SUP_176,WH_067,2025-09-17,2025-09-28,2025-09-28,33,33.0
PO_10670,PRD_2071,SUP_180,WH_080,2023-10-17,2023-10-23,2023-10-23,346,346.0
PO_10671,PRD_2083,SUP_095,WH_053,2022-04-16,2022-04-18,2022-04-18,225,225.0
PO_10672,PRD_3677,SUP_192,WH_026,2022-03-17,2022-03-19,,396,
PO_10673,PRD_3220,SUP_030,WH_035,2025-05-26,2025-06-07,2025-06-15,473,473.0
PO_10674,PRD_1435,SUP_134,WH_024,2024-08-10,2024-08-11,2024-08-11,321,321.0
PO_10675,PRD_1439,SUP_108,WH_001,2023-10-19,2023-10-27,2023-10-27,307,307.0
PO_10676,PRD_2331,SUP_063,WH_051,2023-08-18,2023-08-29,2023-09-01,393,393.0
PO_10677,PRD_0460,SUP_200,WH_020,2023-04-03,2023-04-07,2023-04-07,100,62.0
PO_10678,PRD_1782,SUP_121,WH_073,2024-11-06,2024-11-09,2024-11-09,406,406.0
PO_10679,PRD_1584,SUP_100,WH_061,2022-02-22,2022-03-01,2022-03-01,192,126.0
PO_10680,PRD_0851,SUP_184,WH_010,2024-02-23,2024-02-26,2024-02-26,294,294.0
PO_10681,PRD_0574,SUP_081,WH_072,2023-06-21,2023-06-29,2023-06-29,383,383.0
PO_10682,PRD_0700,SUP_030,WH_062,2025-01-09,2025-01-21,2025-01-21,87,87.0
PO_10683,PRD_3923,SUP_133,WH_022,2022-03-07,2022-03-16,2022-03-16,419,419.0
PO_10684,PRD_2120,SUP_160,WH_065,2023-04-04,2023-04-09,,115,
PO_10685,PRD_3320,SUP_121,WH_069,2022-03-21,2022-03-24,2022-04-01,390,342.0
PO_10686,PRD_2304,SUP_152,WH_010,2023-06-24,2023-07-03,,392,
PO_10687,PRD_1025,SUP_063,WH_077,2023-12-05,2023-12-16,2023-12-16,33,31.0
PO_10688,PRD_0332,SUP_118,WH_054,2023-12-06,2023-12-17,2023-12-17,194,194.0
PO_10689,PRD_1946,SUP_056,WH_023,2025-01-03,2025-01-17,2025-01-18,378,378.0
PO_10690,PRD_2094,SUP_008,WH_036,2023-08-04,2023-08-11,2023-08-11,77,77.0
PO_10691,PRD_3438,SUP_151,WH_072,2023-11-25,2023-12-05,2023-12-05,144,144.0
PO_10692,PRD_1766,SUP_137,WH_011,2024-10-27,2024-10-29,2024-10-29,69,69.0
PO_10693,PRD_3997,SUP_178,WH_001,2023-08-17,2023-08-25,2023-08-25,174,174.0
PO_10694,PRD_0641,SUP_066,WH_013,2022-01-20,2022-01-29,2022-01-29,149,149.0
PO_10695,PRD_3432,SUP_009,WH_075,2024-04-23,2024-04-30,2024-04-30,367,367.0
PO_10696,PRD_1113,SUP_114,WH_011,2023-11-18,2023-11-29,2023-11-29,448,448.0
PO_10697,PRD_0885,SUP_076,WH_018,2024-12-17,2024-12-19,2024-12-19,444,444.0
PO_10698,PRD_2053,SUP_122,WH_067,2025-11-06,2025-11-10,2025-11-10,414,414.0
PO_10699,PRD_3688,SUP_180,WH_069,2024-10-26,2024-11-01,2024-11-01,298,298.0
PO_10700,PRD_0410,SUP_175,WH_064,2024-04-20,2024-04-24,2024-04-29,221,221.0
PO_10701,PRD_1924,SUP_035,WH_003,2023-08-01,2023-08-11,2023-08-11,142,142.0
PO_10702,PRD_1364,SUP_040,WH_023,2024-04-04,2024-04-18,2024-04-24,27,20.0
PO_10703,PRD_0053,SUP_024,WH_018,2023-09-16,2023-09-25,,193,
PO_10704,PRD_0963,SUP_080,WH_045,2023-07-02,2023-07-03,2023-07-03,211,211.0
PO_10705,PRD_4310,SUP_117,WH_040,2023-12-05,2023-12-17,2023-12-17,438,438.0
PO_10706,PRD_0893,SUP_080,WH_073,2022-06-06,2022-06-07,2022-06-07,257,257.0
PO_10707,PRD_1335,SUP_085,WH_043,2024-09-07,2024-09-09,2024-09-09,209,150.0
PO_10708,PRD_3712,SUP_173,WH_077,2023-07-10,2023-07-11,2023-07-17,21,21.0
PO_10709,PRD_3276,SUP_121,WH_040,2022-06-27,2022-06-30,2022-07-07,303,303.0
PO_10710,PRD_4077,SUP_117,WH_029,2022-12-24,2023-01-05,2023-01-12,255,255.0
PO_10711,PRD_0104,SUP_164,WH_062,2024-03-26,2024-04-04,2024-04-04,395,309.0
PO_10712,PRD_2382,SUP_097,WH_075,2022-05-07,2022-05-19,,288,
PO_10713,PRD_4284,SUP_154,WH_059,2025-03-15,2025-03-27,2025-03-30,241,241.0
PO_10714,PRD_4337,SUP_038,WH_034,2022-11-26,2022-12-05,,452,
PO_10715,PRD_2277,SUP_051,WH_048,2023-09-24,2023-10-01,,305,
PO_10716,PRD_3883,SUP_024,WH_053,2022-08-20,2022-08-29,2022-08-29,457,457.0
PO_10717,PRD_3555,SUP_192,WH_028,2025-08-17,2025-08-19,2025-08-23,114,114.0
PO_10718,PRD_1709,SUP_070,WH_013,2023-01-20,2023-01-21,,79,
PO_10719,PRD_4996,SUP_128,WH_023,2024-09-01,2024-09-04,2024-09-04,274,274.0
PO_10720,PRD_1526,SUP_104,WH_023,2024-06-14,2024-06-22,2024-06-22,407,407.0
PO_10721,PRD_4033,SUP_197,WH_069,2025-03-18,2025-03-27,2025-04-03,263,263.0
PO_10722,PRD_0405,SUP_057,WH_046,2024-01-16,2024-01-21,2024-01-26,461,461.0
PO_10723,PRD_3585,SUP_154,WH_015,2024-12-04,2024-12-16,2024-12-16,390,390.0
PO_10724,PRD_3314,SUP_075,WH_027,2023-06-07,2023-06-14,2023-06-14,151,151.0
PO_10725,PRD_3526,SUP_019,WH_067,2025-07-14,2025-07-26,2025-07-26,354,281.0
PO_10726,PRD_0518,SUP_134,WH_005,2022-01-12,2022-01-13,2022-01-13,279,279.0
PO_10727,PRD_4968,SUP_021,WH_077,2024-04-07,2024-04-17,2024-04-17,185,185.0
PO_10728,PRD_4377,SUP_088,WH_024,2025-10-24,2025-10-30,2025-10-30,500,500.0
PO_10729,PRD_2953,SUP_116,WH_002,2024-12-01,2024-12-10,2024-12-10,233,233.0
PO_10730,PRD_1047,SUP_169,WH_053,2024-06-04,2024-06-08,2024-06-08,363,363.0
PO_10731,PRD_2937,SUP_148,WH_054,2024-08-16,2024-08-19,2024-08-25,261,261.0
PO_10732,PRD_4861,SUP_012,WH_057,2022-01-24,2022-02-06,2022-02-08,234,234.0
PO_10733,PRD_1671,SUP_100,WH_062,2024-02-05,2024-02-12,2024-02-14,186,186.0
PO_10734,PRD_2208,SUP_063,WH_040,2022-09-05,2022-09-16,2022-09-21,78,78.0
PO_10735,PRD_4227,SUP_014,WH_033,2023-12-23,2024-01-05,,407,
PO_10736,PRD_2757,SUP_081,WH_070,2025-11-19,2025-11-27,2025-11-27,174,126.0
PO_10737,PRD_3512,SUP_078,WH_001,2024-01-23,2024-01-24,,32,
PO_10738,PRD_2366,SUP_089,WH_077,2023-05-23,2023-05-30,2023-05-30,221,221.0
PO_10739,PRD_0327,SUP_168,WH_080,2024-12-23,2024-12-26,2024-12-28,448,448.0
PO_10740,PRD_4054,SUP_127,WH_060,2025-02-04,2025-02-14,2025-02-19,96,96.0
PO_10741,PRD_1128,SUP_170,WH_077,2022-05-12,2022-05-20,,245,
PO_10742,PRD_1204,SUP_197,WH_065,2025-08-20,2025-08-29,2025-08-29,291,261.0
PO_10743,PRD_2423,SUP_174,WH_046,2025-08-19,2025-08-27,2025-08-27,455,455.0
PO_10744,PRD_1201,SUP_073,WH_068,2023-09-05,2023-09-17,2023-09-24,86,86.0
PO_10745,PRD_4441,SUP_058,WH_048,2024-04-02,2024-04-03,2024-04-03,410,410.0
PO_10746,PRD_0506,SUP_198,WH_018,2024-09-08,2024-09-12,2024-09-12,230,230.0
PO_10747,PRD_4770,SUP_136,WH_071,2022-08-15,2022-08-22,2022-08-22,299,299.0
PO_10748,PRD_4938,SUP_098,WH_062,2023-12-17,2023-12-27,2024-01-01,131,78.0
PO_10749,PRD_0239,SUP_065,WH_069,2022-07-08,2022-07-16,2022-07-16,142,142.0
PO_10750,PRD_0705,SUP_165,WH_060,2023-03-14,2023-03-23,2023-03-25,431,431.0
PO_10751,PRD_4493,SUP_187,WH_042,2022-02-02,2022-02-05,2022-02-05,93,93.0
PO_10752,PRD_4376,SUP_138,WH_073,2023-10-21,2023-10-29,,85,
PO_10753,PRD_3010,SUP_022,WH_042,2022-06-07,2022-06-20,2022-06-20,278,278.0
PO_10754,PRD_2297,SUP_011,WH_045,2023-07-20,2023-07-31,2023-08-01,59,59.0
PO_10755,PRD_1699,SUP_155,WH_068,2022-03-14,2022-03-15,,302,
PO_10756,PRD_2995,SUP_142,WH_022,2023-03-22,2023-03-31,2023-04-06,90,90.0
PO_10757,PRD_1019,SUP_099,WH_010,2025-07-18,2025-07-24,2025-07-24,496,477.0
PO_10758,PRD_3019,SUP_022,WH_045,2023-06-21,2023-07-04,,253,
PO_10759,PRD_4873,SUP_015,WH_060,2022-08-21,2022-08-28,2022-08-28,450,450.0
PO_10760,PRD_2304,SUP_152,WH_024,2025-11-22,2025-12-01,2025-12-02,477,477.0
PO_10761,PRD_2019,SUP_122,WH_036,2022-01-04,2022-01-08,2022-01-11,355,281.0
PO_10762,PRD_1323,SUP_071,WH_053,2024-06-03,2024-06-13,2024-06-13,449,318.0
PO_10763,PRD_4412,SUP_031,WH_078,2023-03-10,2023-03-14,2023-03-14,134,134.0
PO_10764,PRD_0943,SUP_177,WH_079,2024-08-19,2024-08-20,2024-08-20,281,281.0
PO_10765,PRD_2271,SUP_152,WH_046,2022-08-06,2022-08-15,,336,
PO_10766,PRD_3338,SUP_176,WH_001,2025-10-21,2025-11-01,,232,
PO_10767,PRD_1852,SUP_160,WH_045,2025-07-15,2025-07-20,2025-07-20,254,172.0
PO_10768,PRD_4038,SUP_142,WH_025,2024-10-06,2024-10-15,2024-10-15,147,147.0
PO_10769,PRD_2137,SUP_052,WH_009,2025-05-11,2025-05-17,2025-05-17,113,113.0
PO_10770,PRD_3238,SUP_058,WH_044,2022-11-22,2022-11-23,2022-11-23,118,104.0
PO_10771,PRD_3680,SUP_151,WH_077,2023-10-20,2023-10-30,,120,
PO_10772,PRD_2176,SUP_184,WH_075,2025-09-10,2025-09-13,2025-09-15,222,134.0
PO_10773,PRD_1559,SUP_100,WH_017,2023-01-08,2023-01-15,2023-01-15,132,132.0
PO_10774,PRD_3118,SUP_031,WH_049,2022-06-02,2022-06-06,2022-06-10,204,148.0
PO_10775,PRD_0651,SUP_156,WH_053,2022-02-21,2022-02-23,2022-02-23,442,442.0
PO_10776,PRD_3904,SUP_047,WH_004,2022-01-25,2022-01-29,,485,
PO_10777,PRD_4612,SUP_085,WH_009,2022-04-16,2022-04-18,2022-04-18,497,463.0
PO_10778,PRD_3568,SUP_151,WH_054,2022-09-16,2022-09-26,2022-09-26,251,162.0
PO_10779,PRD_3883,SUP_024,WH_028,2025-09-04,2025-09-13,2025-09-13,280,280.0
PO_10780,PRD_3860,SUP_090,WH_078,2023-11-23,2023-11-28,,286,
PO_10781,PRD_4021,SUP_010,WH_013,2024-02-12,2024-02-25,,328,
PO_10782,PRD_1751,SUP_110,WH_004,2023-03-11,2023-03-15,2023-03-15,418,418.0
PO_10783,PRD_3952,SUP_173,WH_010,2024-07-06,2024-07-07,,240,
PO_10784,PRD_2897,SUP_151,WH_012,2024-12-03,2024-12-13,2024-12-15,170,170.0
PO_10785,PRD_1785,SUP_072,WH_019,2024-10-06,2024-10-10,2024-10-10,180,110.0
PO_10786,PRD_4450,SUP_142,WH_063,2024-08-19,2024-08-28,,430,
PO_10787,PRD_1561,SUP_087,WH_054,2023-05-26,2023-06-07,2023-06-07,445,445.0
PO_10788,PRD_1465,SUP_013,WH_062,2025-03-08,2025-03-12,2025-03-12,380,241.0
PO_10789,PRD_4422,SUP_071,WH_052,2022-08-26,2022-09-05,2022-09-12,157,131.0
PO_10790,PRD_0908,SUP_105,WH_020,2025-09-13,2025-09-24,,274,
PO_10791,PRD_2459,SUP_069,WH_010,2022-05-15,2022-05-29,2022-05-29,472,472.0
PO_10792,PRD_2221,SUP_011,WH_059,2024-02-09,2024-02-20,2024-02-20,126,126.0
PO_10793,PRD_4266,SUP_186,WH_069,2024-09-19,2024-09-28,2024-09-30,212,212.0
PO_10794,PRD_1974,SUP_052,WH_017,2023-06-16,2023-06-22,2023-06-24,112,107.0
PO_10795,PRD_2134,SUP_172,WH_070,2023-01-04,2023-01-12,2023-01-12,199,199.0
PO_10796,PRD_3856,SUP_011,WH_034,2023-01-21,2023-02-01,2023-02-02,409,383.0
PO_10797,PRD_0108,SUP_070,WH_027,2025-04-22,2025-04-23,2025-04-29,298,298.0
PO_10798,PRD_3064,SUP_062,WH_040,2022-01-07,2022-01-15,2022-01-15,478,478.0
PO_10799,PRD_4283,SUP_086,WH_004,2024-05-16,2024-05-18,2024-05-18,95,86.0
PO_10800,PRD_3859,SUP_024,WH_039,2022-12-03,2022-12-12,2022-12-12,356,356.0
PO_10801,PRD_3234,SUP_075,WH_055,2022-04-06,2022-04-13,2022-04-13,69,69.0
PO_10802,PRD_4210,SUP_104,WH_027,2025-05-24,2025-06-01,2025-06-01,459,459.0
PO_10803,PRD_4339,SUP_035,WH_046,2025-02-14,2025-02-24,,131,
PO_10804,PRD_3135,SUP_054,WH_038,2024-09-27,2024-10-08,2024-10-08,494,494.0
PO_10805,PRD_2018,SUP_043,WH_055,2024-09-04,2024-09-13,2024-09-13,286,286.0
PO_10806,PRD_3018,SUP_064,WH_041,2024-07-13,2024-07-19,2024-07-19,474,474.0
PO_10807,PRD_4809,SUP_077,WH_023,2023-11-13,2023-11-16,2023-11-22,136,136.0
PO_10808,PRD_4754,SUP_181,WH_018,2025-11-25,2025-12-03,2025-12-03,231,231.0
PO_10809,PRD_4788,SUP_084,WH_016,2022-09-05,2022-09-06,2022-09-06,92,92.0
PO_10810,PRD_0205,SUP_012,WH_054,2022-12-19,2023-01-01,2023-01-01,415,415.0
PO_10811,PRD_0843,SUP_045,WH_024,2022-03-04,2022-03-18,2022-03-18,75,75.0
PO_10812,PRD_2807,SUP_122,WH_005,2024-02-12,2024-02-16,2024-02-16,385,385.0
PO_10813,PRD_1580,SUP_140,WH_043,2023-03-09,2023-03-20,2023-03-20,269,269.0
PO_10814,PRD_0371,SUP_040,WH_051,2022-10-06,2022-10-20,2022-10-20,56,56.0
PO_10815,PRD_2615,SUP_046,WH_021,2024-02-08,2024-02-17,2024-02-17,390,390.0
PO_10816,PRD_4503,SUP_192,WH_050,2022-10-27,2022-10-29,2022-11-02,145,145.0
PO_10817,PRD_0317,SUP_177,WH_002,2024-11-03,2024-11-04,2024-11-04,236,236.0
PO_10818,PRD_4154,SUP_119,WH_009,2023-03-21,2023-03-27,2023-03-30,147,114.0
PO_10819,PRD_4798,SUP_163,WH_011,2025-04-12,2025-04-19,2025-04-24,188,159.0
PO_10820,PRD_0925,SUP_081,WH_069,2023-05-07,2023-05-15,2023-05-15,471,330.0
PO_10821,PRD_3774,SUP_072,WH_078,2025-07-11,2025-07-15,2025-07-15,215,215.0
PO_10822,PRD_3009,SUP_088,WH_065,2023-07-24,2023-07-30,2023-08-07,284,284.0
PO_10823,PRD_3007,SUP_189,WH_078,2025-08-07,2025-08-20,2025-08-20,421,421.0
PO_10824,PRD_3150,SUP_075,WH_046,2023-12-11,2023-12-18,2023-12-18,188,188.0
PO_10825,PRD_4374,SUP_070,WH_075,2024-01-17,2024-01-18,2024-01-18,178,115.0
PO_10826,PRD_0475,SUP_091,WH_071,2023-06-24,2023-06-25,2023-06-25,430,430.0
PO_10827,PRD_2197,SUP_145,WH_041,2024-04-14,2024-04-21,2024-04-21,88,88.0
PO_10828,PRD_0119,SUP_088,WH_025,2025-05-22,2025-05-28,2025-05-28,468,468.0
PO_10829,PRD_1940,SUP_145,WH_006,2023-04-19,2023-04-26,2023-04-26,354,354.0
PO_10830,PRD_1944,SUP_011,WH_027,2023-11-27,2023-12-08,2023-12-08,458,458.0
PO_10831,PRD_4421,SUP_089,WH_042,2025-12-17,2025-12-24,,181,
PO_10832,PRD_3721,SUP_172,WH_045,2025-11-24,2025-12-02,2025-12-06,213,213.0
PO_10833,PRD_1448,SUP_035,WH_045,2024-09-20,2024-09-30,,358,
PO_10834,PRD_1659,SUP_008,WH_064,2025-09-23,2025-09-30,2025-09-30,496,496.0
PO_10835,PRD_4227,SUP_014,WH_040,2024-11-20,2024-12-03,2024-12-03,144,144.0
PO_10836,PRD_4505,SUP_059,WH_019,2024-08-27,2024-08-30,2024-08-30,83,83.0
PO_10837,PRD_0508,SUP_066,WH_035,2024-08-13,2024-08-22,2024-08-22,383,314.0
PO_10838,PRD_3662,SUP_037,WH_012,2024-11-17,2024-11-29,2024-11-29,253,246.0
PO_10839,PRD_2839,SUP_079,WH_054,2024-11-16,2024-11-21,2024-11-21,374,374.0
PO_10840,PRD_4285,SUP_147,WH_006,2023-01-21,2023-01-31,2023-01-31,309,309.0
PO_10841,PRD_4077,SUP_117,WH_049,2022-10-03,2022-10-15,,368,
PO_10842,PRD_2277,SUP_051,WH_037,2023-06-06,2023-06-13,2023-06-13,238,238.0
PO_10843,PRD_1198,SUP_117,WH_074,2024-07-21,2024-08-02,2024-08-02,166,166.0
PO_10844,PRD_4093,SUP_053,WH_040,2023-03-21,2023-03-29,2023-04-04,134,134.0
PO_10845,PRD_4501,SUP_135,WH_078,2025-09-02,2025-09-10,2025-09-10,346,346.0
PO_10846,PRD_0322,SUP_175,WH_040,2022-09-10,2022-09-14,2022-09-14,72,72.0
PO_10847,PRD_4435,SUP_070,WH_007,2022-12-05,2022-12-06,2022-12-06,415,415.0
PO_10848,PRD_0304,SUP_079,WH_053,2023-03-22,2023-03-27,,407,
PO_10849,PRD_1652,SUP_196,WH_060,2024-03-21,2024-04-03,,492,
PO_10850,PRD_1134,SUP_038,WH_010,2024-07-09,2024-07-18,2024-07-18,279,279.0
PO_10851,PRD_3525,SUP_021,WH_016,2024-11-23,2024-12-03,2024-12-03,350,350.0
PO_10852,PRD_4607,SUP_068,WH_021,2024-01-04,2024-01-05,2024-01-07,28,28.0
PO_10853,PRD_2012,SUP_200,WH_067,2024-10-22,2024-10-26,2024-11-03,40,40.0
PO_10854,PRD_4915,SUP_178,WH_057,2024-10-10,2024-10-18,2024-10-19,209,209.0
PO_10855,PRD_0644,SUP_138,WH_059,2025-03-03,2025-03-11,2025-03-11,31,31.0
PO_10856,PRD_2389,SUP_097,WH_012,2024-01-19,2024-01-31,2024-01-31,477,328.0
PO_10857,PRD_0887,SUP_018,WH_048,2023-08-20,2023-08-26,2023-08-26,250,151.0
PO_10858,PRD_1867,SUP_139,WH_004,2025-07-22,2025-07-23,2025-07-31,395,393.0
PO_10859,PRD_2727,SUP_065,WH_071,2025-10-16,2025-10-24,2025-10-24,119,119.0
PO_10860,PRD_0921,SUP_184,WH_014,2022-08-04,2022-08-07,2022-08-07,272,272.0
PO_10861,PRD_2095,SUP_120,WH_029,2023-01-12,2023-01-25,2023-01-25,453,453.0
PO_10862,PRD_1125,SUP_103,WH_033,2022-11-21,2022-12-02,2022-12-02,256,256.0
PO_10863,PRD_2764,SUP_073,WH_050,2023-02-04,2023-02-16,2023-02-17,267,267.0
PO_10864,PRD_2527,SUP_199,WH_050,2022-02-15,2022-02-16,2022-02-16,469,469.0
PO_10865,PRD_3614,SUP_113,WH_025,2022-12-18,2022-12-24,2022-12-24,347,347.0
PO_10866,PRD_3568,SUP_151,WH_041,2024-03-24,2024-04-03,2024-04-03,180,138.0
PO_10867,PRD_4623,SUP_122,WH_010,2025-07-05,2025-07-09,2025-07-09,274,274.0
PO_10868,PRD_4971,SUP_012,WH_038,2022-03-08,2022-03-21,2022-03-21,392,392.0
PO_10869,PRD_0041,SUP_142,WH_038,2023-01-03,2023-01-12,2023-01-12,29,20.0
PO_10870,PRD_3923,SUP_133,WH_018,2023-10-26,2023-11-04,2023-11-04,303,303.0
PO_10871,PRD_0920,SUP_130,WH_079,2025-04-21,2025-04-25,2025-04-25,387,387.0
PO_10872,PRD_4047,SUP_197,WH_046,2022-09-04,2022-09-13,2022-09-21,42,42.0
PO_10873,PRD_3749,SUP_027,WH_026,2025-07-18,2025-07-30,2025-07-30,98,70.0
PO_10874,PRD_2146,SUP_122,WH_045,2022-05-24,2022-05-28,2022-05-28,447,447.0
PO_10875,PRD_2900,SUP_200,WH_053,2022-02-13,2022-02-17,2022-02-18,224,224.0
PO_10876,PRD_3609,SUP_011,WH_061,2023-01-24,2023-02-04,2023-02-04,198,198.0
PO_10877,PRD_4531,SUP_117,WH_026,2023-04-10,2023-04-22,2023-04-23,24,24.0
PO_10878,PRD_4319,SUP_117,WH_050,2022-06-14,2022-06-26,2022-06-26,266,266.0
PO_10879,PRD_3637,SUP_111,WH_019,2022-05-16,2022-05-18,2022-05-18,168,168.0
PO_10880,PRD_4314,SUP_031,WH_026,2023-02-06,2023-02-10,2023-02-10,253,253.0
PO_10881,PRD_0499,SUP_018,WH_037,2024-06-10,2024-06-16,2024-06-16,242,242.0
PO_10882,PRD_3025,SUP_027,WH_046,2023-03-25,2023-04-06,2023-04-06,63,63.0
PO_10883,PRD_2687,SUP_031,WH_009,2024-04-25,2024-04-29,2024-04-29,359,359.0
PO_10884,PRD_1195,SUP_080,WH_057,2024-01-20,2024-01-21,2024-01-21,434,434.0
PO_10885,PRD_2778,SUP_060,WH_007,2022-03-16,2022-03-26,2022-03-29,481,481.0
PO_10886,PRD_0818,SUP_146,WH_063,2023-09-01,2023-09-15,2023-09-17,287,287.0
PO_10887,PRD_4278,SUP_035,WH_077,2025-11-14,2025-11-24,2025-11-24,463,343.0
PO_10888,PRD_3626,SUP_079,WH_018,2022-09-08,2022-09-13,2022-09-21,124,95.0
PO_10889,PRD_1165,SUP_199,WH_026,2023-09-16,2023-09-17,2023-09-17,499,499.0
PO_10890,PRD_1168,SUP_169,WH_080,2024-04-01,2024-04-05,2024-04-05,271,271.0
PO_10891,PRD_0989,SUP_160,WH_023,2024-02-17,2024-02-22,2024-02-22,59,59.0
PO_10892,PRD_1954,SUP_186,WH_004,2023-11-11,2023-11-20,2023-11-21,480,480.0
PO_10893,PRD_0098,SUP_191,WH_001,2025-09-03,2025-09-17,,395,
PO_10894,PRD_3845,SUP_150,WH_020,2023-05-12,2023-05-24,2023-05-24,181,160.0
PO_10895,PRD_4479,SUP_063,WH_036,2023-05-23,2023-06-03,2023-06-03,23,23.0
PO_10896,PRD_0494,SUP_187,WH_044,2024-10-10,2024-10-13,2024-10-14,474,474.0
PO_10897,PRD_3670,SUP_120,WH_037,2023-11-11,2023-11-24,2023-11-24,303,303.0
PO_10898,PRD_0458,SUP_175,WH_046,2022-10-02,2022-10-06,,266,
PO_10899,PRD_2767,SUP_135,WH_033,2022-04-23,2022-05-01,2022-05-01,113,113.0
PO_10900,PRD_0373,SUP_039,WH_046,2022-03-02,2022-03-09,,229,
PO_10901,PRD_3836,SUP_148,WH_024,2023-05-26,2023-05-29,2023-05-29,165,165.0
PO_10902,PRD_4705,SUP_152,WH_033,2022-03-15,2022-03-24,2022-03-24,170,170.0
PO_10903,PRD_4683,SUP_060,WH_073,2023-04-02,2023-04-12,2023-04-12,299,190.0
PO_10904,PRD_1632,SUP_192,WH_026,2022-06-24,2022-06-26,2022-06-26,130,130.0
PO_10905,PRD_1150,SUP_197,WH_012,2023-11-17,2023-11-26,2023-11-26,332,332.0
PO_10906,PRD_1373,SUP_185,WH_067,2025-09-21,2025-10-05,2025-10-05,301,301.0
PO_10907,PRD_1769,SUP_047,WH_032,2024-07-03,2024-07-07,,46,
PO_10908,PRD_1246,SUP_017,WH_007,2025-03-18,2025-03-21,2025-03-27,426,426.0
PO_10909,PRD_0884,SUP_146,WH_049,2025-09-06,2025-09-20,2025-09-22,401,401.0
PO_10910,PRD_2877,SUP_081,WH_050,2023-01-09,2023-01-17,2023-01-22,215,215.0
PO_10911,PRD_3750,SUP_105,WH_067,2025-10-20,2025-10-31,2025-10-31,228,228.0
PO_10912,PRD_0524,SUP_179,WH_029,2025-10-14,2025-10-18,2025-10-18,382,382.0
PO_10913,PRD_2480,SUP_003,WH_063,2022-08-13,2022-08-17,2022-08-17,268,216.0
PO_10914,PRD_0446,SUP_142,WH_024,2023-12-16,2023-12-25,2023-12-25,442,361.0
PO_10915,PRD_2145,SUP_200,WH_080,2024-05-16,2024-05-20,2024-05-27,227,227.0
PO_10916,PRD_0434,SUP_105,WH_030,2025-06-08,2025-06-19,2025-06-19,420,291.0
PO_10917,PRD_3023,SUP_142,WH_048,2024-02-13,2024-02-22,2024-02-22,330,330.0
PO_10918,PRD_0653,SUP_028,WH_045,2025-10-26,2025-11-07,2025-11-07,414,414.0
PO_10919,PRD_3789,SUP_083,WH_031,2023-09-04,2023-09-15,2023-09-15,189,160.0
PO_10920,PRD_1824,SUP_108,WH_072,2023-09-01,2023-09-09,2023-09-09,153,153.0
PO_10921,PRD_3617,SUP_180,WH_017,2024-08-04,2024-08-10,2024-08-10,276,276.0
PO_10922,PRD_1673,SUP_196,WH_028,2022-01-19,2022-02-01,2022-02-07,44,44.0
PO_10923,PRD_0221,SUP_028,WH_055,2023-07-07,2023-07-19,2023-07-22,309,309.0
PO_10924,PRD_4856,SUP_098,WH_078,2025-06-09,2025-06-19,2025-06-24,23,23.0
PO_10925,PRD_0118,SUP_155,WH_018,2025-08-03,2025-08-04,2025-08-04,170,125.0
PO_10926,PRD_3748,SUP_150,WH_043,2023-04-08,2023-04-20,2023-04-23,273,273.0
PO_10927,PRD_0135,SUP_155,WH_042,2025-04-06,2025-04-07,2025-04-07,373,282.0
PO_10928,PRD_0849,SUP_177,WH_056,2023-04-22,2023-04-23,2023-04-23,422,422.0
PO_10929,PRD_1050,SUP_046,WH_074,2022-03-06,2022-03-15,2022-03-15,189,172.0
PO_10930,PRD_1292,SUP_164,WH_014,2024-08-06,2024-08-15,2024-08-15,463,463.0
PO_10931,PRD_4324,SUP_149,WH_054,2025-04-05,2025-04-12,2025-04-12,241,241.0
PO_10932,PRD_0685,SUP_089,WH_025,2024-07-11,2024-07-18,2024-07-18,346,346.0
PO_10933,PRD_4256,SUP_035,WH_014,2023-04-07,2023-04-17,2023-04-21,111,68.0
PO_10934,PRD_3081,SUP_103,WH_070,2022-06-12,2022-06-23,2022-06-23,439,439.0
PO_10935,PRD_3100,SUP_151,WH_024,2022-06-23,2022-07-03,,273,
PO_10936,PRD_2664,SUP_071,WH_028,2024-07-21,2024-07-31,2024-07-31,191,191.0
PO_10937,PRD_0586,SUP_198,WH_027,2023-10-07,2023-10-11,2023-10-11,88,88.0
PO_10938,PRD_4251,SUP_127,WH_035,2024-09-12,2024-09-22,2024-09-22,28,28.0
PO_10939,PRD_3112,SUP_004,WH_064,2022-04-11,2022-04-24,,368,
PO_10940,PRD_3852,SUP_072,WH_060,2024-03-15,2024-03-19,2024-03-21,119,92.0
PO_10941,PRD_4763,SUP_062,WH_006,2023-07-16,2023-07-24,2023-07-24,80,80.0
PO_10942,PRD_1627,SUP_140,WH_021,2023-06-13,2023-06-24,2023-06-28,203,203.0
PO_10943,PRD_3260,SUP_117,WH_024,2023-02-10,2023-02-22,2023-02-22,483,483.0
PO_10944,PRD_0709,SUP_068,WH_050,2024-01-01,2024-01-02,2024-01-02,369,369.0
PO_10945,PRD_1234,SUP_060,WH_071,2024-05-05,2024-05-15,2024-05-15,33,33.0
PO_10946,PRD_0687,SUP_030,WH_052,2025-06-18,2025-06-30,2025-06-30,349,232.0
PO_10947,PRD_4454,SUP_187,WH_020,2025-05-22,2025-05-25,2025-05-25,53,53.0
PO_10948,PRD_0139,SUP_073,WH_002,2022-08-10,2022-08-22,2022-08-22,449,449.0
PO_10949,PRD_3539,SUP_032,WH_060,2023-07-15,2023-07-29,2023-07-29,146,146.0
PO_10950,PRD_0333,SUP_118,WH_070,2022-12-09,2022-12-20,,363,
PO_10951,PRD_1482,SUP_153,WH_062,2023-04-16,2023-04-20,2023-04-20,391,391.0
PO_10952,PRD_4878,SUP_076,WH_079,2025-02-10,2025-02-12,2025-02-12,412,412.0
PO_10953,PRD_1674,SUP_125,WH_010,2025-02-20,2025-02-24,2025-02-24,406,406.0
PO_10954,PRD_1556,SUP_057,WH_052,2023-08-01,2023-08-06,2023-08-06,458,458.0
PO_10955,PRD_4236,SUP_069,WH_044,2024-09-13,2024-09-27,,331,
PO_10956,PRD_4200,SUP_069,WH_052,2023-06-06,2023-06-20,2023-06-20,136,136.0
PO_10957,PRD_3860,SUP_090,WH_030,2023-01-02,2023-01-07,2023-01-07,238,238.0
PO_10958,PRD_2419,SUP_020,WH_040,2025-06-02,2025-06-04,2025-06-04,56,56.0
PO_10959,PRD_3833,SUP_024,WH_020,2023-01-17,2023-01-26,2023-01-26,25,25.0
PO_10960,PRD_0843,SUP_045,WH_033,2022-04-18,2022-05-02,2022-05-10,156,156.0
PO_10961,PRD_4728,SUP_037,WH_079,2022-03-23,2022-04-04,2022-04-04,68,68.0
PO_10962,PRD_0656,SUP_018,WH_074,2022-01-13,2022-01-19,2022-01-19,57,57.0
PO_10963,PRD_4110,SUP_194,WH_054,2025-06-04,2025-06-10,,221,
PO_10964,PRD_1528,SUP_100,WH_015,2024-10-16,2024-10-23,2024-10-31,372,372.0
PO_10965,PRD_4009,SUP_081,WH_047,2025-07-20,2025-07-28,2025-07-28,272,272.0
PO_10966,PRD_4422,SUP_071,WH_058,2023-07-08,2023-07-18,2023-07-18,495,389.0
PO_10967,PRD_4067,SUP_125,WH_078,2022-09-26,2022-09-30,2022-09-30,475,475.0
PO_10968,PRD_1636,SUP_008,WH_072,2023-04-26,2023-05-03,2023-05-03,332,332.0
PO_10969,PRD_0666,SUP_081,WH_066,2022-12-13,2022-12-21,,252,
PO_10970,PRD_1419,SUP_055,WH_051,2022-05-21,2022-05-30,,59,
PO_10971,PRD_4830,SUP_012,WH_047,2024-11-05,2024-11-18,2024-11-18,32,32.0
PO_10972,PRD_0160,SUP_034,WH_008,2025-08-01,2025-08-12,2025-08-18,461,461.0
PO_10973,PRD_1847,SUP_084,WH_068,2024-07-06,2024-07-07,2024-07-07,350,246.0
PO_10974,PRD_0781,SUP_170,WH_073,2024-05-07,2024-05-15,2024-05-18,397,397.0
PO_10975,PRD_2375,SUP_089,WH_052,2023-02-01,2023-02-08,2023-02-08,229,229.0
PO_10976,PRD_1391,SUP_161,WH_074,2025-11-10,2025-11-15,2025-11-15,409,409.0
PO_10977,PRD_4758,SUP_026,WH_044,2024-05-24,2024-05-30,2024-05-30,85,85.0
PO_10978,PRD_1260,SUP_020,WH_063,2025-03-02,2025-03-04,2025-03-04,381,229.0
PO_10979,PRD_1647,SUP_140,WH_030,2025-12-02,2025-12-13,2025-12-13,453,305.0
PO_10980,PRD_0593,SUP_198,WH_030,2022-01-05,2022-01-09,,382,
PO_10981,PRD_1242,SUP_064,WH_068,2025-11-27,2025-12-03,2025-12-09,180,180.0
PO_10982,PRD_0346,SUP_039,WH_053,2024-04-19,2024-04-26,2024-04-26,300,300.0
PO_10983,PRD_4356,SUP_097,WH_034,2024-03-21,2024-04-02,2024-04-02,56,56.0
PO_10984,PRD_2610,SUP_196,WH_012,2024-01-11,2024-01-24,2024-01-24,406,406.0
PO_10985,PRD_1798,SUP_067,WH_047,2024-10-10,2024-10-14,2024-10-17,491,491.0
PO_10986,PRD_0011,SUP_014,WH_030,2024-09-24,2024-10-07,2024-10-07,121,121.0
PO_10987,PRD_4668,SUP_139,WH_018,2023-05-23,2023-05-24,,380,
PO_10988,PRD_0350,SUP_028,WH_009,2025-06-27,2025-07-09,2025-07-12,210,210.0
PO_10989,PRD_0411,SUP_003,WH_027,2023-08-20,2023-08-24,2023-08-24,345,345.0
PO_10990,PRD_1391,SUP_161,WH_070,2023-02-06,2023-02-11,2023-02-11,389,389.0
PO_10991,PRD_0776,SUP_130,WH_071,2022-11-21,2022-11-25,2022-11-25,439,385.0
PO_10992,PRD_2373,SUP_174,WH_029,2022-04-17,2022-04-25,2022-04-29,44,44.0
PO_10993,PRD_3148,SUP_030,WH_044,2023-11-08,2023-11-20,2023-11-25,228,228.0
PO_10994,PRD_4499,SUP_040,WH_038,2024-12-16,2024-12-30,,460,
PO_10995,PRD_3354,SUP_009,WH_038,2025-01-10,2025-01-17,2025-01-17,182,182.0
PO_10996,PRD_2949,SUP_041,WH_047,2024-12-12,2024-12-13,2024-12-13,39,39.0
PO_10997,PRD_0057,SUP_186,WH_028,2025-02-09,2025-02-18,2025-02-18,52,52.0
PO_10998,PRD_2876,SUP_166,WH_036,2025-10-13,2025-10-16,,102,
PO_10999,PRD_2604,SUP_022,WH_032,2023-09-27,2023-10-10,2023-10-17,54,54.0
PO_11000,PRD_2515,SUP_098,WH_032,2024-02-08,2024-02-18,2024-02-18,213,213.0
PO_11001,PRD_3036,SUP_021,WH_054,2023-09-09,2023-09-19,2023-09-19,236,236.0
PO_11002,PRD_3889,SUP_069,WH_027,2022-06-23,2022-07-07,2022-07-11,161,161.0
PO_11003,PRD_4897,SUP_038,WH_049,2025-11-16,2025-11-25,2025-11-27,350,350.0
PO_11004,PRD_1415,SUP_113,WH_008,2024-03-13,2024-03-19,2024-03-19,308,186.0
PO_11005,PRD_0742,SUP_072,WH_020,2024-04-04,2024-04-08,2024-04-16,70,70.0
PO_11006,PRD_0075,SUP_001,WH_035,2023-04-11,2023-04-18,2023-04-18,246,246.0
PO_11007,PRD_3449,SUP_116,WH_045,2022-12-19,2022-12-28,2023-01-05,466,466.0
PO_11008,PRD_2310,SUP_170,WH_026,2022-11-03,2022-11-11,2022-11-13,403,403.0
PO_11009,PRD_1078,SUP_002,WH_033,2024-08-01,2024-08-02,2024-08-02,450,450.0
PO_11010,PRD_3697,SUP_079,WH_040,2024-11-04,2024-11-09,2024-11-09,118,118.0
PO_11011,PRD_3616,SUP_078,WH_071,2022-01-23,2022-01-24,2022-01-28,222,222.0
PO_11012,PRD_4457,SUP_183,WH_013,2022-02-03,2022-02-17,2022-02-17,175,175.0
PO_11013,PRD_0915,SUP_177,WH_054,2022-04-27,2022-04-28,2022-04-28,59,46.0
PO_11014,PRD_3979,SUP_173,WH_033,2025-11-27,2025-11-28,2025-11-28,208,208.0
PO_11015,PRD_2586,SUP_004,WH_010,2024-01-20,2024-02-02,2024-02-02,172,172.0
PO_11016,PRD_3892,SUP_126,WH_063,2023-10-08,2023-10-11,,34,
PO_11017,PRD_4173,SUP_125,WH_040,2023-03-04,2023-03-08,2023-03-08,162,111.0
PO_11018,PRD_0964,SUP_084,WH_006,2024-01-19,2024-01-20,2024-01-20,32,19.0
PO_11019,PRD_2782,SUP_135,WH_065,2024-11-27,2024-12-05,2024-12-05,288,288.0
PO_11020,PRD_0629,SUP_085,WH_009,2023-09-22,2023-09-24,,315,
PO_11021,PRD_4680,SUP_186,WH_051,2023-04-21,2023-04-30,2023-04-30,288,288.0
PO_11022,PRD_2129,SUP_156,WH_063,2025-01-24,2025-01-26,,321,
PO_11023,PRD_3720,SUP_042,WH_044,2024-02-22,2024-02-23,2024-02-23,99,99.0
PO_11024,PRD_3137,SUP_021,WH_019,2025-12-26,2026-01-05,2026-01-05,371,371.0
PO_11025,PRD_3936,SUP_114,WH_006,2022-10-04,2022-10-15,2022-10-15,152,152.0
PO_11026,PRD_4669,SUP_099,WH_079,2022-04-08,2022-04-14,2022-04-14,112,112.0
PO_11027,PRD_0689,SUP_179,WH_044,2022-02-22,2022-02-26,2022-02-26,328,267.0
PO_11028,PRD_1239,SUP_143,WH_071,2025-08-10,2025-08-19,,228,
PO_11029,PRD_1221,SUP_055,WH_056,2023-10-20,2023-10-29,2023-10-31,302,302.0
PO_11030,PRD_1974,SUP_052,WH_053,2025-06-20,2025-06-26,2025-06-26,486,486.0
PO_11031,PRD_4590,SUP_074,WH_002,2024-02-07,2024-02-21,2024-02-24,41,41.0
PO_11032,PRD_2513,SUP_055,WH_053,2023-10-25,2023-11-03,2023-11-08,25,25.0
PO_11033,PRD_3003,SUP_062,WH_041,2025-08-18,2025-08-26,2025-08-26,425,425.0
PO_11034,PRD_0920,SUP_130,WH_063,2023-07-03,2023-07-07,2023-07-07,201,201.0
PO_11035,PRD_4768,SUP_045,WH_048,2024-08-21,2024-09-04,2024-09-04,329,329.0
PO_11036,PRD_4322,SUP_187,WH_020,2022-09-16,2022-09-19,2022-09-27,222,222.0
PO_11037,PRD_0131,SUP_086,WH_076,2022-10-23,2022-10-25,,201,
PO_11038,PRD_2958,SUP_077,WH_054,2023-10-13,2023-10-16,2023-10-16,231,231.0
PO_11039,PRD_4970,SUP_128,WH_046,2022-04-18,2022-04-21,2022-04-21,304,304.0
PO_11040,PRD_1758,SUP_058,WH_001,2025-08-18,2025-08-19,2025-08-19,412,412.0
PO_11041,PRD_2414,SUP_145,WH_029,2023-06-05,2023-06-12,2023-06-12,448,448.0
PO_11042,PRD_2456,SUP_093,WH_036,2022-09-02,2022-09-05,2022-09-05,484,484.0
PO_11043,PRD_3968,SUP_194,WH_075,2022-10-20,2022-10-26,2022-11-01,133,133.0
PO_11044,PRD_3882,SUP_024,WH_055,2025-01-27,2025-02-05,,487,
PO_11045,PRD_4432,SUP_039,WH_071,2024-12-11,2024-12-18,2024-12-18,66,66.0
PO_11046,PRD_2216,SUP_176,WH_075,2025-10-11,2025-10-22,2025-10-25,186,186.0
PO_11047,PRD_0990,SUP_050,WH_047,2024-08-02,2024-08-05,2024-08-05,311,311.0
PO_11048,PRD_1182,SUP_117,WH_072,2025-04-14,2025-04-26,2025-04-26,88,88.0
PO_11049,PRD_0242,SUP_012,WH_051,2023-08-08,2023-08-21,2023-08-21,111,111.0
PO_11050,PRD_2758,SUP_095,WH_012,2022-06-09,2022-06-11,2022-06-11,341,341.0
PO_11051,PRD_3448,SUP_058,WH_019,2022-03-27,2022-03-28,2022-03-28,466,466.0
PO_11052,PRD_3837,SUP_045,WH_063,2022-03-05,2022-03-19,2022-03-19,173,173.0
PO_11053,PRD_0436,SUP_058,WH_074,2025-03-10,2025-03-11,2025-03-11,423,423.0
PO_11054,PRD_3568,SUP_151,WH_059,2022-12-24,2023-01-03,,29,
PO_11055,PRD_3131,SUP_145,WH_054,2023-11-16,2023-11-23,2023-11-29,410,410.0
PO_11056,PRD_0498,SUP_028,WH_004,2024-08-01,2024-08-13,2024-08-20,320,320.0
PO_11057,PRD_0917,SUP_078,WH_080,2023-09-04,2023-09-05,2023-09-05,21,12.0
PO_11058,PRD_0408,SUP_064,WH_003,2025-09-11,2025-09-17,2025-09-17,319,319.0
PO_11059,PRD_2281,SUP_051,WH_041,2024-08-14,2024-08-21,2024-08-28,98,98.0
PO_11060,PRD_3545,SUP_153,WH_018,2025-11-01,2025-11-05,2025-11-05,459,459.0
PO_11061,PRD_2526,SUP_173,WH_001,2023-02-20,2023-02-21,2023-02-21,141,106.0
PO_11062,PRD_0260,SUP_118,WH_030,2023-05-04,2023-05-15,2023-05-15,137,137.0
PO_11063,PRD_2485,SUP_119,WH_059,2024-09-17,2024-09-23,2024-10-01,400,312.0
PO_11064,PRD_2487,SUP_196,WH_029,2022-09-02,2022-09-15,2022-09-21,320,320.0
PO_11065,PRD_4806,SUP_145,WH_054,2025-11-08,2025-11-15,2025-11-15,387,387.0
PO_11066,PRD_0162,SUP_065,WH_041,2023-12-15,2023-12-23,2023-12-23,146,117.0
PO_11067,PRD_1168,SUP_169,WH_026,2025-05-10,2025-05-14,2025-05-14,381,256.0
PO_11068,PRD_3813,SUP_133,WH_073,2023-04-21,2023-04-30,2023-04-30,32,32.0
PO_11069,PRD_2337,SUP_170,WH_051,2025-10-20,2025-10-28,2025-10-31,434,434.0
PO_11070,PRD_2758,SUP_095,WH_044,2025-11-05,2025-11-07,2025-11-07,146,146.0
PO_11071,PRD_1188,SUP_057,WH_051,2022-11-04,2022-11-09,2022-11-10,222,222.0
PO_11072,PRD_4362,SUP_088,WH_015,2025-05-19,2025-05-25,,85,
PO_11073,PRD_3665,SUP_154,WH_048,2025-08-21,2025-09-02,2025-09-02,302,302.0
PO_11074,PRD_0031,SUP_191,WH_015,2024-07-17,2024-07-31,2024-07-31,498,498.0
PO_11075,PRD_4690,SUP_060,WH_001,2023-10-11,2023-10-21,2023-10-21,28,28.0
PO_11076,PRD_2296,SUP_148,WH_059,2024-07-05,2024-07-08,2024-07-08,89,89.0
PO_11077,PRD_4757,SUP_044,WH_006,2023-07-13,2023-07-24,2023-07-24,137,137.0
PO_11078,PRD_4263,SUP_058,WH_037,2022-12-13,2022-12-14,2022-12-14,357,357.0
PO_11079,PRD_1065,SUP_177,WH_048,2022-12-27,2022-12-28,2022-12-28,470,470.0
PO_11080,PRD_0565,SUP_153,WH_024,2025-04-21,2025-04-25,2025-04-25,228,145.0
PO_11081,PRD_1529,SUP_125,WH_060,2022-12-23,2022-12-27,2023-01-04,305,305.0
PO_11082,PRD_4154,SUP_119,WH_016,2022-12-23,2022-12-29,2022-12-29,472,472.0
PO_11083,PRD_3521,SUP_139,WH_066,2022-09-02,2022-09-03,,387,
PO_11084,PRD_4639,SUP_168,WH_044,2023-12-17,2023-12-20,2023-12-24,437,437.0
PO_11085,PRD_2867,SUP_183,WH_057,2023-02-16,2023-03-02,2023-03-02,89,89.0
PO_11086,PRD_1881,SUP_055,WH_023,2025-09-24,2025-10-03,2025-10-03,417,326.0
PO_11087,PRD_3071,SUP_193,WH_018,2024-08-25,2024-08-27,2024-08-27,305,305.0
PO_11088,PRD_1078,SUP_002,WH_067,2025-02-23,2025-02-24,,486,
PO_11089,PRD_3206,SUP_060,WH_053,2022-10-09,2022-10-19,,395,
PO_11090,PRD_3893,SUP_072,WH_060,2023-06-16,2023-06-20,2023-06-22,463,463.0
PO_11091,PRD_0367,SUP_091,WH_023,2024-01-26,2024-01-27,2024-02-01,425,425.0
PO_11092,PRD_3103,SUP_197,WH_072,2023-01-13,2023-01-22,2023-01-27,438,438.0
PO_11093,PRD_3657,SUP_011,WH_068,2022-08-14,2022-08-25,2022-08-25,348,260.0
PO_11094,PRD_4654,SUP_068,WH_059,2025-03-19,2025-03-20,,382,
PO_11095,PRD_0205,SUP_012,WH_064,2025-11-05,2025-11-18,2025-11-18,129,129.0
PO_11096,PRD_1289,SUP_164,WH_007,2023-12-23,2024-01-01,2024-01-01,479,479.0
PO_11097,PRD_4863,SUP_136,WH_012,2022-12-27,2023-01-03,2023-01-03,79,79.0
PO_11098,PRD_0277,SUP_007,WH_070,2025-05-21,2025-05-26,2025-05-26,385,385.0
PO_11099,PRD_1180,SUP_022,WH_064,2025-03-07,2025-03-20,2025-03-20,88,88.0
PO_11100,PRD_4608,SUP_037,WH_033,2023-09-17,2023-09-29,2023-09-29,178,178.0
PO_11101,PRD_0891,SUP_160,WH_022,2025-04-11,2025-04-16,2025-04-16,449,435.0
PO_11102,PRD_4447,SUP_024,WH_050,2023-08-10,2023-08-19,,286,
PO_11103,PRD_0048,SUP_024,WH_033,2024-06-23,2024-07-02,2024-07-02,124,124.0
PO_11104,PRD_4889,SUP_047,WH_073,2023-07-18,2023-07-22,2023-07-22,378,264.0
PO_11105,PRD_0955,SUP_158,WH_014,2023-02-21,2023-03-07,2023-03-07,247,247.0
PO_11106,PRD_3472,SUP_009,WH_033,2024-04-25,2024-05-02,2024-05-07,28,20.0
PO_11107,PRD_3228,SUP_058,WH_033,2025-03-04,2025-03-05,2025-03-07,208,208.0
PO_11108,PRD_3572,SUP_190,WH_032,2024-03-20,2024-03-22,2024-03-22,124,124.0
PO_11109,PRD_0647,SUP_103,WH_002,2024-04-01,2024-04-12,2024-04-12,400,400.0
PO_11110,PRD_3661,SUP_153,WH_041,2024-02-07,2024-02-11,2024-02-11,274,274.0
PO_11111,PRD_0198,SUP_001,WH_058,2023-11-15,2023-11-22,,163,
PO_11112,PRD_4400,SUP_140,WH_054,2024-11-26,2024-12-07,,438,
PO_11113,PRD_1940,SUP_145,WH_070,2025-07-17,2025-07-24,2025-07-24,102,65.0
PO_11114,PRD_0290,SUP_040,WH_042,2024-03-24,2024-04-07,2024-04-07,27,27.0
PO_11115,PRD_4797,SUP_157,WH_020,2022-06-02,2022-06-03,,187,
PO_11116,PRD_3159,SUP_143,WH_071,2023-10-18,2023-10-27,2023-10-29,492,492.0
PO_11117,PRD_2206,SUP_152,WH_066,2025-07-12,2025-07-21,2025-07-21,371,371.0
PO_11118,PRD_0716,SUP_085,WH_051,2024-01-24,2024-01-26,2024-01-31,318,318.0
PO_11119,PRD_2346,SUP_095,WH_006,2024-03-01,2024-03-03,2024-03-03,255,255.0
PO_11120,PRD_2685,SUP_093,WH_011,2025-10-20,2025-10-23,2025-10-23,227,227.0
PO_11121,PRD_1818,SUP_108,WH_005,2022-03-05,2022-03-13,2022-03-20,84,84.0
PO_11122,PRD_3374,SUP_075,WH_047,2024-02-21,2024-02-28,2024-03-05,301,301.0
PO_11123,PRD_2452,SUP_155,WH_070,2023-08-03,2023-08-04,2023-08-10,468,468.0
PO_11124,PRD_0664,SUP_112,WH_040,2024-11-16,2024-11-22,2024-11-22,80,80.0
PO_11125,PRD_2538,SUP_118,WH_041,2023-08-07,2023-08-18,2023-08-18,377,377.0
PO_11126,PRD_4871,SUP_021,WH_042,2022-08-26,2022-09-05,2022-09-05,194,194.0
PO_11127,PRD_2262,SUP_174,WH_002,2023-04-07,2023-04-15,2023-04-16,37,37.0
PO_11128,PRD_2783,SUP_178,WH_077,2025-12-20,2025-12-28,2025-12-28,400,400.0
PO_11129,PRD_3549,SUP_113,WH_034,2024-01-21,2024-01-27,2024-01-27,261,261.0
PO_11130,PRD_2345,SUP_063,WH_067,2023-02-18,2023-03-01,2023-03-01,85,67.0
PO_11131,PRD_4159,SUP_032,WH_046,2024-06-03,2024-06-17,2024-06-17,251,247.0
PO_11132,PRD_1264,SUP_105,WH_070,2025-06-05,2025-06-16,2025-06-16,371,371.0
PO_11133,PRD_3939,SUP_042,WH_038,2023-06-13,2023-06-14,2023-06-14,345,345.0
PO_11134,PRD_1165,SUP_199,WH_029,2025-01-02,2025-01-03,,355,
PO_11135,PRD_3378,SUP_193,WH_022,2025-09-20,2025-09-22,2025-09-22,238,238.0
PO_11136,PRD_1354,SUP_070,WH_041,2023-08-10,2023-08-11,2023-08-11,238,238.0
PO_11137,PRD_2696,SUP_141,WH_011,2022-06-07,2022-06-19,2022-06-20,33,33.0
PO_11138,PRD_0263,SUP_028,WH_049,2024-12-25,2025-01-06,2025-01-06,91,91.0
PO_11139,PRD_2235,SUP_176,WH_007,2025-09-01,2025-09-12,2025-09-18,384,384.0
PO_11140,PRD_3199,SUP_074,WH_061,2022-08-04,2022-08-18,2022-08-18,232,232.0
PO_11141,PRD_0784,SUP_111,WH_074,2022-05-09,2022-05-11,,211,
PO_11142,PRD_5000,SUP_106,WH_010,2022-10-09,2022-10-10,2022-10-10,60,41.0
PO_11143,PRD_0885,SUP_076,WH_009,2024-06-20,2024-06-22,2024-06-22,490,490.0
PO_11144,PRD_1200,SUP_127,WH_067,2024-02-03,2024-02-13,2024-02-17,286,286.0
PO_11145,PRD_2853,SUP_050,WH_048,2025-04-03,2025-04-06,2025-04-06,220,220.0
PO_11146,PRD_4865,SUP_175,WH_075,2025-04-14,2025-04-18,2025-04-18,93,93.0
PO_11147,PRD_1897,SUP_022,WH_075,2022-12-12,2022-12-25,2022-12-25,459,459.0
PO_11148,PRD_3732,SUP_112,WH_002,2025-09-12,2025-09-18,2025-09-18,28,28.0
PO_11149,PRD_3921,SUP_086,WH_005,2022-11-09,2022-11-11,2022-11-11,256,256.0
PO_11150,PRD_1423,SUP_122,WH_013,2022-07-12,2022-07-16,2022-07-23,444,444.0
PO_11151,PRD_2693,SUP_095,WH_053,2024-12-24,2024-12-26,2024-12-30,309,252.0
PO_11152,PRD_4888,SUP_015,WH_073,2025-04-03,2025-04-10,2025-04-10,112,112.0
PO_11153,PRD_1362,SUP_161,WH_047,2022-06-05,2022-06-10,2022-06-10,82,82.0
PO_11154,PRD_0500,SUP_148,WH_057,2024-03-12,2024-03-15,2024-03-15,330,330.0
PO_11155,PRD_4852,SUP_084,WH_038,2023-04-25,2023-04-26,2023-04-26,371,337.0
PO_11156,PRD_3052,SUP_159,WH_013,2022-03-14,2022-03-26,,465,
PO_11157,PRD_1077,SUP_159,WH_016,2024-07-01,2024-07-13,2024-07-13,404,307.0
PO_11158,PRD_3332,SUP_140,WH_047,2025-02-10,2025-02-21,2025-02-21,125,125.0
PO_11159,PRD_4769,SUP_008,WH_073,2022-05-02,2022-05-09,2022-05-15,491,357.0
PO_11160,PRD_2476,SUP_047,WH_028,2024-02-14,2024-02-18,,50,
PO_11161,PRD_0032,SUP_185,WH_048,2023-09-01,2023-09-15,2023-09-15,121,121.0
PO_11162,PRD_3647,SUP_177,WH_011,2024-09-07,2024-09-08,2024-09-08,487,487.0
PO_11163,PRD_2117,SUP_156,WH_016,2025-02-22,2025-02-24,2025-02-24,255,255.0
PO_11164,PRD_3182,SUP_027,WH_013,2025-10-27,2025-11-08,2025-11-08,90,59.0
PO_11165,PRD_2519,SUP_125,WH_005,2025-11-23,2025-11-27,2025-12-03,237,237.0
PO_11166,PRD_0214,SUP_071,WH_016,2023-02-11,2023-02-21,,451,
PO_11167,PRD_1529,SUP_125,WH_061,2023-06-01,2023-06-05,2023-06-05,411,411.0
PO_11168,PRD_3753,SUP_126,WH_001,2022-08-26,2022-08-29,2022-08-29,169,116.0
PO_11169,PRD_3490,SUP_083,WH_006,2023-01-13,2023-01-24,2023-01-26,347,347.0
PO_11170,PRD_2054,SUP_040,WH_002,2025-01-01,2025-01-15,2025-01-19,456,456.0
PO_11171,PRD_2648,SUP_108,WH_055,2025-06-11,2025-06-19,2025-06-19,44,44.0
PO_11172,PRD_4841,SUP_062,WH_048,2024-12-02,2024-12-10,,33,
PO_11173,PRD_2794,SUP_163,WH_021,2023-08-25,2023-09-01,2023-09-01,130,101.0
PO_11174,PRD_0466,SUP_111,WH_052,2025-03-15,2025-03-17,,320,
PO_11175,PRD_1117,SUP_162,WH_077,2023-10-08,2023-10-19,2023-10-19,61,61.0
PO_11176,PRD_3524,SUP_011,WH_062,2023-11-06,2023-11-17,2023-11-17,185,185.0
PO_11177,PRD_1164,SUP_148,WH_030,2023-09-08,2023-09-11,2023-09-11,308,308.0
PO_11178,PRD_1088,SUP_189,WH_046,2024-06-21,2024-07-04,2024-07-05,134,134.0
PO_11179,PRD_2426,SUP_176,WH_005,2025-12-03,2025-12-14,2025-12-14,449,419.0
PO_11180,PRD_3842,SUP_024,WH_006,2023-02-02,2023-02-11,,494,
PO_11181,PRD_2537,SUP_196,WH_058,2025-03-19,2025-04-01,,229,
PO_11182,PRD_3286,SUP_181,WH_037,2024-08-17,2024-08-25,2024-09-02,246,246.0
PO_11183,PRD_4592,SUP_098,WH_012,2022-04-17,2022-04-27,2022-04-27,196,196.0
PO_11184,PRD_1577,SUP_104,WH_019,2025-04-06,2025-04-14,2025-04-14,73,73.0
PO_11185,PRD_2077,SUP_080,WH_034,2025-04-07,2025-04-08,2025-04-10,59,59.0
PO_11186,PRD_2526,SUP_173,WH_073,2022-05-06,2022-05-07,,196,
PO_11187,PRD_2836,SUP_056,WH_054,2022-04-23,2022-05-07,2022-05-07,249,249.0
PO_11188,PRD_3537,SUP_192,WH_065,2024-02-07,2024-02-09,2024-02-10,401,401.0
PO_11189,PRD_2083,SUP_095,WH_062,2022-03-22,2022-03-24,2022-03-29,439,393.0
PO_11190,PRD_2307,SUP_078,WH_056,2022-05-16,2022-05-17,2022-05-18,469,469.0
PO_11191,PRD_4930,SUP_021,WH_075,2024-12-27,2025-01-06,2025-01-06,192,192.0
PO_11192,PRD_3498,SUP_074,WH_068,2023-06-18,2023-07-02,2023-07-02,59,39.0
PO_11193,PRD_0485,SUP_030,WH_044,2023-06-09,2023-06-21,2023-06-21,299,299.0
PO_11194,PRD_3100,SUP_151,WH_062,2022-07-01,2022-07-11,,159,
PO_11195,PRD_1148,SUP_099,WH_066,2022-04-02,2022-04-08,2022-04-12,204,204.0
PO_11196,PRD_4281,SUP_115,WH_031,2022-02-15,2022-02-16,,220,
PO_11197,PRD_2763,SUP_031,WH_022,2025-08-23,2025-08-27,2025-09-04,154,154.0
PO_11198,PRD_0671,SUP_190,WH_077,2025-08-10,2025-08-12,2025-08-12,162,162.0
PO_11199,PRD_4232,SUP_160,WH_054,2023-07-10,2023-07-15,2023-07-21,202,202.0
PO_11200,PRD_3934,SUP_027,WH_062,2022-04-21,2022-05-03,2022-05-03,169,169.0
PO_11201,PRD_1130,SUP_109,WH_072,2024-05-21,2024-05-26,2024-05-26,365,365.0
PO_11202,PRD_4494,SUP_039,WH_075,2023-06-10,2023-06-17,2023-06-17,364,232.0
PO_11203,PRD_1527,SUP_087,WH_032,2023-08-20,2023-09-01,2023-09-01,99,99.0
PO_11204,PRD_0650,SUP_149,WH_075,2024-05-04,2024-05-11,2024-05-11,272,272.0
PO_11205,PRD_0777,SUP_077,WH_018,2025-02-09,2025-02-12,2025-02-12,56,56.0
PO_11206,PRD_2869,SUP_078,WH_045,2024-06-01,2024-06-02,2024-06-02,55,55.0
PO_11207,PRD_0862,SUP_158,WH_058,2022-04-18,2022-05-02,2022-05-02,420,420.0
PO_11208,PRD_3092,SUP_148,WH_038,2022-04-24,2022-04-27,2022-04-27,478,478.0
PO_11209,PRD_3521,SUP_139,WH_063,2025-12-12,2025-12-13,2025-12-20,209,209.0
PO_11210,PRD_3730,SUP_133,WH_014,2025-08-12,2025-08-21,2025-08-21,295,295.0
PO_11211,PRD_4998,SUP_092,WH_048,2023-05-27,2023-05-28,,417,
PO_11212,PRD_0745,SUP_134,WH_054,2024-01-15,2024-01-16,2024-01-19,300,300.0
PO_11213,PRD_1381,SUP_192,WH_035,2023-12-26,2023-12-28,2023-12-28,434,434.0
PO_11214,PRD_4728,SUP_037,WH_033,2022-11-09,2022-11-21,2022-11-21,455,452.0
PO_11215,PRD_1585,SUP_112,WH_009,2023-04-16,2023-04-22,2023-04-22,453,453.0
PO_11216,PRD_1652,SUP_196,WH_049,2024-05-15,2024-05-28,,295,
PO_11217,PRD_0810,SUP_080,WH_037,2022-08-20,2022-08-21,2022-08-21,487,487.0
PO_11218,PRD_2603,SUP_134,WH_055,2025-07-06,2025-07-07,2025-07-07,97,97.0
PO_11219,PRD_3137,SUP_021,WH_064,2023-04-12,2023-04-22,2023-04-30,53,53.0
PO_11220,PRD_2789,SUP_109,WH_025,2025-03-27,2025-04-01,2025-04-01,254,254.0
PO_11221,PRD_1845,SUP_033,WH_002,2023-06-13,2023-06-27,2023-06-27,302,302.0
PO_11222,PRD_0530,SUP_190,WH_049,2022-01-04,2022-01-06,2022-01-12,371,371.0
PO_11223,PRD_3167,SUP_014,WH_022,2025-08-13,2025-08-26,2025-08-26,359,359.0
PO_11224,PRD_0276,SUP_121,WH_078,2024-06-27,2024-06-30,2024-06-30,274,260.0
PO_11225,PRD_2277,SUP_051,WH_018,2025-10-04,2025-10-11,2025-10-11,410,410.0
PO_11226,PRD_1394,SUP_141,WH_052,2023-09-11,2023-09-23,2023-09-23,278,278.0
PO_11227,PRD_2723,SUP_026,WH_064,2022-07-12,2022-07-18,2022-07-18,254,248.0
PO_11228,PRD_2035,SUP_194,WH_053,2025-09-16,2025-09-22,2025-09-22,94,94.0
PO_11229,PRD_4918,SUP_062,WH_029,2022-03-08,2022-03-16,2022-03-16,375,375.0
PO_11230,PRD_2236,SUP_177,WH_043,2024-09-04,2024-09-05,,500,
PO_11231,PRD_3789,SUP_083,WH_012,2024-03-11,2024-03-22,,147,
PO_11232,PRD_3046,SUP_022,WH_075,2023-09-10,2023-09-23,2023-09-23,268,268.0
PO_11233,PRD_4656,SUP_040,WH_078,2023-12-23,2024-01-06,2024-01-14,193,193.0
PO_11234,PRD_4499,SUP_040,WH_017,2024-01-21,2024-02-04,2024-02-04,400,400.0
PO_11235,PRD_0653,SUP_028,WH_052,2024-08-13,2024-08-25,,205,
PO_11236,PRD_0869,SUP_045,WH_062,2023-01-14,2023-01-28,2023-02-01,221,221.0
PO_11237,PRD_0926,SUP_054,WH_036,2024-01-15,2024-01-26,2024-01-26,160,160.0
PO_11238,PRD_0885,SUP_076,WH_011,2022-08-11,2022-08-13,2022-08-13,467,467.0
PO_11239,PRD_0123,SUP_053,WH_054,2024-08-25,2024-09-02,2024-09-02,360,289.0
PO_11240,PRD_3563,SUP_078,WH_011,2022-07-13,2022-07-14,2022-07-21,478,478.0
PO_11241,PRD_1055,SUP_109,WH_075,2025-12-12,2025-12-17,2025-12-17,320,320.0
PO_11242,PRD_2086,SUP_172,WH_054,2025-12-18,2025-12-26,2025-12-26,52,52.0
PO_11243,PRD_1942,SUP_095,WH_042,2024-12-27,2024-12-29,2025-01-06,303,303.0
PO_11244,PRD_1096,SUP_107,WH_025,2022-12-23,2022-12-29,2022-12-29,433,433.0
PO_11245,PRD_0950,SUP_146,WH_010,2025-09-26,2025-10-10,,381,
PO_11246,PRD_4711,SUP_186,WH_018,2022-10-20,2022-10-29,2022-10-29,294,294.0
PO_11247,PRD_1574,SUP_077,WH_005,2025-04-26,2025-04-29,2025-04-29,198,198.0
PO_11248,PRD_2846,SUP_089,WH_067,2023-01-20,2023-01-27,2023-01-27,190,176.0
PO_11249,PRD_1880,SUP_121,WH_001,2022-08-23,2022-08-26,2022-08-29,350,350.0
PO_11250,PRD_3163,SUP_162,WH_029,2023-06-11,2023-06-22,2023-06-22,478,478.0
PO_11251,PRD_4534,SUP_060,WH_054,2025-08-24,2025-09-03,2025-09-03,285,285.0
PO_11252,PRD_4766,SUP_021,WH_055,2024-03-24,2024-04-03,2024-04-03,136,113.0
PO_11253,PRD_3580,SUP_155,WH_071,2025-07-07,2025-07-08,2025-07-08,451,451.0
PO_11254,PRD_2181,SUP_051,WH_073,2022-05-16,2022-05-23,2022-05-30,194,194.0
PO_11255,PRD_4900,SUP_175,WH_080,2024-09-13,2024-09-17,2024-09-17,29,29.0
PO_11256,PRD_0517,SUP_010,WH_022,2022-08-14,2022-08-27,2022-08-27,208,208.0
PO_11257,PRD_0103,SUP_040,WH_071,2024-10-15,2024-10-29,,65,
PO_11258,PRD_1429,SUP_017,WH_059,2022-07-18,2022-07-21,2022-07-29,255,255.0
PO_11259,PRD_1641,SUP_193,WH_049,2022-11-14,2022-11-16,2022-11-16,305,305.0
PO_11260,PRD_3064,SUP_062,WH_052,2025-07-03,2025-07-11,2025-07-11,331,331.0
PO_11261,PRD_2108,SUP_178,WH_024,2022-06-04,2022-06-12,,298,
PO_11262,PRD_0259,SUP_186,WH_076,2022-04-06,2022-04-15,2022-04-15,441,441.0
PO_11263,PRD_1260,SUP_020,WH_021,2022-09-27,2022-09-29,2022-09-29,405,405.0
PO_11264,PRD_0062,SUP_126,WH_039,2023-01-05,2023-01-08,2023-01-08,493,493.0
PO_11265,PRD_3121,SUP_079,WH_058,2024-05-27,2024-06-01,2024-06-08,228,228.0
PO_11266,PRD_1183,SUP_173,WH_078,2024-07-20,2024-07-21,2024-07-21,387,387.0
PO_11267,PRD_4515,SUP_112,WH_065,2025-07-01,2025-07-07,2025-07-07,22,22.0
PO_11268,PRD_2923,SUP_189,WH_070,2023-12-06,2023-12-19,2023-12-19,377,377.0
PO_11269,PRD_0591,SUP_010,WH_052,2023-08-19,2023-09-01,2023-09-01,392,392.0
PO_11270,PRD_2439,SUP_127,WH_076,2022-12-23,2023-01-02,2023-01-07,492,492.0
PO_11271,PRD_0928,SUP_141,WH_049,2025-01-16,2025-01-28,2025-01-28,141,141.0
PO_11272,PRD_0149,SUP_186,WH_045,2022-03-11,2022-03-20,,67,
PO_11273,PRD_1486,SUP_082,WH_046,2022-10-17,2022-10-18,2022-10-18,138,138.0
PO_11274,PRD_2250,SUP_031,WH_078,2022-08-15,2022-08-19,2022-08-19,298,298.0
PO_11275,PRD_2772,SUP_078,WH_002,2023-12-11,2023-12-12,2023-12-19,210,210.0
PO_11276,PRD_4129,SUP_133,WH_080,2024-11-22,2024-12-01,,353,
PO_11277,PRD_1159,SUP_024,WH_034,2024-01-23,2024-02-01,2024-02-01,332,332.0
PO_11278,PRD_0485,SUP_030,WH_002,2025-07-02,2025-07-14,2025-07-14,335,229.0
PO_11279,PRD_2605,SUP_108,WH_033,2024-11-18,2024-11-26,2024-12-04,359,343.0
PO_11280,PRD_4580,SUP_087,WH_039,2024-05-06,2024-05-18,2024-05-21,486,486.0
PO_11281,PRD_1309,SUP_120,WH_027,2025-10-13,2025-10-26,2025-10-26,371,371.0
PO_11282,PRD_3861,SUP_090,WH_036,2023-06-13,2023-06-18,2023-06-18,140,140.0
PO_11283,PRD_2360,SUP_137,WH_045,2024-02-18,2024-02-20,,234,
PO_11284,PRD_1538,SUP_193,WH_035,2025-12-17,2025-12-19,2025-12-19,153,153.0
PO_11285,PRD_0058,SUP_034,WH_016,2025-09-12,2025-09-23,2025-09-25,271,271.0
PO_11286,PRD_3809,SUP_150,WH_038,2025-06-27,2025-07-09,2025-07-09,480,480.0
PO_11287,PRD_1205,SUP_057,WH_048,2025-06-20,2025-06-25,,270,
PO_11288,PRD_4039,SUP_104,WH_025,2022-07-04,2022-07-12,2022-07-12,412,412.0
PO_11289,PRD_3748,SUP_150,WH_021,2025-11-25,2025-12-07,,308,
PO_11290,PRD_4431,SUP_151,WH_008,2023-04-02,2023-04-12,2023-04-12,334,334.0
PO_11291,PRD_3634,SUP_032,WH_038,2023-11-25,2023-12-09,2023-12-09,389,389.0
PO_11292,PRD_2045,SUP_066,WH_018,2025-11-18,2025-11-27,2025-11-27,500,500.0
PO_11293,PRD_4857,SUP_076,WH_079,2024-09-16,2024-09-18,2024-09-18,241,241.0
PO_11294,PRD_1507,SUP_070,WH_064,2022-02-21,2022-02-22,2022-02-22,371,340.0
PO_11295,PRD_0606,SUP_072,WH_066,2022-01-13,2022-01-17,2022-01-17,219,219.0
PO_11296,PRD_1834,SUP_117,WH_078,2025-01-09,2025-01-21,2025-01-21,269,269.0
PO_11297,PRD_2718,SUP_170,WH_067,2023-02-19,2023-02-27,2023-02-27,93,93.0
PO_11298,PRD_0404,SUP_027,WH_052,2024-04-03,2024-04-15,2024-04-15,149,149.0
PO_11299,PRD_1206,SUP_028,WH_034,2022-02-14,2022-02-26,2022-02-26,469,469.0
PO_11300,PRD_1830,SUP_196,WH_005,2025-02-24,2025-03-09,2025-03-09,481,481.0
PO_11301,PRD_3504,SUP_148,WH_058,2025-01-14,2025-01-17,2025-01-20,136,136.0
PO_11302,PRD_0435,SUP_046,WH_001,2024-09-08,2024-09-17,,432,
PO_11303,PRD_0426,SUP_079,WH_080,2024-10-25,2024-10-30,2024-10-30,342,342.0
PO_11304,PRD_3575,SUP_190,WH_061,2023-01-27,2023-01-29,2023-02-06,171,171.0
PO_11305,PRD_1496,SUP_185,WH_053,2025-03-01,2025-03-15,2025-03-15,76,76.0
PO_11306,PRD_3156,SUP_189,WH_010,2024-06-23,2024-07-06,,393,
PO_11307,PRD_1122,SUP_132,WH_066,2024-04-18,2024-04-22,2024-04-22,414,414.0
PO_11308,PRD_2226,SUP_110,WH_015,2022-11-09,2022-11-13,2022-11-13,85,85.0
PO_11309,PRD_1895,SUP_007,WH_054,2023-08-23,2023-08-28,2023-08-29,492,314.0
PO_11310,PRD_4521,SUP_021,WH_056,2023-09-15,2023-09-25,2023-09-25,80,80.0
PO_11311,PRD_4192,SUP_034,WH_064,2025-10-02,2025-10-13,2025-10-13,147,147.0
PO_11312,PRD_4055,SUP_080,WH_069,2024-01-12,2024-01-13,,169,
PO_11313,PRD_3999,SUP_160,WH_026,2025-04-13,2025-04-18,,189,
PO_11314,PRD_3061,SUP_174,WH_076,2023-10-11,2023-10-19,2023-10-19,34,34.0
PO_11315,PRD_2385,SUP_184,WH_053,2022-06-03,2022-06-06,2022-06-06,282,282.0
PO_11316,PRD_1428,SUP_152,WH_065,2023-01-08,2023-01-17,,60,
PO_11317,PRD_3033,SUP_116,WH_030,2025-05-24,2025-06-02,2025-06-02,88,88.0
PO_11318,PRD_3489,SUP_037,WH_020,2023-04-05,2023-04-17,,277,
PO_11319,PRD_0394,SUP_193,WH_055,2023-02-01,2023-02-03,2023-02-03,87,87.0
PO_11320,PRD_4016,SUP_179,WH_029,2025-10-24,2025-10-28,2025-10-28,397,397.0
PO_11321,PRD_3115,SUP_103,WH_042,2023-10-10,2023-10-21,2023-10-21,162,162.0
PO_11322,PRD_4175,SUP_103,WH_006,2023-07-12,2023-07-23,2023-07-23,219,219.0
PO_11323,PRD_4087,SUP_157,WH_052,2023-10-01,2023-10-02,,182,
PO_11324,PRD_4767,SUP_076,WH_050,2023-07-14,2023-07-16,2023-07-16,163,163.0
PO_11325,PRD_3512,SUP_078,WH_064,2022-07-13,2022-07-14,2022-07-14,409,347.0
PO_11326,PRD_3355,SUP_193,WH_026,2025-02-24,2025-02-26,2025-02-26,324,324.0
PO_11327,PRD_3593,SUP_146,WH_047,2025-04-17,2025-05-01,2025-05-01,155,155.0
PO_11328,PRD_3686,SUP_148,WH_080,2023-02-04,2023-02-07,2023-02-07,138,138.0
PO_11329,PRD_3138,SUP_147,WH_049,2022-07-18,2022-07-28,2022-07-28,193,147.0
PO_11330,PRD_0278,SUP_177,WH_003,2023-07-25,2023-07-26,,101,
PO_11331,PRD_1394,SUP_141,WH_058,2024-04-25,2024-05-07,2024-05-09,378,378.0
PO_11332,PRD_0778,SUP_160,WH_031,2025-04-20,2025-04-25,,303,
PO_11333,PRD_3811,SUP_172,WH_018,2023-07-06,2023-07-14,2023-07-14,421,421.0
PO_11334,PRD_0577,SUP_199,WH_018,2023-11-11,2023-11-12,2023-11-12,93,93.0
PO_11335,PRD_2790,SUP_171,WH_061,2023-02-03,2023-02-09,2023-02-09,445,363.0
PO_11336,PRD_3061,SUP_174,WH_017,2025-09-07,2025-09-15,2025-09-15,42,42.0
PO_11337,PRD_0392,SUP_057,WH_024,2022-07-01,2022-07-06,2022-07-06,167,156.0
PO_11338,PRD_4932,SUP_015,WH_079,2023-08-03,2023-08-10,,57,
PO_11339,PRD_0496,SUP_028,WH_052,2024-04-15,2024-04-27,2024-04-27,27,27.0
PO_11340,PRD_3500,SUP_074,WH_080,2024-03-05,2024-03-19,2024-03-19,448,448.0
PO_11341,PRD_4736,SUP_039,WH_037,2023-12-16,2023-12-23,2023-12-23,282,282.0
PO_11342,PRD_3816,SUP_163,WH_037,2022-05-12,2022-05-19,2022-05-19,300,226.0
PO_11343,PRD_0360,SUP_159,WH_045,2022-02-08,2022-02-20,2022-02-22,102,97.0
PO_11344,PRD_1430,SUP_136,WH_062,2024-05-21,2024-05-28,2024-05-28,468,468.0
PO_11345,PRD_1432,SUP_174,WH_014,2025-08-14,2025-08-22,2025-08-22,170,109.0
PO_11346,PRD_3518,SUP_043,WH_062,2024-07-14,2024-07-23,2024-07-23,90,90.0
PO_11347,PRD_0680,SUP_046,WH_004,2023-03-06,2023-03-15,2023-03-15,55,55.0
PO_11348,PRD_4720,SUP_137,WH_036,2025-01-24,2025-01-26,2025-01-26,37,37.0
PO_11349,PRD_4515,SUP_112,WH_008,2023-10-26,2023-11-01,2023-11-08,147,147.0
PO_11350,PRD_1150,SUP_197,WH_060,2024-01-01,2024-01-10,2024-01-10,418,418.0
PO_11351,PRD_3855,SUP_148,WH_068,2023-02-22,2023-02-25,2023-02-25,343,343.0
PO_11352,PRD_1438,SUP_086,WH_061,2024-08-07,2024-08-09,2024-08-09,183,183.0
PO_11353,PRD_4715,SUP_125,WH_001,2022-04-16,2022-04-20,2022-04-20,424,313.0
PO_11354,PRD_0207,SUP_053,WH_040,2024-07-15,2024-07-23,2024-07-23,381,236.0
PO_11355,PRD_3620,SUP_155,WH_079,2022-03-25,2022-03-26,,243,
PO_11356,PRD_4868,SUP_076,WH_014,2025-01-02,2025-01-04,2025-01-04,103,103.0
PO_11357,PRD_3757,SUP_069,WH_012,2022-06-03,2022-06-17,2022-06-17,109,109.0
PO_11358,PRD_0316,SUP_091,WH_014,2024-09-19,2024-09-20,2024-09-20,40,40.0
PO_11359,PRD_0997,SUP_132,WH_013,2022-03-01,2022-03-05,2022-03-12,168,168.0
PO_11360,PRD_2880,SUP_078,WH_045,2022-11-03,2022-11-04,2022-11-04,332,332.0
PO_11361,PRD_4212,SUP_081,WH_033,2023-12-04,2023-12-12,2023-12-12,448,329.0
PO_11362,PRD_3630,SUP_032,WH_009,2024-02-15,2024-02-29,2024-03-03,88,88.0
PO_11363,PRD_1792,SUP_087,WH_065,2022-08-09,2022-08-21,2022-08-21,361,361.0
PO_11364,PRD_4449,SUP_099,WH_058,2025-12-09,2025-12-15,2025-12-15,311,311.0
PO_11365,PRD_4982,SUP_045,WH_035,2025-02-15,2025-03-01,,162,
PO_11366,PRD_0896,SUP_170,WH_045,2025-01-10,2025-01-18,2025-01-18,433,433.0
PO_11367,PRD_4856,SUP_098,WH_057,2025-06-20,2025-06-30,2025-06-30,419,419.0
PO_11368,PRD_0180,SUP_071,WH_065,2025-02-16,2025-02-26,2025-02-26,310,310.0
PO_11369,PRD_3337,SUP_177,WH_017,2023-03-07,2023-03-08,2023-03-08,247,247.0
PO_11370,PRD_4704,SUP_082,WH_052,2025-03-21,2025-03-22,2025-03-22,279,279.0
PO_11371,PRD_2037,SUP_008,WH_026,2022-06-21,2022-06-28,2022-06-28,395,395.0
PO_11372,PRD_0597,SUP_001,WH_060,2025-03-20,2025-03-27,2025-03-27,296,280.0
PO_11373,PRD_4026,SUP_081,WH_062,2023-07-07,2023-07-15,2023-07-20,435,435.0
PO_11374,PRD_1287,SUP_110,WH_008,2024-04-17,2024-04-21,2024-04-22,185,185.0
PO_11375,PRD_2117,SUP_156,WH_015,2022-02-17,2022-02-19,2022-02-19,381,381.0
PO_11376,PRD_2418,SUP_184,WH_058,2022-04-14,2022-04-17,2022-04-17,71,42.0
PO_11377,PRD_4617,SUP_170,WH_074,2022-01-08,2022-01-16,2022-01-21,388,388.0
PO_11378,PRD_4224,SUP_161,WH_033,2023-06-07,2023-06-12,2023-06-12,430,430.0
PO_11379,PRD_3383,SUP_075,WH_032,2022-09-17,2022-09-24,,497,
PO_11380,PRD_4561,SUP_061,WH_021,2024-06-25,2024-07-07,,222,
PO_11381,PRD_2212,SUP_145,WH_050,2023-02-09,2023-02-16,2023-02-16,407,407.0
PO_11382,PRD_3368,SUP_180,WH_069,2025-09-03,2025-09-09,,46,
PO_11383,PRD_2879,SUP_078,WH_045,2024-11-21,2024-11-22,2024-11-23,203,203.0
PO_11384,PRD_0697,SUP_066,WH_021,2025-08-14,2025-08-23,2025-08-23,493,493.0
PO_11385,PRD_1749,SUP_145,WH_011,2022-09-03,2022-09-10,,491,
PO_11386,PRD_2704,SUP_171,WH_017,2024-05-14,2024-05-20,2024-05-20,379,379.0
PO_11387,PRD_0707,SUP_165,WH_046,2024-11-26,2024-12-05,2024-12-05,212,151.0
PO_11388,PRD_1569,SUP_087,WH_052,2023-05-19,2023-05-31,2023-05-31,117,117.0
PO_11389,PRD_1150,SUP_197,WH_076,2024-01-22,2024-01-31,2024-01-31,282,179.0
PO_11390,PRD_2671,SUP_152,WH_016,2024-10-23,2024-11-01,2024-11-01,483,483.0
PO_11391,PRD_2350,SUP_110,WH_044,2023-03-20,2023-03-24,2023-03-31,461,349.0
PO_11392,PRD_4472,SUP_166,WH_044,2025-08-25,2025-08-28,2025-08-28,129,129.0
PO_11393,PRD_0609,SUP_001,WH_025,2023-07-08,2023-07-15,2023-07-15,122,122.0
PO_11394,PRD_4905,SUP_128,WH_067,2022-07-13,2022-07-16,,284,
PO_11395,PRD_0679,SUP_176,WH_064,2025-10-06,2025-10-17,2025-10-17,52,52.0
PO_11396,PRD_0826,SUP_160,WH_016,2022-03-21,2022-03-26,2022-03-26,204,204.0
PO_11397,PRD_4975,SUP_136,WH_066,2022-02-19,2022-02-26,2022-02-26,336,336.0
PO_11398,PRD_4321,SUP_181,WH_027,2024-12-04,2024-12-12,2024-12-12,393,393.0
PO_11399,PRD_0437,SUP_186,WH_053,2024-07-02,2024-07-11,2024-07-11,420,420.0
PO_11400,PRD_3238,SUP_058,WH_063,2022-01-06,2022-01-07,2022-01-14,263,263.0
PO_11401,PRD_4295,SUP_149,WH_071,2024-10-16,2024-10-23,,190,
PO_11402,PRD_0839,SUP_184,WH_028,2025-09-24,2025-09-27,2025-09-27,454,454.0
PO_11403,PRD_4848,SUP_098,WH_064,2024-08-15,2024-08-25,2024-08-25,210,210.0
PO_11404,PRD_3946,SUP_133,WH_066,2024-02-10,2024-02-19,2024-02-19,152,152.0
PO_11405,PRD_1451,SUP_071,WH_036,2023-05-12,2023-05-22,,148,
PO_11406,PRD_1610,SUP_148,WH_064,2022-12-25,2022-12-28,,62,
PO_11407,PRD_1025,SUP_063,WH_040,2022-10-02,2022-10-13,2022-10-13,130,130.0
PO_11408,PRD_1735,SUP_145,WH_056,2024-03-22,2024-03-29,2024-03-29,70,70.0
PO_11409,PRD_1038,SUP_122,WH_026,2025-06-23,2025-06-27,2025-06-27,294,294.0
PO_11410,PRD_3404,SUP_170,WH_031,2025-12-22,2025-12-30,2025-12-30,148,88.0
PO_11411,PRD_4190,SUP_083,WH_073,2022-08-13,2022-08-24,2022-08-24,260,260.0
PO_11412,PRD_1663,SUP_196,WH_044,2022-12-01,2022-12-14,,109,
PO_11413,PRD_3418,SUP_060,WH_010,2022-09-02,2022-09-12,,382,
PO_11414,PRD_1587,SUP_087,WH_002,2023-02-14,2023-02-26,2023-02-26,96,93.0
PO_11415,PRD_4076,SUP_160,WH_010,2022-11-27,2022-12-02,2022-12-02,192,192.0
PO_11416,PRD_2872,SUP_050,WH_027,2025-09-04,2025-09-07,2025-09-11,41,41.0
PO_11417,PRD_3729,SUP_045,WH_058,2024-11-06,2024-11-20,2024-11-20,262,262.0
PO_11418,PRD_0978,SUP_085,WH_066,2025-09-01,2025-09-03,2025-09-03,202,202.0
PO_11419,PRD_1607,SUP_100,WH_038,2024-09-12,2024-09-19,2024-09-19,442,442.0
PO_11420,PRD_3988,SUP_023,WH_066,2024-02-11,2024-02-25,2024-02-25,248,248.0
PO_11421,PRD_4647,SUP_074,WH_061,2024-01-17,2024-01-31,2024-01-31,394,394.0
PO_11422,PRD_1907,SUP_165,WH_016,2025-12-23,2026-01-01,2026-01-01,382,268.0
PO_11423,PRD_2131,SUP_167,WH_053,2025-12-23,2025-12-26,2025-12-26,326,244.0
PO_11424,PRD_4622,SUP_102,WH_063,2025-01-15,2025-01-22,2025-01-22,451,451.0
PO_11425,PRD_1852,SUP_160,WH_057,2025-06-21,2025-06-26,2025-06-26,324,324.0
PO_11426,PRD_1079,SUP_024,WH_036,2025-05-26,2025-06-04,2025-06-04,187,187.0
PO_11427,PRD_0490,SUP_001,WH_012,2024-08-10,2024-08-17,2024-08-19,473,473.0
PO_11428,PRD_1982,SUP_006,WH_028,2022-02-18,2022-03-04,2022-03-04,363,288.0
PO_11429,PRD_4827,SUP_163,WH_058,2022-09-10,2022-09-17,2022-09-17,119,119.0
PO_11430,PRD_2079,SUP_186,WH_033,2022-07-19,2022-07-28,2022-07-28,112,112.0
PO_11431,PRD_3508,SUP_104,WH_078,2023-10-03,2023-10-11,,179,
PO_11432,PRD_3381,SUP_009,WH_049,2023-07-08,2023-07-15,2023-07-15,115,115.0
PO_11433,PRD_2489,SUP_069,WH_020,2022-07-18,2022-08-01,2022-08-01,378,378.0
PO_11434,PRD_3569,SUP_155,WH_052,2023-09-23,2023-09-24,2023-09-29,124,124.0
PO_11435,PRD_2042,SUP_120,WH_012,2022-06-13,2022-06-26,2022-06-26,105,105.0
PO_11436,PRD_3514,SUP_043,WH_054,2025-03-19,2025-03-28,2025-03-28,255,201.0
PO_11437,PRD_1669,SUP_193,WH_063,2025-03-07,2025-03-09,,217,
PO_11438,PRD_4357,SUP_063,WH_053,2023-12-25,2024-01-05,2024-01-05,192,192.0
PO_11439,PRD_1837,SUP_119,WH_026,2023-03-06,2023-03-12,,317,
PO_11440,PRD_4604,SUP_129,WH_025,2024-09-03,2024-09-06,2024-09-06,100,100.0
PO_11441,PRD_2147,SUP_149,WH_046,2024-03-14,2024-03-21,2024-03-21,376,376.0
PO_11442,PRD_4453,SUP_166,WH_020,2025-01-04,2025-01-07,,253,
PO_11443,PRD_3636,SUP_148,WH_032,2025-08-11,2025-08-14,2025-08-14,336,336.0
PO_11444,PRD_4501,SUP_135,WH_013,2023-04-19,2023-04-27,2023-04-27,52,40.0
PO_11445,PRD_4615,SUP_135,WH_067,2025-08-02,2025-08-10,2025-08-10,370,370.0
PO_11446,PRD_0793,SUP_199,WH_004,2024-03-21,2024-03-22,2024-03-22,337,337.0
PO_11447,PRD_1334,SUP_017,WH_080,2023-12-03,2023-12-06,2023-12-06,259,259.0
PO_11448,PRD_1215,SUP_051,WH_080,2025-06-11,2025-06-18,2025-06-24,442,442.0
PO_11449,PRD_2851,SUP_149,WH_077,2023-12-07,2023-12-14,2023-12-21,293,293.0
PO_11450,PRD_1217,SUP_007,WH_014,2023-11-11,2023-11-16,,70,
PO_11451,PRD_2808,SUP_059,WH_045,2024-01-08,2024-01-11,,391,
PO_11452,PRD_3082,SUP_113,WH_031,2025-06-14,2025-06-20,2025-06-21,344,344.0
PO_11453,PRD_2766,SUP_071,WH_019,2022-05-23,2022-06-02,2022-06-02,140,140.0
PO_11454,PRD_4103,SUP_065,WH_066,2022-01-05,2022-01-13,2022-01-13,295,295.0
PO_11455,PRD_1066,SUP_007,WH_009,2024-05-02,2024-05-07,2024-05-07,483,483.0
PO_11456,PRD_0488,SUP_198,WH_019,2025-11-04,2025-11-08,2025-11-08,333,333.0
PO_11457,PRD_2050,SUP_028,WH_003,2024-04-26,2024-05-08,2024-05-08,454,454.0
PO_11458,PRD_2049,SUP_156,WH_080,2024-12-05,2024-12-07,2024-12-07,251,229.0
PO_11459,PRD_4385,SUP_073,WH_060,2023-11-02,2023-11-14,2023-11-14,268,268.0
PO_11460,PRD_0884,SUP_146,WH_020,2022-05-02,2022-05-16,2022-05-16,245,245.0
PO_11461,PRD_3393,SUP_181,WH_071,2024-09-22,2024-09-30,2024-10-01,81,81.0
PO_11462,PRD_2083,SUP_095,WH_065,2025-10-19,2025-10-21,,408,
PO_11463,PRD_4956,SUP_111,WH_031,2025-05-01,2025-05-03,2025-05-03,100,100.0
PO_11464,PRD_2395,SUP_089,WH_048,2023-09-19,2023-09-26,2023-09-26,283,283.0
PO_11465,PRD_3853,SUP_194,WH_001,2025-10-19,2025-10-25,2025-11-01,310,310.0
PO_11466,PRD_3782,SUP_167,WH_022,2025-09-09,2025-09-12,2025-09-12,302,302.0
PO_11467,PRD_1736,SUP_090,WH_074,2023-02-24,2023-03-01,,113,
PO_11468,PRD_4333,SUP_099,WH_060,2024-11-25,2024-12-01,2024-12-01,240,240.0
PO_11469,PRD_4078,SUP_062,WH_028,2024-08-17,2024-08-25,2024-08-25,271,271.0
PO_11470,PRD_0989,SUP_160,WH_033,2025-02-08,2025-02-13,2025-02-13,227,227.0
PO_11471,PRD_2307,SUP_078,WH_001,2024-07-07,2024-07-08,2024-07-16,363,363.0
PO_11472,PRD_0661,SUP_089,WH_003,2025-05-17,2025-05-24,,268,
PO_11473,PRD_0665,SUP_067,WH_022,2024-11-12,2024-11-16,2024-11-16,236,236.0
PO_11474,PRD_1516,SUP_091,WH_011,2023-09-07,2023-09-08,,263,
PO_11475,PRD_0228,SUP_042,WH_057,2024-10-10,2024-10-11,,68,
PO_11476,PRD_4653,SUP_018,WH_054,2022-06-15,2022-06-21,2022-06-21,362,362.0
PO_11477,PRD_3086,SUP_145,WH_051,2023-11-03,2023-11-10,2023-11-10,103,103.0
PO_11478,PRD_0034,SUP_176,WH_043,2024-10-09,2024-10-20,2024-10-28,435,435.0
PO_11479,PRD_4927,SUP_043,WH_026,2025-02-15,2025-02-24,2025-02-27,172,172.0
PO_11480,PRD_1338,SUP_157,WH_014,2025-08-04,2025-08-05,2025-08-09,310,310.0
PO_11481,PRD_4591,SUP_098,WH_045,2023-08-06,2023-08-16,2023-08-16,253,253.0
PO_11482,PRD_0215,SUP_053,WH_017,2022-07-20,2022-07-28,2022-07-28,352,352.0
PO_11483,PRD_0606,SUP_072,WH_028,2024-04-05,2024-04-09,2024-04-09,270,185.0
PO_11484,PRD_2044,SUP_008,WH_032,2023-02-23,2023-03-02,2023-03-02,348,233.0
PO_11485,PRD_2762,SUP_124,WH_041,2023-02-04,2023-02-15,2023-02-15,292,292.0
PO_11486,PRD_3977,SUP_194,WH_072,2025-05-06,2025-05-12,2025-05-12,53,53.0
PO_11487,PRD_3174,SUP_021,WH_026,2022-05-20,2022-05-30,2022-05-30,461,414.0
PO_11488,PRD_1888,SUP_072,WH_046,2023-02-08,2023-02-12,2023-02-12,225,225.0
PO_11489,PRD_3255,SUP_193,WH_001,2025-05-23,2025-05-25,2025-05-30,119,116.0
PO_11490,PRD_2295,SUP_161,WH_051,2023-03-04,2023-03-09,2023-03-09,391,391.0
PO_11491,PRD_1180,SUP_022,WH_039,2024-10-26,2024-11-08,2024-11-08,306,256.0
PO_11492,PRD_2780,SUP_166,WH_008,2025-01-23,2025-01-26,,72,
PO_11493,PRD_3743,SUP_167,WH_054,2023-08-11,2023-08-14,2023-08-14,347,347.0
PO_11494,PRD_1741,SUP_160,WH_026,2023-06-19,2023-06-24,2023-06-24,421,308.0
PO_11495,PRD_0917,SUP_078,WH_075,2025-10-21,2025-10-22,2025-10-24,67,67.0
PO_11496,PRD_4616,SUP_004,WH_018,2024-07-11,2024-07-24,2024-07-24,149,149.0
PO_11497,PRD_0443,SUP_040,WH_052,2022-04-21,2022-05-05,2022-05-05,429,429.0
PO_11498,PRD_0805,SUP_108,WH_045,2022-11-17,2022-11-25,2022-11-29,270,270.0
PO_11499,PRD_0265,SUP_042,WH_013,2023-12-08,2023-12-09,2023-12-09,450,450.0
PO_11500,PRD_2262,SUP_174,WH_001,2023-09-20,2023-09-28,2023-09-28,304,221.0
PO_11501,PRD_4872,SUP_114,WH_055,2023-03-21,2023-04-01,2023-04-01,46,46.0
PO_11502,PRD_3422,SUP_176,WH_035,2022-06-08,2022-06-19,2022-06-27,228,228.0
PO_11503,PRD_2596,SUP_088,WH_039,2024-11-27,2024-12-03,2024-12-03,45,45.0
PO_11504,PRD_0695,SUP_200,WH_075,2023-08-06,2023-08-10,2023-08-12,207,207.0
PO_11505,PRD_2453,SUP_148,WH_059,2025-02-06,2025-02-09,2025-02-09,495,495.0
PO_11506,PRD_1357,SUP_125,WH_016,2023-06-06,2023-06-10,2023-06-10,477,477.0
PO_11507,PRD_1143,SUP_127,WH_045,2022-07-14,2022-07-24,2022-07-24,500,500.0
PO_11508,PRD_4092,SUP_125,WH_052,2025-01-17,2025-01-21,2025-01-22,56,51.0
PO_11509,PRD_1064,SUP_050,WH_062,2022-07-24,2022-07-27,2022-07-28,359,359.0
PO_11510,PRD_1843,SUP_098,WH_050,2025-07-11,2025-07-21,2025-07-21,236,166.0
PO_11511,PRD_0687,SUP_030,WH_015,2024-12-18,2024-12-30,2024-12-30,285,285.0
PO_11512,PRD_3786,SUP_163,WH_077,2022-10-25,2022-11-01,,101,
PO_11513,PRD_1251,SUP_105,WH_065,2023-05-09,2023-05-20,2023-05-20,316,310.0
PO_11514,PRD_4281,SUP_115,WH_007,2025-12-25,2025-12-26,2025-12-27,191,191.0
PO_11515,PRD_4201,SUP_010,WH_026,2022-11-23,2022-12-06,2022-12-06,492,492.0
PO_11516,PRD_4201,SUP_010,WH_060,2024-10-21,2024-11-03,2024-11-03,297,297.0
PO_11517,PRD_2195,SUP_027,WH_016,2022-02-17,2022-03-01,2022-03-01,84,84.0
PO_11518,PRD_0130,SUP_040,WH_036,2024-03-15,2024-03-29,2024-03-29,259,259.0
PO_11519,PRD_4323,SUP_140,WH_066,2024-01-17,2024-01-28,2024-01-28,494,494.0
PO_11520,PRD_0638,SUP_072,WH_011,2025-05-13,2025-05-17,2025-05-17,163,163.0
PO_11521,PRD_1401,SUP_144,WH_061,2022-08-15,2022-08-17,,473,
PO_11522,PRD_0072,SUP_126,WH_021,2025-05-16,2025-05-19,2025-05-19,409,409.0
PO_11523,PRD_2967,SUP_079,WH_022,2025-08-12,2025-08-17,,30,
PO_11524,PRD_4277,SUP_099,WH_048,2024-09-11,2024-09-17,2024-09-17,358,287.0
PO_11525,PRD_2370,SUP_031,WH_037,2023-07-16,2023-07-20,2023-07-20,121,121.0
PO_11526,PRD_1751,SUP_110,WH_022,2022-10-11,2022-10-15,2022-10-19,24,23.0
PO_11527,PRD_2078,SUP_056,WH_062,2024-04-14,2024-04-28,2024-05-01,365,365.0
PO_11528,PRD_0580,SUP_103,WH_064,2022-03-15,2022-03-26,2022-03-26,355,355.0
PO_11529,PRD_1949,SUP_167,WH_073,2025-05-22,2025-05-25,2025-05-25,267,267.0
PO_11530,PRD_0698,SUP_176,WH_076,2023-06-06,2023-06-17,2023-06-17,265,265.0
PO_11531,PRD_0865,SUP_160,WH_006,2022-10-27,2022-11-01,2022-11-01,361,361.0
PO_11532,PRD_1922,SUP_072,WH_063,2022-02-24,2022-02-28,2022-02-28,427,427.0
PO_11533,PRD_3492,SUP_120,WH_060,2023-12-15,2023-12-28,2024-01-03,390,390.0
PO_11534,PRD_0377,SUP_186,WH_010,2025-09-07,2025-09-16,2025-09-16,109,109.0
PO_11535,PRD_1847,SUP_084,WH_005,2022-07-16,2022-07-17,2022-07-23,400,275.0
PO_11536,PRD_1047,SUP_169,WH_004,2025-12-22,2025-12-26,2025-12-26,189,189.0
PO_11537,PRD_1395,SUP_040,WH_056,2022-06-12,2022-06-26,2022-06-26,496,496.0
PO_11538,PRD_3048,SUP_164,WH_067,2023-02-03,2023-02-12,2023-02-12,173,173.0
PO_11539,PRD_1261,SUP_021,WH_067,2022-08-08,2022-08-18,2022-08-18,340,340.0
PO_11540,PRD_3374,SUP_075,WH_035,2025-09-20,2025-09-27,2025-09-30,65,65.0
PO_11541,PRD_2034,SUP_006,WH_004,2024-02-23,2024-03-08,2024-03-08,201,201.0
PO_11542,PRD_1801,SUP_108,WH_022,2023-09-11,2023-09-19,2023-09-19,21,21.0
PO_11543,PRD_0524,SUP_179,WH_062,2023-11-08,2023-11-12,,281,
PO_11544,PRD_3869,SUP_133,WH_064,2025-02-25,2025-03-06,,303,
PO_11545,PRD_1893,SUP_165,WH_056,2023-07-18,2023-07-27,2023-07-27,227,227.0
PO_11546,PRD_1945,SUP_030,WH_027,2023-08-11,2023-08-23,2023-08-23,284,284.0
PO_11547,PRD_3234,SUP_075,WH_071,2024-04-15,2024-04-22,2024-04-25,352,352.0
PO_11548,PRD_2812,SUP_194,WH_044,2023-03-26,2023-04-01,2023-04-01,463,463.0
PO_11549,PRD_4548,SUP_061,WH_064,2024-08-05,2024-08-17,2024-08-17,408,262.0
PO_11550,PRD_3095,SUP_021,WH_065,2025-03-12,2025-03-22,2025-03-22,454,454.0
PO_11551,PRD_0437,SUP_186,WH_077,2023-06-24,2023-07-03,2023-07-03,63,63.0
PO_11552,PRD_4543,SUP_127,WH_046,2024-10-24,2024-11-03,2024-11-03,499,362.0
PO_11553,PRD_3038,SUP_075,WH_050,2023-12-14,2023-12-21,2023-12-21,178,178.0
PO_11554,PRD_4386,SUP_049,WH_051,2023-06-05,2023-06-14,2023-06-14,119,119.0
PO_11555,PRD_4377,SUP_088,WH_071,2023-11-14,2023-11-20,2023-11-20,146,146.0
PO_11556,PRD_0372,SUP_140,WH_010,2022-02-25,2022-03-08,,263,
PO_11557,PRD_3827,SUP_194,WH_074,2022-10-01,2022-10-07,2022-10-07,445,445.0
PO_11558,PRD_0043,SUP_163,WH_036,2022-11-24,2022-12-01,,286,
PO_11559,PRD_4961,SUP_021,WH_048,2024-12-07,2024-12-17,2024-12-17,296,296.0
PO_11560,PRD_1787,SUP_181,WH_041,2022-05-01,2022-05-09,2022-05-09,72,72.0
PO_11561,PRD_1579,SUP_077,WH_071,2023-11-14,2023-11-17,2023-11-21,242,242.0
PO_11562,PRD_2648,SUP_108,WH_048,2024-03-05,2024-03-13,2024-03-13,20,20.0
PO_11563,PRD_3953,SUP_072,WH_076,2022-08-25,2022-08-29,2022-08-29,434,434.0
PO_11564,PRD_1232,SUP_161,WH_079,2023-04-17,2023-04-22,2023-04-22,309,309.0
PO_11565,PRD_3359,SUP_121,WH_059,2025-07-17,2025-07-20,,358,
PO_11566,PRD_2536,SUP_070,WH_059,2025-07-20,2025-07-21,2025-07-21,32,32.0
PO_11567,PRD_1670,SUP_155,WH_060,2023-12-13,2023-12-14,,162,
PO_11568,PRD_2981,SUP_195,WH_052,2023-04-01,2023-04-04,2023-04-04,267,267.0
PO_11569,PRD_0333,SUP_118,WH_033,2025-12-25,2026-01-05,2026-01-10,255,255.0
PO_11570,PRD_3319,SUP_180,WH_017,2023-06-25,2023-07-01,2023-07-01,150,150.0
PO_11571,PRD_0741,SUP_008,WH_055,2025-06-16,2025-06-23,2025-06-23,415,415.0
PO_11572,PRD_2228,SUP_161,WH_074,2024-09-24,2024-09-29,2024-09-29,426,426.0
PO_11573,PRD_4959,SUP_098,WH_080,2025-05-23,2025-06-02,,334,
PO_11574,PRD_2929,SUP_134,WH_071,2023-11-05,2023-11-06,2023-11-06,460,460.0
PO_11575,PRD_2176,SUP_184,WH_065,2025-05-22,2025-05-25,2025-05-31,333,333.0
PO_11576,PRD_0919,SUP_081,WH_066,2024-07-02,2024-07-10,2024-07-16,184,184.0
PO_11577,PRD_0542,SUP_099,WH_014,2024-03-20,2024-03-26,2024-03-26,47,41.0
PO_11578,PRD_4248,SUP_004,WH_048,2023-07-02,2023-07-15,2023-07-18,385,385.0
PO_11579,PRD_4601,SUP_018,WH_057,2025-02-14,2025-02-20,2025-02-20,232,232.0
PO_11580,PRD_2076,SUP_080,WH_036,2022-06-02,2022-06-03,2022-06-10,321,321.0
PO_11581,PRD_4302,SUP_088,WH_072,2023-09-18,2023-09-24,2023-09-28,228,228.0
PO_11582,PRD_4839,SUP_021,WH_017,2023-07-04,2023-07-14,2023-07-14,387,297.0
PO_11583,PRD_4064,SUP_169,WH_069,2023-05-13,2023-05-17,2023-05-17,44,44.0
PO_11584,PRD_4744,SUP_060,WH_080,2023-04-27,2023-05-07,2023-05-15,468,468.0
PO_11585,PRD_1435,SUP_134,WH_024,2025-10-10,2025-10-11,2025-10-11,200,200.0
PO_11586,PRD_1656,SUP_104,WH_075,2023-08-01,2023-08-09,2023-08-09,229,229.0
PO_11587,PRD_0511,SUP_103,WH_066,2023-04-03,2023-04-14,2023-04-14,182,182.0
PO_11588,PRD_1839,SUP_035,WH_021,2025-09-09,2025-09-19,2025-09-19,498,498.0
PO_11589,PRD_3881,SUP_027,WH_005,2025-11-07,2025-11-19,2025-11-19,115,115.0
PO_11590,PRD_0412,SUP_121,WH_027,2023-08-11,2023-08-14,2023-08-14,183,179.0
PO_11591,PRD_4386,SUP_049,WH_010,2025-11-08,2025-11-17,2025-11-17,263,263.0
PO_11592,PRD_4880,SUP_043,WH_049,2025-12-21,2025-12-30,2026-01-05,91,91.0
PO_11593,PRD_3874,SUP_114,WH_055,2023-02-04,2023-02-15,2023-02-15,87,87.0
PO_11594,PRD_4833,SUP_084,WH_001,2024-10-04,2024-10-05,2024-10-05,164,164.0
PO_11595,PRD_1642,SUP_148,WH_035,2023-11-03,2023-11-06,2023-11-06,85,85.0
PO_11596,PRD_2913,SUP_122,WH_057,2022-11-26,2022-11-30,2022-11-30,235,235.0
PO_11597,PRD_0450,SUP_186,WH_014,2024-07-07,2024-07-16,2024-07-16,117,117.0
PO_11598,PRD_4572,SUP_021,WH_033,2022-05-01,2022-05-11,2022-05-11,69,69.0
PO_11599,PRD_2739,SUP_085,WH_054,2023-01-12,2023-01-14,2023-01-19,185,167.0
PO_11600,PRD_0570,SUP_049,WH_059,2025-06-23,2025-07-02,,70,
PO_11601,PRD_4671,SUP_186,WH_013,2023-02-08,2023-02-17,2023-02-17,440,440.0
PO_11602,PRD_0108,SUP_070,WH_014,2024-04-04,2024-04-05,2024-04-05,115,115.0
PO_11603,PRD_2108,SUP_178,WH_025,2024-05-15,2024-05-23,2024-05-23,327,327.0
PO_11604,PRD_0612,SUP_049,WH_053,2022-07-14,2022-07-23,2022-07-29,319,213.0
PO_11605,PRD_1185,SUP_197,WH_077,2024-09-02,2024-09-11,2024-09-11,402,402.0
PO_11606,PRD_4095,SUP_127,WH_018,2022-03-19,2022-03-29,2022-04-01,226,226.0
PO_11607,PRD_1096,SUP_107,WH_074,2025-06-17,2025-06-23,2025-06-23,193,193.0
PO_11608,PRD_2363,SUP_184,WH_056,2022-05-22,2022-05-25,2022-05-25,394,394.0
PO_11609,PRD_3530,SUP_065,WH_012,2022-03-14,2022-03-22,2022-03-22,188,188.0
PO_11610,PRD_4262,SUP_031,WH_028,2022-02-03,2022-02-07,2022-02-07,489,489.0
PO_11611,PRD_3705,SUP_043,WH_047,2025-03-13,2025-03-22,,366,
PO_11612,PRD_4054,SUP_127,WH_021,2022-05-10,2022-05-20,2022-05-27,62,62.0
PO_11613,PRD_3225,SUP_151,WH_009,2024-11-16,2024-11-26,2024-11-26,260,260.0
PO_11614,PRD_3375,SUP_109,WH_076,2024-02-18,2024-02-23,,239,
PO_11615,PRD_2313,SUP_027,WH_036,2023-11-04,2023-11-16,2023-11-16,135,135.0
PO_11616,PRD_2966,SUP_021,WH_012,2022-02-18,2022-02-28,2022-02-28,222,222.0
PO_11617,PRD_1100,SUP_107,WH_032,2022-05-16,2022-05-22,2022-05-22,168,168.0
PO_11618,PRD_4153,SUP_125,WH_019,2022-12-06,2022-12-10,2022-12-13,64,64.0
PO_11619,PRD_2733,SUP_004,WH_053,2022-10-07,2022-10-20,2022-10-20,188,188.0
PO_11620,PRD_3119,SUP_146,WH_026,2022-10-17,2022-10-31,2022-10-31,346,346.0
PO_11621,PRD_4098,SUP_030,WH_020,2022-10-27,2022-11-08,2022-11-08,47,47.0
PO_11622,PRD_1257,SUP_060,WH_041,2022-02-26,2022-03-08,2022-03-08,475,475.0
PO_11623,PRD_3933,SUP_042,WH_032,2022-07-13,2022-07-14,2022-07-14,191,191.0
PO_11624,PRD_0960,SUP_094,WH_069,2025-10-06,2025-10-20,2025-10-27,466,466.0
PO_11625,PRD_4151,SUP_132,WH_001,2025-11-19,2025-11-23,2025-11-23,277,277.0
PO_11626,PRD_4825,SUP_063,WH_076,2025-06-11,2025-06-22,2025-06-22,425,425.0
PO_11627,PRD_3140,SUP_068,WH_021,2025-05-27,2025-05-28,2025-05-28,168,168.0
PO_11628,PRD_1072,SUP_080,WH_034,2024-06-19,2024-06-20,2024-06-20,161,161.0
PO_11629,PRD_2620,SUP_084,WH_076,2025-04-18,2025-04-19,,411,
PO_11630,PRD_1211,SUP_057,WH_024,2023-07-05,2023-07-10,2023-07-14,442,442.0
PO_11631,PRD_4728,SUP_037,WH_030,2023-04-11,2023-04-23,2023-04-23,213,213.0
PO_11632,PRD_1541,SUP_193,WH_052,2023-08-07,2023-08-09,,71,
PO_11633,PRD_0674,SUP_068,WH_035,2024-01-13,2024-01-14,2024-01-17,41,41.0
PO_11634,PRD_4928,SUP_092,WH_079,2024-10-14,2024-10-15,2024-10-15,383,383.0
PO_11635,PRD_3459,SUP_060,WH_066,2022-10-26,2022-11-05,2022-11-05,492,492.0
PO_11636,PRD_1263,SUP_130,WH_038,2023-05-15,2023-05-19,2023-05-27,133,133.0
PO_11637,PRD_0728,SUP_099,WH_078,2023-05-19,2023-05-25,2023-05-25,239,239.0
PO_11638,PRD_0958,SUP_185,WH_022,2024-10-03,2024-10-17,2024-10-17,451,451.0
PO_11639,PRD_2350,SUP_110,WH_059,2022-09-04,2022-09-08,2022-09-12,156,156.0
PO_11640,PRD_4514,SUP_135,WH_078,2022-05-04,2022-05-12,,343,
PO_11641,PRD_4981,SUP_178,WH_025,2024-12-23,2024-12-31,2024-12-31,409,409.0
PO_11642,PRD_4811,SUP_076,WH_024,2023-03-06,2023-03-08,,353,
PO_11643,PRD_3279,SUP_019,WH_040,2022-03-27,2022-04-08,2022-04-08,138,138.0
PO_11644,PRD_1353,SUP_134,WH_071,2024-05-07,2024-05-08,2024-05-08,336,336.0
PO_11645,PRD_4132,SUP_008,WH_021,2024-02-19,2024-02-26,2024-02-26,37,37.0
PO_11646,PRD_2340,SUP_095,WH_080,2023-07-25,2023-07-27,2023-07-27,175,175.0
PO_11647,PRD_4164,SUP_117,WH_051,2024-03-27,2024-04-08,,46,
PO_11648,PRD_3956,SUP_027,WH_028,2025-07-10,2025-07-22,2025-07-22,458,452.0
PO_11649,PRD_0796,SUP_085,WH_014,2024-12-05,2024-12-07,2024-12-13,303,303.0
PO_11650,PRD_0550,SUP_156,WH_067,2025-05-08,2025-05-10,2025-05-10,335,335.0
PO_11651,PRD_0253,SUP_098,WH_008,2025-12-06,2025-12-16,2025-12-18,286,268.0
PO_11652,PRD_1515,SUP_087,WH_060,2024-04-26,2024-05-08,2024-05-15,438,417.0
PO_11653,PRD_0120,SUP_164,WH_075,2025-04-19,2025-04-28,2025-04-28,453,453.0
PO_11654,PRD_4026,SUP_081,WH_045,2025-05-04,2025-05-12,2025-05-13,493,493.0
PO_11655,PRD_0235,SUP_042,WH_035,2025-01-09,2025-01-10,2025-01-10,97,81.0
PO_11656,PRD_1099,SUP_170,WH_017,2022-09-27,2022-10-05,2022-10-05,406,293.0
PO_11657,PRD_0665,SUP_067,WH_010,2025-07-18,2025-07-22,2025-07-22,333,333.0
PO_11658,PRD_3504,SUP_148,WH_040,2022-02-17,2022-02-20,2022-02-20,348,348.0
PO_11659,PRD_3544,SUP_037,WH_011,2025-11-06,2025-11-18,2025-11-18,398,398.0
PO_11660,PRD_0901,SUP_105,WH_013,2022-04-04,2022-04-15,,134,
PO_11661,PRD_3724,SUP_011,WH_060,2025-04-23,2025-05-04,2025-05-04,492,492.0
PO_11662,PRD_3103,SUP_197,WH_075,2024-12-26,2025-01-04,2025-01-10,311,207.0
PO_11663,PRD_0243,SUP_065,WH_079,2023-05-11,2023-05-19,2023-05-19,40,40.0
PO_11664,PRD_4881,SUP_163,WH_070,2022-12-18,2022-12-25,2022-12-26,201,201.0
PO_11665,PRD_3718,SUP_069,WH_025,2023-03-20,2023-04-03,2023-04-03,313,305.0
PO_11666,PRD_1783,SUP_120,WH_053,2023-03-24,2023-04-06,2023-04-06,44,27.0
PO_11667,PRD_0375,SUP_059,WH_035,2024-07-12,2024-07-15,2024-07-15,355,273.0
PO_11668,PRD_2143,SUP_145,WH_059,2022-03-02,2022-03-09,2022-03-09,497,497.0
PO_11669,PRD_2169,SUP_179,WH_025,2022-07-04,2022-07-08,2022-07-08,62,62.0
PO_11670,PRD_1953,SUP_056,WH_075,2025-10-21,2025-11-04,2025-11-05,282,282.0
PO_11671,PRD_0115,SUP_053,WH_063,2022-07-17,2022-07-25,2022-07-28,40,40.0
PO_11672,PRD_3423,SUP_117,WH_041,2025-02-08,2025-02-20,2025-02-20,323,323.0
PO_11673,PRD_0938,SUP_076,WH_008,2022-08-02,2022-08-04,2022-08-04,459,295.0
PO_11674,PRD_1673,SUP_196,WH_043,2025-09-12,2025-09-25,2025-09-25,86,86.0
PO_11675,PRD_3574,SUP_146,WH_075,2024-08-27,2024-09-10,2024-09-10,85,85.0
PO_11676,PRD_0923,SUP_187,WH_001,2023-03-08,2023-03-11,2023-03-11,268,268.0
PO_11677,PRD_1282,SUP_105,WH_031,2023-11-15,2023-11-26,2023-11-26,420,420.0
PO_11678,PRD_2745,SUP_149,WH_042,2025-10-07,2025-10-14,2025-10-20,305,305.0
PO_11679,PRD_2694,SUP_124,WH_033,2025-02-01,2025-02-12,2025-02-12,66,66.0
PO_11680,PRD_0063,SUP_030,WH_022,2024-08-13,2024-08-25,,276,
PO_11681,PRD_4042,SUP_160,WH_072,2025-03-21,2025-03-26,2025-03-26,466,466.0
PO_11682,PRD_4842,SUP_077,WH_019,2022-12-17,2022-12-20,2022-12-20,166,166.0
PO_11683,PRD_3117,SUP_146,WH_017,2023-01-06,2023-01-20,2023-01-21,185,185.0
PO_11684,PRD_4265,SUP_071,WH_073,2023-11-15,2023-11-25,2023-11-25,75,75.0
PO_11685,PRD_2301,SUP_177,WH_023,2023-11-25,2023-11-26,2023-11-26,297,297.0
PO_11686,PRD_0814,SUP_185,WH_006,2022-09-23,2022-10-07,,203,
PO_11687,PRD_4197,SUP_032,WH_037,2023-07-14,2023-07-28,,235,
PO_11688,PRD_3494,SUP_019,WH_016,2022-06-13,2022-06-25,2022-06-25,109,109.0
PO_11689,PRD_1458,SUP_134,WH_054,2024-02-23,2024-02-24,2024-02-24,52,52.0
PO_11690,PRD_4814,SUP_195,WH_028,2024-10-04,2024-10-07,2024-10-07,125,125.0
PO_11691,PRD_3670,SUP_120,WH_066,2023-12-03,2023-12-16,2023-12-16,66,66.0
PO_11692,PRD_2624,SUP_067,WH_072,2022-04-05,2022-04-09,2022-04-09,451,451.0
PO_11693,PRD_1126,SUP_157,WH_070,2023-04-04,2023-04-05,2023-04-10,459,459.0
PO_11694,PRD_3226,SUP_109,WH_050,2023-01-24,2023-01-29,2023-01-29,305,305.0
PO_11695,PRD_3597,SUP_192,WH_015,2025-12-11,2025-12-13,2025-12-13,400,400.0
PO_11696,PRD_0204,SUP_200,WH_065,2024-12-02,2024-12-06,2024-12-06,354,354.0
PO_11697,PRD_2042,SUP_120,WH_045,2022-11-22,2022-12-05,2022-12-05,49,49.0
PO_11698,PRD_4488,SUP_154,WH_002,2025-08-19,2025-08-31,2025-08-31,388,388.0
PO_11699,PRD_0626,SUP_174,WH_056,2023-01-06,2023-01-14,2023-01-20,122,122.0
PO_11700,PRD_1475,SUP_200,WH_070,2025-01-15,2025-01-19,,419,
PO_11701,PRD_1351,SUP_062,WH_079,2022-05-22,2022-05-30,2022-05-30,76,63.0
PO_11702,PRD_3177,SUP_004,WH_022,2024-01-15,2024-01-28,2024-01-28,166,166.0
PO_11703,PRD_0177,SUP_088,WH_013,2024-08-10,2024-08-16,,194,
PO_11704,PRD_0762,SUP_105,WH_065,2024-03-23,2024-04-03,2024-04-11,60,60.0
PO_11705,PRD_1597,SUP_070,WH_068,2024-11-05,2024-11-06,2024-11-06,384,384.0
PO_11706,PRD_1669,SUP_193,WH_005,2024-11-24,2024-11-26,2024-11-26,321,321.0
PO_11707,PRD_3105,SUP_088,WH_052,2022-02-13,2022-02-19,2022-02-19,271,271.0
PO_11708,PRD_4066,SUP_069,WH_044,2024-04-01,2024-04-15,2024-04-23,459,459.0
PO_11709,PRD_1086,SUP_044,WH_026,2025-07-10,2025-07-21,2025-07-21,348,348.0
PO_11710,PRD_0697,SUP_066,WH_040,2022-07-07,2022-07-16,2022-07-16,230,201.0
PO_11711,PRD_3314,SUP_075,WH_053,2024-12-16,2024-12-23,,204,
PO_11712,PRD_1983,SUP_156,WH_018,2025-07-18,2025-07-20,2025-07-26,90,90.0
PO_11713,PRD_3573,SUP_139,WH_001,2023-09-16,2023-09-17,2023-09-17,362,303.0
PO_11714,PRD_1232,SUP_161,WH_027,2022-12-02,2022-12-07,2022-12-07,412,412.0
PO_11715,PRD_4769,SUP_008,WH_075,2024-08-01,2024-08-08,2024-08-08,179,179.0
PO_11716,PRD_2974,SUP_110,WH_033,2022-12-14,2022-12-18,2022-12-18,352,352.0
PO_11717,PRD_4832,SUP_096,WH_046,2024-10-22,2024-10-27,2024-11-03,244,173.0
PO_11718,PRD_2074,SUP_040,WH_074,2022-05-09,2022-05-23,,307,
PO_11719,PRD_4514,SUP_135,WH_050,2024-06-25,2024-07-03,2024-07-03,447,447.0
PO_11720,PRD_2548,SUP_148,WH_021,2023-04-15,2023-04-18,2023-04-23,419,419.0
PO_11721,PRD_4139,SUP_049,WH_045,2023-03-26,2023-04-04,2023-04-04,319,319.0
PO_11722,PRD_4028,SUP_161,WH_061,2023-03-13,2023-03-18,2023-03-18,255,255.0
PO_11723,PRD_0981,SUP_080,WH_030,2023-10-15,2023-10-16,2023-10-21,228,228.0
PO_11724,PRD_1976,SUP_122,WH_063,2023-04-13,2023-04-17,2023-04-17,129,92.0
PO_11725,PRD_4631,SUP_074,WH_061,2022-06-03,2022-06-17,2022-06-17,346,291.0
PO_11726,PRD_0727,SUP_156,WH_039,2025-09-27,2025-09-29,,440,
PO_11727,PRD_0511,SUP_103,WH_024,2024-07-22,2024-08-02,2024-08-02,351,351.0
PO_11728,PRD_4156,SUP_160,WH_005,2023-03-10,2023-03-15,,227,
PO_11729,PRD_4420,SUP_147,WH_016,2024-04-06,2024-04-16,2024-04-16,25,25.0
PO_11730,PRD_2024,SUP_040,WH_042,2024-02-03,2024-02-17,2024-02-17,59,51.0
PO_11731,PRD_3245,SUP_170,WH_055,2024-03-06,2024-03-14,2024-03-14,48,48.0
PO_11732,PRD_2596,SUP_088,WH_037,2022-12-23,2022-12-29,2022-12-31,207,207.0
PO_11733,PRD_4822,SUP_077,WH_015,2025-04-16,2025-04-19,2025-04-19,427,427.0
PO_11734,PRD_3781,SUP_027,WH_004,2022-11-08,2022-11-20,2022-11-20,81,81.0
PO_11735,PRD_0988,SUP_184,WH_030,2025-04-11,2025-04-14,2025-04-14,288,288.0
PO_11736,PRD_1367,SUP_074,WH_030,2023-05-19,2023-06-02,2023-06-02,48,48.0
PO_11737,PRD_3372,SUP_109,WH_022,2023-09-02,2023-09-07,2023-09-07,422,422.0
PO_11738,PRD_1739,SUP_084,WH_024,2025-10-11,2025-10-12,2025-10-12,388,388.0
PO_11739,PRD_3110,SUP_121,WH_068,2023-11-27,2023-11-30,2023-11-30,326,326.0
PO_11740,PRD_3215,SUP_170,WH_042,2022-07-15,2022-07-23,2022-07-23,495,398.0
PO_11741,PRD_0802,SUP_094,WH_026,2023-10-23,2023-11-06,2023-11-08,122,76.0
PO_11742,PRD_4011,SUP_178,WH_027,2022-09-16,2022-09-24,2022-09-24,286,213.0
PO_11743,PRD_4726,SUP_033,WH_036,2025-08-13,2025-08-27,2025-09-03,428,428.0
PO_11744,PRD_4028,SUP_161,WH_015,2025-11-06,2025-11-11,2025-11-19,60,60.0
PO_11745,PRD_3859,SUP_024,WH_064,2022-05-19,2022-05-28,2022-05-28,236,236.0
PO_11746,PRD_0473,SUP_144,WH_013,2023-10-19,2023-10-21,2023-10-21,343,343.0
PO_11747,PRD_0349,SUP_091,WH_068,2025-01-02,2025-01-03,2025-01-09,408,408.0
PO_11748,PRD_4405,SUP_131,WH_018,2023-03-04,2023-03-11,2023-03-11,450,424.0
PO_11749,PRD_1379,SUP_062,WH_057,2022-01-16,2022-01-24,2022-02-01,108,108.0
PO_11750,PRD_3775,SUP_150,WH_043,2025-04-21,2025-05-03,2025-05-03,414,414.0
PO_11751,PRD_1417,SUP_067,WH_079,2023-02-23,2023-02-27,2023-02-27,261,261.0
PO_11752,PRD_1465,SUP_013,WH_063,2024-12-05,2024-12-09,2024-12-09,250,250.0
PO_11753,PRD_0328,SUP_003,WH_021,2024-01-16,2024-01-20,2024-01-20,444,444.0
PO_11754,PRD_0003,SUP_164,WH_071,2022-04-26,2022-05-05,,241,
PO_11755,PRD_2372,SUP_102,WH_070,2023-08-06,2023-08-13,2023-08-13,215,215.0
PO_11756,PRD_0731,SUP_134,WH_011,2023-08-25,2023-08-26,,296,
PO_11757,PRD_3300,SUP_105,WH_004,2022-10-24,2022-11-04,2022-11-04,103,103.0
PO_11758,PRD_3087,SUP_026,WH_017,2023-04-25,2023-05-01,2023-05-01,410,378.0
PO_11759,PRD_2380,SUP_177,WH_079,2024-12-17,2024-12-18,2024-12-18,302,262.0
PO_11760,PRD_1162,SUP_199,WH_057,2025-10-02,2025-10-03,,256,
PO_11761,PRD_4283,SUP_086,WH_010,2023-02-08,2023-02-10,2023-02-10,414,414.0
PO_11762,PRD_2660,SUP_049,WH_023,2024-05-26,2024-06-04,,462,
PO_11763,PRD_2558,SUP_088,WH_039,2025-01-27,2025-02-02,2025-02-02,363,363.0
PO_11764,PRD_2844,SUP_104,WH_027,2025-04-04,2025-04-12,2025-04-12,100,100.0
PO_11765,PRD_1472,SUP_153,WH_055,2023-10-16,2023-10-20,2023-10-20,258,258.0
PO_11766,PRD_0665,SUP_067,WH_045,2023-11-23,2023-11-27,2023-11-27,196,196.0
PO_11767,PRD_2726,SUP_076,WH_053,2022-09-08,2022-09-10,2022-09-10,91,91.0
PO_11768,PRD_4752,SUP_136,WH_018,2023-05-20,2023-05-27,2023-05-27,317,314.0
PO_11769,PRD_2133,SUP_080,WH_065,2023-01-02,2023-01-03,2023-01-03,58,58.0
PO_11770,PRD_0934,SUP_108,WH_057,2023-07-15,2023-07-23,,125,
PO_11771,PRD_0524,SUP_179,WH_046,2023-03-21,2023-03-25,2023-03-25,438,438.0
PO_11772,PRD_1544,SUP_008,WH_076,2022-08-07,2022-08-14,2022-08-14,393,393.0
PO_11773,PRD_0223,SUP_196,WH_063,2023-04-20,2023-05-03,2023-05-03,421,421.0
PO_11774,PRD_2570,SUP_088,WH_020,2025-11-15,2025-11-21,2025-11-21,313,313.0
PO_11775,PRD_1604,SUP_138,WH_063,2023-10-02,2023-10-10,2023-10-10,170,170.0
PO_11776,PRD_4920,SUP_045,WH_048,2022-10-15,2022-10-29,2022-11-03,391,391.0
PO_11777,PRD_0993,SUP_028,WH_025,2023-11-16,2023-11-28,2023-12-02,227,227.0
PO_11778,PRD_2729,SUP_091,WH_067,2025-06-07,2025-06-08,2025-06-08,63,63.0
PO_11779,PRD_4025,SUP_139,WH_034,2024-05-21,2024-05-22,2024-05-22,23,23.0
PO_11780,PRD_2982,SUP_058,WH_066,2023-10-14,2023-10-15,2023-10-17,143,143.0
PO_11781,PRD_3780,SUP_121,WH_051,2024-07-05,2024-07-08,2024-07-08,374,275.0
PO_11782,PRD_1602,SUP_112,WH_025,2023-12-03,2023-12-09,2023-12-09,24,24.0
PO_11783,PRD_0033,SUP_030,WH_077,2024-01-16,2024-01-28,2024-02-01,47,47.0
PO_11784,PRD_1466,SUP_086,WH_004,2025-05-15,2025-05-17,2025-05-25,232,232.0
PO_11785,PRD_0644,SUP_138,WH_018,2024-09-04,2024-09-12,,46,
PO_11786,PRD_2988,SUP_098,WH_059,2022-10-14,2022-10-24,2022-10-24,194,194.0
PO_11787,PRD_1392,SUP_144,WH_016,2022-05-02,2022-05-04,2022-05-07,453,453.0
PO_11788,PRD_1903,SUP_047,WH_028,2022-09-15,2022-09-19,2022-09-19,64,64.0
PO_11789,PRD_0266,SUP_091,WH_054,2023-01-17,2023-01-18,2023-01-18,191,170.0
PO_11790,PRD_3374,SUP_075,WH_061,2023-12-21,2023-12-28,,230,
PO_11791,PRD_0150,SUP_186,WH_044,2022-04-27,2022-05-06,2022-05-06,200,200.0
PO_11792,PRD_1664,SUP_108,WH_038,2023-08-07,2023-08-15,2023-08-20,446,446.0
PO_11793,PRD_3265,SUP_161,WH_044,2023-03-05,2023-03-10,2023-03-15,223,223.0
PO_11794,PRD_3964,SUP_121,WH_011,2024-11-01,2024-11-04,2024-11-04,438,438.0
PO_11795,PRD_2575,SUP_152,WH_043,2025-02-01,2025-02-10,2025-02-10,344,344.0
PO_11796,PRD_2224,SUP_089,WH_001,2022-02-01,2022-02-08,2022-02-08,269,269.0
PO_11797,PRD_1305,SUP_143,WH_062,2025-08-13,2025-08-22,2025-08-29,500,334.0
PO_11798,PRD_4199,SUP_008,WH_026,2024-02-02,2024-02-09,2024-02-09,429,309.0
PO_11799,PRD_3711,SUP_007,WH_074,2023-10-03,2023-10-08,2023-10-08,426,426.0
PO_11800,PRD_4581,SUP_170,WH_005,2024-11-10,2024-11-18,2024-11-18,311,279.0
PO_11801,PRD_4254,SUP_039,WH_053,2023-07-20,2023-07-27,2023-07-27,436,436.0
PO_11802,PRD_4490,SUP_107,WH_047,2022-11-01,2022-11-07,2022-11-07,146,146.0
PO_11803,PRD_2462,SUP_047,WH_067,2022-07-07,2022-07-11,2022-07-11,476,476.0
PO_11804,PRD_0967,SUP_076,WH_018,2022-05-16,2022-05-18,2022-05-18,241,241.0
PO_11805,PRD_0287,SUP_057,WH_044,2023-12-24,2023-12-29,,134,
PO_11806,PRD_1786,SUP_058,WH_024,2023-05-06,2023-05-07,2023-05-07,230,230.0
PO_11807,PRD_2915,SUP_073,WH_077,2023-05-11,2023-05-23,2023-05-23,218,218.0
PO_11808,PRD_3407,SUP_121,WH_004,2023-02-08,2023-02-11,2023-02-11,500,422.0
PO_11809,PRD_1062,SUP_197,WH_037,2024-02-03,2024-02-12,2024-02-12,49,49.0
PO_11810,PRD_0698,SUP_176,WH_062,2024-10-19,2024-10-30,2024-10-30,286,286.0
PO_11811,PRD_2436,SUP_175,WH_073,2022-09-22,2022-09-26,2022-09-26,192,192.0
PO_11812,PRD_1077,SUP_159,WH_065,2022-03-25,2022-04-06,2022-04-06,199,199.0
PO_11813,PRD_0639,SUP_068,WH_043,2024-01-26,2024-01-27,2024-01-27,150,150.0
PO_11814,PRD_4871,SUP_021,WH_053,2025-12-24,2026-01-03,2026-01-10,500,500.0
PO_11815,PRD_0265,SUP_042,WH_048,2024-04-14,2024-04-15,2024-04-18,382,273.0
PO_11816,PRD_3602,SUP_037,WH_042,2025-05-22,2025-06-03,2025-06-05,307,307.0
PO_11817,PRD_2663,SUP_127,WH_067,2023-01-12,2023-01-22,,458,
PO_11818,PRD_3957,SUP_173,WH_046,2025-03-06,2025-03-07,2025-03-07,82,82.0
PO_11819,PRD_2528,SUP_098,WH_028,2025-01-04,2025-01-14,,271,
PO_11820,PRD_3301,SUP_068,WH_027,2023-01-19,2023-01-20,2023-01-22,238,238.0
PO_11821,PRD_2634,SUP_133,WH_003,2022-09-24,2022-10-03,2022-10-03,47,47.0
PO_11822,PRD_2370,SUP_031,WH_051,2023-07-11,2023-07-15,,113,
PO_11823,PRD_3707,SUP_129,WH_062,2025-03-06,2025-03-09,2025-03-09,207,207.0
PO_11824,PRD_4096,SUP_119,WH_029,2022-03-26,2022-04-01,2022-04-01,162,130.0
PO_11825,PRD_3258,SUP_058,WH_048,2023-02-05,2023-02-06,2023-02-06,121,121.0
PO_11826,PRD_2423,SUP_174,WH_011,2025-06-20,2025-06-28,2025-06-28,287,287.0
PO_11827,PRD_2422,SUP_154,WH_064,2022-07-22,2022-08-03,2022-08-03,245,245.0
PO_11828,PRD_2515,SUP_098,WH_020,2025-09-26,2025-10-06,2025-10-06,56,56.0
PO_11829,PRD_4930,SUP_021,WH_067,2025-09-21,2025-10-01,2025-10-01,422,422.0
PO_11830,PRD_3105,SUP_088,WH_023,2024-12-08,2024-12-14,2024-12-19,159,159.0
PO_11831,PRD_0802,SUP_094,WH_015,2025-09-03,2025-09-17,2025-09-20,155,155.0
PO_11832,PRD_2025,SUP_149,WH_008,2023-10-01,2023-10-08,2023-10-08,418,418.0
PO_11833,PRD_4561,SUP_061,WH_030,2024-10-12,2024-10-24,2024-10-24,239,239.0
PO_11834,PRD_3690,SUP_074,WH_019,2024-03-03,2024-03-17,2024-03-17,336,336.0
PO_11835,PRD_3113,SUP_145,WH_008,2022-03-01,2022-03-08,2022-03-08,375,375.0
PO_11836,PRD_2484,SUP_124,WH_052,2023-10-21,2023-11-01,,221,
PO_11837,PRD_1610,SUP_148,WH_016,2024-09-14,2024-09-17,2024-09-17,260,260.0
PO_11838,PRD_1487,SUP_200,WH_032,2025-04-20,2025-04-24,2025-04-24,308,308.0
PO_11839,PRD_4848,SUP_098,WH_055,2025-08-21,2025-08-31,2025-08-31,198,198.0
PO_11840,PRD_4748,SUP_157,WH_055,2022-07-16,2022-07-17,2022-07-17,316,316.0
PO_11841,PRD_4516,SUP_181,WH_058,2023-11-09,2023-11-17,2023-11-17,33,31.0
PO_11842,PRD_3747,SUP_194,WH_035,2023-07-09,2023-07-15,2023-07-15,447,447.0
PO_11843,PRD_4350,SUP_115,WH_032,2022-12-19,2022-12-20,2022-12-22,72,72.0
PO_11844,PRD_3881,SUP_027,WH_040,2023-05-23,2023-06-04,2023-06-12,178,178.0
PO_11845,PRD_1196,SUP_050,WH_032,2025-10-02,2025-10-05,2025-10-07,361,361.0
PO_11846,PRD_2032,SUP_011,WH_004,2022-06-04,2022-06-15,2022-06-15,116,116.0
PO_11847,PRD_4693,SUP_068,WH_008,2023-06-25,2023-06-26,2023-06-30,50,30.0
PO_11848,PRD_0602,SUP_138,WH_003,2023-12-20,2023-12-28,,188,
PO_11849,PRD_1304,SUP_136,WH_016,2022-07-01,2022-07-08,2022-07-08,486,486.0
PO_11850,PRD_1493,SUP_196,WH_042,2022-05-23,2022-06-05,2022-06-05,328,328.0
PO_11851,PRD_1353,SUP_134,WH_002,2024-05-09,2024-05-10,2024-05-10,486,486.0
PO_11852,PRD_4670,SUP_082,WH_057,2023-10-22,2023-10-23,2023-10-23,293,293.0
PO_11853,PRD_2689,SUP_093,WH_080,2025-07-25,2025-07-28,2025-07-28,227,227.0
PO_11854,PRD_3241,SUP_105,WH_044,2023-03-23,2023-04-03,2023-04-03,261,261.0
PO_11855,PRD_1369,SUP_108,WH_009,2025-05-19,2025-05-27,2025-05-27,97,97.0
PO_11856,PRD_0076,SUP_014,WH_071,2022-02-24,2022-03-09,2022-03-09,80,80.0
PO_11857,PRD_4751,SUP_047,WH_044,2025-05-08,2025-05-12,2025-05-12,335,335.0
PO_11858,PRD_3556,SUP_069,WH_031,2022-03-18,2022-04-01,2022-04-01,76,76.0
PO_11859,PRD_4200,SUP_069,WH_029,2022-08-10,2022-08-24,,216,
PO_11860,PRD_1483,SUP_164,WH_076,2022-06-12,2022-06-21,2022-06-21,133,133.0
PO_11861,PRD_3222,SUP_140,WH_004,2024-01-02,2024-01-13,2024-01-13,341,341.0
PO_11862,PRD_0391,SUP_052,WH_079,2022-09-23,2022-09-29,2022-09-29,67,67.0
PO_11863,PRD_2671,SUP_152,WH_023,2022-09-24,2022-10-03,2022-10-03,77,77.0
PO_11864,PRD_3911,SUP_105,WH_054,2024-05-08,2024-05-19,2024-05-24,413,413.0
PO_11865,PRD_4435,SUP_070,WH_069,2022-11-21,2022-11-22,2022-11-27,97,97.0
PO_11866,PRD_1270,SUP_013,WH_062,2025-02-16,2025-02-20,2025-02-20,300,300.0
PO_11867,PRD_4307,SUP_024,WH_034,2023-06-12,2023-06-21,2023-06-23,320,320.0
PO_11868,PRD_2657,SUP_088,WH_003,2023-01-20,2023-01-26,2023-01-26,72,72.0
PO_11869,PRD_2390,SUP_080,WH_070,2025-01-18,2025-01-19,2025-01-19,287,287.0
PO_11870,PRD_3252,SUP_153,WH_066,2023-11-26,2023-11-30,2023-12-08,188,188.0
PO_11871,PRD_4846,SUP_047,WH_022,2025-07-23,2025-07-27,2025-07-27,388,388.0
PO_11872,PRD_1971,SUP_030,WH_036,2022-04-05,2022-04-17,,271,
PO_11873,PRD_3813,SUP_133,WH_029,2024-06-22,2024-07-01,2024-07-01,109,109.0
PO_11874,PRD_2617,SUP_071,WH_058,2022-05-13,2022-05-23,2022-05-23,166,101.0
PO_11875,PRD_1906,SUP_072,WH_071,2025-08-08,2025-08-12,2025-08-12,256,256.0
PO_11876,PRD_3126,SUP_123,WH_009,2024-07-27,2024-08-08,2024-08-08,211,211.0
PO_11877,PRD_4423,SUP_030,WH_008,2022-12-22,2023-01-03,2023-01-03,273,273.0
PO_11878,PRD_1319,SUP_117,WH_044,2023-11-15,2023-11-27,2023-11-27,368,368.0
PO_11879,PRD_3842,SUP_024,WH_057,2024-09-21,2024-09-30,2024-10-07,446,339.0
PO_11880,PRD_4014,SUP_178,WH_054,2022-01-23,2022-01-31,2022-02-06,432,432.0
PO_11881,PRD_4094,SUP_157,WH_065,2022-04-03,2022-04-04,2022-04-10,404,404.0
PO_11882,PRD_4965,SUP_026,WH_012,2024-08-25,2024-08-31,2024-08-31,422,422.0
PO_11883,PRD_2648,SUP_108,WH_047,2024-01-21,2024-01-29,2024-01-29,123,123.0
PO_11884,PRD_3637,SUP_111,WH_022,2024-07-20,2024-07-22,2024-07-22,388,330.0
PO_11885,PRD_0455,SUP_028,WH_078,2025-05-09,2025-05-21,2025-05-25,86,86.0
PO_11886,PRD_4903,SUP_163,WH_077,2023-12-27,2024-01-03,2024-01-03,270,270.0
PO_11887,PRD_4974,SUP_045,WH_045,2023-08-02,2023-08-16,2023-08-23,473,303.0
PO_11888,PRD_0307,SUP_086,WH_062,2024-01-13,2024-01-15,2024-01-15,318,318.0
PO_11889,PRD_0565,SUP_153,WH_067,2024-12-23,2024-12-27,,357,
PO_11890,PRD_4291,SUP_140,WH_012,2025-09-17,2025-09-28,2025-09-28,39,39.0
PO_11891,PRD_1348,SUP_188,WH_019,2023-03-06,2023-03-15,2023-03-15,247,247.0
PO_11892,PRD_1688,SUP_087,WH_047,2025-02-10,2025-02-22,2025-02-22,318,318.0
PO_11893,PRD_2933,SUP_078,WH_076,2023-05-10,2023-05-11,2023-05-15,387,387.0
PO_11894,PRD_2536,SUP_070,WH_025,2025-02-11,2025-02-12,2025-02-12,489,489.0
PO_11895,PRD_3332,SUP_140,WH_060,2025-06-05,2025-06-16,2025-06-16,497,497.0
PO_11896,PRD_4021,SUP_010,WH_030,2023-03-24,2023-04-06,2023-04-06,95,95.0
PO_11897,PRD_4700,SUP_167,WH_013,2023-12-02,2023-12-05,2023-12-05,125,125.0
PO_11898,PRD_1233,SUP_117,WH_066,2022-08-22,2022-09-03,,450,
PO_11899,PRD_0755,SUP_108,WH_014,2024-09-06,2024-09-14,2024-09-18,363,363.0
PO_11900,PRD_0263,SUP_028,WH_012,2025-05-14,2025-05-26,2025-05-26,202,202.0
PO_11901,PRD_4196,SUP_008,WH_006,2023-01-08,2023-01-15,,184,
PO_11902,PRD_2966,SUP_021,WH_019,2024-09-07,2024-09-17,2024-09-21,243,243.0
PO_11903,PRD_4059,SUP_139,WH_018,2022-03-21,2022-03-22,2022-03-22,189,189.0
PO_11904,PRD_2406,SUP_018,WH_035,2025-03-24,2025-03-30,,55,
PO_11905,PRD_0258,SUP_007,WH_033,2023-04-14,2023-04-19,,462,
PO_11906,PRD_4399,SUP_119,WH_073,2025-08-21,2025-08-27,2025-09-02,56,56.0
PO_11907,PRD_3688,SUP_180,WH_057,2022-11-06,2022-11-12,2022-11-20,184,184.0
PO_11908,PRD_2455,SUP_067,WH_062,2022-01-22,2022-01-26,2022-02-01,246,246.0
PO_11909,PRD_1147,SUP_063,WH_061,2023-06-12,2023-06-23,2023-06-23,213,213.0
PO_11910,PRD_4692,SUP_018,WH_009,2023-02-23,2023-03-01,,160,
PO_11911,PRD_0913,SUP_130,WH_061,2024-12-16,2024-12-20,2024-12-25,463,463.0
PO_11912,PRD_3653,SUP_065,WH_042,2022-01-24,2022-02-01,2022-02-07,343,343.0
PO_11913,PRD_1104,SUP_148,WH_066,2025-03-13,2025-03-16,2025-03-16,45,37.0
PO_11914,PRD_2088,SUP_030,WH_068,2024-01-17,2024-01-29,2024-01-29,35,35.0
PO_11915,PRD_1631,SUP_172,WH_068,2024-12-05,2024-12-13,2024-12-13,419,419.0
PO_11916,PRD_3905,SUP_011,WH_020,2023-04-11,2023-04-22,2023-04-22,43,43.0
PO_11917,PRD_3073,SUP_153,WH_014,2024-03-19,2024-03-23,2024-03-23,309,309.0
PO_11918,PRD_4753,SUP_092,WH_062,2022-05-13,2022-05-14,,288,
PO_11919,PRD_0603,SUP_131,WH_052,2022-07-24,2022-07-31,2022-07-31,319,319.0
PO_11920,PRD_4066,SUP_069,WH_045,2022-07-21,2022-08-04,2022-08-04,209,209.0
PO_11921,PRD_0971,SUP_033,WH_011,2023-08-16,2023-08-30,,209,
PO_11922,PRD_4225,SUP_034,WH_038,2022-08-21,2022-09-01,2022-09-01,496,496.0
PO_11923,PRD_1369,SUP_108,WH_076,2022-01-10,2022-01-18,2022-01-18,124,124.0
PO_11924,PRD_2064,SUP_008,WH_080,2024-05-18,2024-05-25,2024-05-25,305,305.0
PO_11925,PRD_3328,SUP_075,WH_015,2025-01-20,2025-01-27,,416,
PO_11926,PRD_3957,SUP_173,WH_011,2022-02-06,2022-02-07,2022-02-07,487,456.0
PO_11927,PRD_3591,SUP_016,WH_056,2025-12-26,2026-01-06,2026-01-06,461,461.0
PO_11928,PRD_2013,SUP_200,WH_002,2022-05-20,2022-05-24,2022-05-24,113,83.0
PO_11929,PRD_2940,SUP_153,WH_063,2022-04-22,2022-04-26,2022-04-26,410,372.0
PO_11930,PRD_2938,SUP_145,WH_019,2025-11-14,2025-11-21,2025-11-24,482,414.0
PO_11931,PRD_0820,SUP_032,WH_026,2022-02-01,2022-02-15,2022-02-15,220,220.0
PO_11932,PRD_3990,SUP_103,WH_041,2025-04-23,2025-05-04,2025-05-04,57,57.0
PO_11933,PRD_2376,SUP_020,WH_053,2022-02-04,2022-02-06,2022-02-06,281,281.0
PO_11934,PRD_3110,SUP_121,WH_041,2022-03-25,2022-03-28,2022-03-28,401,401.0
PO_11935,PRD_0502,SUP_103,WH_078,2025-11-23,2025-12-04,2025-12-04,425,425.0
PO_11936,PRD_2336,SUP_018,WH_045,2022-08-24,2022-08-30,2022-08-30,29,29.0
PO_11937,PRD_0297,SUP_029,WH_064,2023-10-26,2023-11-07,2023-11-08,280,280.0
PO_11938,PRD_0516,SUP_176,WH_040,2025-03-20,2025-03-31,2025-03-31,100,100.0
PO_11939,PRD_0587,SUP_103,WH_004,2022-04-20,2022-05-01,,442,
PO_11940,PRD_1303,SUP_114,WH_001,2024-06-01,2024-06-12,2024-06-12,222,213.0
PO_11941,PRD_0739,SUP_165,WH_051,2023-12-23,2024-01-01,2024-01-01,229,229.0
PO_11942,PRD_2510,SUP_199,WH_027,2024-11-18,2024-11-19,2024-11-19,201,136.0
PO_11943,PRD_1846,SUP_170,WH_042,2024-10-02,2024-10-10,2024-10-15,483,483.0
PO_11944,PRD_1044,SUP_046,WH_038,2022-10-26,2022-11-04,2022-11-09,474,474.0
PO_11945,PRD_4547,SUP_012,WH_072,2022-08-08,2022-08-21,2022-08-21,176,176.0
PO_11946,PRD_4261,SUP_126,WH_012,2025-08-12,2025-08-15,2025-08-15,470,470.0
PO_11947,PRD_1146,SUP_002,WH_033,2025-05-01,2025-05-02,2025-05-02,87,87.0
PO_11948,PRD_3601,SUP_113,WH_006,2024-12-05,2024-12-11,2024-12-13,155,155.0
PO_11949,PRD_3675,SUP_019,WH_008,2023-06-04,2023-06-16,2023-06-19,422,422.0
PO_11950,PRD_1658,SUP_196,WH_070,2022-05-18,2022-05-31,2022-05-31,374,374.0
PO_11951,PRD_3498,SUP_074,WH_075,2022-08-06,2022-08-20,2022-08-20,187,187.0
PO_11952,PRD_0819,SUP_081,WH_003,2022-02-22,2022-03-02,2022-03-02,56,56.0
PO_11953,PRD_1086,SUP_044,WH_002,2023-01-20,2023-01-31,2023-01-31,443,443.0
PO_11954,PRD_2986,SUP_077,WH_065,2022-12-17,2022-12-20,2022-12-20,181,160.0
PO_11955,PRD_2979,SUP_078,WH_009,2025-02-19,2025-02-20,,203,
PO_11956,PRD_3865,SUP_105,WH_037,2025-11-11,2025-11-22,2025-11-22,271,271.0
PO_11957,PRD_2996,SUP_195,WH_074,2025-10-25,2025-10-28,2025-10-28,161,149.0
PO_11958,PRD_1567,SUP_100,WH_039,2023-10-24,2023-10-31,2023-10-31,154,154.0
PO_11959,PRD_0811,SUP_108,WH_013,2025-06-09,2025-06-17,,52,
PO_11960,PRD_4842,SUP_077,WH_041,2024-09-26,2024-09-29,2024-10-07,343,343.0
PO_11961,PRD_0888,SUP_077,WH_031,2022-08-27,2022-08-30,2022-08-30,379,379.0
PO_11962,PRD_1979,SUP_160,WH_039,2022-12-26,2022-12-31,2023-01-04,324,324.0
PO_11963,PRD_0678,SUP_008,WH_019,2024-02-15,2024-02-22,2024-02-22,185,185.0
PO_11964,PRD_2046,SUP_160,WH_049,2024-05-14,2024-05-19,2024-05-19,387,387.0
PO_11965,PRD_3467,SUP_058,WH_035,2024-03-15,2024-03-16,2024-03-16,92,92.0
PO_11966,PRD_0938,SUP_076,WH_016,2022-11-04,2022-11-06,2022-11-06,410,410.0
PO_11967,PRD_4949,SUP_136,WH_028,2022-09-26,2022-10-03,2022-10-03,479,445.0
PO_11968,PRD_0477,SUP_098,WH_064,2025-01-24,2025-02-03,2025-02-03,82,82.0
PO_11969,PRD_1614,SUP_125,WH_077,2023-10-27,2023-10-31,2023-10-31,344,344.0
PO_11970,PRD_0050,SUP_073,WH_056,2023-01-16,2023-01-28,2023-01-28,398,258.0
PO_11971,PRD_0238,SUP_126,WH_080,2024-04-27,2024-04-30,2024-04-30,415,415.0
PO_11972,PRD_0747,SUP_165,WH_033,2022-11-25,2022-12-04,2022-12-04,215,215.0
PO_11973,PRD_4571,SUP_127,WH_025,2022-06-26,2022-07-06,2022-07-09,190,190.0
PO_11974,PRD_3572,SUP_190,WH_008,2024-09-24,2024-09-26,2024-09-26,28,28.0
PO_11975,PRD_3065,SUP_153,WH_012,2023-06-27,2023-07-01,2023-07-09,336,265.0
PO_11976,PRD_0568,SUP_199,WH_068,2022-10-20,2022-10-21,2022-10-21,372,372.0
PO_11977,PRD_3322,SUP_140,WH_064,2022-07-20,2022-07-31,2022-07-31,260,260.0
PO_11978,PRD_0259,SUP_186,WH_038,2022-06-06,2022-06-15,2022-06-15,377,298.0
PO_11979,PRD_4484,SUP_062,WH_023,2025-07-23,2025-07-31,,307,
PO_11980,PRD_2501,SUP_108,WH_029,2022-08-06,2022-08-14,2022-08-17,81,81.0
PO_11981,PRD_1024,SUP_051,WH_052,2025-05-22,2025-05-29,2025-06-02,60,60.0
PO_11982,PRD_1633,SUP_125,WH_008,2024-03-14,2024-03-18,,453,
PO_11983,PRD_1432,SUP_174,WH_047,2024-07-06,2024-07-14,,422,
PO_11984,PRD_4524,SUP_127,WH_031,2025-01-23,2025-02-02,2025-02-02,408,408.0
PO_11985,PRD_3133,SUP_195,WH_071,2025-01-12,2025-01-15,2025-01-15,247,206.0
PO_11986,PRD_2331,SUP_063,WH_008,2025-07-11,2025-07-22,,67,
PO_11987,PRD_3162,SUP_193,WH_027,2023-10-26,2023-10-28,,465,
PO_11988,PRD_4243,SUP_141,WH_030,2025-05-14,2025-05-26,2025-05-26,316,316.0
PO_11989,PRD_3473,SUP_009,WH_009,2022-07-07,2022-07-14,2022-07-19,251,251.0
PO_11990,PRD_2959,SUP_045,WH_030,2022-12-10,2022-12-24,2022-12-24,285,285.0
PO_11991,PRD_3777,SUP_090,WH_073,2022-11-26,2022-12-01,2022-12-01,230,230.0
PO_11992,PRD_4869,SUP_044,WH_058,2024-03-15,2024-03-26,,494,
PO_11993,PRD_3363,SUP_019,WH_039,2022-07-16,2022-07-28,2022-07-28,311,311.0
PO_11994,PRD_1361,SUP_016,WH_041,2025-10-22,2025-11-02,2025-11-02,115,115.0
PO_11995,PRD_3118,SUP_031,WH_003,2022-03-10,2022-03-14,2022-03-14,440,271.0
PO_11996,PRD_1839,SUP_035,WH_061,2022-03-08,2022-03-18,2022-03-18,490,490.0
PO_11997,PRD_1007,SUP_148,WH_040,2022-12-04,2022-12-07,,402,
PO_11998,PRD_0594,SUP_049,WH_080,2022-12-21,2022-12-30,2022-12-30,440,347.0
PO_11999,PRD_0447,SUP_033,WH_019,2025-09-01,2025-09-15,2025-09-15,202,202.0
PO_12000,PRD_4387,SUP_140,WH_042,2023-01-03,2023-01-14,2023-01-22,403,403.0
