inventory_id,product_id,warehouse_id,stock_in_hand,damaged_units,last_updated
INV_00001,PRD_4707,WH_038,17,,2024-02-27
INV_00002,PRD_1163,WH_003,124,13.0,2024-05-07
INV_00003,PRD_1035,WH_028,273,23.0,2025-05-05
INV_00004,PRD_3315,WH_071,198,20.0,2025-02-18
INV_00005,PRD_2798,WH_007,146,29.0,2025-08-09
INV_00006,PRD_1684,WH_071,41,27.0,2025-10-18
INV_00007,PRD_1091,WH_071,62,7.0,2025-04-26
INV_00008,PRD_4023,WH_038,435,28.0,2024-02-07
INV_00009,PRD_3398,WH_066,21,0.0,2025-04-23
INV_00010,PRD_1578,WH_003,72,24.0,2024-06-03
INV_00011,PRD_1975,WH_024,6,4.0,
INV_00012,PRD_0198,WH_018,166,3.0,2024-06-24
INV_00013,PRD_2159,WH_080,74,12.0,2024-04-24
INV_00014,PRD_4431,WH_080,188,30.0,2024-05-13
INV_00015,PRD_4529,WH_072,143,24.0,
INV_00016,PRD_0486,WH_004,0,0.0,2024-11-13
INV_00017,PRD_3096,WH_073,168,26.0,2025-04-10
INV_00018,PRD_2145,WH_065,0,,2025-03-17
INV_00019,PRD_2237,WH_065,9,0.0,2025-09-21
INV_00020,PRD_1035,WH_057,183,24.0,
INV_00021,PRD_4917,WH_022,103,15.0,2024-05-13
INV_00022,PRD_0770,WH_025,157,9.0,
INV_00023,PRD_3526,WH_075,202,5.0,
INV_00024,PRD_0555,WH_074,199,14.0,2025-05-27
INV_00025,PRD_0561,WH_047,75,27.0,2024-03-18
INV_00026,PRD_3870,WH_077,26,21.0,2025-02-04
INV_00027,PRD_1906,WH_039,90,1.0,2025-02-21
INV_00028,PRD_0657,WH_073,0,0.0,2025-05-12
INV_00029,PRD_2215,WH_045,202,,2024-11-22
INV_00030,PRD_0646,WH_045,169,15.0,2025-10-16
INV_00031,PRD_3808,WH_005,172,22.0,
INV_00032,PRD_3581,WH_042,221,4.0,2025-06-06
INV_00033,PRD_3766,WH_016,87,16.0,2025-01-05
INV_00034,PRD_3564,WH_057,226,16.0,2024-01-13
INV_00035,PRD_3660,WH_077,250,30.0,2025-07-22
INV_00036,PRD_0355,WH_009,243,5.0,2024-03-09
INV_00037,PRD_4918,WH_018,15,4.0,2025-12-10
INV_00038,PRD_4005,WH_032,10,6.0,2024-01-03
INV_00039,PRD_1521,WH_038,87,4.0,2024-03-04
INV_00040,PRD_0922,WH_080,21,3.0,
INV_00041,PRD_0500,WH_018,101,30.0,2024-02-15
INV_00042,PRD_1666,WH_071,67,21.0,
INV_00043,PRD_1863,WH_059,30,13.0,2024-10-23
INV_00044,PRD_0067,WH_038,54,13.0,2024-09-09
INV_00045,PRD_4892,WH_044,299,13.0,2024-06-07
INV_00046,PRD_4155,WH_051,32,25.0,2025-08-06
INV_00047,PRD_3321,WH_068,148,17.0,2025-06-23
INV_00048,PRD_2079,WH_039,6,2.0,2024-05-24
INV_00049,PRD_0140,WH_066,359,,2024-07-16
INV_00050,PRD_1173,WH_068,139,3.0,2025-01-02
INV_00051,PRD_4626,WH_053,126,3.0,
INV_00052,PRD_2737,WH_074,338,27.0,2024-02-19
INV_00053,PRD_3556,WH_012,109,4.0,2024-07-08
INV_00054,PRD_2631,WH_021,0,0.0,2024-11-19
INV_00055,PRD_1529,WH_074,11,3.0,2024-04-18
INV_00056,PRD_3677,WH_080,50,25.0,
INV_00057,PRD_0874,WH_074,74,7.0,2024-01-19
INV_00058,PRD_0647,WH_028,205,27.0,2024-11-10
INV_00059,PRD_2211,WH_011,108,11.0,2025-01-01
INV_00060,PRD_4324,WH_053,8,1.0,2024-09-25
INV_00061,PRD_1773,WH_071,2,2.0,2025-06-23
INV_00062,PRD_2276,WH_061,278,18.0,2025-03-12
INV_00063,PRD_4840,WH_042,251,1.0,2024-12-05
INV_00064,PRD_3753,WH_027,184,26.0,2025-06-25
INV_00065,PRD_2364,WH_033,73,20.0,2025-04-09
INV_00066,PRD_4779,WH_046,12,9.0,2024-05-01
INV_00067,PRD_0761,WH_009,35,15.0,2024-05-05
INV_00068,PRD_0777,WH_011,89,17.0,2024-06-21
INV_00069,PRD_4427,WH_070,42,27.0,2025-08-22
INV_00070,PRD_0356,WH_078,190,,2025-11-19
INV_00071,PRD_3828,WH_046,25,12.0,2024-11-20
INV_00072,PRD_4918,WH_008,26,15.0,
INV_00073,PRD_2384,WH_016,78,7.0,2024-01-01
INV_00074,PRD_2424,WH_048,29,20.0,
INV_00075,PRD_2898,WH_056,82,9.0,2024-03-08
INV_00076,PRD_0411,WH_080,91,3.0,
INV_00077,PRD_0624,WH_039,0,,2025-08-04
INV_00078,PRD_3589,WH_011,197,,2024-04-13
INV_00079,PRD_3252,WH_051,17,15.0,2025-12-25
INV_00080,PRD_3780,WH_063,113,2.0,2025-04-24
INV_00081,PRD_2668,WH_080,85,8.0,2025-01-13
INV_00082,PRD_4303,WH_023,26,1.0,2024-10-23
INV_00083,PRD_2047,WH_027,194,23.0,2024-10-14
INV_00084,PRD_3304,WH_067,52,30.0,2024-10-07
INV_00085,PRD_0370,WH_018,181,23.0,2024-03-13
INV_00086,PRD_4614,WH_012,93,16.0,2024-03-26
INV_00087,PRD_0571,WH_025,212,5.0,2025-09-25
INV_00088,PRD_3769,WH_051,96,10.0,2025-02-09
INV_00089,PRD_2604,WH_030,18,,
INV_00090,PRD_0343,WH_037,176,11.0,2025-11-27
INV_00091,PRD_0201,WH_012,122,4.0,
INV_00092,PRD_0379,WH_006,0,0.0,2025-09-14
INV_00093,PRD_1483,WH_062,0,0.0,
INV_00094,PRD_3184,WH_038,171,11.0,
INV_00095,PRD_2553,WH_028,72,8.0,2024-02-13
INV_00096,PRD_1378,WH_077,87,21.0,2025-10-08
INV_00097,PRD_0255,WH_026,423,20.0,2024-08-01
INV_00098,PRD_1216,WH_037,0,0.0,2025-10-13
INV_00099,PRD_0924,WH_077,114,27.0,2025-07-16
INV_00100,PRD_4572,WH_035,150,27.0,2025-01-09
INV_00101,PRD_2757,WH_044,12,5.0,2024-04-26
INV_00102,PRD_2379,WH_048,12,5.0,2025-12-09
INV_00103,PRD_0323,WH_047,52,4.0,2024-03-02
INV_00104,PRD_3902,WH_021,8,8.0,2025-10-11
INV_00105,PRD_4541,WH_035,18,13.0,2024-11-09
INV_00106,PRD_4151,WH_013,4,1.0,2024-01-21
INV_00107,PRD_0539,WH_001,1,1.0,2024-01-14
INV_00108,PRD_4422,WH_065,92,10.0,2024-07-02
INV_00109,PRD_0369,WH_027,143,7.0,2025-04-25
INV_00110,PRD_3913,WH_002,44,7.0,2024-10-19
INV_00111,PRD_2979,WH_024,84,19.0,2025-09-09
INV_00112,PRD_1314,WH_039,163,27.0,
INV_00113,PRD_3176,WH_071,146,7.0,2025-10-23
INV_00114,PRD_2168,WH_027,0,0.0,2025-04-06
INV_00115,PRD_1506,WH_080,147,,2024-05-21
INV_00116,PRD_2395,WH_070,214,5.0,2024-01-25
INV_00117,PRD_0814,WH_053,64,21.0,
INV_00118,PRD_2002,WH_060,34,25.0,2024-10-03
INV_00119,PRD_1712,WH_031,34,27.0,2025-06-07
INV_00120,PRD_0457,WH_001,93,16.0,2025-07-20
INV_00121,PRD_3476,WH_027,70,8.0,2025-12-26
INV_00122,PRD_2289,WH_030,4,1.0,2025-05-19
INV_00123,PRD_0285,WH_053,248,17.0,2024-09-01
INV_00124,PRD_3455,WH_012,32,4.0,2025-06-22
INV_00125,PRD_3472,WH_051,141,19.0,2024-01-19
INV_00126,PRD_3523,WH_046,123,30.0,2025-12-27
INV_00127,PRD_2709,WH_038,21,9.0,2024-05-18
INV_00128,PRD_2026,WH_027,124,3.0,
INV_00129,PRD_3288,WH_033,160,7.0,
INV_00130,PRD_0075,WH_069,269,8.0,2024-04-17
INV_00131,PRD_1770,WH_011,0,0.0,2025-07-26
INV_00132,PRD_2173,WH_026,212,2.0,2025-05-19
INV_00133,PRD_0630,WH_061,248,4.0,2025-10-06
INV_00134,PRD_3505,WH_064,78,23.0,2025-09-19
INV_00135,PRD_4037,WH_076,91,30.0,2025-06-02
INV_00136,PRD_3708,WH_024,47,10.0,
INV_00137,PRD_2458,WH_058,201,29.0,
INV_00138,PRD_3007,WH_006,139,5.0,2025-08-05
INV_00139,PRD_0638,WH_064,95,,2025-11-04
INV_00140,PRD_4853,WH_074,36,8.0,2025-08-02
INV_00141,PRD_4385,WH_073,106,14.0,2024-12-12
INV_00142,PRD_2170,WH_039,142,16.0,2025-10-01
INV_00143,PRD_3337,WH_060,43,15.0,2024-09-02
INV_00144,PRD_2252,WH_007,278,29.0,2025-04-07
INV_00145,PRD_3463,WH_047,52,,2025-03-23
INV_00146,PRD_3143,WH_079,48,,2024-10-05
INV_00147,PRD_4784,WH_067,134,22.0,2024-12-19
INV_00148,PRD_1620,WH_062,97,29.0,2024-08-21
INV_00149,PRD_4893,WH_027,78,18.0,
INV_00150,PRD_1996,WH_071,36,25.0,2024-11-04
INV_00151,PRD_4708,WH_039,69,8.0,2025-02-23
INV_00152,PRD_0764,WH_019,161,22.0,2024-04-14
INV_00153,PRD_3012,WH_053,61,21.0,2024-02-27
INV_00154,PRD_3016,WH_045,175,,2025-12-05
INV_00155,PRD_1110,WH_038,41,,2025-04-16
INV_00156,PRD_0098,WH_029,2,,2025-08-24
INV_00157,PRD_3373,WH_060,0,0.0,2025-11-01
INV_00158,PRD_0038,WH_076,15,15.0,2025-04-18
INV_00159,PRD_1303,WH_026,106,,2024-04-20
INV_00160,PRD_2244,WH_002,228,9.0,2024-01-02
INV_00161,PRD_1993,WH_020,107,21.0,2025-03-17
INV_00162,PRD_2286,WH_021,60,29.0,2025-04-10
INV_00163,PRD_4301,WH_054,18,9.0,2025-06-06
INV_00164,PRD_4692,WH_034,7,3.0,2024-12-17
INV_00165,PRD_4747,WH_010,18,13.0,2024-02-21
INV_00166,PRD_4651,WH_078,56,10.0,2025-06-03
INV_00167,PRD_1118,WH_071,124,0.0,2024-04-08
INV_00168,PRD_3317,WH_062,51,25.0,2024-10-05
INV_00169,PRD_0938,WH_077,247,30.0,2024-11-21
INV_00170,PRD_4358,WH_003,101,4.0,2025-02-26
INV_00171,PRD_1420,WH_028,21,13.0,2024-11-24
INV_00172,PRD_2794,WH_080,0,0.0,2025-04-02
INV_00173,PRD_2513,WH_058,163,,2024-04-11
INV_00174,PRD_2272,WH_023,111,9.0,2024-06-15
INV_00175,PRD_1489,WH_059,31,21.0,2024-06-01
INV_00176,PRD_0279,WH_048,192,27.0,2025-08-20
INV_00177,PRD_4029,WH_036,48,20.0,
INV_00178,PRD_1050,WH_072,189,21.0,2025-04-22
INV_00179,PRD_3288,WH_045,295,27.0,2025-11-15
INV_00180,PRD_0070,WH_078,154,17.0,2025-08-17
INV_00181,PRD_3079,WH_079,70,,2025-10-26
INV_00182,PRD_2468,WH_028,225,17.0,2024-06-01
INV_00183,PRD_1471,WH_014,101,26.0,2025-09-15
INV_00184,PRD_3679,WH_005,306,30.0,2025-09-17
INV_00185,PRD_3616,WH_003,452,17.0,2025-04-09
INV_00186,PRD_4019,WH_016,46,2.0,
INV_00187,PRD_0305,WH_013,106,11.0,2024-09-05
INV_00188,PRD_4779,WH_006,33,17.0,2024-12-13
INV_00189,PRD_3866,WH_030,63,12.0,2024-10-10
INV_00190,PRD_4143,WH_007,226,6.0,2025-06-05
INV_00191,PRD_1600,WH_016,20,6.0,2025-10-10
INV_00192,PRD_4203,WH_061,151,24.0,2024-08-13
INV_00193,PRD_0144,WH_060,229,27.0,2025-06-20
INV_00194,PRD_3270,WH_013,134,18.0,
INV_00195,PRD_2753,WH_069,59,1.0,2024-04-05
INV_00196,PRD_1586,WH_072,15,10.0,2025-01-02
INV_00197,PRD_4731,WH_079,186,23.0,2025-04-03
INV_00198,PRD_1439,WH_005,55,2.0,2025-05-12
INV_00199,PRD_0686,WH_064,216,7.0,2024-08-12
INV_00200,PRD_4476,WH_053,44,18.0,2025-12-07
INV_00201,PRD_3954,WH_066,69,6.0,2025-02-24
INV_00202,PRD_3299,WH_059,203,25.0,2024-04-23
INV_00203,PRD_2767,WH_036,67,16.0,2025-03-27
INV_00204,PRD_1783,WH_007,6,1.0,2025-03-06
INV_00205,PRD_2482,WH_049,11,3.0,2024-04-10
INV_00206,PRD_0501,WH_004,81,15.0,2024-02-14
INV_00207,PRD_2813,WH_018,199,26.0,2025-04-27
INV_00208,PRD_4387,WH_039,23,20.0,2025-07-26
INV_00209,PRD_1198,WH_074,0,0.0,2024-08-25
INV_00210,PRD_0181,WH_038,133,9.0,2024-12-03
INV_00211,PRD_0462,WH_032,85,24.0,2025-10-07
INV_00212,PRD_3295,WH_049,16,10.0,2025-04-21
INV_00213,PRD_4600,WH_049,202,12.0,
INV_00214,PRD_2745,WH_012,38,17.0,2024-12-18
INV_00215,PRD_1915,WH_013,63,11.0,2024-06-04
INV_00216,PRD_2799,WH_050,84,14.0,2024-03-07
INV_00217,PRD_2657,WH_059,38,14.0,2024-06-08
INV_00218,PRD_0337,WH_008,65,25.0,2024-07-24
INV_00219,PRD_4496,WH_067,43,,2024-12-12
INV_00220,PRD_4749,WH_075,97,,2025-12-16
INV_00221,PRD_3663,WH_061,0,0.0,2025-03-16
INV_00222,PRD_4136,WH_009,4,4.0,
INV_00223,PRD_2980,WH_035,97,16.0,2024-10-12
INV_00224,PRD_1465,WH_062,107,6.0,2025-03-15
INV_00225,PRD_4411,WH_060,150,28.0,2024-10-25
INV_00226,PRD_0630,WH_039,392,21.0,2025-04-10
INV_00227,PRD_0716,WH_046,147,22.0,2024-02-09
INV_00228,PRD_1625,WH_038,78,24.0,2024-09-10
INV_00229,PRD_1232,WH_063,5,4.0,2024-03-10
INV_00230,PRD_2230,WH_075,8,7.0,2024-11-22
INV_00231,PRD_2549,WH_050,122,10.0,2025-10-27
INV_00232,PRD_0412,WH_061,0,0.0,2024-06-01
INV_00233,PRD_3118,WH_078,14,1.0,2025-11-08
INV_00234,PRD_3651,WH_006,22,2.0,2025-02-16
INV_00235,PRD_3738,WH_034,73,0.0,2025-10-06
INV_00236,PRD_0909,WH_020,58,24.0,2025-11-14
INV_00237,PRD_3037,WH_039,37,8.0,2024-09-14
INV_00238,PRD_1203,WH_003,86,15.0,2024-07-10
INV_00239,PRD_0833,WH_022,322,5.0,
INV_00240,PRD_1037,WH_050,283,13.0,2025-11-09
INV_00241,PRD_1494,WH_031,82,,2024-01-21
INV_00242,PRD_0354,WH_050,269,27.0,
INV_00243,PRD_0858,WH_010,0,0.0,2024-09-16
INV_00244,PRD_0579,WH_078,113,3.0,2025-03-13
INV_00245,PRD_0017,WH_048,259,28.0,2024-05-26
INV_00246,PRD_3823,WH_024,91,22.0,2024-06-22
INV_00247,PRD_0589,WH_037,155,,2024-09-17
INV_00248,PRD_0386,WH_059,155,12.0,2025-11-10
INV_00249,PRD_3127,WH_056,18,5.0,2025-01-17
INV_00250,PRD_3429,WH_019,282,11.0,2025-03-06
INV_00251,PRD_2470,WH_014,218,27.0,2025-12-09
INV_00252,PRD_2128,WH_019,253,,2025-09-21
INV_00253,PRD_3091,WH_009,87,22.0,2024-03-12
INV_00254,PRD_4593,WH_047,43,,2024-06-04
INV_00255,PRD_4595,WH_003,126,1.0,2024-10-03
INV_00256,PRD_4381,WH_029,124,30.0,2025-04-22
INV_00257,PRD_3835,WH_043,0,0.0,2024-01-18
INV_00258,PRD_4009,WH_075,101,22.0,2025-11-25
INV_00259,PRD_0282,WH_019,245,20.0,2025-10-25
INV_00260,PRD_2112,WH_039,93,24.0,2025-12-20
INV_00261,PRD_4030,WH_074,36,15.0,2024-01-23
INV_00262,PRD_2280,WH_079,61,30.0,2024-08-27
INV_00263,PRD_2692,WH_001,0,0.0,2024-02-08
INV_00264,PRD_3847,WH_072,158,6.0,2025-09-04
INV_00265,PRD_2345,WH_010,43,8.0,2025-03-11
INV_00266,PRD_1401,WH_024,207,25.0,2025-10-19
INV_00267,PRD_2784,WH_009,153,10.0,2025-02-27
INV_00268,PRD_1846,WH_074,0,0.0,2025-02-10
INV_00269,PRD_4106,WH_074,43,14.0,2025-12-11
INV_00270,PRD_0520,WH_006,67,17.0,2025-01-15
INV_00271,PRD_1997,WH_007,115,26.0,2025-07-06
INV_00272,PRD_4799,WH_020,63,1.0,2025-02-08
INV_00273,PRD_4719,WH_037,7,0.0,2025-11-20
INV_00274,PRD_2778,WH_004,121,,2025-01-11
INV_00275,PRD_0641,WH_064,249,19.0,
INV_00276,PRD_0528,WH_038,120,9.0,2025-03-08
INV_00277,PRD_3654,WH_055,196,21.0,2025-09-24
INV_00278,PRD_4930,WH_010,107,30.0,2025-01-14
INV_00279,PRD_4592,WH_005,112,,2025-09-03
INV_00280,PRD_1889,WH_028,351,0.0,2025-03-01
INV_00281,PRD_4510,WH_066,166,,2025-12-10
INV_00282,PRD_4565,WH_062,16,15.0,2025-11-12
INV_00283,PRD_2188,WH_055,120,3.0,2025-03-09
INV_00284,PRD_3042,WH_011,82,18.0,2024-04-06
INV_00285,PRD_0224,WH_029,140,15.0,2024-06-04
INV_00286,PRD_2969,WH_031,56,30.0,2025-12-05
INV_00287,PRD_2021,WH_009,106,5.0,2025-09-02
INV_00288,PRD_2672,WH_038,31,21.0,2024-12-20
INV_00289,PRD_2797,WH_080,99,11.0,2024-11-22
INV_00290,PRD_4585,WH_042,130,16.0,2024-04-13
INV_00291,PRD_4340,WH_018,13,9.0,2024-02-18
INV_00292,PRD_0022,WH_075,2,2.0,2024-11-04
INV_00293,PRD_2019,WH_052,100,21.0,2024-09-11
INV_00294,PRD_4189,WH_060,270,15.0,2025-12-13
INV_00295,PRD_0991,WH_050,229,26.0,
INV_00296,PRD_1371,WH_076,168,18.0,2024-11-10
INV_00297,PRD_3055,WH_075,89,14.0,
INV_00298,PRD_3007,WH_022,171,,2025-03-09
INV_00299,PRD_4737,WH_022,47,5.0,2025-08-14
INV_00300,PRD_2171,WH_033,69,16.0,2025-07-09
INV_00301,PRD_1766,WH_077,134,17.0,2025-02-10
INV_00302,PRD_0068,WH_007,1,0.0,2025-03-02
INV_00303,PRD_4023,WH_022,150,3.0,2024-03-09
INV_00304,PRD_2933,WH_078,44,27.0,2025-07-15
INV_00305,PRD_0386,WH_044,242,18.0,
INV_00306,PRD_1831,WH_044,3,,2024-07-26
INV_00307,PRD_1846,WH_025,203,17.0,2025-06-09
INV_00308,PRD_4545,WH_016,35,16.0,2025-12-04
INV_00309,PRD_2539,WH_071,280,15.0,2024-08-10
INV_00310,PRD_2850,WH_052,58,,2024-07-10
INV_00311,PRD_0966,WH_050,144,22.0,2025-02-09
INV_00312,PRD_4440,WH_072,122,10.0,2024-01-04
INV_00313,PRD_0399,WH_029,233,13.0,2025-09-13
INV_00314,PRD_4116,WH_043,0,0.0,2025-12-16
INV_00315,PRD_2075,WH_023,36,18.0,2025-02-06
INV_00316,PRD_3726,WH_033,40,19.0,2024-10-06
INV_00317,PRD_4617,WH_057,0,0.0,2024-05-12
INV_00318,PRD_3669,WH_080,9,8.0,2024-03-17
INV_00319,PRD_0652,WH_038,106,,2025-03-14
INV_00320,PRD_4417,WH_048,234,21.0,2025-05-12
INV_00321,PRD_2727,WH_055,206,1.0,2025-12-21
INV_00322,PRD_2202,WH_007,123,,2025-10-20
INV_00323,PRD_1774,WH_013,15,3.0,2025-04-11
INV_00324,PRD_0604,WH_017,217,8.0,2024-03-23
INV_00325,PRD_4861,WH_068,14,14.0,2025-09-02
INV_00326,PRD_3227,WH_044,124,25.0,
INV_00327,PRD_0998,WH_002,5,1.0,2025-07-13
INV_00328,PRD_3454,WH_052,16,7.0,2025-01-17
INV_00329,PRD_2140,WH_046,59,0.0,2024-10-24
INV_00330,PRD_0210,WH_078,47,1.0,2024-07-25
INV_00331,PRD_2076,WH_059,33,16.0,2024-10-06
INV_00332,PRD_2706,WH_047,37,29.0,2025-02-24
INV_00333,PRD_4734,WH_064,17,6.0,2024-03-07
INV_00334,PRD_4134,WH_035,23,6.0,2025-12-15
INV_00335,PRD_3592,WH_068,31,10.0,2025-03-19
INV_00336,PRD_3317,WH_078,183,27.0,2025-09-26
INV_00337,PRD_1243,WH_066,376,15.0,2024-12-07
INV_00338,PRD_0102,WH_061,257,19.0,2024-11-17
INV_00339,PRD_2078,WH_049,211,15.0,2024-12-02
INV_00340,PRD_2515,WH_028,59,6.0,2025-10-05
INV_00341,PRD_2397,WH_044,0,0.0,
INV_00342,PRD_1158,WH_079,83,21.0,2024-04-20
INV_00343,PRD_0856,WH_011,0,0.0,2024-08-15
INV_00344,PRD_0214,WH_026,152,16.0,2024-06-21
INV_00345,PRD_3276,WH_072,94,12.0,2024-08-11
INV_00346,PRD_4713,WH_069,87,17.0,2024-01-22
INV_00347,PRD_2586,WH_019,156,28.0,2024-05-24
INV_00348,PRD_2818,WH_015,166,3.0,2025-11-27
INV_00349,PRD_1301,WH_050,164,25.0,2024-02-07
INV_00350,PRD_0884,WH_069,65,15.0,2024-06-03
INV_00351,PRD_2744,WH_032,77,22.0,
INV_00352,PRD_4217,WH_053,123,9.0,2025-12-08
INV_00353,PRD_2557,WH_002,89,25.0,2024-11-20
INV_00354,PRD_1537,WH_078,135,2.0,2025-02-03
INV_00355,PRD_3613,WH_069,68,8.0,
INV_00356,PRD_1577,WH_080,149,23.0,2025-09-14
INV_00357,PRD_2766,WH_063,65,1.0,2024-02-27
INV_00358,PRD_4900,WH_080,37,6.0,2025-04-14
INV_00359,PRD_0111,WH_005,163,22.0,2025-10-25
INV_00360,PRD_4173,WH_061,27,18.0,2024-09-21
INV_00361,PRD_0197,WH_050,87,14.0,2025-07-04
INV_00362,PRD_3546,WH_043,225,17.0,2025-12-15
INV_00363,PRD_4808,WH_068,56,16.0,2025-12-03
INV_00364,PRD_1829,WH_040,62,,2025-07-27
INV_00365,PRD_0253,WH_071,250,29.0,2025-07-03
INV_00366,PRD_3069,WH_044,171,9.0,2024-02-12
INV_00367,PRD_3198,WH_073,269,,2025-06-12
INV_00368,PRD_4881,WH_076,19,,2024-03-06
INV_00369,PRD_3036,WH_035,69,1.0,2025-11-27
INV_00370,PRD_0127,WH_019,151,30.0,2024-03-11
INV_00371,PRD_1281,WH_010,58,,2025-04-16
INV_00372,PRD_3679,WH_064,58,1.0,2024-05-18
INV_00373,PRD_2833,WH_027,54,5.0,2024-02-15
INV_00374,PRD_4611,WH_064,45,6.0,
INV_00375,PRD_0775,WH_024,0,,2025-07-21
INV_00376,PRD_3481,WH_033,470,11.0,2025-08-10
INV_00377,PRD_0821,WH_032,0,0.0,2024-04-18
INV_00378,PRD_4654,WH_064,107,,2024-02-06
INV_00379,PRD_2803,WH_055,59,29.0,2024-07-12
INV_00380,PRD_4472,WH_057,31,9.0,2024-02-09
INV_00381,PRD_3799,WH_018,23,19.0,2024-09-14
INV_00382,PRD_2596,WH_028,3,0.0,2024-07-04
INV_00383,PRD_2061,WH_010,73,15.0,2025-10-15
INV_00384,PRD_1074,WH_070,42,5.0,2025-04-24
INV_00385,PRD_2830,WH_001,55,3.0,2024-06-22
INV_00386,PRD_2755,WH_047,116,12.0,2025-04-06
INV_00387,PRD_1415,WH_005,58,7.0,2025-05-04
INV_00388,PRD_3237,WH_051,157,4.0,2024-10-08
INV_00389,PRD_1730,WH_030,34,11.0,
INV_00390,PRD_1343,WH_051,151,14.0,2024-06-22
INV_00391,PRD_2297,WH_023,75,26.0,2025-06-11
INV_00392,PRD_0091,WH_039,60,25.0,2024-10-05
INV_00393,PRD_2090,WH_037,134,21.0,2024-05-22
INV_00394,PRD_0638,WH_008,208,18.0,2024-01-01
INV_00395,PRD_2581,WH_077,309,13.0,2024-08-12
INV_00396,PRD_1698,WH_002,61,7.0,2025-12-09
INV_00397,PRD_4449,WH_008,165,24.0,2025-01-13
INV_00398,PRD_0830,WH_031,0,0.0,
INV_00399,PRD_1667,WH_063,0,0.0,2024-08-12
INV_00400,PRD_2746,WH_053,62,24.0,2025-10-27
INV_00401,PRD_1262,WH_034,54,11.0,2024-09-14
INV_00402,PRD_0223,WH_026,156,19.0,2024-02-27
INV_00403,PRD_1596,WH_037,7,0.0,2025-09-03
INV_00404,PRD_3857,WH_064,29,19.0,2025-05-12
INV_00405,PRD_0834,WH_023,145,2.0,2025-05-01
INV_00406,PRD_1752,WH_013,33,29.0,2024-10-10
INV_00407,PRD_2828,WH_022,125,15.0,2025-04-25
INV_00408,PRD_0907,WH_043,31,13.0,2024-12-05
INV_00409,PRD_4781,WH_053,145,,2024-05-16
INV_00410,PRD_0483,WH_068,45,,2024-01-18
INV_00411,PRD_0085,WH_002,0,0.0,2025-09-23
INV_00412,PRD_0942,WH_051,96,17.0,2024-03-10
INV_00413,PRD_3352,WH_031,72,1.0,2025-01-25
INV_00414,PRD_3973,WH_078,78,27.0,2024-04-07
INV_00415,PRD_4177,WH_056,3,3.0,
INV_00416,PRD_2814,WH_030,184,13.0,2025-04-10
INV_00417,PRD_0031,WH_051,124,23.0,2024-02-11
INV_00418,PRD_1962,WH_037,19,19.0,2024-10-26
INV_00419,PRD_3115,WH_068,31,2.0,2024-08-08
INV_00420,PRD_2004,WH_021,0,,2024-06-20
INV_00421,PRD_4921,WH_061,28,19.0,2025-06-02
INV_00422,PRD_3822,WH_014,176,27.0,2024-11-11
INV_00423,PRD_4334,WH_056,93,,2024-05-24
INV_00424,PRD_1079,WH_059,51,29.0,2024-09-16
INV_00425,PRD_3281,WH_009,60,,2025-05-05
INV_00426,PRD_2106,WH_044,170,5.0,2024-06-08
INV_00427,PRD_3627,WH_064,154,5.0,2025-12-16
INV_00428,PRD_1977,WH_068,72,20.0,2024-01-21
INV_00429,PRD_4596,WH_056,190,29.0,2025-06-19
INV_00430,PRD_1887,WH_047,57,19.0,2024-03-02
INV_00431,PRD_4668,WH_074,165,6.0,2024-08-13
INV_00432,PRD_0303,WH_046,27,14.0,2025-07-17
INV_00433,PRD_2254,WH_044,52,4.0,2025-10-19
INV_00434,PRD_2324,WH_009,18,,2024-02-06
INV_00435,PRD_3526,WH_047,35,18.0,2024-07-07
INV_00436,PRD_3949,WH_048,78,0.0,2024-07-07
INV_00437,PRD_1763,WH_050,50,5.0,2024-02-19
INV_00438,PRD_0616,WH_078,135,28.0,2024-02-25
INV_00439,PRD_2188,WH_046,66,,2024-10-06
INV_00440,PRD_2515,WH_030,53,22.0,
INV_00441,PRD_4767,WH_014,136,7.0,2024-06-18
INV_00442,PRD_4146,WH_027,24,20.0,2024-11-04
INV_00443,PRD_4765,WH_076,193,4.0,2025-06-14
INV_00444,PRD_4262,WH_036,90,1.0,2024-02-18
INV_00445,PRD_3200,WH_068,77,27.0,2025-01-13
INV_00446,PRD_4750,WH_027,145,11.0,2024-06-07
INV_00447,PRD_2555,WH_035,1,1.0,2024-05-01
INV_00448,PRD_4459,WH_051,0,0.0,2025-10-01
INV_00449,PRD_1704,WH_004,57,13.0,2024-01-12
INV_00450,PRD_2399,WH_024,128,22.0,2024-07-03
INV_00451,PRD_1029,WH_031,97,,2025-10-03
INV_00452,PRD_2964,WH_034,0,0.0,
INV_00453,PRD_2882,WH_005,154,5.0,2024-02-08
INV_00454,PRD_2105,WH_038,97,4.0,2024-10-07
INV_00455,PRD_2307,WH_037,163,10.0,2024-02-05
INV_00456,PRD_4318,WH_052,51,7.0,2025-11-17
INV_00457,PRD_2032,WH_057,15,0.0,
INV_00458,PRD_1862,WH_005,35,21.0,2024-04-11
INV_00459,PRD_0677,WH_043,0,0.0,2025-02-10
INV_00460,PRD_2864,WH_068,148,29.0,2024-09-14
INV_00461,PRD_1030,WH_013,60,6.0,
INV_00462,PRD_0952,WH_010,160,18.0,2024-05-03
INV_00463,PRD_0296,WH_011,0,0.0,2024-02-23
INV_00464,PRD_1341,WH_021,88,21.0,2025-07-22
INV_00465,PRD_3452,WH_025,124,,2024-03-09
INV_00466,PRD_1396,WH_055,52,25.0,2025-11-18
INV_00467,PRD_2193,WH_065,303,0.0,
INV_00468,PRD_2714,WH_038,155,,2024-02-23
INV_00469,PRD_2829,WH_022,104,14.0,2024-07-07
INV_00470,PRD_3952,WH_007,17,15.0,2025-08-03
INV_00471,PRD_1794,WH_078,151,14.0,2024-10-02
INV_00472,PRD_0106,WH_012,251,30.0,2025-11-15
INV_00473,PRD_1482,WH_030,72,12.0,2024-10-09
INV_00474,PRD_1231,WH_002,0,0.0,2024-06-24
INV_00475,PRD_3106,WH_003,25,,2025-07-20
INV_00476,PRD_0036,WH_033,0,0.0,2025-04-22
INV_00477,PRD_1662,WH_078,70,26.0,2025-11-07
INV_00478,PRD_1197,WH_033,261,7.0,
INV_00479,PRD_0767,WH_039,0,,2025-10-18
INV_00480,PRD_1648,WH_072,46,17.0,2025-04-05
INV_00481,PRD_1137,WH_012,99,30.0,2024-04-23
INV_00482,PRD_2240,WH_052,193,9.0,2024-01-18
INV_00483,PRD_2820,WH_019,120,16.0,2025-10-12
INV_00484,PRD_0681,WH_004,42,12.0,2025-11-03
INV_00485,PRD_3440,WH_072,48,9.0,2024-06-01
INV_00486,PRD_1106,WH_007,237,4.0,2024-06-12
INV_00487,PRD_4129,WH_061,40,6.0,2025-12-01
INV_00488,PRD_4723,WH_026,35,24.0,
INV_00489,PRD_2807,WH_062,173,21.0,2024-10-27
INV_00490,PRD_4704,WH_058,0,,2024-11-05
INV_00491,PRD_2114,WH_022,103,,2025-08-23
INV_00492,PRD_4225,WH_043,57,,2025-01-08
INV_00493,PRD_1422,WH_026,94,17.0,2025-10-12
INV_00494,PRD_2822,WH_059,73,,2024-08-12
INV_00495,PRD_3546,WH_075,52,,
INV_00496,PRD_3394,WH_061,19,9.0,2024-09-21
INV_00497,PRD_2653,WH_044,172,5.0,
INV_00498,PRD_1072,WH_013,236,4.0,2025-09-12
INV_00499,PRD_0251,WH_009,9,2.0,
INV_00500,PRD_3405,WH_033,0,0.0,2025-07-04
INV_00501,PRD_3955,WH_051,120,19.0,2025-03-17
INV_00502,PRD_4953,WH_032,50,5.0,
INV_00503,PRD_2689,WH_006,88,16.0,2024-06-10
INV_00504,PRD_3343,WH_078,368,0.0,2025-05-10
INV_00505,PRD_4125,WH_067,121,26.0,2024-12-02
INV_00506,PRD_4817,WH_048,0,0.0,2024-01-04
INV_00507,PRD_2730,WH_062,100,4.0,2025-01-26
INV_00508,PRD_3721,WH_040,1,0.0,2025-04-07
INV_00509,PRD_1765,WH_042,14,13.0,2025-02-01
INV_00510,PRD_2742,WH_058,181,21.0,2025-06-18
INV_00511,PRD_1983,WH_052,144,27.0,2025-07-22
INV_00512,PRD_4909,WH_055,29,24.0,2025-02-07
INV_00513,PRD_1297,WH_032,131,2.0,2025-12-02
INV_00514,PRD_2049,WH_018,7,7.0,2024-03-12
INV_00515,PRD_2759,WH_052,55,26.0,2025-02-21
INV_00516,PRD_2713,WH_006,155,18.0,2024-06-17
INV_00517,PRD_2310,WH_061,241,16.0,2024-08-24
INV_00518,PRD_1092,WH_027,92,5.0,2025-09-23
INV_00519,PRD_4494,WH_067,50,26.0,2025-03-24
INV_00520,PRD_0642,WH_012,63,24.0,2024-03-25
INV_00521,PRD_4986,WH_050,51,11.0,2025-12-08
INV_00522,PRD_1080,WH_029,40,10.0,2025-03-27
INV_00523,PRD_3788,WH_029,89,11.0,2025-03-16
INV_00524,PRD_2954,WH_019,31,22.0,2025-12-04
INV_00525,PRD_0723,WH_013,18,9.0,2025-02-12
INV_00526,PRD_2461,WH_052,72,0.0,2025-07-06
INV_00527,PRD_2942,WH_075,211,8.0,2024-12-05
INV_00528,PRD_3215,WH_047,194,18.0,2024-07-10
INV_00529,PRD_1807,WH_067,43,30.0,2025-11-11
INV_00530,PRD_2420,WH_038,56,19.0,2025-08-19
INV_00531,PRD_2190,WH_052,125,29.0,
INV_00532,PRD_2297,WH_079,113,16.0,2025-08-18
INV_00533,PRD_2976,WH_040,27,8.0,2024-08-16
INV_00534,PRD_4688,WH_005,166,15.0,2025-04-23
INV_00535,PRD_1046,WH_070,113,23.0,2024-07-20
INV_00536,PRD_3845,WH_064,78,25.0,2024-08-10
INV_00537,PRD_3276,WH_050,195,20.0,2024-05-14
INV_00538,PRD_0521,WH_079,235,9.0,
INV_00539,PRD_3861,WH_001,76,8.0,
INV_00540,PRD_2976,WH_039,23,6.0,2024-05-06
INV_00541,PRD_0407,WH_070,381,18.0,
INV_00542,PRD_4093,WH_004,0,0.0,2025-11-25
INV_00543,PRD_2251,WH_022,105,7.0,2025-03-02
INV_00544,PRD_3225,WH_066,94,13.0,2025-05-22
INV_00545,PRD_0944,WH_065,47,2.0,2024-04-22
INV_00546,PRD_3777,WH_028,60,17.0,2024-09-03
INV_00547,PRD_3238,WH_042,96,3.0,2025-06-01
INV_00548,PRD_4961,WH_054,9,8.0,
INV_00549,PRD_0907,WH_075,45,15.0,2025-07-04
INV_00550,PRD_0151,WH_032,3,2.0,2025-01-18
INV_00551,PRD_2686,WH_046,109,10.0,2024-01-18
INV_00552,PRD_1362,WH_056,109,25.0,2025-09-07
INV_00553,PRD_2822,WH_044,39,13.0,2025-08-15
INV_00554,PRD_4625,WH_015,250,11.0,2025-09-02
INV_00555,PRD_1849,WH_063,44,23.0,2024-05-05
INV_00556,PRD_2978,WH_064,0,0.0,2025-05-18
INV_00557,PRD_0860,WH_050,296,4.0,2024-03-17
INV_00558,PRD_3789,WH_067,43,17.0,2025-12-14
INV_00559,PRD_0905,WH_020,372,29.0,2025-02-07
INV_00560,PRD_3603,WH_054,273,27.0,
INV_00561,PRD_3051,WH_077,86,24.0,2025-09-27
INV_00562,PRD_0806,WH_019,145,16.0,2024-01-16
INV_00563,PRD_3854,WH_008,44,24.0,2025-07-15
INV_00564,PRD_4789,WH_071,62,18.0,2024-09-05
INV_00565,PRD_2173,WH_006,334,27.0,2024-06-11
INV_00566,PRD_1568,WH_010,74,12.0,2025-10-20
INV_00567,PRD_1399,WH_035,17,4.0,2024-01-01
INV_00568,PRD_3344,WH_017,27,4.0,2024-07-16
INV_00569,PRD_3966,WH_074,82,30.0,2025-02-13
INV_00570,PRD_1049,WH_018,115,20.0,2025-11-26
INV_00571,PRD_2246,WH_061,67,1.0,2025-08-22
INV_00572,PRD_1695,WH_013,76,19.0,2024-09-10
INV_00573,PRD_2149,WH_044,99,13.0,2025-03-04
INV_00574,PRD_4839,WH_042,71,23.0,2024-12-09
INV_00575,PRD_4473,WH_010,43,22.0,2024-02-04
INV_00576,PRD_1130,WH_050,0,0.0,2024-08-04
INV_00577,PRD_2375,WH_058,42,,2024-04-19
INV_00578,PRD_3902,WH_047,16,9.0,2025-02-14
INV_00579,PRD_2706,WH_070,249,9.0,2025-08-01
INV_00580,PRD_0932,WH_025,174,7.0,2025-03-18
INV_00581,PRD_0400,WH_057,587,20.0,2024-05-13
INV_00582,PRD_0277,WH_080,201,6.0,2025-07-27
INV_00583,PRD_1302,WH_024,9,5.0,2025-01-09
INV_00584,PRD_4214,WH_058,29,,2024-05-07
INV_00585,PRD_0881,WH_022,133,3.0,2025-10-04
INV_00586,PRD_3403,WH_069,85,4.0,2025-04-06
INV_00587,PRD_0868,WH_055,249,7.0,2024-02-18
INV_00588,PRD_4255,WH_019,23,0.0,2024-12-11
INV_00589,PRD_4498,WH_015,227,2.0,2024-09-08
INV_00590,PRD_0235,WH_009,0,0.0,2024-01-25
INV_00591,PRD_3480,WH_012,106,9.0,2024-03-13
INV_00592,PRD_2331,WH_051,230,,2024-10-20
INV_00593,PRD_1146,WH_029,147,17.0,2025-10-06
INV_00594,PRD_0761,WH_035,40,4.0,2024-06-07
INV_00595,PRD_3112,WH_053,61,15.0,2024-12-12
INV_00596,PRD_2163,WH_046,149,22.0,
INV_00597,PRD_1587,WH_054,25,,2024-09-05
INV_00598,PRD_0354,WH_076,541,22.0,2025-02-19
INV_00599,PRD_2476,WH_010,0,0.0,2025-02-26
INV_00600,PRD_2793,WH_075,113,17.0,2024-06-05
INV_00601,PRD_1811,WH_011,154,30.0,2025-05-02
INV_00602,PRD_2320,WH_071,231,11.0,2024-03-27
INV_00603,PRD_3080,WH_008,93,,2024-11-21
INV_00604,PRD_2743,WH_019,0,0.0,2024-09-06
INV_00605,PRD_3518,WH_028,100,,2024-10-25
INV_00606,PRD_4067,WH_072,73,5.0,2025-04-12
INV_00607,PRD_4090,WH_067,105,17.0,2025-03-03
INV_00608,PRD_0029,WH_072,40,21.0,2024-09-01
INV_00609,PRD_0978,WH_007,429,14.0,2024-05-20
INV_00610,PRD_4450,WH_048,31,24.0,2024-09-20
INV_00611,PRD_1774,WH_077,209,24.0,2025-01-21
INV_00612,PRD_2037,WH_069,1,1.0,2025-12-21
INV_00613,PRD_1147,WH_055,107,26.0,2024-02-06
INV_00614,PRD_4732,WH_045,223,2.0,
INV_00615,PRD_2882,WH_064,118,4.0,2025-02-15
INV_00616,PRD_2906,WH_002,79,19.0,2025-04-07
INV_00617,PRD_1693,WH_027,102,27.0,2024-10-16
INV_00618,PRD_4637,WH_046,25,9.0,2024-06-20
INV_00619,PRD_0349,WH_022,535,6.0,2025-11-17
INV_00620,PRD_4072,WH_013,71,30.0,2025-12-26
INV_00621,PRD_3197,WH_031,87,5.0,2024-05-27
INV_00622,PRD_3716,WH_052,0,0.0,2025-03-08
INV_00623,PRD_2242,WH_069,265,29.0,
INV_00624,PRD_0824,WH_070,207,30.0,2024-09-03
INV_00625,PRD_3534,WH_006,76,25.0,2025-04-04
INV_00626,PRD_3872,WH_041,100,2.0,2024-09-11
INV_00627,PRD_0231,WH_043,27,25.0,2025-12-16
INV_00628,PRD_3182,WH_016,148,9.0,2025-07-05
INV_00629,PRD_2943,WH_013,150,28.0,2024-05-06
INV_00630,PRD_0252,WH_065,216,12.0,2025-01-21
INV_00631,PRD_0481,WH_013,323,0.0,2024-10-15
INV_00632,PRD_1056,WH_027,201,13.0,2024-07-22
INV_00633,PRD_3374,WH_074,203,7.0,2025-04-20
INV_00634,PRD_2208,WH_035,78,,
INV_00635,PRD_2446,WH_014,291,29.0,2025-11-17
INV_00636,PRD_3094,WH_011,73,27.0,2025-07-14
INV_00637,PRD_2928,WH_026,243,16.0,2025-12-16
INV_00638,PRD_3881,WH_012,12,11.0,2025-12-05
INV_00639,PRD_3835,WH_058,125,,2025-07-23
INV_00640,PRD_0168,WH_050,96,,2024-09-22
INV_00641,PRD_2713,WH_022,140,8.0,2024-04-02
INV_00642,PRD_1184,WH_029,13,2.0,2025-04-10
INV_00643,PRD_3850,WH_079,80,27.0,2025-03-08
INV_00644,PRD_2151,WH_037,31,3.0,2025-07-14
INV_00645,PRD_1087,WH_001,0,0.0,2024-05-05
INV_00646,PRD_3584,WH_063,236,28.0,2024-10-15
INV_00647,PRD_2257,WH_063,134,16.0,2024-08-06
INV_00648,PRD_3056,WH_014,192,2.0,2025-05-13
INV_00649,PRD_1785,WH_043,0,0.0,2024-11-01
INV_00650,PRD_2951,WH_032,19,19.0,2025-12-08
INV_00651,PRD_0851,WH_052,47,10.0,2025-01-16
INV_00652,PRD_0980,WH_052,197,6.0,2025-05-04
INV_00653,PRD_3528,WH_016,143,7.0,2025-03-25
INV_00654,PRD_0798,WH_006,240,3.0,2024-05-27
INV_00655,PRD_3520,WH_043,143,9.0,2024-11-10
INV_00656,PRD_2508,WH_003,46,5.0,2024-02-10
INV_00657,PRD_3937,WH_041,144,7.0,2025-10-13
INV_00658,PRD_1002,WH_058,89,9.0,2025-06-12
INV_00659,PRD_0673,WH_069,247,,2025-05-19
INV_00660,PRD_2006,WH_059,0,0.0,2024-01-01
INV_00661,PRD_0313,WH_070,101,13.0,2025-09-09
INV_00662,PRD_4634,WH_049,109,2.0,
INV_00663,PRD_3350,WH_048,193,17.0,2024-03-17
INV_00664,PRD_1711,WH_057,15,,2025-04-17
INV_00665,PRD_3066,WH_060,185,1.0,2025-05-16
INV_00666,PRD_1891,WH_074,27,27.0,2025-10-14
INV_00667,PRD_4432,WH_012,118,5.0,2025-07-25
INV_00668,PRD_2778,WH_045,72,24.0,2024-12-18
INV_00669,PRD_1653,WH_064,29,17.0,2025-02-22
INV_00670,PRD_2908,WH_020,274,2.0,2024-08-08
INV_00671,PRD_1540,WH_072,23,11.0,2025-04-09
INV_00672,PRD_1525,WH_059,51,16.0,2025-01-15
INV_00673,PRD_0345,WH_030,0,0.0,
INV_00674,PRD_2619,WH_012,71,,2024-04-24
INV_00675,PRD_0237,WH_019,34,,2024-06-20
INV_00676,PRD_4291,WH_018,93,14.0,2024-10-19
INV_00677,PRD_3031,WH_074,11,11.0,2024-03-20
INV_00678,PRD_1375,WH_043,0,,2025-05-03
INV_00679,PRD_0867,WH_055,5,3.0,2024-07-09
INV_00680,PRD_3006,WH_061,199,24.0,2025-06-12
INV_00681,PRD_4876,WH_034,136,,2024-10-09
INV_00682,PRD_0037,WH_062,20,4.0,2024-05-08
INV_00683,PRD_2215,WH_063,72,13.0,2025-06-17
INV_00684,PRD_2585,WH_076,169,25.0,2025-12-06
INV_00685,PRD_4115,WH_056,0,0.0,2025-12-11
INV_00686,PRD_1053,WH_038,191,22.0,2025-09-24
INV_00687,PRD_0931,WH_061,379,27.0,
INV_00688,PRD_3769,WH_018,111,1.0,2024-06-02
INV_00689,PRD_0644,WH_006,0,0.0,2025-04-15
INV_00690,PRD_4372,WH_015,10,2.0,2025-12-13
INV_00691,PRD_2639,WH_029,306,23.0,2024-06-02
INV_00692,PRD_0919,WH_076,245,26.0,2024-06-25
INV_00693,PRD_2674,WH_034,199,20.0,2024-10-05
INV_00694,PRD_0231,WH_021,41,6.0,2024-04-23
INV_00695,PRD_1312,WH_034,50,5.0,2025-12-08
INV_00696,PRD_1967,WH_080,107,17.0,2025-11-20
INV_00697,PRD_1510,WH_058,53,10.0,2025-08-15
INV_00698,PRD_3095,WH_018,35,,2024-01-03
INV_00699,PRD_0818,WH_048,45,8.0,
INV_00700,PRD_3200,WH_060,141,22.0,2024-01-26
INV_00701,PRD_1503,WH_054,35,,
INV_00702,PRD_0266,WH_018,190,13.0,2025-03-01
INV_00703,PRD_2604,WH_049,0,0.0,2025-09-24
INV_00704,PRD_0371,WH_043,170,23.0,
INV_00705,PRD_2424,WH_015,32,16.0,2024-10-05
INV_00706,PRD_0021,WH_058,126,5.0,2025-07-19
INV_00707,PRD_2442,WH_012,182,13.0,2024-07-17
INV_00708,PRD_1564,WH_059,42,26.0,2024-02-18
INV_00709,PRD_4636,WH_068,198,0.0,2025-02-04
INV_00710,PRD_1494,WH_010,43,3.0,2024-09-17
INV_00711,PRD_4862,WH_068,41,22.0,2025-12-21
INV_00712,PRD_2739,WH_050,228,2.0,2024-10-15
INV_00713,PRD_1353,WH_032,7,3.0,2025-01-17
INV_00714,PRD_3870,WH_038,126,3.0,2025-06-23
INV_00715,PRD_2581,WH_041,25,8.0,2025-12-21
INV_00716,PRD_2201,WH_079,242,18.0,2024-06-17
INV_00717,PRD_4270,WH_011,273,2.0,2024-07-07
INV_00718,PRD_3259,WH_038,48,0.0,2024-09-08
INV_00719,PRD_2996,WH_065,24,23.0,2025-08-19
INV_00720,PRD_2624,WH_054,167,,2024-04-27
INV_00721,PRD_3797,WH_045,38,24.0,2024-11-05
INV_00722,PRD_2093,WH_034,33,18.0,2024-09-16
INV_00723,PRD_4738,WH_031,150,10.0,2024-10-02
INV_00724,PRD_1134,WH_020,178,4.0,2024-07-25
INV_00725,PRD_2888,WH_051,29,7.0,2024-02-12
INV_00726,PRD_1668,WH_027,24,7.0,2024-03-25
INV_00727,PRD_1420,WH_054,10,7.0,2025-05-22
INV_00728,PRD_3669,WH_036,115,9.0,2024-08-11
INV_00729,PRD_2221,WH_029,75,29.0,2024-05-16
INV_00730,PRD_0656,WH_001,173,16.0,2024-10-07
INV_00731,PRD_2275,WH_001,17,10.0,2025-09-27
INV_00732,PRD_1009,WH_043,241,18.0,2025-05-11
INV_00733,PRD_1660,WH_042,19,6.0,2024-10-22
INV_00734,PRD_2444,WH_021,494,10.0,2024-12-04
INV_00735,PRD_1782,WH_037,40,8.0,2025-09-11
INV_00736,PRD_2311,WH_028,109,19.0,2025-07-04
INV_00737,PRD_1162,WH_079,0,0.0,2025-10-24
INV_00738,PRD_2207,WH_033,1,1.0,2025-12-19
INV_00739,PRD_4759,WH_042,37,29.0,2025-08-11
INV_00740,PRD_4185,WH_018,186,3.0,2024-04-12
INV_00741,PRD_0770,WH_080,260,21.0,2024-05-10
INV_00742,PRD_2296,WH_009,66,23.0,2025-07-08
INV_00743,PRD_3246,WH_005,52,7.0,2024-06-03
INV_00744,PRD_0718,WH_034,56,7.0,2024-07-10
INV_00745,PRD_3502,WH_070,34,,2025-01-26
INV_00746,PRD_2677,WH_020,246,17.0,2025-08-12
INV_00747,PRD_1808,WH_064,0,0.0,2024-05-16
INV_00748,PRD_2264,WH_069,205,,2024-01-22
INV_00749,PRD_2729,WH_004,225,19.0,2025-03-14
INV_00750,PRD_4841,WH_044,115,18.0,2025-02-04
INV_00751,PRD_0848,WH_015,33,10.0,2024-02-27
INV_00752,PRD_4119,WH_054,45,16.0,2024-02-21
INV_00753,PRD_2290,WH_062,95,30.0,2024-06-20
INV_00754,PRD_3869,WH_025,100,7.0,2024-01-20
INV_00755,PRD_4314,WH_057,13,4.0,2025-05-16
INV_00756,PRD_3837,WH_065,21,15.0,2025-12-13
INV_00757,PRD_0188,WH_057,66,30.0,2024-01-05
INV_00758,PRD_1652,WH_014,37,23.0,2024-03-09
INV_00759,PRD_1744,WH_010,44,26.0,2025-03-18
INV_00760,PRD_2218,WH_020,15,3.0,2024-12-18
INV_00761,PRD_3771,WH_066,52,4.0,2025-12-08
INV_00762,PRD_2739,WH_040,99,18.0,2024-10-17
INV_00763,PRD_3290,WH_077,71,26.0,2024-02-19
INV_00764,PRD_2543,WH_029,0,0.0,2025-02-02
INV_00765,PRD_2619,WH_069,0,0.0,2025-11-06
INV_00766,PRD_3336,WH_051,70,26.0,2025-09-08
INV_00767,PRD_3847,WH_037,146,23.0,2025-05-09
INV_00768,PRD_3103,WH_005,53,22.0,2025-07-04
INV_00769,PRD_0408,WH_052,25,6.0,2025-04-05
INV_00770,PRD_2294,WH_022,89,9.0,2025-01-15
INV_00771,PRD_3282,WH_033,202,14.0,2025-01-21
INV_00772,PRD_1009,WH_074,72,6.0,2024-02-12
INV_00773,PRD_0834,WH_041,40,7.0,2025-06-03
INV_00774,PRD_4582,WH_014,210,,2025-05-21
INV_00775,PRD_1234,WH_068,13,8.0,
INV_00776,PRD_2731,WH_064,41,15.0,2025-02-19
INV_00777,PRD_1375,WH_032,58,15.0,2025-05-23
INV_00778,PRD_4274,WH_077,64,,2024-08-17
INV_00779,PRD_3183,WH_037,29,16.0,2024-10-13
INV_00780,PRD_1849,WH_046,58,21.0,2024-07-05
INV_00781,PRD_2633,WH_077,137,17.0,2025-01-07
INV_00782,PRD_3695,WH_003,172,12.0,2025-04-03
INV_00783,PRD_1477,WH_053,8,3.0,2025-09-17
INV_00784,PRD_0034,WH_010,36,5.0,2025-06-06
INV_00785,PRD_3332,WH_038,10,,
INV_00786,PRD_3687,WH_001,117,5.0,2024-02-12
INV_00787,PRD_2961,WH_071,54,26.0,2025-01-15
INV_00788,PRD_1806,WH_080,57,0.0,2024-03-12
INV_00789,PRD_2309,WH_075,28,6.0,2024-12-26
INV_00790,PRD_2784,WH_035,194,14.0,2025-11-14
INV_00791,PRD_3254,WH_070,43,24.0,2024-03-12
INV_00792,PRD_2841,WH_065,104,18.0,2025-04-04
INV_00793,PRD_4521,WH_031,19,5.0,2024-11-25
INV_00794,PRD_2368,WH_065,444,2.0,2024-09-12
INV_00795,PRD_0911,WH_049,166,16.0,2024-12-25
INV_00796,PRD_1083,WH_058,119,3.0,2025-02-08
INV_00797,PRD_2735,WH_030,187,12.0,2024-09-06
INV_00798,PRD_0102,WH_020,140,6.0,2025-05-06
INV_00799,PRD_1270,WH_037,67,16.0,2024-12-25
INV_00800,PRD_3427,WH_072,329,20.0,2024-08-27
INV_00801,PRD_2210,WH_077,27,12.0,2025-07-25
INV_00802,PRD_3545,WH_058,194,27.0,2024-06-04
INV_00803,PRD_3523,WH_034,236,27.0,2024-01-04
INV_00804,PRD_0631,WH_064,454,28.0,2025-04-01
INV_00805,PRD_0204,WH_042,214,12.0,2025-12-27
INV_00806,PRD_4732,WH_072,157,8.0,2024-07-13
INV_00807,PRD_0301,WH_016,54,1.0,2024-02-07
INV_00808,PRD_0373,WH_045,256,18.0,
INV_00809,PRD_1710,WH_040,135,26.0,2025-11-09
INV_00810,PRD_3807,WH_072,59,3.0,2024-01-11
INV_00811,PRD_1780,WH_062,2,2.0,2024-02-22
INV_00812,PRD_0453,WH_022,93,25.0,
INV_00813,PRD_3380,WH_004,26,25.0,2024-01-24
INV_00814,PRD_2012,WH_049,56,,2024-05-06
INV_00815,PRD_3757,WH_027,73,10.0,2025-08-20
INV_00816,PRD_1397,WH_049,2,2.0,
INV_00817,PRD_2377,WH_009,21,14.0,2024-06-05
INV_00818,PRD_1948,WH_019,67,10.0,2024-03-09
INV_00819,PRD_1681,WH_073,79,18.0,2024-02-07
INV_00820,PRD_1119,WH_076,63,9.0,2025-01-06
INV_00821,PRD_4924,WH_053,81,,2024-02-06
INV_00822,PRD_4798,WH_075,11,2.0,2025-03-15
INV_00823,PRD_3063,WH_032,72,21.0,2024-04-17
INV_00824,PRD_0401,WH_067,429,20.0,2024-08-08
INV_00825,PRD_3179,WH_071,178,23.0,2025-10-07
INV_00826,PRD_4437,WH_023,80,,2024-11-24
INV_00827,PRD_3530,WH_051,237,,2025-02-22
INV_00828,PRD_2207,WH_018,52,18.0,2024-06-10
INV_00829,PRD_0954,WH_056,60,1.0,
INV_00830,PRD_3834,WH_074,94,21.0,2025-07-02
INV_00831,PRD_0645,WH_013,157,17.0,
INV_00832,PRD_1004,WH_047,148,7.0,
INV_00833,PRD_4689,WH_049,0,0.0,2025-01-20
INV_00834,PRD_2131,WH_008,118,24.0,2024-12-27
INV_00835,PRD_2870,WH_068,46,28.0,2025-03-05
INV_00836,PRD_1760,WH_046,14,11.0,2024-01-24
INV_00837,PRD_4759,WH_019,105,14.0,2025-12-02
INV_00838,PRD_3823,WH_072,152,24.0,2024-05-12
INV_00839,PRD_4300,WH_006,65,16.0,2025-08-17
INV_00840,PRD_0460,WH_057,106,16.0,2024-11-23
INV_00841,PRD_3326,WH_037,194,1.0,2024-02-22
INV_00842,PRD_0461,WH_037,119,23.0,2025-01-11
INV_00843,PRD_0539,WH_054,62,26.0,2025-09-14
INV_00844,PRD_4812,WH_072,67,24.0,
INV_00845,PRD_4877,WH_050,323,0.0,
INV_00846,PRD_4469,WH_034,265,12.0,2024-10-06
INV_00847,PRD_4379,WH_014,111,5.0,2025-03-13
INV_00848,PRD_2161,WH_059,147,12.0,2025-09-13
INV_00849,PRD_1742,WH_039,61,28.0,2025-05-20
INV_00850,PRD_2463,WH_027,211,8.0,2024-09-13
INV_00851,PRD_2479,WH_034,256,13.0,2024-09-26
INV_00852,PRD_4498,WH_047,164,24.0,2024-08-17
INV_00853,PRD_2187,WH_004,100,9.0,2025-04-12
INV_00854,PRD_4793,WH_007,21,14.0,2025-10-15
INV_00855,PRD_3621,WH_053,0,0.0,2025-01-15
INV_00856,PRD_0370,WH_020,246,4.0,
INV_00857,PRD_3210,WH_028,88,,2024-10-26
INV_00858,PRD_0452,WH_054,0,0.0,2024-10-22
INV_00859,PRD_2550,WH_053,0,0.0,2025-04-13
INV_00860,PRD_3846,WH_038,59,22.0,2024-06-18
INV_00861,PRD_4024,WH_053,93,20.0,2024-12-16
INV_00862,PRD_0668,WH_068,86,,2025-06-19
INV_00863,PRD_4659,WH_071,77,0.0,2024-04-20
INV_00864,PRD_1548,WH_030,85,1.0,2025-08-06
INV_00865,PRD_3249,WH_021,28,2.0,2024-01-12
INV_00866,PRD_0186,WH_027,83,18.0,
INV_00867,PRD_4594,WH_018,24,15.0,2024-04-27
INV_00868,PRD_0670,WH_014,172,30.0,2025-02-04
INV_00869,PRD_0623,WH_041,196,27.0,
INV_00870,PRD_3528,WH_074,58,,2025-05-22
INV_00871,PRD_0391,WH_002,307,5.0,2025-06-25
INV_00872,PRD_4074,WH_017,35,25.0,2025-08-24
INV_00873,PRD_3665,WH_049,59,14.0,2025-03-21
INV_00874,PRD_1283,WH_001,51,19.0,2025-01-09
INV_00875,PRD_1790,WH_023,36,17.0,2025-02-11
INV_00876,PRD_3072,WH_003,72,16.0,2024-02-15
INV_00877,PRD_0469,WH_047,162,15.0,2024-09-01
INV_00878,PRD_2719,WH_038,218,17.0,2024-06-08
INV_00879,PRD_4814,WH_019,130,24.0,2025-02-12
INV_00880,PRD_1473,WH_028,48,,
INV_00881,PRD_1364,WH_029,0,0.0,
INV_00882,PRD_2618,WH_028,114,20.0,2025-02-06
INV_00883,PRD_0036,WH_050,0,0.0,2025-12-04
INV_00884,PRD_0114,WH_013,5,5.0,
INV_00885,PRD_3418,WH_011,177,2.0,2024-08-19
INV_00886,PRD_3645,WH_076,84,10.0,2025-10-26
INV_00887,PRD_2448,WH_062,274,19.0,2025-04-08
INV_00888,PRD_1469,WH_033,19,15.0,2024-05-18
INV_00889,PRD_3328,WH_021,42,3.0,2024-09-02
INV_00890,PRD_2935,WH_056,9,8.0,2025-11-13
INV_00891,PRD_0248,WH_015,64,8.0,2025-04-02
INV_00892,PRD_4574,WH_046,22,14.0,2024-06-11
INV_00893,PRD_0477,WH_003,359,26.0,2025-04-17
INV_00894,PRD_3819,WH_067,53,18.0,2024-11-13
INV_00895,PRD_1501,WH_064,44,27.0,2024-02-18
INV_00896,PRD_0742,WH_057,37,12.0,2024-08-24
INV_00897,PRD_3141,WH_003,28,11.0,2024-02-13
INV_00898,PRD_2708,WH_056,4,1.0,2024-05-18
INV_00899,PRD_0767,WH_038,0,0.0,2025-12-02
INV_00900,PRD_3421,WH_061,89,7.0,2025-07-03
INV_00901,PRD_0323,WH_008,240,3.0,2024-07-04
INV_00902,PRD_1223,WH_051,9,6.0,
INV_00903,PRD_1456,WH_018,143,,2024-09-13
INV_00904,PRD_1378,WH_006,160,12.0,2024-01-15
INV_00905,PRD_2892,WH_026,62,17.0,2024-04-20
INV_00906,PRD_3090,WH_058,25,9.0,2025-06-08
INV_00907,PRD_0161,WH_064,28,12.0,2024-01-01
INV_00908,PRD_0526,WH_019,187,3.0,2024-04-01
INV_00909,PRD_0760,WH_074,122,11.0,2024-03-15
INV_00910,PRD_1138,WH_034,21,9.0,2024-08-03
INV_00911,PRD_3785,WH_021,73,14.0,2024-10-22
INV_00912,PRD_1624,WH_031,114,30.0,2024-03-21
INV_00913,PRD_1307,WH_080,20,11.0,2024-11-08
INV_00914,PRD_1991,WH_036,64,17.0,2025-07-01
INV_00915,PRD_3888,WH_034,88,11.0,2024-02-17
INV_00916,PRD_1164,WH_013,105,6.0,2025-06-22
INV_00917,PRD_3175,WH_020,8,4.0,2024-10-07
INV_00918,PRD_3340,WH_022,36,24.0,
INV_00919,PRD_0480,WH_018,327,2.0,2024-01-19
INV_00920,PRD_1891,WH_057,98,,2024-11-24
INV_00921,PRD_2573,WH_050,233,15.0,2025-03-23
INV_00922,PRD_4174,WH_022,81,20.0,2025-09-16
INV_00923,PRD_0676,WH_046,217,6.0,2024-04-13
INV_00924,PRD_0347,WH_008,212,,2024-11-17
INV_00925,PRD_3358,WH_005,24,13.0,2025-06-21
INV_00926,PRD_4067,WH_041,84,,2024-09-13
INV_00927,PRD_2137,WH_011,52,12.0,2024-02-05
INV_00928,PRD_3980,WH_055,124,19.0,2024-04-22
INV_00929,PRD_3979,WH_026,63,,2025-12-11
INV_00930,PRD_1318,WH_054,78,4.0,2025-03-12
INV_00931,PRD_0608,WH_017,335,15.0,2024-07-15
INV_00932,PRD_2198,WH_071,189,30.0,2025-08-25
INV_00933,PRD_0933,WH_027,256,17.0,2024-12-23
INV_00934,PRD_0314,WH_036,88,1.0,2025-04-17
INV_00935,PRD_4167,WH_059,176,4.0,
INV_00936,PRD_0241,WH_059,247,14.0,2024-12-11
INV_00937,PRD_1457,WH_011,136,,2024-05-16
INV_00938,PRD_4556,WH_028,19,9.0,
INV_00939,PRD_0178,WH_073,169,28.0,2025-11-07
INV_00940,PRD_1005,WH_041,105,24.0,2025-03-17
INV_00941,PRD_1335,WH_011,180,7.0,2024-06-15
INV_00942,PRD_3937,WH_020,10,6.0,2024-09-06
INV_00943,PRD_4668,WH_069,56,29.0,2025-10-19
INV_00944,PRD_3649,WH_070,71,,2024-04-26
INV_00945,PRD_0278,WH_011,314,30.0,2025-10-08
INV_00946,PRD_4382,WH_002,19,8.0,2025-08-11
INV_00947,PRD_3660,WH_011,260,17.0,2025-04-12
INV_00948,PRD_1235,WH_029,104,28.0,
INV_00949,PRD_1658,WH_041,27,0.0,2024-06-13
INV_00950,PRD_2510,WH_032,109,28.0,2024-05-19
INV_00951,PRD_0259,WH_071,28,3.0,2024-03-16
INV_00952,PRD_0489,WH_013,39,2.0,2025-10-20
INV_00953,PRD_4195,WH_018,198,17.0,2024-11-01
INV_00954,PRD_1615,WH_053,103,16.0,2025-10-17
INV_00955,PRD_1793,WH_004,263,2.0,2025-03-14
INV_00956,PRD_3630,WH_056,0,0.0,2024-09-02
INV_00957,PRD_4564,WH_032,32,11.0,
INV_00958,PRD_0784,WH_047,249,18.0,2024-07-22
INV_00959,PRD_1996,WH_080,145,6.0,2024-05-01
INV_00960,PRD_4093,WH_014,51,18.0,2024-03-27
INV_00961,PRD_3382,WH_044,84,3.0,2024-07-01
INV_00962,PRD_2042,WH_067,192,,2024-03-20
INV_00963,PRD_0841,WH_001,126,13.0,2024-01-13
INV_00964,PRD_2963,WH_054,171,11.0,2024-11-02
INV_00965,PRD_1004,WH_017,313,0.0,2025-06-21
INV_00966,PRD_2618,WH_030,0,0.0,2024-10-03
INV_00967,PRD_4913,WH_040,23,6.0,2025-09-09
INV_00968,PRD_1836,WH_035,93,21.0,2024-01-19
INV_00969,PRD_0500,WH_024,474,1.0,2024-05-24
INV_00970,PRD_4679,WH_076,80,16.0,2024-12-05
INV_00971,PRD_2989,WH_018,301,20.0,2025-10-21
INV_00972,PRD_3320,WH_014,69,28.0,2024-08-08
INV_00973,PRD_0438,WH_062,77,13.0,2024-11-02
INV_00974,PRD_1085,WH_020,80,5.0,2024-09-19
INV_00975,PRD_0260,WH_008,5,0.0,2025-09-07
INV_00976,PRD_1438,WH_005,36,26.0,2025-02-20
INV_00977,PRD_0904,WH_051,49,29.0,2025-12-27
INV_00978,PRD_1943,WH_043,0,0.0,2025-06-23
INV_00979,PRD_4541,WH_078,0,0.0,2024-09-02
INV_00980,PRD_1585,WH_053,34,3.0,2024-04-20
INV_00981,PRD_3295,WH_027,127,19.0,2025-05-25
INV_00982,PRD_0999,WH_074,19,2.0,2025-05-10
INV_00983,PRD_0073,WH_041,311,2.0,
INV_00984,PRD_1843,WH_017,44,0.0,2025-03-22
INV_00985,PRD_4647,WH_017,118,14.0,2024-06-12
INV_00986,PRD_2576,WH_020,193,22.0,
INV_00987,PRD_3815,WH_062,157,12.0,2025-01-18
INV_00988,PRD_1060,WH_062,126,,2024-06-05
INV_00989,PRD_2127,WH_057,294,24.0,2025-05-17
INV_00990,PRD_2334,WH_043,54,16.0,2024-01-07
INV_00991,PRD_0466,WH_023,211,29.0,2025-05-16
INV_00992,PRD_1146,WH_057,167,10.0,2025-11-24
INV_00993,PRD_4915,WH_023,147,20.0,2024-04-15
INV_00994,PRD_2817,WH_021,197,20.0,2024-09-09
INV_00995,PRD_2284,WH_068,329,30.0,2024-10-14
INV_00996,PRD_1080,WH_030,83,26.0,2025-08-01
INV_00997,PRD_0527,WH_066,162,2.0,2025-04-02
INV_00998,PRD_3817,WH_066,228,26.0,2025-01-20
INV_00999,PRD_3348,WH_014,21,9.0,2025-08-18
INV_01000,PRD_1916,WH_052,9,1.0,
INV_01001,PRD_4838,WH_033,214,10.0,2025-10-15
INV_01002,PRD_2951,WH_053,30,23.0,2024-10-04
INV_01003,PRD_2825,WH_012,62,10.0,2025-06-22
INV_01004,PRD_2271,WH_075,259,,2025-12-21
INV_01005,PRD_3462,WH_036,19,6.0,2025-04-11
INV_01006,PRD_3900,WH_007,100,8.0,2025-11-22
INV_01007,PRD_4179,WH_070,192,27.0,2024-10-12
INV_01008,PRD_4524,WH_036,1,1.0,2024-04-19
INV_01009,PRD_4771,WH_064,46,,2024-09-09
INV_01010,PRD_4029,WH_020,44,16.0,2024-10-17
INV_01011,PRD_4389,WH_057,68,3.0,2025-03-25
INV_01012,PRD_0331,WH_029,81,11.0,2025-01-01
INV_01013,PRD_3362,WH_055,105,13.0,2025-07-10
INV_01014,PRD_4114,WH_014,15,7.0,2025-11-24
INV_01015,PRD_2203,WH_036,279,12.0,2024-11-09
INV_01016,PRD_3456,WH_049,17,17.0,2024-03-13
INV_01017,PRD_3012,WH_008,0,0.0,2025-05-20
INV_01018,PRD_2153,WH_012,62,30.0,2025-08-11
INV_01019,PRD_0425,WH_064,72,0.0,2025-04-01
INV_01020,PRD_4333,WH_019,79,10.0,2025-05-19
INV_01021,PRD_2987,WH_044,0,0.0,2024-04-02
INV_01022,PRD_3366,WH_071,7,3.0,2024-04-21
INV_01023,PRD_4453,WH_049,33,29.0,2025-02-22
INV_01024,PRD_4425,WH_056,9,7.0,2025-02-04
INV_01025,PRD_5000,WH_024,41,10.0,2024-08-19
INV_01026,PRD_2608,WH_012,184,22.0,2025-01-06
INV_01027,PRD_0820,WH_078,106,18.0,2025-09-03
INV_01028,PRD_2327,WH_007,63,15.0,2025-02-06
INV_01029,PRD_0604,WH_074,256,6.0,2024-07-14
INV_01030,PRD_1720,WH_051,284,,2024-10-08
INV_01031,PRD_3751,WH_075,148,13.0,2025-05-14
INV_01032,PRD_0276,WH_075,592,24.0,2025-10-22
INV_01033,PRD_4400,WH_031,122,25.0,2024-06-09
INV_01034,PRD_0706,WH_074,0,0.0,2025-07-17
INV_01035,PRD_4349,WH_045,64,,2025-12-02
INV_01036,PRD_0023,WH_016,61,,
INV_01037,PRD_0040,WH_066,83,28.0,2025-01-25
INV_01038,PRD_2641,WH_021,0,,2025-03-25
INV_01039,PRD_3763,WH_054,4,1.0,2025-07-26
INV_01040,PRD_1830,WH_004,113,10.0,2025-06-05
INV_01041,PRD_4134,WH_062,89,26.0,2025-07-08
INV_01042,PRD_1899,WH_069,0,0.0,2025-03-19
INV_01043,PRD_3728,WH_076,48,25.0,
INV_01044,PRD_3335,WH_007,0,0.0,2024-06-15
INV_01045,PRD_0041,WH_051,61,6.0,2024-10-01
INV_01046,PRD_4047,WH_020,144,8.0,2024-05-23
INV_01047,PRD_0806,WH_036,0,0.0,2025-12-18
INV_01048,PRD_4901,WH_036,168,16.0,2024-06-06
INV_01049,PRD_2406,WH_018,109,18.0,2025-03-02
INV_01050,PRD_4690,WH_042,92,13.0,2025-09-04
INV_01051,PRD_2057,WH_013,93,16.0,2025-06-19
INV_01052,PRD_0531,WH_018,91,3.0,2024-04-11
INV_01053,PRD_2608,WH_067,66,9.0,2025-08-15
INV_01054,PRD_2283,WH_009,45,28.0,2024-12-22
INV_01055,PRD_0719,WH_025,118,0.0,2024-07-24
INV_01056,PRD_3661,WH_040,26,17.0,2025-05-27
INV_01057,PRD_3781,WH_061,148,10.0,
INV_01058,PRD_0853,WH_014,179,14.0,2024-11-20
INV_01059,PRD_2139,WH_035,172,11.0,2025-01-03
INV_01060,PRD_3748,WH_060,62,22.0,2025-07-27
INV_01061,PRD_2770,WH_033,0,0.0,
INV_01062,PRD_3480,WH_009,69,23.0,2024-04-06
INV_01063,PRD_1829,WH_022,18,10.0,2025-07-02
INV_01064,PRD_3369,WH_045,55,27.0,2025-09-13
INV_01065,PRD_1837,WH_068,188,14.0,2025-07-13
INV_01066,PRD_0801,WH_075,52,,2024-08-18
INV_01067,PRD_1088,WH_038,91,4.0,2025-05-23
INV_01068,PRD_2533,WH_029,102,28.0,2024-12-05
INV_01069,PRD_4818,WH_045,77,7.0,2024-08-17
INV_01070,PRD_0099,WH_015,186,,2024-01-27
INV_01071,PRD_4482,WH_029,76,9.0,2025-08-04
INV_01072,PRD_4733,WH_037,72,15.0,2024-05-17
INV_01073,PRD_3512,WH_033,0,0.0,2025-04-23
INV_01074,PRD_4666,WH_038,0,0.0,2025-05-02
INV_01075,PRD_4716,WH_069,8,1.0,2024-08-11
INV_01076,PRD_1614,WH_077,0,0.0,2025-02-27
INV_01077,PRD_2994,WH_051,174,20.0,2025-01-14
INV_01078,PRD_3547,WH_057,72,23.0,2025-12-19
INV_01079,PRD_3580,WH_080,56,,2024-03-25
INV_01080,PRD_0530,WH_057,186,29.0,
INV_01081,PRD_1354,WH_044,36,5.0,2024-08-13
INV_01082,PRD_4542,WH_052,58,19.0,2025-05-10
INV_01083,PRD_0955,WH_012,82,0.0,
INV_01084,PRD_1270,WH_006,103,4.0,2024-03-20
INV_01085,PRD_0440,WH_074,32,11.0,2024-05-17
INV_01086,PRD_4234,WH_009,105,13.0,2024-06-23
INV_01087,PRD_1049,WH_026,78,30.0,
INV_01088,PRD_2700,WH_042,159,0.0,2024-01-03
INV_01089,PRD_2921,WH_075,152,26.0,2025-12-22
INV_01090,PRD_0982,WH_014,0,0.0,2024-07-21
INV_01091,PRD_3175,WH_062,48,7.0,2025-12-04
INV_01092,PRD_3801,WH_001,30,10.0,2024-02-06
INV_01093,PRD_0086,WH_039,353,2.0,
INV_01094,PRD_1675,WH_071,23,7.0,2024-11-16
INV_01095,PRD_1228,WH_066,112,26.0,
INV_01096,PRD_3924,WH_079,133,11.0,2024-12-15
INV_01097,PRD_2732,WH_011,126,18.0,2025-03-26
INV_01098,PRD_0614,WH_038,182,,2025-05-20
INV_01099,PRD_0418,WH_065,61,5.0,2025-04-23
INV_01100,PRD_3289,WH_071,386,12.0,2024-03-17
INV_01101,PRD_3302,WH_066,33,24.0,2025-05-13
INV_01102,PRD_2476,WH_070,0,0.0,
INV_01103,PRD_3073,WH_010,8,2.0,
INV_01104,PRD_1702,WH_012,0,0.0,2025-04-18
INV_01105,PRD_3979,WH_076,35,15.0,
INV_01106,PRD_1209,WH_042,116,21.0,2025-02-13
INV_01107,PRD_2608,WH_069,0,0.0,2025-06-12
INV_01108,PRD_1710,WH_076,69,3.0,2025-11-07
INV_01109,PRD_0189,WH_077,0,0.0,2024-11-08
INV_01110,PRD_1120,WH_063,43,18.0,
INV_01111,PRD_3413,WH_016,128,25.0,2024-10-06
INV_01112,PRD_2454,WH_031,42,3.0,2024-02-17
INV_01113,PRD_1809,WH_053,0,0.0,2025-02-05
INV_01114,PRD_3861,WH_019,37,0.0,2025-10-07
INV_01115,PRD_0203,WH_008,112,13.0,2025-03-08
INV_01116,PRD_3933,WH_054,3,3.0,2025-02-05
INV_01117,PRD_1938,WH_006,43,8.0,2024-12-27
INV_01118,PRD_2398,WH_056,0,0.0,2024-10-25
INV_01119,PRD_4797,WH_044,91,5.0,
INV_01120,PRD_1071,WH_015,124,26.0,2024-07-14
INV_01121,PRD_1976,WH_030,46,17.0,2024-01-20
INV_01122,PRD_4975,WH_060,178,30.0,2024-11-04
INV_01123,PRD_1561,WH_069,48,20.0,2025-10-15
INV_01124,PRD_1120,WH_031,39,10.0,2025-12-16
INV_01125,PRD_2957,WH_072,301,14.0,2024-11-13
INV_01126,PRD_1603,WH_021,27,7.0,
INV_01127,PRD_4323,WH_051,166,16.0,2024-11-07
INV_01128,PRD_2334,WH_075,31,18.0,
INV_01129,PRD_0081,WH_033,252,23.0,2024-01-18
INV_01130,PRD_4821,WH_070,89,3.0,
INV_01131,PRD_2001,WH_052,7,3.0,2025-11-16
INV_01132,PRD_2877,WH_021,126,10.0,2025-12-13
INV_01133,PRD_3880,WH_050,40,6.0,2024-11-26
INV_01134,PRD_0298,WH_045,200,21.0,2025-02-20
INV_01135,PRD_4589,WH_022,198,7.0,2025-11-02
INV_01136,PRD_4391,WH_030,60,,2024-06-17
INV_01137,PRD_4569,WH_074,17,4.0,2024-03-14
INV_01138,PRD_3649,WH_049,36,30.0,2024-06-05
INV_01139,PRD_0594,WH_069,276,9.0,2024-11-03
INV_01140,PRD_1264,WH_032,13,13.0,2025-04-03
INV_01141,PRD_4682,WH_077,15,3.0,2024-05-04
INV_01142,PRD_3815,WH_078,195,14.0,
INV_01143,PRD_0486,WH_055,503,11.0,2024-03-07
INV_01144,PRD_2244,WH_069,147,14.0,2024-06-08
INV_01145,PRD_1261,WH_028,6,1.0,2024-03-05
INV_01146,PRD_3211,WH_024,66,23.0,2025-06-16
INV_01147,PRD_1786,WH_018,41,17.0,2024-11-25
INV_01148,PRD_1772,WH_039,370,28.0,2025-06-16
INV_01149,PRD_2165,WH_075,46,11.0,2025-05-02
INV_01150,PRD_3879,WH_041,19,0.0,2025-12-02
INV_01151,PRD_1717,WH_042,126,30.0,2025-02-17
INV_01152,PRD_3810,WH_052,115,27.0,2025-04-06
INV_01153,PRD_1748,WH_051,424,,2024-07-23
INV_01154,PRD_1438,WH_064,0,0.0,2024-04-12
INV_01155,PRD_2538,WH_039,155,13.0,2025-11-12
INV_01156,PRD_3260,WH_056,19,16.0,
INV_01157,PRD_3798,WH_049,151,6.0,2025-09-14
INV_01158,PRD_0933,WH_042,15,11.0,2024-05-23
INV_01159,PRD_0192,WH_058,39,8.0,2025-07-01
INV_01160,PRD_2152,WH_043,60,9.0,2024-06-26
INV_01161,PRD_0888,WH_043,47,,2024-07-01
INV_01162,PRD_4195,WH_035,343,2.0,2025-09-20
INV_01163,PRD_2544,WH_073,272,28.0,2024-08-07
INV_01164,PRD_2119,WH_030,75,24.0,2025-01-22
INV_01165,PRD_0340,WH_041,200,18.0,2025-05-16
INV_01166,PRD_2122,WH_049,3,2.0,2024-12-22
INV_01167,PRD_4579,WH_044,150,23.0,2025-05-21
INV_01168,PRD_0840,WH_068,192,15.0,2025-12-11
INV_01169,PRD_4833,WH_005,151,5.0,2024-07-17
INV_01170,PRD_4196,WH_051,151,7.0,2025-01-25
INV_01171,PRD_1112,WH_061,114,19.0,2025-07-27
INV_01172,PRD_2155,WH_051,116,14.0,2024-09-16
INV_01173,PRD_3499,WH_005,75,1.0,2024-11-07
INV_01174,PRD_0977,WH_046,117,20.0,2024-07-17
INV_01175,PRD_3210,WH_042,125,26.0,2025-09-01
INV_01176,PRD_1434,WH_077,38,4.0,2025-08-01
INV_01177,PRD_1434,WH_072,31,1.0,2024-07-09
INV_01178,PRD_0122,WH_063,234,3.0,2024-07-20
INV_01179,PRD_0996,WH_053,78,12.0,
INV_01180,PRD_4607,WH_014,22,20.0,2025-05-17
INV_01181,PRD_1115,WH_007,92,26.0,
INV_01182,PRD_0195,WH_039,48,4.0,
INV_01183,PRD_1829,WH_044,66,25.0,2025-08-06
INV_01184,PRD_4307,WH_046,32,13.0,
INV_01185,PRD_4365,WH_057,86,1.0,2024-01-13
INV_01186,PRD_4652,WH_016,110,20.0,2024-09-13
INV_01187,PRD_4874,WH_043,1,1.0,2024-09-08
INV_01188,PRD_0553,WH_073,74,29.0,2024-01-07
INV_01189,PRD_1082,WH_042,161,4.0,2024-08-26
INV_01190,PRD_3735,WH_015,43,15.0,2024-03-13
INV_01191,PRD_4262,WH_055,110,15.0,2025-07-21
INV_01192,PRD_4168,WH_033,90,23.0,2025-08-27
INV_01193,PRD_0679,WH_074,373,9.0,2025-05-27
INV_01194,PRD_3995,WH_074,61,3.0,2024-01-21
INV_01195,PRD_1317,WH_079,65,0.0,2025-12-15
INV_01196,PRD_3174,WH_045,14,,
INV_01197,PRD_2954,WH_023,12,6.0,2025-07-07
INV_01198,PRD_0539,WH_036,62,17.0,2025-02-24
INV_01199,PRD_2542,WH_059,50,0.0,2025-09-12
INV_01200,PRD_2207,WH_039,45,13.0,2024-11-03
INV_01201,PRD_2936,WH_033,92,26.0,2025-01-19
INV_01202,PRD_3951,WH_017,43,7.0,2025-02-18
INV_01203,PRD_4584,WH_044,22,13.0,2024-07-14
INV_01204,PRD_0611,WH_034,224,0.0,2025-12-22
INV_01205,PRD_0531,WH_068,91,9.0,2024-12-18
INV_01206,PRD_3173,WH_061,17,3.0,2025-07-09
INV_01207,PRD_4243,WH_028,30,24.0,2024-10-08
INV_01208,PRD_0854,WH_059,252,16.0,2025-12-25
INV_01209,PRD_1289,WH_008,217,26.0,2025-07-26
INV_01210,PRD_3800,WH_060,32,20.0,2025-01-17
INV_01211,PRD_2821,WH_045,3,1.0,2024-01-08
INV_01212,PRD_3593,WH_046,115,26.0,2025-02-22
INV_01213,PRD_2769,WH_024,38,28.0,2024-11-14
INV_01214,PRD_0489,WH_023,181,,2024-04-02
INV_01215,PRD_0703,WH_040,240,21.0,
INV_01216,PRD_1483,WH_055,0,0.0,
INV_01217,PRD_2261,WH_067,102,4.0,2025-05-20
INV_01218,PRD_2060,WH_001,143,25.0,
INV_01219,PRD_1537,WH_063,101,6.0,2025-04-10
INV_01220,PRD_2455,WH_018,153,,2024-01-15
INV_01221,PRD_0632,WH_027,307,14.0,
INV_01222,PRD_1213,WH_002,0,0.0,2024-07-01
INV_01223,PRD_1021,WH_071,39,4.0,2025-07-16
INV_01224,PRD_4724,WH_062,31,21.0,2025-08-14
INV_01225,PRD_0560,WH_046,176,23.0,
INV_01226,PRD_1582,WH_067,61,26.0,2024-12-27
INV_01227,PRD_1356,WH_046,26,8.0,2025-07-26
INV_01228,PRD_2396,WH_075,115,2.0,2025-10-05
INV_01229,PRD_4904,WH_060,66,,2024-09-21
INV_01230,PRD_1255,WH_070,13,11.0,2024-07-26
INV_01231,PRD_2325,WH_075,0,0.0,2025-08-26
INV_01232,PRD_4707,WH_052,123,22.0,2025-04-10
INV_01233,PRD_1952,WH_048,119,16.0,2024-03-26
INV_01234,PRD_2497,WH_063,277,8.0,2024-07-01
INV_01235,PRD_3872,WH_022,127,10.0,2025-04-09
INV_01236,PRD_0139,WH_062,303,4.0,2024-08-02
INV_01237,PRD_2515,WH_036,32,25.0,2024-11-15
INV_01238,PRD_2207,WH_060,89,2.0,2024-02-20
INV_01239,PRD_3173,WH_050,52,19.0,2024-02-05
INV_01240,PRD_1095,WH_071,113,12.0,2025-12-08
INV_01241,PRD_1521,WH_016,27,15.0,2024-02-25
INV_01242,PRD_4031,WH_009,210,,2024-08-21
INV_01243,PRD_0576,WH_075,189,23.0,2024-10-15
INV_01244,PRD_0186,WH_080,134,25.0,2024-03-07
INV_01245,PRD_4791,WH_029,161,10.0,
INV_01246,PRD_3926,WH_074,12,5.0,2025-08-01
INV_01247,PRD_3614,WH_075,18,13.0,
INV_01248,PRD_1028,WH_028,0,0.0,2025-09-02
INV_01249,PRD_1417,WH_029,78,21.0,2024-01-20
INV_01250,PRD_1921,WH_042,110,1.0,2024-09-16
INV_01251,PRD_2520,WH_057,248,3.0,2024-11-17
INV_01252,PRD_1257,WH_062,191,3.0,
INV_01253,PRD_0065,WH_043,163,21.0,2024-04-03
INV_01254,PRD_1697,WH_032,12,12.0,2025-08-12
INV_01255,PRD_1767,WH_004,21,12.0,2024-11-17
INV_01256,PRD_0103,WH_001,114,23.0,2024-12-20
INV_01257,PRD_3116,WH_049,30,17.0,2024-03-27
INV_01258,PRD_2500,WH_027,251,,2024-03-05
INV_01259,PRD_0764,WH_026,206,9.0,2025-12-08
INV_01260,PRD_3144,WH_006,0,0.0,2025-03-19
INV_01261,PRD_2565,WH_024,48,7.0,2025-10-23
INV_01262,PRD_3829,WH_004,55,17.0,2025-07-26
INV_01263,PRD_1040,WH_028,0,,2024-10-03
INV_01264,PRD_2482,WH_020,139,6.0,2024-04-08
INV_01265,PRD_3167,WH_001,167,12.0,2025-03-06
INV_01266,PRD_0222,WH_031,86,18.0,2024-04-15
INV_01267,PRD_0377,WH_040,66,14.0,2024-02-07
INV_01268,PRD_4421,WH_057,47,15.0,2024-09-19
INV_01269,PRD_4534,WH_009,0,0.0,2025-04-02
INV_01270,PRD_3970,WH_023,20,4.0,2025-04-01
INV_01271,PRD_3488,WH_019,0,0.0,2025-04-06
INV_01272,PRD_2125,WH_075,243,19.0,2025-11-26
INV_01273,PRD_4484,WH_041,32,9.0,
INV_01274,PRD_2288,WH_049,320,23.0,2025-05-19
INV_01275,PRD_0777,WH_021,98,13.0,2024-08-23
INV_01276,PRD_3295,WH_020,124,10.0,2024-08-16
INV_01277,PRD_3713,WH_012,47,5.0,2024-05-12
INV_01278,PRD_4979,WH_033,149,18.0,2025-05-24
INV_01279,PRD_2417,WH_023,91,30.0,2024-09-14
INV_01280,PRD_2022,WH_071,261,1.0,2024-11-11
INV_01281,PRD_0397,WH_037,188,30.0,2025-08-24
INV_01282,PRD_1212,WH_035,94,15.0,2024-01-13
INV_01283,PRD_2850,WH_004,11,3.0,2025-11-03
INV_01284,PRD_0846,WH_015,131,28.0,2024-02-06
INV_01285,PRD_2200,WH_036,82,21.0,2025-08-17
INV_01286,PRD_2313,WH_046,91,1.0,2025-12-05
INV_01287,PRD_1383,WH_016,169,27.0,2024-04-08
INV_01288,PRD_4640,WH_006,35,23.0,2025-08-22
INV_01289,PRD_4103,WH_009,47,2.0,2024-12-15
INV_01290,PRD_0120,WH_046,0,0.0,2024-08-05
INV_01291,PRD_3279,WH_057,59,,2024-12-07
INV_01292,PRD_0109,WH_009,0,0.0,
INV_01293,PRD_1881,WH_008,0,0.0,2024-11-27
INV_01294,PRD_0998,WH_069,37,20.0,2024-11-26
INV_01295,PRD_2267,WH_004,206,1.0,2024-11-24
INV_01296,PRD_2311,WH_024,2,1.0,2024-08-05
INV_01297,PRD_4394,WH_002,195,22.0,2024-03-17
INV_01298,PRD_4141,WH_079,43,15.0,2025-02-20
INV_01299,PRD_2555,WH_078,355,1.0,2024-11-14
INV_01300,PRD_1125,WH_007,0,0.0,2025-03-26
INV_01301,PRD_4516,WH_053,0,0.0,2024-12-22
INV_01302,PRD_2160,WH_036,292,23.0,2024-03-10
INV_01303,PRD_1641,WH_056,93,7.0,2025-12-23
INV_01304,PRD_0700,WH_010,130,4.0,2025-04-06
INV_01305,PRD_4119,WH_023,57,7.0,2024-12-22
INV_01306,PRD_0569,WH_056,396,,2025-03-06
INV_01307,PRD_2029,WH_057,134,,2025-05-06
INV_01308,PRD_4705,WH_029,182,5.0,2025-09-21
INV_01309,PRD_3501,WH_035,27,21.0,2025-04-01
INV_01310,PRD_4577,WH_034,241,27.0,2025-01-01
INV_01311,PRD_4897,WH_038,32,16.0,2025-06-18
INV_01312,PRD_4266,WH_033,69,21.0,2025-11-03
INV_01313,PRD_4830,WH_072,76,7.0,2024-04-23
INV_01314,PRD_1080,WH_051,39,16.0,2025-05-25
INV_01315,PRD_1973,WH_076,191,13.0,2025-09-12
INV_01316,PRD_3770,WH_024,79,12.0,2025-07-18
INV_01317,PRD_4220,WH_080,38,23.0,2024-06-26
INV_01318,PRD_0953,WH_053,156,5.0,2024-04-18
INV_01319,PRD_3127,WH_067,25,15.0,2024-07-20
INV_01320,PRD_3091,WH_019,56,4.0,2025-12-11
INV_01321,PRD_3533,WH_064,118,17.0,2025-04-13
INV_01322,PRD_2690,WH_051,114,22.0,2024-07-07
INV_01323,PRD_4812,WH_037,45,1.0,2024-10-18
INV_01324,PRD_1023,WH_040,58,20.0,2025-06-16
INV_01325,PRD_0519,WH_066,99,,2024-05-20
INV_01326,PRD_2322,WH_011,192,8.0,2024-08-12
INV_01327,PRD_2443,WH_003,186,10.0,
INV_01328,PRD_0736,WH_077,201,8.0,2025-07-13
INV_01329,PRD_0932,WH_024,271,2.0,2024-07-17
INV_01330,PRD_1706,WH_071,120,0.0,2024-09-23
INV_01331,PRD_0618,WH_054,239,28.0,2024-12-21
INV_01332,PRD_1977,WH_065,76,7.0,2025-12-02
INV_01333,PRD_2468,WH_077,0,0.0,2024-10-05
INV_01334,PRD_4480,WH_001,25,18.0,2024-04-07
INV_01335,PRD_4507,WH_001,153,1.0,2025-05-25
INV_01336,PRD_3110,WH_008,65,11.0,2025-12-03
INV_01337,PRD_0123,WH_038,118,20.0,2024-10-02
INV_01338,PRD_2346,WH_022,53,,2024-11-10
INV_01339,PRD_0449,WH_043,332,22.0,2025-06-23
INV_01340,PRD_1877,WH_018,106,20.0,2025-07-07
INV_01341,PRD_0130,WH_035,109,25.0,2024-09-24
INV_01342,PRD_2046,WH_024,2,1.0,
INV_01343,PRD_0086,WH_037,75,28.0,
INV_01344,PRD_4036,WH_056,49,8.0,2025-03-17
INV_01345,PRD_0717,WH_069,79,19.0,2025-01-16
INV_01346,PRD_0891,WH_078,52,7.0,2025-11-07
INV_01347,PRD_4895,WH_024,31,11.0,2024-10-12
INV_01348,PRD_2620,WH_076,25,5.0,2025-02-19
INV_01349,PRD_3080,WH_019,3,0.0,2024-05-03
INV_01350,PRD_4958,WH_010,49,4.0,2025-05-16
INV_01351,PRD_0140,WH_016,126,0.0,2025-01-11
INV_01352,PRD_0832,WH_017,56,8.0,2024-04-02
INV_01353,PRD_4347,WH_076,107,8.0,2025-09-05
INV_01354,PRD_2904,WH_052,21,17.0,2024-05-26
INV_01355,PRD_4798,WH_051,8,2.0,2024-03-22
INV_01356,PRD_3237,WH_039,56,5.0,2025-05-01
INV_01357,PRD_0903,WH_075,0,0.0,2024-08-25
INV_01358,PRD_0198,WH_045,266,,2025-06-20
INV_01359,PRD_0184,WH_026,173,10.0,2025-05-04
INV_01360,PRD_4829,WH_030,7,5.0,2024-09-14
INV_01361,PRD_3325,WH_005,214,30.0,2025-11-05
INV_01362,PRD_0275,WH_008,257,18.0,2025-11-07
INV_01363,PRD_2021,WH_019,0,0.0,
INV_01364,PRD_0801,WH_053,100,2.0,
INV_01365,PRD_2554,WH_021,148,4.0,
INV_01366,PRD_0032,WH_002,15,12.0,2024-02-17
INV_01367,PRD_1092,WH_045,155,28.0,2025-02-26
INV_01368,PRD_1575,WH_065,96,26.0,2024-11-19
INV_01369,PRD_0144,WH_079,212,16.0,2024-11-05
INV_01370,PRD_4324,WH_027,104,14.0,2025-12-10
INV_01371,PRD_4123,WH_071,375,19.0,2024-10-07
INV_01372,PRD_4537,WH_012,213,,2024-03-10
INV_01373,PRD_3126,WH_028,8,1.0,2024-05-11
INV_01374,PRD_3796,WH_031,83,9.0,2024-07-15
INV_01375,PRD_3823,WH_076,180,,2024-01-15
INV_01376,PRD_1374,WH_031,93,23.0,2025-04-19
INV_01377,PRD_3605,WH_020,253,17.0,2024-11-09
INV_01378,PRD_4373,WH_004,155,1.0,2025-09-22
INV_01379,PRD_1052,WH_013,168,16.0,2025-02-11
INV_01380,PRD_1535,WH_048,37,22.0,2024-11-04
INV_01381,PRD_3352,WH_070,18,4.0,2025-09-12
INV_01382,PRD_0379,WH_074,121,6.0,2025-08-21
INV_01383,PRD_3698,WH_045,53,27.0,2024-06-01
INV_01384,PRD_3689,WH_060,237,10.0,2025-07-09
INV_01385,PRD_0245,WH_052,92,,2025-10-18
INV_01386,PRD_4566,WH_079,116,15.0,2024-12-19
INV_01387,PRD_3733,WH_065,60,23.0,2025-03-08
INV_01388,PRD_3481,WH_062,259,28.0,2024-09-27
INV_01389,PRD_1900,WH_072,30,16.0,
INV_01390,PRD_3876,WH_003,52,1.0,2025-04-20
INV_01391,PRD_0425,WH_068,97,0.0,2024-10-11
INV_01392,PRD_0418,WH_014,266,1.0,2024-08-23
INV_01393,PRD_2273,WH_037,208,24.0,2025-05-27
INV_01394,PRD_2274,WH_022,77,,2024-01-03
INV_01395,PRD_0053,WH_068,326,,2025-06-27
INV_01396,PRD_4006,WH_060,130,21.0,
INV_01397,PRD_4439,WH_055,154,9.0,2025-02-27
INV_01398,PRD_1762,WH_074,32,5.0,2024-03-12
INV_01399,PRD_2127,WH_051,198,19.0,2024-04-04
INV_01400,PRD_4694,WH_012,89,20.0,2025-02-16
INV_01401,PRD_0327,WH_031,7,,2024-01-09
INV_01402,PRD_4320,WH_069,55,25.0,2024-11-01
INV_01403,PRD_2984,WH_056,191,11.0,2024-08-11
INV_01404,PRD_1454,WH_048,168,30.0,2024-06-26
INV_01405,PRD_1411,WH_080,114,30.0,2025-06-20
INV_01406,PRD_3224,WH_069,45,9.0,2024-03-26
INV_01407,PRD_1868,WH_014,340,4.0,2025-05-12
INV_01408,PRD_3141,WH_043,18,18.0,2025-02-03
INV_01409,PRD_2024,WH_013,202,26.0,2024-03-04
INV_01410,PRD_4343,WH_022,16,12.0,2024-12-04
INV_01411,PRD_2577,WH_040,321,,2025-09-12
INV_01412,PRD_3239,WH_003,103,30.0,2024-04-02
INV_01413,PRD_4334,WH_053,86,8.0,2025-04-04
INV_01414,PRD_2945,WH_011,131,5.0,2025-05-24
INV_01415,PRD_1895,WH_015,47,19.0,2024-03-27
INV_01416,PRD_1312,WH_074,84,0.0,2024-01-22
INV_01417,PRD_1024,WH_007,86,2.0,
INV_01418,PRD_0693,WH_005,218,14.0,2025-04-22
INV_01419,PRD_3362,WH_015,62,3.0,2024-07-27
INV_01420,PRD_0366,WH_010,297,24.0,2024-07-17
INV_01421,PRD_1826,WH_067,454,15.0,2025-01-10
INV_01422,PRD_4378,WH_055,2,2.0,
INV_01423,PRD_2193,WH_055,173,23.0,2024-09-23
INV_01424,PRD_3958,WH_006,46,14.0,
INV_01425,PRD_1906,WH_002,107,28.0,2024-02-14
INV_01426,PRD_4433,WH_010,30,1.0,2024-03-22
INV_01427,PRD_3315,WH_023,165,8.0,2025-10-09
INV_01428,PRD_0335,WH_064,290,26.0,2025-07-22
INV_01429,PRD_4101,WH_005,68,5.0,2025-09-09
INV_01430,PRD_4051,WH_027,72,8.0,2025-12-19
INV_01431,PRD_0058,WH_052,45,29.0,
INV_01432,PRD_1372,WH_024,65,12.0,2025-02-22
INV_01433,PRD_3252,WH_020,98,0.0,2024-02-09
INV_01434,PRD_0373,WH_063,132,7.0,2024-09-09
INV_01435,PRD_2648,WH_027,79,3.0,2024-05-07
INV_01436,PRD_2220,WH_040,0,0.0,
INV_01437,PRD_1268,WH_073,157,26.0,2024-04-26
INV_01438,PRD_0309,WH_076,31,2.0,2024-05-20
INV_01439,PRD_1339,WH_022,180,7.0,2024-05-16
INV_01440,PRD_4293,WH_031,92,,2025-08-18
INV_01441,PRD_2291,WH_071,78,23.0,2025-05-08
INV_01442,PRD_3203,WH_072,0,,2025-05-01
INV_01443,PRD_2093,WH_074,60,28.0,2024-11-02
INV_01444,PRD_1689,WH_075,69,,2024-08-05
INV_01445,PRD_0078,WH_016,3,3.0,2025-07-08
INV_01446,PRD_3678,WH_033,0,0.0,2025-11-25
INV_01447,PRD_0419,WH_068,22,13.0,2024-05-21
INV_01448,PRD_0894,WH_002,317,22.0,
INV_01449,PRD_4489,WH_033,41,28.0,2025-07-10
INV_01450,PRD_0620,WH_050,117,22.0,2025-12-10
INV_01451,PRD_4760,WH_039,2,1.0,2025-07-03
INV_01452,PRD_4724,WH_059,70,25.0,2024-03-25
INV_01453,PRD_3545,WH_064,88,7.0,2025-06-03
INV_01454,PRD_3692,WH_007,23,17.0,2025-10-09
INV_01455,PRD_2439,WH_064,38,19.0,2025-10-25
INV_01456,PRD_4880,WH_044,160,24.0,2025-02-07
INV_01457,PRD_2518,WH_038,27,10.0,2024-08-11
INV_01458,PRD_1403,WH_030,0,0.0,2025-08-20
INV_01459,PRD_3156,WH_025,218,,2024-07-24
INV_01460,PRD_3628,WH_057,71,10.0,2025-04-09
INV_01461,PRD_0637,WH_048,265,25.0,2025-08-22
INV_01462,PRD_4178,WH_062,204,14.0,2025-05-15
INV_01463,PRD_4548,WH_077,303,7.0,2025-09-19
INV_01464,PRD_3915,WH_018,31,8.0,2025-05-10
INV_01465,PRD_3532,WH_057,272,21.0,2025-04-21
INV_01466,PRD_0931,WH_022,69,22.0,2024-07-05
INV_01467,PRD_2889,WH_034,177,7.0,2024-01-22
INV_01468,PRD_2519,WH_052,142,11.0,2024-04-14
INV_01469,PRD_1505,WH_034,119,17.0,
INV_01470,PRD_2825,WH_049,65,0.0,2024-02-13
INV_01471,PRD_4482,WH_057,66,15.0,2025-03-21
INV_01472,PRD_0623,WH_022,83,13.0,2024-12-11
INV_01473,PRD_2068,WH_068,35,21.0,2024-11-18
INV_01474,PRD_2515,WH_072,95,9.0,2025-08-06
INV_01475,PRD_3715,WH_050,19,12.0,
INV_01476,PRD_1968,WH_048,2,0.0,2025-09-11
INV_01477,PRD_2536,WH_013,124,30.0,
INV_01478,PRD_1024,WH_051,172,28.0,2024-10-18
INV_01479,PRD_2873,WH_019,84,6.0,2024-03-02
INV_01480,PRD_4654,WH_024,84,7.0,2024-08-11
INV_01481,PRD_3457,WH_027,90,1.0,2025-12-05
INV_01482,PRD_4941,WH_032,21,19.0,2025-02-26
INV_01483,PRD_3120,WH_009,25,8.0,2025-08-13
INV_01484,PRD_1521,WH_021,149,20.0,2024-05-23
INV_01485,PRD_2992,WH_060,193,14.0,2025-05-24
INV_01486,PRD_0948,WH_065,309,26.0,2025-08-18
INV_01487,PRD_3826,WH_036,63,0.0,2024-11-14
INV_01488,PRD_3417,WH_016,140,18.0,2025-03-06
INV_01489,PRD_1728,WH_048,131,2.0,2024-08-03
INV_01490,PRD_0121,WH_022,68,16.0,2024-03-19
INV_01491,PRD_1469,WH_026,23,10.0,2024-05-20
INV_01492,PRD_2262,WH_037,94,6.0,
INV_01493,PRD_0267,WH_034,293,,2024-02-23
INV_01494,PRD_3405,WH_062,37,,2024-12-08
INV_01495,PRD_4783,WH_077,111,1.0,2025-06-07
INV_01496,PRD_3926,WH_057,155,3.0,2025-08-12
INV_01497,PRD_4499,WH_008,144,21.0,2025-03-09
INV_01498,PRD_4555,WH_018,12,11.0,2025-05-17
INV_01499,PRD_0423,WH_005,347,29.0,2024-10-26
INV_01500,PRD_3510,WH_057,213,10.0,2025-06-24
INV_01501,PRD_4898,WH_006,45,3.0,2024-12-25
INV_01502,PRD_3042,WH_001,145,9.0,2025-07-24
INV_01503,PRD_3942,WH_019,25,20.0,2024-07-08
INV_01504,PRD_2513,WH_027,0,0.0,2024-03-06
INV_01505,PRD_1880,WH_039,21,7.0,2024-09-22
INV_01506,PRD_2943,WH_066,246,19.0,2025-09-20
INV_01507,PRD_2302,WH_057,244,,
INV_01508,PRD_0996,WH_070,12,4.0,2024-02-26
INV_01509,PRD_0938,WH_034,95,8.0,2024-07-14
INV_01510,PRD_1004,WH_052,218,1.0,2024-09-19
INV_01511,PRD_3693,WH_071,69,29.0,2024-04-07
INV_01512,PRD_0843,WH_056,36,9.0,2025-10-04
INV_01513,PRD_2249,WH_066,335,14.0,2024-11-19
INV_01514,PRD_2739,WH_059,416,,2024-05-26
INV_01515,PRD_1227,WH_070,84,18.0,2024-11-27
INV_01516,PRD_1417,WH_075,79,20.0,2025-04-21
INV_01517,PRD_4235,WH_010,20,20.0,2024-11-24
INV_01518,PRD_3672,WH_050,2,2.0,
INV_01519,PRD_0836,WH_079,81,14.0,2025-11-21
INV_01520,PRD_4976,WH_007,51,8.0,2025-08-12
INV_01521,PRD_1967,WH_050,128,2.0,2024-08-26
INV_01522,PRD_3551,WH_032,17,11.0,2025-02-18
INV_01523,PRD_1442,WH_044,44,27.0,2024-03-15
INV_01524,PRD_2654,WH_062,117,,2025-01-01
INV_01525,PRD_4945,WH_011,75,,2024-09-20
INV_01526,PRD_3546,WH_033,126,29.0,2025-06-12
INV_01527,PRD_4711,WH_077,77,12.0,2024-11-04
INV_01528,PRD_1571,WH_005,22,13.0,2025-01-05
INV_01529,PRD_4698,WH_009,82,30.0,2024-07-19
INV_01530,PRD_1546,WH_054,27,12.0,2025-11-02
INV_01531,PRD_1604,WH_035,10,4.0,2024-03-27
INV_01532,PRD_1742,WH_065,0,0.0,2025-07-01
INV_01533,PRD_2395,WH_024,231,29.0,2025-08-26
INV_01534,PRD_0217,WH_001,0,0.0,2025-06-09
INV_01535,PRD_1749,WH_030,86,30.0,2025-07-18
INV_01536,PRD_2165,WH_047,46,,2024-02-19
INV_01537,PRD_3953,WH_073,23,16.0,
INV_01538,PRD_0689,WH_043,116,4.0,2024-11-04
INV_01539,PRD_0019,WH_049,79,5.0,2024-04-22
INV_01540,PRD_3924,WH_055,0,,2025-11-05
INV_01541,PRD_4067,WH_078,125,8.0,2024-04-20
INV_01542,PRD_2660,WH_041,168,6.0,2025-10-06
INV_01543,PRD_0331,WH_058,154,3.0,2025-03-23
INV_01544,PRD_2224,WH_064,77,2.0,2024-12-26
INV_01545,PRD_0578,WH_021,226,,2025-07-23
INV_01546,PRD_3970,WH_040,14,5.0,2024-02-06
INV_01547,PRD_1117,WH_051,27,3.0,2025-04-10
INV_01548,PRD_2756,WH_054,56,30.0,2025-07-14
INV_01549,PRD_0012,WH_074,214,10.0,2024-11-21
INV_01550,PRD_3230,WH_058,3,3.0,2024-06-04
INV_01551,PRD_3383,WH_053,8,3.0,2025-12-16
INV_01552,PRD_3813,WH_004,87,14.0,2025-04-19
INV_01553,PRD_4774,WH_050,137,11.0,2024-05-10
INV_01554,PRD_1399,WH_013,76,14.0,2025-08-08
INV_01555,PRD_1178,WH_026,148,9.0,2025-09-16
INV_01556,PRD_3448,WH_026,62,2.0,2024-06-25
INV_01557,PRD_1741,WH_055,49,13.0,2024-04-04
INV_01558,PRD_1672,WH_030,154,23.0,2024-11-08
INV_01559,PRD_2078,WH_062,126,7.0,2025-07-07
INV_01560,PRD_2543,WH_019,129,11.0,2025-02-12
INV_01561,PRD_1487,WH_005,58,7.0,
INV_01562,PRD_4835,WH_017,173,0.0,2024-06-16
INV_01563,PRD_1745,WH_029,35,30.0,2024-05-21
INV_01564,PRD_4419,WH_005,13,9.0,2025-06-03
INV_01565,PRD_2074,WH_043,0,0.0,2024-10-20
INV_01566,PRD_3435,WH_013,126,3.0,2025-02-19
INV_01567,PRD_4672,WH_002,101,22.0,2024-03-08
INV_01568,PRD_2505,WH_053,72,15.0,2025-11-18
INV_01569,PRD_1158,WH_017,88,23.0,2024-01-14
INV_01570,PRD_3158,WH_065,95,10.0,2025-01-24
INV_01571,PRD_3747,WH_043,166,3.0,2024-02-24
INV_01572,PRD_4591,WH_029,180,9.0,2024-09-19
INV_01573,PRD_4279,WH_032,32,13.0,2025-06-25
INV_01574,PRD_1649,WH_052,117,1.0,2025-05-21
INV_01575,PRD_4701,WH_053,96,7.0,2024-05-17
INV_01576,PRD_2988,WH_050,158,29.0,2024-01-04
INV_01577,PRD_2627,WH_056,496,21.0,2025-01-24
INV_01578,PRD_1381,WH_037,40,1.0,2024-01-11
INV_01579,PRD_1447,WH_050,35,6.0,2025-11-10
INV_01580,PRD_2385,WH_046,121,1.0,2025-12-15
INV_01581,PRD_3180,WH_011,32,15.0,2025-06-16
INV_01582,PRD_4217,WH_060,102,13.0,2025-12-21
INV_01583,PRD_2777,WH_037,345,15.0,2025-12-02
INV_01584,PRD_3683,WH_039,37,23.0,2024-11-09
INV_01585,PRD_3539,WH_069,143,6.0,2024-12-17
INV_01586,PRD_2700,WH_013,44,5.0,
INV_01587,PRD_0556,WH_036,516,11.0,2024-02-19
INV_01588,PRD_3404,WH_053,59,15.0,2025-02-18
INV_01589,PRD_1259,WH_006,37,25.0,2024-06-12
INV_01590,PRD_4174,WH_002,0,,2024-05-09
INV_01591,PRD_3863,WH_063,51,15.0,2025-10-16
INV_01592,PRD_0871,WH_074,228,24.0,2025-12-25
INV_01593,PRD_0023,WH_058,19,,2024-12-11
INV_01594,PRD_4695,WH_033,125,14.0,
INV_01595,PRD_4988,WH_003,0,0.0,2025-11-24
INV_01596,PRD_2280,WH_070,297,24.0,
INV_01597,PRD_2092,WH_042,0,0.0,2025-11-21
INV_01598,PRD_0171,WH_070,282,3.0,
INV_01599,PRD_0630,WH_002,165,5.0,2024-01-15
INV_01600,PRD_0480,WH_076,355,,2025-05-11
INV_01601,PRD_1065,WH_009,19,0.0,2024-08-23
INV_01602,PRD_1617,WH_042,16,10.0,2024-03-24
INV_01603,PRD_0714,WH_038,0,0.0,
INV_01604,PRD_4065,WH_027,39,17.0,
INV_01605,PRD_0595,WH_025,135,19.0,2024-12-20
INV_01606,PRD_2495,WH_070,94,13.0,
INV_01607,PRD_4213,WH_011,64,,2025-04-24
INV_01608,PRD_2194,WH_075,0,0.0,2025-03-19
INV_01609,PRD_1940,WH_068,44,22.0,2024-11-12
INV_01610,PRD_3075,WH_067,0,0.0,2024-11-20
INV_01611,PRD_3315,WH_061,77,,2025-01-13
INV_01612,PRD_0300,WH_036,67,11.0,2024-07-09
INV_01613,PRD_3977,WH_077,0,0.0,2025-02-22
INV_01614,PRD_4417,WH_009,83,8.0,2024-04-24
INV_01615,PRD_2246,WH_014,60,28.0,2024-02-09
INV_01616,PRD_2749,WH_053,47,21.0,2025-11-24
INV_01617,PRD_1802,WH_001,41,9.0,2024-01-13
INV_01618,PRD_1309,WH_029,11,4.0,2024-07-07
INV_01619,PRD_0264,WH_072,512,18.0,2025-02-10
INV_01620,PRD_1706,WH_028,55,4.0,2025-07-27
INV_01621,PRD_4029,WH_014,43,4.0,2024-06-16
INV_01622,PRD_1911,WH_011,4,0.0,2024-05-16
INV_01623,PRD_3333,WH_057,153,8.0,2025-11-15
INV_01624,PRD_2282,WH_033,56,23.0,2025-05-19
INV_01625,PRD_4383,WH_044,193,5.0,2025-05-05
INV_01626,PRD_4253,WH_046,51,,2025-02-19
INV_01627,PRD_3360,WH_025,296,16.0,2025-01-09
INV_01628,PRD_4673,WH_061,13,3.0,2024-10-23
INV_01629,PRD_3312,WH_045,47,26.0,2025-09-04
INV_01630,PRD_3435,WH_036,158,25.0,2024-01-08
INV_01631,PRD_2887,WH_030,157,22.0,2024-11-12
INV_01632,PRD_3608,WH_011,82,14.0,2024-05-05
INV_01633,PRD_4696,WH_054,19,10.0,2024-03-18
INV_01634,PRD_4607,WH_048,71,12.0,2024-12-12
INV_01635,PRD_4485,WH_008,42,9.0,2025-04-20
INV_01636,PRD_4044,WH_054,13,10.0,2025-06-09
INV_01637,PRD_4929,WH_046,148,9.0,2024-06-07
INV_01638,PRD_3741,WH_053,15,,2025-03-14
INV_01639,PRD_3789,WH_028,47,24.0,2025-02-09
INV_01640,PRD_4626,WH_020,81,5.0,
INV_01641,PRD_4933,WH_056,9,2.0,2024-09-09
INV_01642,PRD_2682,WH_026,154,25.0,2025-08-25
INV_01643,PRD_0420,WH_072,99,,
INV_01644,PRD_4870,WH_020,25,,2025-05-04
INV_01645,PRD_1183,WH_049,88,27.0,2025-11-14
INV_01646,PRD_4752,WH_064,164,3.0,2025-11-07
INV_01647,PRD_4605,WH_050,32,3.0,2024-10-01
INV_01648,PRD_1889,WH_040,27,,2024-07-25
INV_01649,PRD_1215,WH_007,143,1.0,
INV_01650,PRD_3110,WH_028,0,,2025-11-05
INV_01651,PRD_0705,WH_062,59,20.0,2025-06-01
INV_01652,PRD_4720,WH_043,0,0.0,2025-04-04
INV_01653,PRD_1014,WH_013,0,0.0,
INV_01654,PRD_0687,WH_078,369,3.0,2025-11-09
INV_01655,PRD_3062,WH_012,4,4.0,2025-09-03
INV_01656,PRD_3733,WH_014,23,6.0,2024-11-02
INV_01657,PRD_4165,WH_066,25,23.0,2025-07-15
INV_01658,PRD_2515,WH_050,64,2.0,
INV_01659,PRD_4168,WH_039,201,12.0,2024-06-07
INV_01660,PRD_0218,WH_063,31,25.0,2024-08-08
INV_01661,PRD_4835,WH_070,112,6.0,2024-07-23
INV_01662,PRD_0073,WH_059,213,9.0,2025-04-19
INV_01663,PRD_2955,WH_005,20,6.0,2024-03-22
INV_01664,PRD_3764,WH_021,63,21.0,2025-06-02
INV_01665,PRD_4946,WH_002,44,10.0,2025-12-23
INV_01666,PRD_1456,WH_019,142,6.0,2025-12-04
INV_01667,PRD_1503,WH_026,57,21.0,2025-04-06
INV_01668,PRD_2493,WH_058,133,27.0,2024-07-18
INV_01669,PRD_0499,WH_017,160,21.0,2025-05-22
INV_01670,PRD_0411,WH_015,24,7.0,2024-03-09
INV_01671,PRD_3278,WH_053,100,24.0,2024-07-10
INV_01672,PRD_0695,WH_074,171,16.0,2024-01-19
INV_01673,PRD_2887,WH_058,258,,2024-05-08
INV_01674,PRD_2575,WH_014,50,3.0,
INV_01675,PRD_4241,WH_009,88,21.0,2025-12-26
INV_01676,PRD_2565,WH_045,0,0.0,2025-10-24
INV_01677,PRD_4888,WH_078,108,2.0,2025-06-05
INV_01678,PRD_0787,WH_007,31,0.0,2025-11-12
INV_01679,PRD_3497,WH_077,105,2.0,2024-10-14
INV_01680,PRD_2850,WH_045,12,3.0,2025-05-08
INV_01681,PRD_2967,WH_042,90,16.0,2025-07-15
INV_01682,PRD_0841,WH_054,209,3.0,2025-10-15
INV_01683,PRD_4346,WH_025,35,,2025-05-09
INV_01684,PRD_4774,WH_041,177,28.0,2024-03-11
INV_01685,PRD_0882,WH_059,326,1.0,2024-06-15
INV_01686,PRD_2065,WH_061,21,15.0,
INV_01687,PRD_2830,WH_077,36,5.0,2025-03-25
INV_01688,PRD_1141,WH_021,231,23.0,2024-11-05
INV_01689,PRD_3050,WH_034,2,2.0,
INV_01690,PRD_3468,WH_021,239,17.0,2025-08-13
INV_01691,PRD_3042,WH_057,65,15.0,2025-01-18
INV_01692,PRD_3571,WH_056,128,0.0,
INV_01693,PRD_0030,WH_011,68,13.0,2025-04-08
INV_01694,PRD_0492,WH_027,2,0.0,2025-10-20
INV_01695,PRD_0271,WH_049,301,23.0,2024-03-16
INV_01696,PRD_1248,WH_026,19,14.0,2025-01-22
INV_01697,PRD_0618,WH_033,345,28.0,2024-10-20
INV_01698,PRD_0147,WH_037,90,17.0,2025-05-27
INV_01699,PRD_2742,WH_050,201,23.0,2024-01-10
INV_01700,PRD_4818,WH_063,19,7.0,2024-03-05
INV_01701,PRD_4127,WH_062,0,0.0,2025-01-27
INV_01702,PRD_3123,WH_002,395,30.0,2025-05-21
INV_01703,PRD_2633,WH_010,54,1.0,2024-02-18
INV_01704,PRD_0650,WH_029,167,14.0,2024-09-20
INV_01705,PRD_3499,WH_068,51,17.0,2025-04-12
INV_01706,PRD_4903,WH_051,98,,2025-01-04
INV_01707,PRD_4723,WH_002,53,19.0,2024-04-15
INV_01708,PRD_4408,WH_027,35,12.0,2025-10-20
INV_01709,PRD_4671,WH_012,7,0.0,2025-01-18
INV_01710,PRD_1126,WH_035,87,17.0,2025-08-12
INV_01711,PRD_1681,WH_025,128,8.0,2025-04-15
INV_01712,PRD_2557,WH_049,47,18.0,2025-09-27
INV_01713,PRD_3767,WH_061,1,0.0,2024-12-18
INV_01714,PRD_3431,WH_042,55,3.0,2024-08-02
INV_01715,PRD_0694,WH_036,232,26.0,
INV_01716,PRD_2117,WH_013,105,18.0,2025-12-09
INV_01717,PRD_2655,WH_035,138,15.0,2025-06-01
INV_01718,PRD_0005,WH_071,101,20.0,2025-09-24
INV_01719,PRD_3721,WH_079,194,18.0,2025-06-12
INV_01720,PRD_3332,WH_002,4,0.0,2024-12-12
INV_01721,PRD_0046,WH_072,73,26.0,2024-07-25
INV_01722,PRD_1359,WH_004,56,22.0,2025-09-26
INV_01723,PRD_2605,WH_029,164,29.0,2025-08-07
INV_01724,PRD_4704,WH_040,41,2.0,
INV_01725,PRD_1700,WH_048,96,22.0,2024-12-10
INV_01726,PRD_4952,WH_007,124,16.0,2025-08-17
INV_01727,PRD_3296,WH_052,0,0.0,2024-11-20
INV_01728,PRD_3443,WH_021,226,,2025-04-14
INV_01729,PRD_0398,WH_070,172,28.0,2025-07-11
INV_01730,PRD_3770,WH_045,136,1.0,2025-07-01
INV_01731,PRD_1543,WH_019,67,19.0,2025-06-24
INV_01732,PRD_1010,WH_059,120,28.0,
INV_01733,PRD_0410,WH_013,110,2.0,
INV_01734,PRD_1144,WH_013,0,0.0,2025-11-17
INV_01735,PRD_0583,WH_056,66,22.0,2024-03-15
INV_01736,PRD_0385,WH_048,69,21.0,2024-06-23
INV_01737,PRD_2888,WH_060,167,23.0,2025-02-06
INV_01738,PRD_2894,WH_052,56,4.0,2025-01-11
INV_01739,PRD_1660,WH_050,0,0.0,2024-10-09
INV_01740,PRD_1528,WH_032,77,11.0,2025-01-27
INV_01741,PRD_1608,WH_003,87,17.0,2025-02-01
INV_01742,PRD_2614,WH_037,290,24.0,2024-01-22
INV_01743,PRD_4069,WH_019,36,,2025-04-26
INV_01744,PRD_4101,WH_052,91,30.0,2024-06-14
INV_01745,PRD_0533,WH_025,239,13.0,2025-07-23
INV_01746,PRD_4788,WH_040,32,11.0,2024-08-19
INV_01747,PRD_2989,WH_019,133,,2025-10-14
INV_01748,PRD_1274,WH_063,123,,2025-12-08
INV_01749,PRD_0786,WH_004,296,28.0,2025-06-05
INV_01750,PRD_2380,WH_037,24,4.0,
INV_01751,PRD_4843,WH_038,290,8.0,2024-06-22
INV_01752,PRD_1028,WH_080,102,29.0,
INV_01753,PRD_1032,WH_020,87,13.0,2025-01-22
INV_01754,PRD_1464,WH_002,159,27.0,2025-05-23
INV_01755,PRD_3499,WH_035,62,27.0,2024-05-15
INV_01756,PRD_2963,WH_050,254,29.0,2025-07-24
INV_01757,PRD_0075,WH_062,190,19.0,2025-05-05
INV_01758,PRD_1224,WH_078,0,,2024-03-05
INV_01759,PRD_0454,WH_036,523,6.0,
INV_01760,PRD_0194,WH_066,43,23.0,2024-02-16
INV_01761,PRD_0728,WH_010,64,16.0,2025-06-03
INV_01762,PRD_0772,WH_011,1,0.0,2025-12-08
INV_01763,PRD_2451,WH_032,159,24.0,2024-06-16
INV_01764,PRD_1850,WH_054,63,16.0,2024-03-23
INV_01765,PRD_4165,WH_046,74,24.0,
INV_01766,PRD_3266,WH_033,84,6.0,2024-09-16
INV_01767,PRD_3450,WH_062,123,3.0,
INV_01768,PRD_3556,WH_004,67,24.0,2024-12-02
INV_01769,PRD_4889,WH_057,109,4.0,2024-06-17
INV_01770,PRD_0495,WH_001,502,7.0,2024-10-11
INV_01771,PRD_4232,WH_036,150,11.0,2025-10-24
INV_01772,PRD_0911,WH_076,0,0.0,2024-08-07
INV_01773,PRD_3133,WH_071,318,24.0,2025-06-27
INV_01774,PRD_1720,WH_068,200,14.0,2025-07-15
INV_01775,PRD_1800,WH_032,55,1.0,2024-12-08
INV_01776,PRD_1177,WH_008,44,10.0,2025-04-27
INV_01777,PRD_1427,WH_064,233,,
INV_01778,PRD_4367,WH_058,10,3.0,2025-10-25
INV_01779,PRD_3825,WH_005,188,21.0,2025-01-08
INV_01780,PRD_4836,WH_061,113,24.0,2024-05-26
INV_01781,PRD_1094,WH_059,141,23.0,2025-05-16
INV_01782,PRD_0262,WH_036,206,3.0,2025-10-21
INV_01783,PRD_0756,WH_004,8,8.0,2024-01-09
INV_01784,PRD_4835,WH_005,135,,2025-11-10
INV_01785,PRD_3222,WH_069,65,8.0,2024-10-11
INV_01786,PRD_4349,WH_066,98,28.0,2025-01-07
INV_01787,PRD_4851,WH_040,66,15.0,2024-05-13
INV_01788,PRD_3202,WH_036,62,17.0,2025-05-14
INV_01789,PRD_3767,WH_040,21,2.0,2024-11-23
INV_01790,PRD_1074,WH_004,107,11.0,2024-07-02
INV_01791,PRD_3491,WH_051,140,17.0,2025-05-14
INV_01792,PRD_4124,WH_059,233,1.0,2025-03-10
INV_01793,PRD_4163,WH_031,50,28.0,2024-11-09
INV_01794,PRD_3750,WH_042,0,0.0,2025-10-27
INV_01795,PRD_4851,WH_039,59,14.0,2025-09-20
INV_01796,PRD_1890,WH_023,50,4.0,2024-09-04
INV_01797,PRD_4210,WH_058,61,19.0,2024-05-22
INV_01798,PRD_2987,WH_031,7,6.0,2025-01-18
INV_01799,PRD_3443,WH_075,7,5.0,2024-12-10
INV_01800,PRD_0776,WH_072,94,12.0,2025-06-27
INV_01801,PRD_2769,WH_077,20,10.0,2024-06-03
INV_01802,PRD_0202,WH_041,127,2.0,2024-06-04
INV_01803,PRD_3983,WH_053,24,14.0,2024-02-12
INV_01804,PRD_0420,WH_061,509,23.0,2024-06-26
INV_01805,PRD_3645,WH_056,19,17.0,2024-03-17
INV_01806,PRD_4382,WH_053,1,,
INV_01807,PRD_1744,WH_071,0,0.0,2025-12-27
INV_01808,PRD_4335,WH_025,15,8.0,2024-07-21
INV_01809,PRD_3501,WH_007,28,,2024-12-17
INV_01810,PRD_0822,WH_013,43,3.0,2024-02-02
INV_01811,PRD_1111,WH_042,17,8.0,2025-01-10
INV_01812,PRD_1884,WH_037,55,14.0,2024-05-15
INV_01813,PRD_2344,WH_080,450,22.0,2024-02-14
INV_01814,PRD_3352,WH_052,52,1.0,2025-02-17
INV_01815,PRD_1897,WH_064,167,1.0,2025-05-12
INV_01816,PRD_3586,WH_069,68,29.0,2025-04-02
INV_01817,PRD_4195,WH_080,61,3.0,2025-04-09
INV_01818,PRD_0680,WH_052,302,30.0,2025-11-25
INV_01819,PRD_0435,WH_077,34,30.0,2025-11-08
INV_01820,PRD_0428,WH_022,106,2.0,2024-02-13
INV_01821,PRD_0774,WH_029,0,0.0,2024-08-15
INV_01822,PRD_2996,WH_046,21,8.0,2024-06-21
INV_01823,PRD_1312,WH_053,28,2.0,2024-09-20
INV_01824,PRD_3105,WH_068,27,11.0,2024-11-18
INV_01825,PRD_2657,WH_069,13,10.0,
INV_01826,PRD_2218,WH_048,2,0.0,2024-03-09
INV_01827,PRD_1608,WH_002,82,22.0,2024-07-25
INV_01828,PRD_3087,WH_058,0,0.0,2025-11-08
INV_01829,PRD_0817,WH_069,55,25.0,2025-08-16
INV_01830,PRD_4355,WH_044,58,,2024-02-14
INV_01831,PRD_0496,WH_055,27,8.0,2024-03-27
INV_01832,PRD_0027,WH_076,261,17.0,2025-08-10
INV_01833,PRD_4939,WH_004,12,4.0,2024-08-17
INV_01834,PRD_0281,WH_028,0,0.0,2024-05-09
INV_01835,PRD_1012,WH_014,188,15.0,2024-08-23
INV_01836,PRD_3213,WH_062,238,6.0,2025-10-02
INV_01837,PRD_2347,WH_006,195,17.0,2025-11-02
INV_01838,PRD_4489,WH_061,97,3.0,2024-02-21
INV_01839,PRD_4023,WH_053,201,6.0,
INV_01840,PRD_3287,WH_004,7,2.0,2024-10-23
INV_01841,PRD_0964,WH_047,13,10.0,2025-02-17
INV_01842,PRD_3864,WH_064,85,,
INV_01843,PRD_3980,WH_070,231,10.0,2024-09-08
INV_01844,PRD_2592,WH_030,41,,2025-07-09
INV_01845,PRD_3335,WH_077,76,24.0,2025-09-13
INV_01846,PRD_4526,WH_053,21,3.0,2025-12-11
INV_01847,PRD_0485,WH_011,338,28.0,
INV_01848,PRD_2618,WH_045,126,6.0,2024-12-11
INV_01849,PRD_2894,WH_071,237,12.0,2025-12-27
INV_01850,PRD_1919,WH_041,100,29.0,2025-06-19
INV_01851,PRD_0398,WH_005,0,0.0,2024-05-21
INV_01852,PRD_1102,WH_041,153,0.0,2024-05-22
INV_01853,PRD_4364,WH_037,143,26.0,2024-11-13
INV_01854,PRD_4374,WH_055,64,18.0,2025-10-05
INV_01855,PRD_0210,WH_053,36,28.0,2024-05-21
INV_01856,PRD_4059,WH_058,88,25.0,2024-08-12
INV_01857,PRD_4264,WH_077,0,0.0,2025-03-15
INV_01858,PRD_1894,WH_074,182,29.0,2024-03-17
INV_01859,PRD_2056,WH_035,220,26.0,2024-12-13
INV_01860,PRD_0762,WH_073,80,18.0,2025-08-22
INV_01861,PRD_3621,WH_001,104,,2024-05-18
INV_01862,PRD_2747,WH_043,172,15.0,2025-01-20
INV_01863,PRD_4896,WH_076,91,10.0,2024-11-04
INV_01864,PRD_0137,WH_027,92,25.0,2025-05-04
INV_01865,PRD_1383,WH_058,160,13.0,2025-07-10
INV_01866,PRD_4021,WH_042,0,,
INV_01867,PRD_4229,WH_051,56,20.0,
INV_01868,PRD_1936,WH_033,101,,2024-06-09
INV_01869,PRD_0132,WH_005,450,3.0,
INV_01870,PRD_1884,WH_076,215,19.0,2024-07-24
INV_01871,PRD_4571,WH_029,129,30.0,2025-09-07
INV_01872,PRD_1313,WH_077,140,28.0,2024-08-12
INV_01873,PRD_2234,WH_041,426,,2025-06-05
INV_01874,PRD_0802,WH_060,63,,2025-09-18
INV_01875,PRD_0385,WH_063,218,30.0,2025-08-19
INV_01876,PRD_3830,WH_058,57,13.0,
INV_01877,PRD_3435,WH_072,0,0.0,2024-04-14
INV_01878,PRD_2689,WH_075,100,15.0,2025-10-07
INV_01879,PRD_0918,WH_054,90,3.0,2025-06-13
INV_01880,PRD_1789,WH_027,85,0.0,2025-12-23
INV_01881,PRD_4736,WH_032,244,30.0,2025-05-26
INV_01882,PRD_1436,WH_067,26,6.0,2024-10-03
INV_01883,PRD_2249,WH_015,151,20.0,2025-02-20
INV_01884,PRD_1958,WH_005,340,29.0,2025-04-09
INV_01885,PRD_1308,WH_075,58,5.0,2025-09-10
INV_01886,PRD_2113,WH_014,90,24.0,2024-09-03
INV_01887,PRD_4246,WH_028,144,13.0,2024-03-10
INV_01888,PRD_3714,WH_053,51,,2025-09-01
INV_01889,PRD_4030,WH_039,39,23.0,2025-04-26
INV_01890,PRD_0422,WH_014,106,5.0,2024-06-07
INV_01891,PRD_1694,WH_059,94,21.0,2024-05-13
INV_01892,PRD_3040,WH_008,109,2.0,2024-09-22
INV_01893,PRD_3050,WH_003,30,17.0,2024-10-14
INV_01894,PRD_0504,WH_031,257,16.0,2024-07-09
INV_01895,PRD_1612,WH_060,15,3.0,2025-03-26
INV_01896,PRD_1375,WH_052,13,8.0,2025-07-07
INV_01897,PRD_3782,WH_055,60,28.0,2025-10-01
INV_01898,PRD_0885,WH_048,27,19.0,2024-05-21
INV_01899,PRD_3750,WH_019,60,18.0,2025-12-23
INV_01900,PRD_2685,WH_063,53,12.0,2025-05-03
INV_01901,PRD_0732,WH_077,104,16.0,2024-06-17
INV_01902,PRD_0017,WH_008,308,5.0,2024-09-04
INV_01903,PRD_0935,WH_037,320,28.0,2025-07-17
INV_01904,PRD_4706,WH_030,201,25.0,2025-06-20
INV_01905,PRD_4533,WH_038,198,,2025-09-23
INV_01906,PRD_3835,WH_040,135,13.0,2024-04-11
INV_01907,PRD_4830,WH_066,111,29.0,2025-03-16
INV_01908,PRD_0606,WH_057,231,6.0,2024-12-04
INV_01909,PRD_0946,WH_053,114,27.0,2025-07-25
INV_01910,PRD_2190,WH_045,0,0.0,2025-05-01
INV_01911,PRD_2610,WH_036,183,21.0,2025-11-02
INV_01912,PRD_4620,WH_028,102,,2024-09-13
INV_01913,PRD_1368,WH_062,2,2.0,2025-11-22
INV_01914,PRD_0256,WH_006,165,19.0,2024-11-03
INV_01915,PRD_4634,WH_062,17,2.0,
INV_01916,PRD_3950,WH_080,60,6.0,2024-07-05
INV_01917,PRD_1548,WH_072,45,29.0,2024-05-10
INV_01918,PRD_4774,WH_076,200,8.0,2025-05-11
INV_01919,PRD_0713,WH_015,36,11.0,2025-04-09
INV_01920,PRD_1389,WH_021,32,12.0,2025-03-14
INV_01921,PRD_2921,WH_009,250,26.0,2025-10-10
INV_01922,PRD_4862,WH_014,44,16.0,2025-01-01
INV_01923,PRD_0423,WH_008,594,20.0,2025-01-11
INV_01924,PRD_4379,WH_010,66,4.0,2025-04-26
INV_01925,PRD_4656,WH_032,45,23.0,
INV_01926,PRD_1867,WH_023,37,17.0,2025-03-15
INV_01927,PRD_0053,WH_042,160,29.0,2024-01-04
INV_01928,PRD_1720,WH_061,263,18.0,2024-10-21
INV_01929,PRD_1192,WH_058,197,10.0,2024-08-24
INV_01930,PRD_2720,WH_014,187,28.0,2024-01-02
INV_01931,PRD_0366,WH_070,217,23.0,2025-01-04
INV_01932,PRD_4535,WH_001,40,,2024-11-06
INV_01933,PRD_2967,WH_004,86,14.0,2024-10-03
INV_01934,PRD_3465,WH_075,123,9.0,2024-07-25
INV_01935,PRD_4884,WH_058,40,11.0,2025-05-21
INV_01936,PRD_2309,WH_008,137,16.0,2025-05-24
INV_01937,PRD_4408,WH_042,46,17.0,2024-06-27
INV_01938,PRD_2802,WH_032,10,9.0,2024-06-19
INV_01939,PRD_4682,WH_006,46,22.0,2025-05-16
INV_01940,PRD_2703,WH_047,284,20.0,2024-08-05
INV_01941,PRD_2150,WH_072,40,,2025-05-23
INV_01942,PRD_3515,WH_030,177,27.0,2024-01-11
INV_01943,PRD_3933,WH_040,85,17.0,2024-12-09
INV_01944,PRD_3921,WH_023,83,30.0,2025-08-13
INV_01945,PRD_4042,WH_017,124,2.0,2025-06-08
INV_01946,PRD_4021,WH_019,118,6.0,2024-07-17
INV_01947,PRD_0527,WH_003,111,27.0,2025-05-22
INV_01948,PRD_3635,WH_053,359,15.0,2024-02-20
INV_01949,PRD_2565,WH_079,64,27.0,2024-01-10
INV_01950,PRD_2699,WH_029,82,28.0,2024-08-03
INV_01951,PRD_3327,WH_040,180,26.0,2024-08-23
INV_01952,PRD_3930,WH_030,18,16.0,2024-05-07
INV_01953,PRD_4476,WH_004,13,1.0,2024-06-14
INV_01954,PRD_0158,WH_031,201,2.0,2024-03-07
INV_01955,PRD_4789,WH_023,142,3.0,2024-12-24
INV_01956,PRD_4566,WH_046,101,,2024-09-16
INV_01957,PRD_2975,WH_076,162,1.0,2025-12-11
INV_01958,PRD_2999,WH_058,38,18.0,2025-02-05
INV_01959,PRD_2276,WH_043,264,5.0,2025-03-12
INV_01960,PRD_2053,WH_023,67,,2025-10-22
INV_01961,PRD_3827,WH_011,102,17.0,2025-04-18
INV_01962,PRD_3950,WH_024,62,15.0,2025-08-09
INV_01963,PRD_1691,WH_001,38,3.0,
INV_01964,PRD_1826,WH_064,101,10.0,2024-10-25
INV_01965,PRD_1846,WH_041,26,3.0,2025-06-02
INV_01966,PRD_1477,WH_040,28,15.0,2025-09-23
INV_01967,PRD_4530,WH_023,226,12.0,2024-07-25
INV_01968,PRD_1706,WH_007,88,4.0,2024-01-13
INV_01969,PRD_0134,WH_032,56,27.0,2024-07-04
INV_01970,PRD_1882,WH_080,78,,2025-03-07
INV_01971,PRD_3550,WH_036,8,8.0,
INV_01972,PRD_4269,WH_076,35,4.0,2024-09-25
INV_01973,PRD_4617,WH_076,93,28.0,2024-10-26
INV_01974,PRD_2514,WH_078,67,28.0,2025-05-24
INV_01975,PRD_1677,WH_074,30,13.0,2024-12-09
INV_01976,PRD_3189,WH_055,68,24.0,2024-02-04
INV_01977,PRD_3097,WH_011,74,23.0,2025-10-15
INV_01978,PRD_1885,WH_031,31,23.0,
INV_01979,PRD_4101,WH_001,102,4.0,
INV_01980,PRD_0658,WH_068,11,10.0,2025-06-02
INV_01981,PRD_3872,WH_048,176,16.0,2025-07-15
INV_01982,PRD_4343,WH_003,0,0.0,2025-08-02
INV_01983,PRD_0795,WH_002,36,0.0,2024-07-04
INV_01984,PRD_0693,WH_035,58,23.0,
INV_01985,PRD_3125,WH_079,104,9.0,2025-01-17
INV_01986,PRD_1202,WH_052,48,11.0,2025-09-17
INV_01987,PRD_0243,WH_012,0,0.0,2024-12-18
INV_01988,PRD_3440,WH_003,15,14.0,2024-12-20
INV_01989,PRD_4553,WH_045,97,0.0,2025-04-23
INV_01990,PRD_2225,WH_030,237,23.0,2025-12-25
INV_01991,PRD_1561,WH_001,33,,2025-08-01
INV_01992,PRD_3066,WH_002,121,24.0,2025-09-16
INV_01993,PRD_4146,WH_055,41,,2025-12-16
INV_01994,PRD_2260,WH_028,186,20.0,2024-07-10
INV_01995,PRD_2843,WH_030,68,23.0,2024-02-01
INV_01996,PRD_0128,WH_072,250,,2025-08-11
INV_01997,PRD_1874,WH_051,130,28.0,2025-09-04
INV_01998,PRD_4061,WH_070,89,28.0,2025-08-13
INV_01999,PRD_1285,WH_063,0,0.0,2025-05-03
INV_02000,PRD_0262,WH_077,282,17.0,2024-09-14
INV_02001,PRD_0479,WH_004,169,4.0,2025-08-23
INV_02002,PRD_4820,WH_059,30,11.0,2024-09-20
INV_02003,PRD_2611,WH_057,67,22.0,2025-05-13
INV_02004,PRD_4415,WH_078,8,,2024-07-05
INV_02005,PRD_1286,WH_065,91,8.0,2024-08-12
INV_02006,PRD_4085,WH_007,35,8.0,2025-06-22
INV_02007,PRD_1536,WH_005,14,2.0,2024-03-04
INV_02008,PRD_0738,WH_016,78,21.0,2024-11-16
INV_02009,PRD_0065,WH_070,4,4.0,2024-12-06
INV_02010,PRD_2017,WH_051,125,,
INV_02011,PRD_1604,WH_007,0,0.0,2024-06-01
INV_02012,PRD_4747,WH_080,49,,2025-02-06
INV_02013,PRD_0257,WH_054,2,2.0,2024-04-17
INV_02014,PRD_3449,WH_074,65,21.0,2024-03-05
INV_02015,PRD_3635,WH_067,183,17.0,2024-01-25
INV_02016,PRD_3028,WH_066,125,22.0,2024-10-17
INV_02017,PRD_3518,WH_060,147,4.0,2025-07-12
INV_02018,PRD_1962,WH_032,106,17.0,2025-01-20
INV_02019,PRD_0860,WH_048,168,,2025-10-12
INV_02020,PRD_4885,WH_074,0,0.0,2025-01-01
INV_02021,PRD_2234,WH_037,0,0.0,2024-05-12
INV_02022,PRD_3947,WH_035,21,12.0,2024-05-09
INV_02023,PRD_2023,WH_047,47,27.0,2025-01-06
INV_02024,PRD_0423,WH_025,437,22.0,2025-05-26
INV_02025,PRD_4577,WH_074,215,5.0,2024-01-11
INV_02026,PRD_4749,WH_042,63,,2024-04-23
INV_02027,PRD_0350,WH_041,404,9.0,2025-01-27
INV_02028,PRD_1186,WH_029,84,18.0,2025-01-16
INV_02029,PRD_4601,WH_030,82,,2025-05-22
INV_02030,PRD_4480,WH_054,2,,2025-05-01
INV_02031,PRD_3543,WH_070,82,26.0,2024-12-02
INV_02032,PRD_3103,WH_004,36,15.0,2024-05-02
INV_02033,PRD_4865,WH_008,233,3.0,2024-07-17
INV_02034,PRD_0359,WH_021,131,9.0,2025-12-20
INV_02035,PRD_2983,WH_065,27,9.0,2024-05-20
INV_02036,PRD_2966,WH_062,11,,2025-02-24
INV_02037,PRD_4057,WH_039,173,11.0,2025-04-02
INV_02038,PRD_0109,WH_027,148,29.0,2025-12-10
INV_02039,PRD_2263,WH_059,194,30.0,
INV_02040,PRD_3330,WH_032,122,,2025-04-09
INV_02041,PRD_3842,WH_014,38,2.0,2025-02-18
INV_02042,PRD_3062,WH_005,215,29.0,2024-07-03
INV_02043,PRD_1524,WH_064,127,30.0,2025-03-09
INV_02044,PRD_3939,WH_052,121,5.0,2024-12-06
INV_02045,PRD_2613,WH_080,24,4.0,2024-04-07
INV_02046,PRD_4885,WH_021,210,29.0,2024-04-05
INV_02047,PRD_1773,WH_076,46,26.0,2025-08-16
INV_02048,PRD_3468,WH_053,232,16.0,
INV_02049,PRD_4716,WH_061,31,1.0,2025-05-11
INV_02050,PRD_2462,WH_065,95,,2025-09-07
INV_02051,PRD_2829,WH_073,6,5.0,2025-05-20
INV_02052,PRD_0730,WH_001,88,12.0,2024-12-19
INV_02053,PRD_4659,WH_033,71,23.0,2024-04-06
INV_02054,PRD_0117,WH_037,323,20.0,2024-11-14
INV_02055,PRD_1921,WH_077,132,,2024-01-14
INV_02056,PRD_3322,WH_064,0,0.0,2024-07-04
INV_02057,PRD_2040,WH_035,80,14.0,2025-11-12
INV_02058,PRD_4506,WH_042,110,26.0,2024-08-12
INV_02059,PRD_4864,WH_080,164,8.0,2024-03-07
INV_02060,PRD_3518,WH_041,239,30.0,
INV_02061,PRD_3985,WH_012,84,9.0,2024-07-25
INV_02062,PRD_3150,WH_024,89,14.0,
INV_02063,PRD_0584,WH_011,132,17.0,2025-07-23
INV_02064,PRD_4427,WH_072,115,,2024-04-05
INV_02065,PRD_2668,WH_017,171,10.0,2025-08-18
INV_02066,PRD_1848,WH_041,25,24.0,2025-11-04
INV_02067,PRD_0900,WH_047,17,16.0,2024-07-05
INV_02068,PRD_0246,WH_058,31,12.0,2024-11-23
INV_02069,PRD_1668,WH_048,32,16.0,2024-01-18
INV_02070,PRD_1092,WH_055,121,8.0,2025-07-05
INV_02071,PRD_4424,WH_029,0,0.0,
INV_02072,PRD_4517,WH_035,25,14.0,
INV_02073,PRD_1033,WH_040,57,9.0,
INV_02074,PRD_2016,WH_044,253,24.0,2025-11-17
INV_02075,PRD_1721,WH_059,15,15.0,2024-11-15
INV_02076,PRD_1705,WH_001,37,5.0,2024-09-05
INV_02077,PRD_3148,WH_052,108,29.0,2025-05-22
INV_02078,PRD_3413,WH_054,13,1.0,2025-01-15
INV_02079,PRD_4523,WH_025,187,28.0,2025-04-17
INV_02080,PRD_2337,WH_008,456,13.0,2025-06-22
INV_02081,PRD_0947,WH_079,59,8.0,2025-08-01
INV_02082,PRD_2331,WH_062,333,2.0,2025-01-08
INV_02083,PRD_1068,WH_078,77,5.0,2025-01-10
INV_02084,PRD_3375,WH_003,137,21.0,
INV_02085,PRD_0811,WH_030,0,,2024-10-18
INV_02086,PRD_3642,WH_069,36,19.0,2024-02-07
INV_02087,PRD_0850,WH_015,71,6.0,2024-03-22
INV_02088,PRD_1861,WH_065,6,3.0,2024-09-18
INV_02089,PRD_2729,WH_006,203,,
INV_02090,PRD_1928,WH_034,375,25.0,2024-10-13
INV_02091,PRD_3054,WH_067,256,29.0,2025-09-21
INV_02092,PRD_3616,WH_068,229,2.0,2025-12-03
INV_02093,PRD_4188,WH_057,71,6.0,2025-12-01
INV_02094,PRD_1239,WH_039,5,3.0,
INV_02095,PRD_0274,WH_078,181,28.0,2025-07-17
INV_02096,PRD_1477,WH_026,61,,
INV_02097,PRD_1994,WH_018,0,0.0,2025-12-03
INV_02098,PRD_4496,WH_059,156,11.0,2025-06-10
INV_02099,PRD_0974,WH_037,21,,2024-06-19
INV_02100,PRD_0969,WH_006,98,30.0,2024-10-05
INV_02101,PRD_0725,WH_020,57,19.0,2024-02-21
INV_02102,PRD_0328,WH_032,209,18.0,2025-12-20
INV_02103,PRD_3744,WH_003,86,3.0,2024-07-25
INV_02104,PRD_1706,WH_080,33,4.0,2025-09-21
INV_02105,PRD_0802,WH_076,88,17.0,2025-10-01
INV_02106,PRD_3685,WH_037,118,10.0,
INV_02107,PRD_2959,WH_054,18,5.0,2024-07-03
INV_02108,PRD_2416,WH_019,157,,2024-06-20
INV_02109,PRD_3234,WH_063,0,0.0,2024-01-09
INV_02110,PRD_2965,WH_080,265,3.0,2025-05-27
INV_02111,PRD_1438,WH_019,204,16.0,2025-01-06
INV_02112,PRD_1491,WH_059,24,0.0,2024-02-19
INV_02113,PRD_4864,WH_024,190,1.0,2024-09-12
INV_02114,PRD_2611,WH_058,115,25.0,2025-12-24
INV_02115,PRD_2626,WH_072,73,1.0,2024-09-26
INV_02116,PRD_4132,WH_071,28,3.0,2024-11-27
INV_02117,PRD_4094,WH_005,0,0.0,2024-12-22
INV_02118,PRD_1892,WH_001,26,24.0,2025-04-14
INV_02119,PRD_4118,WH_075,114,12.0,
INV_02120,PRD_2444,WH_035,375,6.0,2025-12-21
INV_02121,PRD_1277,WH_003,53,17.0,2024-05-23
INV_02122,PRD_0624,WH_010,70,28.0,2025-11-16
INV_02123,PRD_2664,WH_014,48,8.0,2025-07-02
INV_02124,PRD_4037,WH_073,17,10.0,2025-12-03
INV_02125,PRD_3336,WH_038,119,13.0,2024-03-10
INV_02126,PRD_3019,WH_046,326,9.0,2025-07-04
INV_02127,PRD_1972,WH_042,148,9.0,2024-12-25
INV_02128,PRD_0966,WH_043,378,26.0,2024-11-13
INV_02129,PRD_3830,WH_051,1,0.0,2024-05-16
INV_02130,PRD_0628,WH_033,177,,2025-01-22
INV_02131,PRD_4972,WH_002,53,5.0,2024-04-15
INV_02132,PRD_3848,WH_049,10,8.0,2025-03-26
INV_02133,PRD_4923,WH_040,107,19.0,
INV_02134,PRD_4777,WH_055,0,0.0,2024-07-25
INV_02135,PRD_4474,WH_056,224,10.0,2024-08-24
INV_02136,PRD_1290,WH_078,193,9.0,2025-05-12
INV_02137,PRD_3494,WH_053,75,23.0,2025-02-03
INV_02138,PRD_4557,WH_003,149,17.0,2024-02-26
INV_02139,PRD_1831,WH_005,54,11.0,2024-06-17
INV_02140,PRD_3399,WH_009,94,7.0,2025-06-09
INV_02141,PRD_2202,WH_044,204,,
INV_02142,PRD_0441,WH_063,135,8.0,2025-04-15
INV_02143,PRD_3216,WH_072,4,2.0,2025-05-23
INV_02144,PRD_4421,WH_036,30,29.0,2024-06-03
INV_02145,PRD_0278,WH_001,50,15.0,2024-02-02
INV_02146,PRD_3500,WH_009,54,22.0,2025-03-08
INV_02147,PRD_1904,WH_030,224,17.0,2024-11-07
INV_02148,PRD_0119,WH_070,66,24.0,2024-09-02
INV_02149,PRD_3755,WH_012,64,4.0,
INV_02150,PRD_3425,WH_009,35,23.0,2024-07-21
INV_02151,PRD_2018,WH_066,277,0.0,2025-05-24
INV_02152,PRD_4252,WH_039,109,27.0,2024-03-13
INV_02153,PRD_3373,WH_010,43,9.0,2024-07-02
INV_02154,PRD_2226,WH_019,61,8.0,2025-05-12
INV_02155,PRD_0080,WH_028,120,28.0,2025-11-19
INV_02156,PRD_2793,WH_027,216,9.0,2024-05-03
INV_02157,PRD_3465,WH_058,136,28.0,2024-01-10
INV_02158,PRD_3064,WH_028,92,,2024-10-12
INV_02159,PRD_4793,WH_076,20,9.0,2025-05-23
INV_02160,PRD_0267,WH_043,0,0.0,
INV_02161,PRD_1897,WH_001,156,25.0,2024-06-25
INV_02162,PRD_1468,WH_050,1,0.0,2025-05-09
INV_02163,PRD_2571,WH_041,16,15.0,2024-10-18
INV_02164,PRD_3416,WH_003,94,11.0,
INV_02165,PRD_1879,WH_063,115,14.0,2025-10-09
INV_02166,PRD_4098,WH_068,3,2.0,2025-12-17
INV_02167,PRD_2631,WH_062,66,14.0,2024-03-05
INV_02168,PRD_4785,WH_051,34,,2025-10-26
INV_02169,PRD_3257,WH_035,95,29.0,2024-03-07
INV_02170,PRD_4285,WH_080,22,4.0,2025-04-05
INV_02171,PRD_0712,WH_044,245,,2024-07-06
INV_02172,PRD_2619,WH_020,120,8.0,2025-07-02
INV_02173,PRD_0136,WH_050,26,4.0,2024-04-17
INV_02174,PRD_4912,WH_030,44,21.0,2024-12-06
INV_02175,PRD_4115,WH_049,20,12.0,2025-08-15
INV_02176,PRD_1279,WH_008,8,2.0,2024-07-14
INV_02177,PRD_1717,WH_040,119,14.0,2024-08-04
INV_02178,PRD_4971,WH_016,33,16.0,2024-04-01
INV_02179,PRD_3730,WH_039,131,12.0,2025-10-23
INV_02180,PRD_1621,WH_064,2,0.0,2025-09-14
INV_02181,PRD_2633,WH_070,176,29.0,2024-04-20
INV_02182,PRD_0575,WH_028,0,0.0,2024-11-13
INV_02183,PRD_0543,WH_078,176,,2024-01-21
INV_02184,PRD_3703,WH_064,230,24.0,2024-08-05
INV_02185,PRD_1077,WH_050,144,28.0,
INV_02186,PRD_2379,WH_058,12,11.0,2025-11-26
INV_02187,PRD_4160,WH_056,0,0.0,2024-09-25
INV_02188,PRD_2238,WH_055,399,15.0,2024-04-24
INV_02189,PRD_0984,WH_059,0,0.0,2025-11-13
INV_02190,PRD_4735,WH_049,139,,2024-12-14
INV_02191,PRD_4169,WH_001,168,24.0,2024-01-09
INV_02192,PRD_1056,WH_055,382,11.0,2025-09-03
INV_02193,PRD_3902,WH_054,19,2.0,2024-10-22
INV_02194,PRD_2087,WH_021,218,20.0,2024-04-02
INV_02195,PRD_4970,WH_059,102,9.0,2024-04-04
INV_02196,PRD_2704,WH_030,113,21.0,2024-09-11
INV_02197,PRD_1595,WH_029,69,15.0,2024-03-12
INV_02198,PRD_0551,WH_060,339,22.0,2025-02-17
INV_02199,PRD_4662,WH_079,190,15.0,2025-03-06
INV_02200,PRD_0544,WH_056,112,30.0,2025-12-20
INV_02201,PRD_4620,WH_042,200,6.0,2024-10-01
INV_02202,PRD_2508,WH_064,124,15.0,2024-05-09
INV_02203,PRD_0821,WH_042,29,19.0,2025-05-01
INV_02204,PRD_3718,WH_013,68,10.0,2024-04-26
INV_02205,PRD_0914,WH_055,53,12.0,2025-07-11
INV_02206,PRD_4582,WH_017,137,0.0,2025-03-26
INV_02207,PRD_4955,WH_011,1,1.0,2025-05-11
INV_02208,PRD_2172,WH_057,303,,2024-11-06
INV_02209,PRD_1605,WH_079,80,24.0,
INV_02210,PRD_3277,WH_071,73,12.0,2025-05-26
INV_02211,PRD_0241,WH_010,244,11.0,2024-11-18
INV_02212,PRD_2383,WH_052,64,25.0,
INV_02213,PRD_1268,WH_071,0,0.0,2025-11-25
INV_02214,PRD_2917,WH_004,145,10.0,2025-03-22
INV_02215,PRD_4944,WH_029,97,15.0,2024-09-13
INV_02216,PRD_3058,WH_078,74,30.0,2024-09-21
INV_02217,PRD_4109,WH_021,49,9.0,2025-07-14
INV_02218,PRD_2915,WH_044,85,17.0,2024-03-18
INV_02219,PRD_3864,WH_035,71,9.0,2024-09-18
INV_02220,PRD_4044,WH_077,74,26.0,2024-07-25
INV_02221,PRD_2092,WH_045,98,23.0,2024-11-23
INV_02222,PRD_1263,WH_019,41,6.0,2024-06-01
INV_02223,PRD_0187,WH_002,75,15.0,2024-02-14
INV_02224,PRD_3433,WH_046,55,10.0,2025-04-19
INV_02225,PRD_0088,WH_035,197,20.0,2024-04-15
INV_02226,PRD_4530,WH_039,284,,2025-07-27
INV_02227,PRD_1990,WH_062,160,,2025-10-18
INV_02228,PRD_3388,WH_034,158,0.0,2024-12-01
INV_02229,PRD_0787,WH_033,103,16.0,2024-05-22
INV_02230,PRD_1239,WH_026,37,13.0,2024-03-01
INV_02231,PRD_2818,WH_024,155,25.0,2025-03-13
INV_02232,PRD_1220,WH_001,139,10.0,2025-03-16
INV_02233,PRD_1062,WH_073,272,7.0,2024-03-05
INV_02234,PRD_3179,WH_077,21,13.0,2024-03-05
INV_02235,PRD_3588,WH_058,92,,2024-07-01
INV_02236,PRD_3264,WH_077,0,0.0,2024-02-10
INV_02237,PRD_0345,WH_076,59,6.0,2025-02-11
INV_02238,PRD_3676,WH_022,83,30.0,2024-03-25
INV_02239,PRD_0991,WH_075,155,3.0,2024-11-19
INV_02240,PRD_3618,WH_049,91,27.0,2024-08-21
INV_02241,PRD_2196,WH_046,469,29.0,2024-09-13
INV_02242,PRD_4872,WH_047,18,5.0,2024-06-03
INV_02243,PRD_3618,WH_009,99,29.0,2025-10-09
INV_02244,PRD_0520,WH_070,145,,2025-08-24
INV_02245,PRD_3678,WH_020,254,16.0,2025-02-20
INV_02246,PRD_1607,WH_072,26,,2025-01-21
INV_02247,PRD_4340,WH_037,57,0.0,2024-04-03
INV_02248,PRD_4757,WH_079,24,5.0,2024-09-05
INV_02249,PRD_3149,WH_061,61,15.0,2025-03-03
INV_02250,PRD_0564,WH_068,0,0.0,2025-10-23
INV_02251,PRD_1909,WH_003,132,9.0,2025-03-15
INV_02252,PRD_3873,WH_051,171,22.0,2025-10-11
INV_02253,PRD_1063,WH_048,40,,2024-07-09
INV_02254,PRD_0561,WH_072,82,11.0,2024-07-15
INV_02255,PRD_2977,WH_054,198,27.0,2025-06-05
INV_02256,PRD_2548,WH_026,74,17.0,2024-05-15
INV_02257,PRD_0368,WH_007,45,13.0,2025-05-20
INV_02258,PRD_1294,WH_019,229,,2025-09-23
INV_02259,PRD_2438,WH_014,51,24.0,2025-04-10
INV_02260,PRD_2690,WH_039,67,18.0,
INV_02261,PRD_3639,WH_068,111,20.0,2025-08-08
INV_02262,PRD_0726,WH_018,262,26.0,2024-10-14
INV_02263,PRD_4068,WH_012,27,2.0,2025-06-23
INV_02264,PRD_3491,WH_033,110,,2025-12-18
INV_02265,PRD_3153,WH_012,27,6.0,2024-12-09
INV_02266,PRD_1847,WH_032,172,3.0,2025-10-12
INV_02267,PRD_2144,WH_023,52,6.0,2024-01-27
INV_02268,PRD_0572,WH_011,294,,
INV_02269,PRD_0306,WH_016,200,22.0,2025-09-12
INV_02270,PRD_3073,WH_035,45,26.0,2025-08-26
INV_02271,PRD_2004,WH_007,10,9.0,2024-01-19
INV_02272,PRD_3637,WH_069,88,23.0,2024-08-26
INV_02273,PRD_0223,WH_010,24,14.0,
INV_02274,PRD_0558,WH_076,112,18.0,2024-02-13
INV_02275,PRD_2126,WH_010,72,18.0,2024-01-22
INV_02276,PRD_3626,WH_021,20,0.0,2024-04-14
INV_02277,PRD_4692,WH_001,75,29.0,2024-10-18
INV_02278,PRD_2170,WH_030,325,11.0,
INV_02279,PRD_2623,WH_075,206,2.0,2024-06-11
INV_02280,PRD_4981,WH_017,78,14.0,2025-07-07
INV_02281,PRD_1497,WH_054,22,8.0,2024-01-13
INV_02282,PRD_4584,WH_075,77,19.0,2024-12-12
INV_02283,PRD_3701,WH_064,0,,
INV_02284,PRD_3757,WH_031,51,14.0,2025-08-25
INV_02285,PRD_4063,WH_077,38,24.0,2025-03-26
INV_02286,PRD_1572,WH_042,20,1.0,2024-04-12
INV_02287,PRD_3464,WH_060,106,,2024-06-04
INV_02288,PRD_4603,WH_020,46,28.0,2024-01-05
INV_02289,PRD_3134,WH_078,117,20.0,2024-12-06
INV_02290,PRD_0718,WH_005,47,29.0,2025-04-27
INV_02291,PRD_2420,WH_053,41,7.0,2024-08-19
INV_02292,PRD_0238,WH_002,147,4.0,2024-12-03
INV_02293,PRD_1896,WH_063,265,28.0,2024-07-03
INV_02294,PRD_1313,WH_063,47,10.0,2025-02-20
INV_02295,PRD_1324,WH_022,83,20.0,2024-07-01
INV_02296,PRD_2988,WH_022,188,9.0,2024-11-22
INV_02297,PRD_0288,WH_026,30,20.0,2025-12-15
INV_02298,PRD_1596,WH_058,57,17.0,2024-03-15
INV_02299,PRD_1763,WH_021,68,23.0,2024-10-24
INV_02300,PRD_1850,WH_023,52,,2025-10-08
INV_02301,PRD_4292,WH_066,10,4.0,2024-08-05
INV_02302,PRD_3887,WH_024,49,14.0,2025-01-13
INV_02303,PRD_1468,WH_041,25,25.0,2025-08-04
INV_02304,PRD_1859,WH_005,121,1.0,2025-03-18
INV_02305,PRD_4689,WH_044,175,29.0,2024-11-01
INV_02306,PRD_3470,WH_036,121,2.0,2024-10-15
INV_02307,PRD_0133,WH_013,14,,2024-12-04
INV_02308,PRD_0780,WH_011,42,23.0,2024-09-08
INV_02309,PRD_0837,WH_024,55,15.0,2025-03-08
INV_02310,PRD_2773,WH_050,52,4.0,2025-09-01
INV_02311,PRD_1827,WH_015,235,9.0,2024-08-01
INV_02312,PRD_0022,WH_062,8,6.0,2025-11-07
INV_02313,PRD_0897,WH_076,30,26.0,2025-07-13
INV_02314,PRD_4142,WH_078,357,28.0,2025-01-03
INV_02315,PRD_1457,WH_028,0,,2024-11-13
INV_02316,PRD_2144,WH_077,59,22.0,2024-01-05
INV_02317,PRD_0212,WH_017,32,29.0,2024-10-05
INV_02318,PRD_1711,WH_076,37,29.0,2024-10-18
INV_02319,PRD_0432,WH_075,368,21.0,2025-04-03
INV_02320,PRD_0732,WH_063,64,18.0,2025-01-16
INV_02321,PRD_0868,WH_057,298,20.0,
INV_02322,PRD_1713,WH_046,0,,2024-03-03
INV_02323,PRD_4480,WH_013,34,20.0,2025-06-18
INV_02324,PRD_0235,WH_023,108,,2025-03-21
INV_02325,PRD_2139,WH_072,67,26.0,2025-03-17
INV_02326,PRD_1939,WH_020,205,,2025-05-06
INV_02327,PRD_3105,WH_076,8,,2024-12-05
INV_02328,PRD_3718,WH_045,34,13.0,2024-01-16
INV_02329,PRD_1171,WH_017,166,24.0,2025-03-21
INV_02330,PRD_1540,WH_048,5,0.0,2024-02-24
INV_02331,PRD_4476,WH_045,69,10.0,2024-02-13
INV_02332,PRD_1640,WH_013,38,12.0,2025-01-11
INV_02333,PRD_2579,WH_035,39,9.0,2025-05-16
INV_02334,PRD_4307,WH_016,45,25.0,2025-11-15
INV_02335,PRD_0403,WH_026,356,29.0,2025-01-09
INV_02336,PRD_0880,WH_046,11,,2025-08-15
INV_02337,PRD_1603,WH_008,2,2.0,2025-04-25
INV_02338,PRD_0764,WH_056,339,21.0,2025-07-11
INV_02339,PRD_3884,WH_056,0,0.0,2025-11-24
INV_02340,PRD_3613,WH_045,241,6.0,2025-01-15
INV_02341,PRD_3830,WH_005,72,27.0,2025-06-17
INV_02342,PRD_3990,WH_074,169,,2024-06-11
INV_02343,PRD_4043,WH_008,4,3.0,2024-07-10
INV_02344,PRD_0419,WH_022,82,,2025-06-05
INV_02345,PRD_4881,WH_047,57,24.0,2024-07-14
INV_02346,PRD_2287,WH_002,300,30.0,2024-11-27
INV_02347,PRD_3258,WH_060,252,,2025-10-08
INV_02348,PRD_1890,WH_076,114,22.0,
INV_02349,PRD_2644,WH_032,77,12.0,2025-01-06
INV_02350,PRD_1499,WH_053,2,0.0,2025-10-23
INV_02351,PRD_1883,WH_057,84,4.0,2024-05-25
INV_02352,PRD_1414,WH_010,22,2.0,2024-04-05
INV_02353,PRD_0828,WH_025,58,30.0,2025-07-10
INV_02354,PRD_2002,WH_073,222,16.0,2024-12-09
INV_02355,PRD_4194,WH_057,94,10.0,2025-02-17
INV_02356,PRD_0469,WH_019,115,8.0,2025-05-11
INV_02357,PRD_1331,WH_043,126,14.0,2025-11-21
INV_02358,PRD_0759,WH_039,90,23.0,2025-05-27
INV_02359,PRD_3527,WH_001,24,5.0,2025-06-15
INV_02360,PRD_1141,WH_070,98,,
INV_02361,PRD_1111,WH_036,127,20.0,2025-10-04
INV_02362,PRD_1452,WH_052,4,,2025-08-16
INV_02363,PRD_4552,WH_038,72,16.0,2024-01-19
INV_02364,PRD_3075,WH_008,154,16.0,2024-12-12
INV_02365,PRD_2450,WH_067,12,5.0,2024-08-03
INV_02366,PRD_0071,WH_014,49,20.0,2025-12-27
INV_02367,PRD_4388,WH_005,206,10.0,2025-02-16
INV_02368,PRD_4016,WH_064,25,12.0,
INV_02369,PRD_0205,WH_071,40,7.0,2024-03-16
INV_02370,PRD_1196,WH_078,26,14.0,2024-04-23
INV_02371,PRD_1905,WH_036,245,6.0,2024-08-05
INV_02372,PRD_0406,WH_050,258,4.0,2025-05-17
INV_02373,PRD_0331,WH_018,135,18.0,
INV_02374,PRD_4150,WH_056,5,4.0,2025-09-25
INV_02375,PRD_1025,WH_004,17,,2024-09-01
INV_02376,PRD_3999,WH_047,29,26.0,2024-04-09
INV_02377,PRD_0611,WH_067,16,15.0,2024-06-21
INV_02378,PRD_0479,WH_045,505,30.0,2024-09-21
INV_02379,PRD_3458,WH_055,141,9.0,
INV_02380,PRD_2504,WH_061,113,15.0,2025-01-18
INV_02381,PRD_4847,WH_052,10,,
INV_02382,PRD_1216,WH_070,29,10.0,2025-06-16
INV_02383,PRD_1258,WH_064,151,21.0,2025-05-20
INV_02384,PRD_2747,WH_069,150,21.0,2025-02-16
INV_02385,PRD_0158,WH_015,252,0.0,
INV_02386,PRD_2688,WH_069,37,22.0,2025-07-23
INV_02387,PRD_1126,WH_024,54,14.0,2025-06-21
INV_02388,PRD_1448,WH_042,63,14.0,2024-12-26
INV_02389,PRD_3066,WH_043,205,3.0,2025-07-27
INV_02390,PRD_2149,WH_005,88,13.0,2025-03-27
INV_02391,PRD_4139,WH_055,17,12.0,
INV_02392,PRD_1133,WH_028,0,0.0,2025-11-02
INV_02393,PRD_2189,WH_024,63,22.0,2024-01-04
INV_02394,PRD_3337,WH_047,126,,2025-09-18
INV_02395,PRD_1314,WH_047,38,2.0,2025-03-13
INV_02396,PRD_3832,WH_027,30,13.0,2025-06-11
INV_02397,PRD_1379,WH_055,99,10.0,2024-02-02
INV_02398,PRD_0271,WH_060,232,20.0,2025-02-13
INV_02399,PRD_0417,WH_038,10,7.0,2024-10-24
INV_02400,PRD_2744,WH_024,166,18.0,
INV_02401,PRD_2456,WH_014,58,18.0,2024-07-18
INV_02402,PRD_2903,WH_056,33,0.0,2025-07-17
INV_02403,PRD_1769,WH_056,15,3.0,
INV_02404,PRD_4739,WH_015,13,11.0,2025-05-02
INV_02405,PRD_4438,WH_036,226,17.0,2025-04-10
INV_02406,PRD_1200,WH_060,68,29.0,
INV_02407,PRD_3554,WH_002,218,19.0,2024-05-06
INV_02408,PRD_2326,WH_044,4,1.0,2025-07-03
INV_02409,PRD_0877,WH_064,387,9.0,2025-09-15
INV_02410,PRD_3612,WH_075,12,12.0,2024-09-26
INV_02411,PRD_3835,WH_062,10,9.0,
INV_02412,PRD_3232,WH_068,120,2.0,2024-02-27
INV_02413,PRD_1808,WH_077,60,2.0,2024-02-15
INV_02414,PRD_2128,WH_056,24,19.0,2025-08-24
INV_02415,PRD_3533,WH_004,66,23.0,2025-12-25
INV_02416,PRD_2200,WH_022,85,8.0,2025-11-26
INV_02417,PRD_1324,WH_044,1,1.0,2024-11-18
INV_02418,PRD_2579,WH_061,76,20.0,2024-08-09
INV_02419,PRD_4788,WH_065,19,0.0,2024-12-27
INV_02420,PRD_3387,WH_040,96,9.0,2024-06-11
INV_02421,PRD_3704,WH_066,57,28.0,2024-02-25
INV_02422,PRD_0472,WH_018,59,28.0,2025-08-08
INV_02423,PRD_3068,WH_026,2,1.0,2024-05-12
INV_02424,PRD_2094,WH_046,0,0.0,2025-05-20
INV_02425,PRD_1042,WH_073,146,11.0,2024-06-07
INV_02426,PRD_2064,WH_024,28,5.0,2024-12-04
INV_02427,PRD_3641,WH_020,9,4.0,2025-08-23
INV_02428,PRD_0130,WH_045,81,25.0,2024-07-06
INV_02429,PRD_0726,WH_068,163,18.0,2025-03-18
INV_02430,PRD_1101,WH_066,170,13.0,2024-11-10
INV_02431,PRD_1147,WH_030,90,24.0,2025-12-13
INV_02432,PRD_4833,WH_024,51,,2025-10-12
INV_02433,PRD_3176,WH_011,0,0.0,2025-05-16
INV_02434,PRD_0818,WH_025,80,20.0,2025-01-22
INV_02435,PRD_4711,WH_015,99,15.0,2024-02-22
INV_02436,PRD_4235,WH_052,154,11.0,2025-03-04
INV_02437,PRD_3114,WH_006,20,,2025-12-22
INV_02438,PRD_2034,WH_042,44,,2024-03-13
INV_02439,PRD_2616,WH_075,176,1.0,2024-09-20
INV_02440,PRD_1491,WH_034,10,10.0,2024-02-15
INV_02441,PRD_3943,WH_062,3,0.0,2024-09-16
INV_02442,PRD_2595,WH_009,201,14.0,2025-11-06
INV_02443,PRD_1704,WH_056,0,0.0,2024-05-11
INV_02444,PRD_1123,WH_006,43,25.0,2025-12-09
INV_02445,PRD_2705,WH_025,189,7.0,2024-09-05
INV_02446,PRD_0049,WH_011,56,25.0,2025-02-09
INV_02447,PRD_0957,WH_009,0,0.0,2024-11-03
INV_02448,PRD_4696,WH_039,221,8.0,2024-12-21
INV_02449,PRD_3599,WH_061,147,3.0,2024-07-07
INV_02450,PRD_2241,WH_032,91,,2025-11-21
INV_02451,PRD_2843,WH_004,63,0.0,2024-09-25
INV_02452,PRD_3288,WH_032,31,22.0,2025-06-13
INV_02453,PRD_4595,WH_027,186,30.0,2024-10-01
INV_02454,PRD_0390,WH_051,54,23.0,2025-02-08
INV_02455,PRD_0434,WH_028,328,25.0,2024-03-10
INV_02456,PRD_1344,WH_010,80,15.0,2024-12-16
INV_02457,PRD_0797,WH_050,16,2.0,2024-09-08
INV_02458,PRD_4904,WH_003,32,28.0,2024-02-13
INV_02459,PRD_1643,WH_078,8,2.0,2025-12-14
INV_02460,PRD_1292,WH_079,0,0.0,2025-05-24
INV_02461,PRD_3960,WH_022,121,26.0,2024-06-22
INV_02462,PRD_4460,WH_051,83,20.0,2025-08-06
INV_02463,PRD_1280,WH_019,17,4.0,2024-11-05
INV_02464,PRD_2926,WH_045,151,11.0,2024-08-09
INV_02465,PRD_3519,WH_036,2,1.0,2025-06-12
INV_02466,PRD_4747,WH_045,69,1.0,2024-12-25
INV_02467,PRD_0040,WH_043,151,13.0,2025-04-04
INV_02468,PRD_0368,WH_054,117,20.0,2025-02-27
INV_02469,PRD_2440,WH_061,224,29.0,2025-11-27
INV_02470,PRD_2959,WH_036,35,16.0,2025-07-03
INV_02471,PRD_0463,WH_061,193,,2024-08-19
INV_02472,PRD_2540,WH_038,181,28.0,2024-07-12
INV_02473,PRD_4715,WH_015,17,15.0,2024-06-19
INV_02474,PRD_1778,WH_025,23,12.0,2024-08-08
INV_02475,PRD_2130,WH_038,41,,2025-02-03
INV_02476,PRD_0678,WH_079,64,25.0,2025-05-14
INV_02477,PRD_2128,WH_003,98,14.0,2025-03-24
INV_02478,PRD_4291,WH_048,95,27.0,2024-05-04
INV_02479,PRD_1546,WH_026,37,18.0,2024-09-13
INV_02480,PRD_0273,WH_007,37,11.0,2024-02-07
INV_02481,PRD_4826,WH_069,0,0.0,2025-07-05
INV_02482,PRD_1099,WH_050,156,17.0,2025-07-10
INV_02483,PRD_3169,WH_025,65,19.0,2025-04-20
INV_02484,PRD_0066,WH_061,90,,
INV_02485,PRD_3769,WH_048,79,23.0,
INV_02486,PRD_0630,WH_012,390,28.0,2025-09-10
INV_02487,PRD_3011,WH_053,32,27.0,2024-12-05
INV_02488,PRD_2860,WH_053,78,16.0,2025-06-21
INV_02489,PRD_0207,WH_066,52,5.0,2025-05-19
INV_02490,PRD_4650,WH_014,0,0.0,2025-06-20
INV_02491,PRD_1717,WH_076,0,0.0,2024-10-03
INV_02492,PRD_4664,WH_055,0,0.0,2025-08-09
INV_02493,PRD_2876,WH_012,55,17.0,2025-11-27
INV_02494,PRD_4280,WH_019,116,14.0,2024-10-07
INV_02495,PRD_0266,WH_048,117,17.0,2025-12-12
INV_02496,PRD_4303,WH_030,76,3.0,2024-11-21
INV_02497,PRD_1069,WH_061,106,20.0,2025-11-15
INV_02498,PRD_4214,WH_078,1,0.0,2024-03-25
INV_02499,PRD_3168,WH_036,112,17.0,2025-05-09
INV_02500,PRD_0744,WH_012,39,10.0,2025-02-05
INV_02501,PRD_3340,WH_047,74,0.0,2024-10-08
INV_02502,PRD_0666,WH_004,237,24.0,2025-09-04
INV_02503,PRD_0393,WH_027,0,,2025-03-10
INV_02504,PRD_4281,WH_080,80,2.0,
INV_02505,PRD_4559,WH_060,96,21.0,2024-03-15
INV_02506,PRD_2003,WH_010,25,17.0,2024-10-24
INV_02507,PRD_0388,WH_015,304,13.0,
INV_02508,PRD_0367,WH_050,46,11.0,
INV_02509,PRD_2124,WH_035,46,23.0,2025-07-18
INV_02510,PRD_1158,WH_057,108,20.0,2025-04-17
INV_02511,PRD_4685,WH_005,206,2.0,2024-04-26
INV_02512,PRD_1637,WH_058,61,,2024-05-16
INV_02513,PRD_0325,WH_010,554,4.0,2025-10-12
INV_02514,PRD_0038,WH_005,145,27.0,2024-02-18
INV_02515,PRD_1240,WH_008,102,26.0,
INV_02516,PRD_0346,WH_008,231,12.0,2025-02-04
INV_02517,PRD_0585,WH_054,203,,
INV_02518,PRD_2715,WH_042,169,,2025-09-01
INV_02519,PRD_3798,WH_078,120,,2025-12-20
INV_02520,PRD_4426,WH_078,9,2.0,2024-08-26
INV_02521,PRD_0676,WH_057,53,8.0,2025-06-21
INV_02522,PRD_0521,WH_001,498,6.0,
INV_02523,PRD_1390,WH_009,50,9.0,2025-05-11
INV_02524,PRD_0811,WH_054,68,29.0,2024-11-20
INV_02525,PRD_2487,WH_070,255,13.0,2024-10-10
INV_02526,PRD_0092,WH_073,177,9.0,2025-03-11
INV_02527,PRD_3170,WH_024,39,2.0,2024-08-22
INV_02528,PRD_3674,WH_001,154,11.0,2024-03-20
INV_02529,PRD_0342,WH_071,74,15.0,2025-10-17
INV_02530,PRD_2526,WH_080,265,3.0,2024-01-07
INV_02531,PRD_3443,WH_005,137,9.0,2024-01-17
INV_02532,PRD_0392,WH_015,436,14.0,2025-07-14
INV_02533,PRD_2329,WH_015,3,2.0,2025-03-18
INV_02534,PRD_1253,WH_072,255,13.0,2025-07-09
INV_02535,PRD_0680,WH_042,99,25.0,2024-12-20
INV_02536,PRD_4303,WH_058,275,4.0,2025-03-26
INV_02537,PRD_3400,WH_019,118,,
INV_02538,PRD_2030,WH_046,30,15.0,2025-10-24
INV_02539,PRD_2812,WH_040,0,,2025-04-11
INV_02540,PRD_2016,WH_003,294,,2024-03-04
INV_02541,PRD_1226,WH_023,232,12.0,2025-02-19
INV_02542,PRD_3771,WH_030,76,,2025-06-03
INV_02543,PRD_0751,WH_004,226,2.0,
INV_02544,PRD_2835,WH_073,94,6.0,
INV_02545,PRD_0986,WH_071,63,3.0,2025-11-01
INV_02546,PRD_4289,WH_074,121,21.0,2025-08-20
INV_02547,PRD_4634,WH_079,39,3.0,2024-07-10
INV_02548,PRD_2608,WH_019,119,9.0,
INV_02549,PRD_0895,WH_027,265,5.0,2024-03-27
INV_02550,PRD_1135,WH_017,70,6.0,2024-08-12
INV_02551,PRD_2750,WH_002,32,0.0,2025-02-02
INV_02552,PRD_4505,WH_063,141,,2025-02-04
INV_02553,PRD_2508,WH_025,69,10.0,
INV_02554,PRD_0276,WH_060,0,0.0,
INV_02555,PRD_1982,WH_007,59,17.0,2024-03-24
INV_02556,PRD_0959,WH_074,47,27.0,2025-09-11
INV_02557,PRD_4758,WH_075,86,22.0,
INV_02558,PRD_0719,WH_050,264,22.0,2025-06-10
INV_02559,PRD_1855,WH_006,69,1.0,2024-09-03
INV_02560,PRD_2421,WH_021,0,,2025-06-24
INV_02561,PRD_0131,WH_074,76,,2024-06-01
INV_02562,PRD_2683,WH_029,159,11.0,2024-07-11
INV_02563,PRD_3273,WH_053,240,0.0,2024-12-21
INV_02564,PRD_2745,WH_079,4,4.0,2024-09-17
INV_02565,PRD_0069,WH_006,37,18.0,2024-11-02
INV_02566,PRD_1946,WH_041,317,13.0,2025-03-01
INV_02567,PRD_3040,WH_020,114,1.0,2025-03-01
INV_02568,PRD_2788,WH_053,48,8.0,2024-01-10
INV_02569,PRD_2380,WH_034,46,5.0,2025-03-27
INV_02570,PRD_3135,WH_026,191,19.0,2025-05-22
INV_02571,PRD_2464,WH_006,479,19.0,2025-03-10
INV_02572,PRD_3877,WH_047,12,0.0,2025-01-10
INV_02573,PRD_2225,WH_009,0,0.0,2025-03-08
INV_02574,PRD_1040,WH_050,54,,2025-10-18
INV_02575,PRD_1960,WH_027,103,6.0,2025-04-01
INV_02576,PRD_2656,WH_010,171,18.0,2024-10-08
INV_02577,PRD_1722,WH_038,34,1.0,2025-09-10
INV_02578,PRD_4249,WH_024,42,28.0,2024-02-04
INV_02579,PRD_1705,WH_007,50,18.0,2024-04-11
INV_02580,PRD_3886,WH_058,73,26.0,2025-10-05
INV_02581,PRD_0953,WH_027,33,13.0,2025-08-26
INV_02582,PRD_3262,WH_006,77,17.0,2024-03-03
INV_02583,PRD_3703,WH_035,4,4.0,2024-03-17
INV_02584,PRD_4178,WH_066,59,,
INV_02585,PRD_4205,WH_016,384,,2025-07-07
INV_02586,PRD_4898,WH_029,3,2.0,2024-08-03
INV_02587,PRD_1440,WH_037,112,12.0,2024-08-18
INV_02588,PRD_2580,WH_015,146,29.0,2024-11-10
INV_02589,PRD_1980,WH_072,73,22.0,2024-12-13
INV_02590,PRD_4407,WH_039,126,,2025-01-19
INV_02591,PRD_3430,WH_064,44,8.0,2025-10-09
INV_02592,PRD_2990,WH_025,117,23.0,2024-11-07
INV_02593,PRD_3325,WH_054,212,12.0,2024-07-25
INV_02594,PRD_2711,WH_061,194,15.0,2025-05-10
INV_02595,PRD_2756,WH_037,136,7.0,2024-03-27
INV_02596,PRD_3536,WH_007,77,25.0,2025-09-02
INV_02597,PRD_0459,WH_045,208,29.0,2025-02-08
INV_02598,PRD_4561,WH_047,69,5.0,2025-10-15
INV_02599,PRD_1947,WH_010,217,3.0,2024-08-09
INV_02600,PRD_3231,WH_017,16,,2024-08-09
INV_02601,PRD_0371,WH_042,199,20.0,2025-07-08
INV_02602,PRD_3897,WH_077,37,26.0,2025-12-27
INV_02603,PRD_3933,WH_022,283,19.0,2024-05-01
INV_02604,PRD_4385,WH_039,94,1.0,2025-05-22
INV_02605,PRD_2776,WH_030,1,1.0,2024-06-22
INV_02606,PRD_2790,WH_049,42,11.0,2025-03-16
INV_02607,PRD_4276,WH_063,17,12.0,
INV_02608,PRD_0488,WH_055,351,4.0,2025-12-15
INV_02609,PRD_0786,WH_048,198,11.0,2024-04-17
INV_02610,PRD_4553,WH_031,77,5.0,2025-04-15
INV_02611,PRD_2630,WH_042,418,16.0,2024-10-05
INV_02612,PRD_1098,WH_030,110,24.0,2025-07-04
INV_02613,PRD_3278,WH_025,85,27.0,2025-06-17
INV_02614,PRD_0439,WH_051,401,5.0,
INV_02615,PRD_2336,WH_065,46,1.0,
INV_02616,PRD_0590,WH_043,46,24.0,2024-01-05
INV_02617,PRD_1940,WH_044,192,3.0,2024-05-05
INV_02618,PRD_2977,WH_036,16,10.0,
INV_02619,PRD_0700,WH_028,4,2.0,2024-09-05
INV_02620,PRD_4344,WH_041,155,15.0,2025-09-16
INV_02621,PRD_3500,WH_001,47,,2025-10-17
INV_02622,PRD_2555,WH_010,154,28.0,2025-04-09
INV_02623,PRD_2690,WH_020,116,10.0,
INV_02624,PRD_0872,WH_010,80,14.0,2024-09-22
INV_02625,PRD_1239,WH_006,40,,2025-06-09
INV_02626,PRD_2058,WH_049,234,15.0,2025-03-27
INV_02627,PRD_1546,WH_076,114,2.0,2024-12-02
INV_02628,PRD_0953,WH_026,34,3.0,2024-09-23
INV_02629,PRD_2392,WH_034,200,25.0,
INV_02630,PRD_2859,WH_068,198,18.0,2025-10-23
INV_02631,PRD_2889,WH_073,57,0.0,2025-09-23
INV_02632,PRD_0003,WH_004,302,29.0,2025-11-22
INV_02633,PRD_2116,WH_022,94,10.0,2025-06-15
INV_02634,PRD_3046,WH_071,195,2.0,2024-12-05
INV_02635,PRD_3986,WH_002,0,0.0,2024-08-11
INV_02636,PRD_4438,WH_068,0,0.0,2024-12-26
INV_02637,PRD_2359,WH_058,35,8.0,2024-03-02
INV_02638,PRD_2604,WH_003,88,23.0,2025-01-08
INV_02639,PRD_4306,WH_055,1,0.0,2025-06-15
INV_02640,PRD_0226,WH_015,197,12.0,
INV_02641,PRD_3154,WH_055,0,0.0,2025-02-13
INV_02642,PRD_2457,WH_038,79,,2024-07-01
INV_02643,PRD_1290,WH_079,29,5.0,2024-12-26
INV_02644,PRD_0054,WH_009,31,,2025-12-06
INV_02645,PRD_3281,WH_031,4,0.0,2024-08-06
INV_02646,PRD_0166,WH_031,10,8.0,2025-10-09
INV_02647,PRD_1281,WH_045,8,2.0,2025-06-20
INV_02648,PRD_1249,WH_030,147,24.0,2025-11-05
INV_02649,PRD_3302,WH_075,50,3.0,
INV_02650,PRD_3106,WH_027,86,18.0,2024-03-16
INV_02651,PRD_2180,WH_003,1,0.0,2024-03-17
INV_02652,PRD_1152,WH_061,176,16.0,
INV_02653,PRD_0091,WH_067,118,11.0,2024-01-27
INV_02654,PRD_3908,WH_069,77,11.0,2024-02-14
INV_02655,PRD_0440,WH_040,37,2.0,2025-12-21
INV_02656,PRD_3771,WH_012,39,0.0,2024-11-13
INV_02657,PRD_2313,WH_021,246,21.0,2024-10-19
INV_02658,PRD_4732,WH_029,100,,2024-11-09
INV_02659,PRD_2324,WH_031,13,11.0,2024-05-11
INV_02660,PRD_3452,WH_011,33,7.0,2024-05-22
INV_02661,PRD_3963,WH_007,140,3.0,2024-03-18
INV_02662,PRD_4037,WH_064,2,0.0,2025-06-27
INV_02663,PRD_4067,WH_021,8,2.0,2025-03-19
INV_02664,PRD_0927,WH_061,192,8.0,2024-09-21
INV_02665,PRD_4633,WH_013,23,16.0,2024-01-04
INV_02666,PRD_3082,WH_043,112,26.0,2024-12-25
INV_02667,PRD_4439,WH_016,101,11.0,2025-11-15
INV_02668,PRD_3278,WH_035,16,,2024-10-11
INV_02669,PRD_2954,WH_056,25,4.0,2024-10-02
INV_02670,PRD_3359,WH_058,33,14.0,2025-12-20
INV_02671,PRD_1655,WH_028,16,13.0,2025-08-12
INV_02672,PRD_3364,WH_073,196,13.0,2025-10-13
INV_02673,PRD_1963,WH_052,0,0.0,2024-05-12
INV_02674,PRD_2760,WH_077,92,,2024-09-11
INV_02675,PRD_1522,WH_057,61,27.0,2025-10-18
INV_02676,PRD_4398,WH_003,29,14.0,2025-12-04
INV_02677,PRD_1163,WH_004,5,4.0,2024-02-19
INV_02678,PRD_3819,WH_078,10,5.0,2024-10-01
INV_02679,PRD_2978,WH_031,128,24.0,2025-10-03
INV_02680,PRD_1292,WH_048,270,,2024-02-05
INV_02681,PRD_2301,WH_060,103,24.0,2024-03-05
INV_02682,PRD_1103,WH_017,55,2.0,2024-01-15
INV_02683,PRD_4345,WH_017,63,21.0,
INV_02684,PRD_4008,WH_070,59,2.0,2024-04-10
INV_02685,PRD_1354,WH_017,0,0.0,2024-06-05
INV_02686,PRD_2467,WH_019,52,21.0,2024-12-19
INV_02687,PRD_3809,WH_061,176,20.0,2024-05-25
INV_02688,PRD_4629,WH_022,0,0.0,2024-04-21
INV_02689,PRD_0438,WH_012,64,8.0,2025-03-23
INV_02690,PRD_4381,WH_022,70,23.0,2025-04-14
INV_02691,PRD_4866,WH_042,72,8.0,2025-07-03
INV_02692,PRD_4944,WH_030,100,8.0,2024-05-04
INV_02693,PRD_1235,WH_039,49,24.0,2025-11-18
INV_02694,PRD_3476,WH_005,194,6.0,2024-06-24
INV_02695,PRD_2127,WH_020,176,28.0,2025-12-05
INV_02696,PRD_3432,WH_046,30,21.0,2024-10-07
INV_02697,PRD_3184,WH_018,102,,2024-07-11
INV_02698,PRD_0776,WH_022,184,7.0,2025-05-05
INV_02699,PRD_3626,WH_012,100,23.0,2024-02-16
INV_02700,PRD_3453,WH_027,91,14.0,2025-07-26
INV_02701,PRD_0771,WH_079,103,23.0,2024-06-23
INV_02702,PRD_3675,WH_029,47,,2025-02-06
INV_02703,PRD_1009,WH_020,118,29.0,2024-11-26
INV_02704,PRD_2552,WH_041,45,29.0,2024-08-05
INV_02705,PRD_0109,WH_059,104,5.0,
INV_02706,PRD_1609,WH_065,43,25.0,2024-03-11
INV_02707,PRD_3667,WH_067,290,15.0,2024-12-17
INV_02708,PRD_2662,WH_039,293,9.0,2024-03-20
INV_02709,PRD_3794,WH_056,13,8.0,2024-03-19
INV_02710,PRD_1017,WH_067,54,30.0,2024-06-21
INV_02711,PRD_4142,WH_034,246,3.0,2024-07-03
INV_02712,PRD_4755,WH_025,0,0.0,
INV_02713,PRD_1764,WH_051,53,13.0,2025-12-05
INV_02714,PRD_3503,WH_020,147,30.0,2024-01-08
INV_02715,PRD_0885,WH_047,0,,2024-08-20
INV_02716,PRD_0792,WH_015,2,1.0,2025-09-26
INV_02717,PRD_1913,WH_056,203,20.0,2024-10-03
INV_02718,PRD_4454,WH_002,53,14.0,2025-07-10
INV_02719,PRD_4675,WH_066,28,,2024-03-12
INV_02720,PRD_2259,WH_071,232,22.0,2024-01-02
INV_02721,PRD_1037,WH_051,116,22.0,2024-09-21
INV_02722,PRD_0547,WH_062,47,6.0,
INV_02723,PRD_3182,WH_076,126,25.0,2024-04-03
INV_02724,PRD_0762,WH_025,184,2.0,2024-12-15
INV_02725,PRD_2909,WH_013,158,25.0,2024-11-13
INV_02726,PRD_0556,WH_022,319,5.0,2024-07-20
INV_02727,PRD_3275,WH_007,64,26.0,
INV_02728,PRD_2147,WH_060,237,13.0,2025-12-03
INV_02729,PRD_1808,WH_041,309,19.0,2024-03-24
INV_02730,PRD_0679,WH_050,222,20.0,2024-12-21
INV_02731,PRD_1142,WH_012,0,0.0,2025-07-02
INV_02732,PRD_3515,WH_033,82,29.0,2024-10-17
INV_02733,PRD_4361,WH_044,108,17.0,2024-10-23
INV_02734,PRD_2800,WH_054,38,8.0,2024-07-03
INV_02735,PRD_4920,WH_018,108,0.0,2025-01-11
INV_02736,PRD_2939,WH_001,45,27.0,2024-01-12
INV_02737,PRD_0904,WH_044,4,0.0,2025-11-08
INV_02738,PRD_3573,WH_066,401,,2024-05-04
INV_02739,PRD_2640,WH_044,207,11.0,2025-11-23
INV_02740,PRD_1374,WH_052,62,22.0,
INV_02741,PRD_3253,WH_011,77,12.0,2024-07-20
INV_02742,PRD_1862,WH_063,12,2.0,2024-12-05
INV_02743,PRD_4417,WH_080,175,7.0,2025-12-25
INV_02744,PRD_0873,WH_025,87,2.0,2025-10-23
INV_02745,PRD_1245,WH_020,128,9.0,2024-09-02
INV_02746,PRD_3618,WH_035,27,13.0,2024-11-17
INV_02747,PRD_1852,WH_003,0,,2025-12-26
INV_02748,PRD_1064,WH_051,168,28.0,2025-07-19
INV_02749,PRD_4258,WH_004,75,3.0,2024-08-15
INV_02750,PRD_1492,WH_037,14,2.0,2025-11-17
INV_02751,PRD_0680,WH_024,40,13.0,2024-11-27
INV_02752,PRD_2492,WH_064,162,23.0,2025-05-09
INV_02753,PRD_3072,WH_025,117,11.0,2025-01-22
INV_02754,PRD_2942,WH_059,13,5.0,2024-09-08
INV_02755,PRD_3640,WH_043,243,17.0,2025-05-26
INV_02756,PRD_1782,WH_067,123,10.0,2024-02-21
INV_02757,PRD_1364,WH_026,247,30.0,2025-07-21
INV_02758,PRD_3997,WH_024,276,15.0,2024-06-07
INV_02759,PRD_2269,WH_057,392,,
INV_02760,PRD_0514,WH_059,313,,2025-12-17
INV_02761,PRD_0606,WH_033,0,0.0,2025-01-07
INV_02762,PRD_4310,WH_025,0,0.0,2024-06-21
INV_02763,PRD_2793,WH_022,198,21.0,2024-08-14
INV_02764,PRD_2468,WH_056,0,0.0,2024-07-09
INV_02765,PRD_2855,WH_025,69,27.0,
INV_02766,PRD_2635,WH_037,105,26.0,2025-02-06
INV_02767,PRD_4562,WH_078,0,,2024-06-04
INV_02768,PRD_0671,WH_016,307,9.0,2024-06-01
INV_02769,PRD_4729,WH_048,88,,2024-12-26
INV_02770,PRD_3292,WH_032,277,30.0,2025-06-23
INV_02771,PRD_1030,WH_074,55,20.0,2024-04-26
INV_02772,PRD_0075,WH_031,110,15.0,2025-08-18
INV_02773,PRD_4731,WH_051,302,7.0,2025-01-10
INV_02774,PRD_2844,WH_011,27,14.0,2024-11-08
INV_02775,PRD_2730,WH_064,154,2.0,2025-04-21
INV_02776,PRD_0055,WH_064,77,19.0,
INV_02777,PRD_4943,WH_030,176,13.0,2025-01-02
INV_02778,PRD_4941,WH_068,42,19.0,2024-11-06
INV_02779,PRD_4551,WH_073,159,14.0,2025-05-23
INV_02780,PRD_0847,WH_054,190,21.0,2025-03-05
INV_02781,PRD_4551,WH_047,162,24.0,2025-06-09
INV_02782,PRD_1749,WH_039,89,6.0,2024-02-02
INV_02783,PRD_0724,WH_040,116,9.0,2025-02-13
INV_02784,PRD_4555,WH_045,8,6.0,2024-03-23
INV_02785,PRD_2843,WH_033,136,20.0,2024-01-12
INV_02786,PRD_1985,WH_052,269,29.0,2025-02-23
INV_02787,PRD_3565,WH_051,69,28.0,2024-12-04
INV_02788,PRD_0397,WH_043,57,17.0,2025-08-01
INV_02789,PRD_4501,WH_052,3,3.0,2025-06-17
INV_02790,PRD_4219,WH_017,158,7.0,2025-05-06
INV_02791,PRD_2674,WH_001,101,18.0,2025-09-21
INV_02792,PRD_1400,WH_014,175,3.0,2025-09-08
INV_02793,PRD_4298,WH_051,44,18.0,2024-05-21
INV_02794,PRD_1019,WH_004,4,1.0,2025-08-03
INV_02795,PRD_1757,WH_035,9,2.0,2025-06-09
INV_02796,PRD_4389,WH_046,0,0.0,
INV_02797,PRD_2976,WH_067,2,0.0,2025-03-03
INV_02798,PRD_0623,WH_010,219,26.0,2025-01-25
INV_02799,PRD_1924,WH_009,32,10.0,2025-04-14
INV_02800,PRD_2340,WH_078,296,12.0,2025-12-22
INV_02801,PRD_1487,WH_054,37,18.0,2024-03-21
INV_02802,PRD_1698,WH_019,40,20.0,2025-11-17
INV_02803,PRD_2600,WH_019,43,,2024-08-11
INV_02804,PRD_2435,WH_005,68,,2024-04-06
INV_02805,PRD_3805,WH_068,7,4.0,2024-07-11
INV_02806,PRD_3784,WH_042,15,,2025-10-22
INV_02807,PRD_3317,WH_025,119,16.0,2024-05-10
INV_02808,PRD_2210,WH_074,162,25.0,2025-05-20
INV_02809,PRD_2140,WH_033,33,2.0,2024-10-07
INV_02810,PRD_3542,WH_040,57,24.0,2025-12-22
INV_02811,PRD_0682,WH_042,154,28.0,2024-11-19
INV_02812,PRD_3981,WH_050,107,22.0,2024-01-01
INV_02813,PRD_2444,WH_024,222,7.0,2024-06-03
INV_02814,PRD_2809,WH_022,284,6.0,2025-05-03
INV_02815,PRD_0567,WH_039,185,,
INV_02816,PRD_3429,WH_052,162,24.0,2024-02-12
INV_02817,PRD_3850,WH_057,188,6.0,2025-08-03
INV_02818,PRD_2254,WH_035,74,29.0,
INV_02819,PRD_1823,WH_001,71,25.0,2025-11-10
INV_02820,PRD_4012,WH_060,0,0.0,2025-06-19
INV_02821,PRD_1421,WH_021,20,13.0,2024-10-09
INV_02822,PRD_4815,WH_035,85,18.0,2025-09-19
INV_02823,PRD_0274,WH_048,290,21.0,2025-05-19
INV_02824,PRD_1937,WH_057,201,28.0,
INV_02825,PRD_3345,WH_047,139,10.0,2025-05-27
INV_02826,PRD_0682,WH_007,254,,2024-11-26
INV_02827,PRD_1821,WH_054,366,4.0,2025-10-10
INV_02828,PRD_0429,WH_050,16,13.0,2024-03-03
INV_02829,PRD_4129,WH_047,98,22.0,2024-11-10
INV_02830,PRD_0474,WH_061,52,14.0,2025-09-14
INV_02831,PRD_1714,WH_032,94,24.0,2025-02-19
INV_02832,PRD_4701,WH_027,0,0.0,2024-11-11
INV_02833,PRD_1314,WH_049,63,20.0,
INV_02834,PRD_3355,WH_064,58,17.0,
INV_02835,PRD_3254,WH_079,56,8.0,2024-06-21
INV_02836,PRD_3241,WH_064,26,23.0,2024-01-03
INV_02837,PRD_4251,WH_015,55,17.0,2025-02-04
INV_02838,PRD_4550,WH_020,19,9.0,2024-09-05
INV_02839,PRD_0246,WH_033,132,8.0,2025-05-13
INV_02840,PRD_1383,WH_072,108,26.0,2025-08-27
INV_02841,PRD_3050,WH_012,36,16.0,2025-08-03
INV_02842,PRD_1902,WH_039,49,26.0,2025-09-25
INV_02843,PRD_3009,WH_036,181,,2025-11-27
INV_02844,PRD_3994,WH_012,145,26.0,2025-02-07
INV_02845,PRD_3258,WH_062,124,2.0,2024-07-24
INV_02846,PRD_3162,WH_032,68,,2024-09-27
INV_02847,PRD_4088,WH_040,98,10.0,2024-04-04
INV_02848,PRD_3924,WH_052,160,7.0,2025-01-06
INV_02849,PRD_1079,WH_001,30,9.0,2025-02-23
INV_02850,PRD_1610,WH_008,5,1.0,
INV_02851,PRD_2936,WH_079,91,27.0,
INV_02852,PRD_1644,WH_034,89,10.0,2025-12-16
INV_02853,PRD_0902,WH_071,136,10.0,2025-12-22
INV_02854,PRD_3050,WH_047,14,10.0,2024-08-16
INV_02855,PRD_3963,WH_054,54,2.0,2025-09-10
INV_02856,PRD_1819,WH_045,31,15.0,2025-09-07
INV_02857,PRD_2566,WH_006,143,14.0,2024-10-03
INV_02858,PRD_1427,WH_062,38,25.0,2025-06-05
INV_02859,PRD_1191,WH_044,82,12.0,
INV_02860,PRD_0430,WH_068,575,,2024-06-25
INV_02861,PRD_1961,WH_076,0,0.0,2025-06-04
INV_02862,PRD_1626,WH_010,2,0.0,
INV_02863,PRD_4698,WH_078,99,17.0,2024-05-13
INV_02864,PRD_3102,WH_078,0,0.0,2025-10-22
INV_02865,PRD_0014,WH_015,99,11.0,2024-09-07
INV_02866,PRD_2092,WH_037,405,13.0,2024-04-16
INV_02867,PRD_4614,WH_055,55,26.0,2025-06-04
INV_02868,PRD_3063,WH_062,71,17.0,2025-08-17
INV_02869,PRD_1474,WH_048,64,23.0,2024-10-04
INV_02870,PRD_3289,WH_026,191,15.0,2025-02-12
INV_02871,PRD_0049,WH_017,68,26.0,2025-05-12
INV_02872,PRD_1591,WH_022,35,11.0,
INV_02873,PRD_0082,WH_044,100,11.0,2024-01-13
INV_02874,PRD_1247,WH_018,0,0.0,
INV_02875,PRD_0006,WH_054,23,0.0,2024-08-27
INV_02876,PRD_2201,WH_057,244,29.0,2025-04-07
INV_02877,PRD_4064,WH_035,22,4.0,2024-06-24
INV_02878,PRD_0363,WH_014,345,10.0,2024-03-27
INV_02879,PRD_1888,WH_018,77,28.0,
INV_02880,PRD_1001,WH_017,159,,
INV_02881,PRD_4074,WH_023,7,1.0,
INV_02882,PRD_3443,WH_018,240,18.0,2024-10-18
INV_02883,PRD_4183,WH_062,78,14.0,2025-08-05
INV_02884,PRD_4044,WH_046,77,4.0,2025-12-16
INV_02885,PRD_1337,WH_018,89,30.0,2024-05-23
INV_02886,PRD_4789,WH_022,127,28.0,
INV_02887,PRD_3092,WH_071,2,0.0,2024-01-04
INV_02888,PRD_0374,WH_073,521,5.0,2025-12-12
INV_02889,PRD_2489,WH_078,205,25.0,2024-10-24
INV_02890,PRD_1506,WH_075,73,12.0,2025-02-17
INV_02891,PRD_2551,WH_009,46,18.0,2025-06-05
INV_02892,PRD_0978,WH_003,287,17.0,2025-09-11
INV_02893,PRD_1987,WH_054,4,1.0,2024-02-09
INV_02894,PRD_1780,WH_005,26,17.0,2025-07-14
INV_02895,PRD_2787,WH_020,68,25.0,2025-12-20
INV_02896,PRD_4728,WH_005,43,28.0,2025-04-15
INV_02897,PRD_0112,WH_031,216,21.0,2024-08-12
INV_02898,PRD_3594,WH_043,145,,2025-04-20
INV_02899,PRD_1067,WH_053,241,26.0,
INV_02900,PRD_0469,WH_045,120,7.0,2025-02-04
INV_02901,PRD_3051,WH_030,40,4.0,
INV_02902,PRD_3615,WH_030,140,,2025-11-22
INV_02903,PRD_4613,WH_006,21,10.0,2024-09-19
INV_02904,PRD_3712,WH_020,145,7.0,2025-12-05
INV_02905,PRD_3913,WH_059,43,,2025-10-24
INV_02906,PRD_4423,WH_013,118,,2024-12-23
INV_02907,PRD_2997,WH_067,70,26.0,2025-09-12
INV_02908,PRD_1224,WH_032,3,1.0,2024-06-27
INV_02909,PRD_0376,WH_019,226,20.0,2024-09-07
INV_02910,PRD_4880,WH_047,128,,2024-01-18
INV_02911,PRD_2953,WH_073,48,8.0,2024-05-24
INV_02912,PRD_0678,WH_055,10,3.0,2024-04-23
INV_02913,PRD_3513,WH_058,87,17.0,2025-06-09
INV_02914,PRD_2960,WH_056,127,6.0,
INV_02915,PRD_0077,WH_050,147,30.0,2024-06-21
INV_02916,PRD_0860,WH_069,188,6.0,2024-10-10
INV_02917,PRD_2760,WH_039,0,0.0,2024-06-06
INV_02918,PRD_4906,WH_023,3,0.0,
INV_02919,PRD_1800,WH_018,138,5.0,2024-11-08
INV_02920,PRD_4113,WH_001,12,9.0,2025-11-24
INV_02921,PRD_4511,WH_005,8,,2025-07-15
INV_02922,PRD_2874,WH_029,31,15.0,2024-09-01
INV_02923,PRD_4962,WH_003,366,23.0,2025-11-03
INV_02924,PRD_3655,WH_002,112,5.0,2024-07-16
INV_02925,PRD_3993,WH_001,278,17.0,2024-01-03
INV_02926,PRD_0746,WH_003,234,18.0,2025-07-15
INV_02927,PRD_4151,WH_073,10,7.0,2024-04-08
INV_02928,PRD_3510,WH_041,207,1.0,2024-08-25
INV_02929,PRD_4107,WH_011,7,3.0,2024-02-27
INV_02930,PRD_4941,WH_061,31,0.0,
INV_02931,PRD_4200,WH_053,86,6.0,2025-03-01
INV_02932,PRD_1337,WH_008,19,1.0,2025-11-23
INV_02933,PRD_4681,WH_043,57,20.0,2025-01-11
INV_02934,PRD_3279,WH_076,123,,2025-11-08
INV_02935,PRD_4532,WH_025,103,0.0,2025-05-26
INV_02936,PRD_1812,WH_016,114,1.0,2025-10-09
INV_02937,PRD_0034,WH_013,92,21.0,2025-10-03
INV_02938,PRD_2891,WH_017,269,17.0,2025-12-09
INV_02939,PRD_3745,WH_007,0,0.0,
INV_02940,PRD_4313,WH_058,33,16.0,2025-04-27
INV_02941,PRD_3363,WH_018,90,,2025-10-06
INV_02942,PRD_3683,WH_002,19,9.0,
INV_02943,PRD_0154,WH_047,77,9.0,2024-06-24
INV_02944,PRD_3381,WH_047,118,7.0,
INV_02945,PRD_0065,WH_027,111,,2025-05-25
INV_02946,PRD_1504,WH_033,17,9.0,
INV_02947,PRD_0817,WH_027,140,28.0,2025-06-06
INV_02948,PRD_1760,WH_054,36,20.0,2025-11-22
INV_02949,PRD_4093,WH_052,47,1.0,2025-11-15
INV_02950,PRD_0349,WH_018,284,16.0,2025-02-06
INV_02951,PRD_1577,WH_071,130,28.0,2024-01-24
INV_02952,PRD_2908,WH_005,116,21.0,2024-12-22
INV_02953,PRD_1366,WH_047,39,22.0,2024-08-08
INV_02954,PRD_1785,WH_078,208,27.0,2025-06-17
INV_02955,PRD_2023,WH_035,38,2.0,2024-07-12
INV_02956,PRD_2118,WH_078,151,2.0,2024-07-23
INV_02957,PRD_0786,WH_038,172,17.0,2024-04-26
INV_02958,PRD_2244,WH_059,72,27.0,2025-04-10
INV_02959,PRD_1812,WH_052,221,11.0,2025-03-12
INV_02960,PRD_2300,WH_060,22,1.0,2025-08-13
INV_02961,PRD_1008,WH_055,134,29.0,2024-02-23
INV_02962,PRD_4156,WH_005,90,,2025-12-08
INV_02963,PRD_1395,WH_038,0,0.0,2024-09-21
INV_02964,PRD_0274,WH_063,166,,2024-01-27
INV_02965,PRD_1760,WH_024,47,5.0,2025-01-04
INV_02966,PRD_0064,WH_001,135,6.0,2024-06-14
INV_02967,PRD_3144,WH_012,56,13.0,2025-12-24
INV_02968,PRD_3320,WH_052,7,7.0,2025-07-15
INV_02969,PRD_0803,WH_076,257,15.0,2025-07-25
INV_02970,PRD_1762,WH_040,28,20.0,2024-12-24
INV_02971,PRD_1893,WH_001,33,13.0,
INV_02972,PRD_3433,WH_070,5,2.0,2024-09-14
INV_02973,PRD_1171,WH_071,36,,2025-02-24
INV_02974,PRD_4320,WH_024,33,10.0,2025-11-12
INV_02975,PRD_3950,WH_063,51,16.0,
INV_02976,PRD_0259,WH_020,325,14.0,2025-04-26
INV_02977,PRD_3409,WH_060,123,27.0,2024-12-11
INV_02978,PRD_0008,WH_010,223,,2025-08-05
INV_02979,PRD_3178,WH_067,0,0.0,2025-10-14
INV_02980,PRD_3328,WH_062,70,10.0,2024-10-08
INV_02981,PRD_1447,WH_002,19,19.0,2025-02-23
INV_02982,PRD_3129,WH_018,53,11.0,2025-05-21
INV_02983,PRD_2059,WH_017,95,14.0,
INV_02984,PRD_3413,WH_041,87,,2025-07-05
INV_02985,PRD_1145,WH_034,52,20.0,2024-04-10
INV_02986,PRD_0796,WH_076,204,6.0,2024-11-08
INV_02987,PRD_4782,WH_047,81,6.0,2025-12-16
INV_02988,PRD_2671,WH_072,94,14.0,2025-09-16
INV_02989,PRD_2284,WH_043,0,0.0,2025-05-03
INV_02990,PRD_4985,WH_014,231,12.0,2024-11-08
INV_02991,PRD_2840,WH_046,154,4.0,2025-10-27
INV_02992,PRD_3888,WH_025,2,1.0,2024-06-14
INV_02993,PRD_4470,WH_068,73,17.0,2025-09-27
INV_02994,PRD_4983,WH_022,48,26.0,2024-02-13
INV_02995,PRD_2554,WH_027,46,30.0,2025-03-07
INV_02996,PRD_1675,WH_037,18,15.0,2024-09-06
INV_02997,PRD_3279,WH_020,87,18.0,2024-10-03
INV_02998,PRD_2404,WH_069,400,10.0,2025-03-05
INV_02999,PRD_2816,WH_032,263,26.0,
INV_03000,PRD_1622,WH_063,62,16.0,2025-03-15
INV_03001,PRD_2836,WH_055,132,12.0,2025-10-16
INV_03002,PRD_4810,WH_074,22,16.0,2024-05-15
INV_03003,PRD_4802,WH_017,49,13.0,2024-01-06
INV_03004,PRD_3880,WH_021,21,10.0,2024-08-26
INV_03005,PRD_1120,WH_030,3,0.0,2024-06-14
INV_03006,PRD_3485,WH_019,157,24.0,2024-08-11
INV_03007,PRD_3832,WH_078,48,29.0,2025-02-04
INV_03008,PRD_0011,WH_050,0,0.0,2025-07-14
INV_03009,PRD_2773,WH_011,28,21.0,2024-05-12
INV_03010,PRD_3077,WH_031,17,13.0,2025-08-22
INV_03011,PRD_1229,WH_044,264,16.0,2024-11-26
INV_03012,PRD_0850,WH_052,107,12.0,2025-05-26
INV_03013,PRD_4996,WH_053,14,8.0,2024-07-26
INV_03014,PRD_2630,WH_065,249,17.0,
INV_03015,PRD_4642,WH_031,37,24.0,2024-06-09
INV_03016,PRD_0426,WH_059,0,0.0,2024-09-07
INV_03017,PRD_3933,WH_034,147,27.0,2025-02-21
INV_03018,PRD_4395,WH_047,195,14.0,2024-01-13
INV_03019,PRD_4564,WH_024,179,28.0,2025-12-09
INV_03020,PRD_3700,WH_065,116,8.0,2025-11-25
INV_03021,PRD_3958,WH_058,112,12.0,2025-10-26
INV_03022,PRD_4055,WH_045,62,,2024-06-22
INV_03023,PRD_0442,WH_039,252,0.0,2025-01-24
INV_03024,PRD_1776,WH_059,95,2.0,2025-06-17
INV_03025,PRD_0631,WH_066,506,12.0,2024-06-17
INV_03026,PRD_0803,WH_020,233,15.0,2024-01-16
INV_03027,PRD_2159,WH_030,8,0.0,2025-05-24
INV_03028,PRD_3012,WH_066,184,20.0,2025-05-03
INV_03029,PRD_1814,WH_032,251,20.0,2024-02-14
INV_03030,PRD_2930,WH_012,42,29.0,2025-11-20
INV_03031,PRD_4552,WH_034,73,14.0,2024-09-15
INV_03032,PRD_0306,WH_042,153,11.0,2025-06-18
INV_03033,PRD_0143,WH_041,0,0.0,2024-02-22
INV_03034,PRD_0029,WH_053,24,5.0,2025-03-05
INV_03035,PRD_3377,WH_010,205,16.0,2024-10-12
INV_03036,PRD_3211,WH_017,0,0.0,2024-07-12
INV_03037,PRD_2444,WH_059,249,1.0,2025-04-17
INV_03038,PRD_4777,WH_056,73,4.0,2024-04-26
INV_03039,PRD_2179,WH_026,236,6.0,2025-10-19
INV_03040,PRD_2661,WH_012,45,1.0,2024-04-09
INV_03041,PRD_1176,WH_010,276,4.0,2024-11-19
INV_03042,PRD_0302,WH_052,168,24.0,2024-03-01
INV_03043,PRD_0465,WH_067,73,27.0,2025-07-05
INV_03044,PRD_2472,WH_065,11,5.0,2024-07-12
INV_03045,PRD_1020,WH_005,0,0.0,2024-07-21
INV_03046,PRD_2039,WH_078,317,18.0,2024-08-08
INV_03047,PRD_4968,WH_041,101,26.0,2024-02-27
INV_03048,PRD_0948,WH_047,261,2.0,
INV_03049,PRD_0538,WH_036,324,29.0,2025-05-22
INV_03050,PRD_3088,WH_038,147,13.0,2024-09-05
INV_03051,PRD_4678,WH_030,62,,2024-03-20
INV_03052,PRD_3101,WH_062,81,15.0,2024-05-10
INV_03053,PRD_3565,WH_049,106,9.0,2025-03-07
INV_03054,PRD_4043,WH_019,16,5.0,2025-11-10
INV_03055,PRD_2364,WH_070,88,,2025-10-25
INV_03056,PRD_0753,WH_042,147,14.0,2024-11-07
INV_03057,PRD_1417,WH_027,49,13.0,2024-01-09
INV_03058,PRD_4479,WH_021,9,9.0,2024-11-27
INV_03059,PRD_3527,WH_054,117,24.0,2024-12-19
INV_03060,PRD_0669,WH_068,241,5.0,2024-04-08
INV_03061,PRD_4197,WH_001,7,2.0,2024-02-17
INV_03062,PRD_4591,WH_072,39,25.0,2025-08-05
INV_03063,PRD_1165,WH_055,208,4.0,2024-05-03
INV_03064,PRD_1786,WH_063,175,29.0,2024-08-13
INV_03065,PRD_0268,WH_018,20,5.0,2025-02-16
INV_03066,PRD_4941,WH_027,8,0.0,
INV_03067,PRD_2647,WH_027,33,30.0,2024-01-20
INV_03068,PRD_4814,WH_003,92,8.0,2025-08-05
INV_03069,PRD_4590,WH_071,35,4.0,2025-12-16
INV_03070,PRD_0105,WH_012,169,30.0,2024-12-04
INV_03071,PRD_1582,WH_059,91,23.0,2025-09-03
INV_03072,PRD_3566,WH_063,0,0.0,
INV_03073,PRD_0422,WH_053,66,1.0,2024-04-05
INV_03074,PRD_1110,WH_050,122,24.0,
INV_03075,PRD_3516,WH_002,52,15.0,2025-12-06
INV_03076,PRD_0778,WH_071,52,,2024-08-14
INV_03077,PRD_3834,WH_022,69,20.0,2025-04-11
INV_03078,PRD_2355,WH_038,178,8.0,2025-10-06
INV_03079,PRD_4229,WH_076,24,0.0,
INV_03080,PRD_3122,WH_030,0,0.0,2025-11-25
INV_03081,PRD_4754,WH_075,1,0.0,
INV_03082,PRD_0035,WH_031,318,16.0,
INV_03083,PRD_0957,WH_028,93,3.0,2025-08-03
INV_03084,PRD_4889,WH_040,102,28.0,2025-08-24
INV_03085,PRD_0598,WH_017,48,12.0,
INV_03086,PRD_2414,WH_012,70,9.0,2024-10-06
INV_03087,PRD_1963,WH_057,8,1.0,2025-01-26
INV_03088,PRD_2978,WH_011,180,,2025-04-10
INV_03089,PRD_3536,WH_013,58,15.0,2024-09-25
INV_03090,PRD_4845,WH_030,25,23.0,2025-11-10
INV_03091,PRD_1784,WH_071,198,30.0,
INV_03092,PRD_3937,WH_070,188,20.0,2025-03-23
INV_03093,PRD_0465,WH_069,124,28.0,2025-06-22
INV_03094,PRD_3290,WH_030,81,22.0,2025-10-16
INV_03095,PRD_2110,WH_004,60,9.0,
INV_03096,PRD_2434,WH_036,221,12.0,
INV_03097,PRD_2873,WH_015,0,0.0,2025-07-16
INV_03098,PRD_2157,WH_067,62,1.0,2024-05-25
INV_03099,PRD_3382,WH_052,179,,2024-09-14
INV_03100,PRD_1091,WH_048,14,9.0,2025-10-06
INV_03101,PRD_4657,WH_002,129,,2025-10-09
INV_03102,PRD_2459,WH_072,35,,2025-11-10
INV_03103,PRD_1968,WH_071,81,6.0,2025-04-11
INV_03104,PRD_4446,WH_028,84,30.0,
INV_03105,PRD_2490,WH_033,0,0.0,2025-01-22
INV_03106,PRD_4497,WH_063,25,14.0,2025-10-21
INV_03107,PRD_3198,WH_055,195,30.0,2024-11-25
INV_03108,PRD_0241,WH_016,466,3.0,2024-11-25
INV_03109,PRD_4370,WH_036,90,25.0,2024-12-27
INV_03110,PRD_0067,WH_027,80,2.0,
INV_03111,PRD_0301,WH_062,398,9.0,2024-01-12
INV_03112,PRD_1665,WH_075,90,7.0,
INV_03113,PRD_1766,WH_004,22,18.0,2025-08-21
INV_03114,PRD_3476,WH_071,374,30.0,2024-06-14
INV_03115,PRD_2991,WH_032,190,16.0,2025-05-13
INV_03116,PRD_1997,WH_021,92,,2025-10-26
INV_03117,PRD_3830,WH_060,33,18.0,2025-01-16
INV_03118,PRD_3676,WH_031,59,13.0,2025-08-15
INV_03119,PRD_4785,WH_040,33,4.0,2024-05-24
INV_03120,PRD_0301,WH_006,236,1.0,2024-10-26
INV_03121,PRD_1765,WH_016,60,30.0,2024-12-20
INV_03122,PRD_1417,WH_026,23,,2025-01-02
INV_03123,PRD_4156,WH_064,10,1.0,2025-09-10
INV_03124,PRD_3809,WH_020,116,17.0,2024-05-12
INV_03125,PRD_4689,WH_055,184,17.0,2025-06-03
INV_03126,PRD_2935,WH_027,136,9.0,2025-08-10
INV_03127,PRD_4707,WH_026,150,27.0,2024-05-11
INV_03128,PRD_0785,WH_001,1,1.0,2025-11-13
INV_03129,PRD_4882,WH_006,45,3.0,2024-10-12
INV_03130,PRD_3876,WH_008,68,,
INV_03131,PRD_2738,WH_056,114,10.0,2024-07-18
INV_03132,PRD_0342,WH_042,56,6.0,
INV_03133,PRD_2636,WH_056,95,22.0,2025-12-06
INV_03134,PRD_2963,WH_002,110,21.0,2025-07-08
INV_03135,PRD_2230,WH_048,119,27.0,2025-04-26
INV_03136,PRD_3506,WH_051,106,2.0,2024-03-13
INV_03137,PRD_0060,WH_010,155,,2024-03-02
INV_03138,PRD_0495,WH_079,165,,2025-07-08
INV_03139,PRD_0209,WH_068,176,27.0,2025-10-21
INV_03140,PRD_0856,WH_027,159,28.0,2025-03-22
INV_03141,PRD_4336,WH_053,147,13.0,2025-10-08
INV_03142,PRD_4841,WH_035,56,12.0,2025-05-13
INV_03143,PRD_1190,WH_075,191,2.0,2025-04-13
INV_03144,PRD_3299,WH_042,188,,2024-04-03
INV_03145,PRD_1749,WH_020,78,,2025-06-07
INV_03146,PRD_3406,WH_034,56,7.0,2024-07-10
INV_03147,PRD_2698,WH_046,78,29.0,2024-11-21
INV_03148,PRD_1726,WH_028,127,14.0,
INV_03149,PRD_4061,WH_042,30,9.0,2024-04-14
INV_03150,PRD_0989,WH_071,13,2.0,2024-04-24
INV_03151,PRD_2041,WH_010,120,8.0,2025-09-16
INV_03152,PRD_3434,WH_003,55,7.0,2025-10-12
INV_03153,PRD_1746,WH_054,184,23.0,
INV_03154,PRD_2291,WH_041,125,12.0,2024-11-26
INV_03155,PRD_0769,WH_050,179,25.0,2025-01-16
INV_03156,PRD_3863,WH_074,153,24.0,
INV_03157,PRD_3398,WH_027,50,8.0,2025-03-27
INV_03158,PRD_1611,WH_039,71,6.0,2025-02-05
INV_03159,PRD_0589,WH_068,100,28.0,
INV_03160,PRD_1145,WH_003,70,20.0,2025-02-04
INV_03161,PRD_4005,WH_031,50,19.0,2024-07-14
INV_03162,PRD_0133,WH_066,14,0.0,2025-11-22
INV_03163,PRD_4735,WH_076,110,28.0,2024-02-05
INV_03164,PRD_2042,WH_077,143,26.0,2025-04-04
INV_03165,PRD_0068,WH_032,527,29.0,
INV_03166,PRD_2301,WH_062,153,12.0,2024-11-02
INV_03167,PRD_3390,WH_003,18,14.0,2025-09-10
INV_03168,PRD_3082,WH_047,66,23.0,2025-11-23
INV_03169,PRD_4779,WH_026,46,28.0,2024-04-15
INV_03170,PRD_2119,WH_059,84,25.0,2024-09-08
INV_03171,PRD_4495,WH_049,167,,2024-01-09
INV_03172,PRD_0071,WH_043,65,7.0,2024-11-06
INV_03173,PRD_1253,WH_038,242,17.0,
INV_03174,PRD_3467,WH_007,140,24.0,
INV_03175,PRD_1225,WH_069,45,12.0,2025-07-26
INV_03176,PRD_2229,WH_062,97,,2024-08-03
INV_03177,PRD_2875,WH_012,27,3.0,2025-04-18
INV_03178,PRD_2181,WH_051,163,22.0,2025-12-20
INV_03179,PRD_0862,WH_017,99,12.0,2025-08-22
INV_03180,PRD_4878,WH_020,85,26.0,2024-04-09
INV_03181,PRD_0362,WH_011,206,,2024-01-23
INV_03182,PRD_0953,WH_065,70,6.0,2024-10-04
INV_03183,PRD_3675,WH_030,61,11.0,2024-03-26
INV_03184,PRD_1394,WH_076,144,26.0,2024-01-14
INV_03185,PRD_3676,WH_055,34,30.0,2025-05-01
INV_03186,PRD_1261,WH_022,22,2.0,2024-07-06
INV_03187,PRD_1556,WH_078,0,0.0,2024-04-20
INV_03188,PRD_0959,WH_051,19,4.0,2024-12-14
INV_03189,PRD_2877,WH_054,71,22.0,2025-07-06
INV_03190,PRD_4920,WH_027,20,13.0,2025-12-09
INV_03191,PRD_4651,WH_007,62,17.0,2025-02-13
INV_03192,PRD_3160,WH_070,0,0.0,
INV_03193,PRD_2089,WH_064,165,30.0,2025-08-10
INV_03194,PRD_4636,WH_067,105,,2024-02-06
INV_03195,PRD_4055,WH_077,94,,
INV_03196,PRD_4848,WH_050,23,23.0,2024-05-11
INV_03197,PRD_1008,WH_006,0,0.0,2024-03-01
INV_03198,PRD_4584,WH_064,106,22.0,2025-07-12
INV_03199,PRD_0708,WH_039,92,,2025-11-10
INV_03200,PRD_1894,WH_068,194,5.0,2024-06-10
INV_03201,PRD_3284,WH_017,70,0.0,2025-09-24
INV_03202,PRD_1911,WH_012,0,0.0,2025-04-06
INV_03203,PRD_0287,WH_014,18,4.0,2025-05-07
INV_03204,PRD_4653,WH_039,175,11.0,2025-09-14
INV_03205,PRD_4902,WH_029,175,11.0,2024-08-09
INV_03206,PRD_3272,WH_036,220,3.0,2024-09-07
INV_03207,PRD_1710,WH_017,76,19.0,2025-11-17
INV_03208,PRD_0642,WH_031,306,24.0,2024-08-15
INV_03209,PRD_4642,WH_046,51,0.0,2024-11-02
INV_03210,PRD_0142,WH_063,190,17.0,
INV_03211,PRD_3183,WH_049,6,3.0,2025-03-13
INV_03212,PRD_1375,WH_045,50,21.0,2024-06-27
INV_03213,PRD_1937,WH_051,176,5.0,2024-01-22
INV_03214,PRD_3937,WH_005,180,23.0,2025-09-22
INV_03215,PRD_2757,WH_024,32,25.0,
INV_03216,PRD_2724,WH_065,209,11.0,2024-07-21
INV_03217,PRD_2859,WH_020,73,6.0,2025-08-20
INV_03218,PRD_0684,WH_065,74,27.0,2025-08-20
INV_03219,PRD_4576,WH_021,0,,2024-01-27
INV_03220,PRD_3290,WH_012,89,23.0,
INV_03221,PRD_1232,WH_035,23,,2024-08-05
INV_03222,PRD_4516,WH_059,127,4.0,2025-12-09
INV_03223,PRD_2550,WH_079,233,15.0,2025-03-18
INV_03224,PRD_1520,WH_013,39,18.0,2024-07-15
INV_03225,PRD_2101,WH_009,144,26.0,2024-06-24
INV_03226,PRD_4061,WH_019,44,8.0,
INV_03227,PRD_0225,WH_024,0,0.0,2025-12-23
INV_03228,PRD_1821,WH_045,228,23.0,2025-04-01
INV_03229,PRD_1835,WH_028,74,12.0,2024-10-08
INV_03230,PRD_3328,WH_044,96,5.0,2024-08-19
INV_03231,PRD_3456,WH_063,270,23.0,2025-01-04
INV_03232,PRD_2958,WH_006,52,12.0,2025-11-17
INV_03233,PRD_4794,WH_015,342,21.0,2024-12-11
INV_03234,PRD_0711,WH_071,257,10.0,2024-11-15
INV_03235,PRD_4141,WH_025,193,7.0,2025-05-15
INV_03236,PRD_1407,WH_015,54,29.0,2025-06-03
INV_03237,PRD_1578,WH_072,98,4.0,2024-06-14
INV_03238,PRD_3575,WH_010,124,13.0,2024-12-23
INV_03239,PRD_2672,WH_039,0,0.0,2024-11-13
INV_03240,PRD_3820,WH_032,6,2.0,2024-12-22
INV_03241,PRD_4399,WH_053,115,8.0,2025-05-15
INV_03242,PRD_2908,WH_052,71,23.0,2024-08-11
INV_03243,PRD_1987,WH_036,7,2.0,2025-12-02
INV_03244,PRD_4740,WH_076,98,5.0,
INV_03245,PRD_1708,WH_001,46,23.0,2024-04-16
INV_03246,PRD_1952,WH_030,0,0.0,2025-01-18
INV_03247,PRD_4039,WH_038,294,2.0,2025-04-23
INV_03248,PRD_4487,WH_020,49,13.0,2025-05-05
INV_03249,PRD_3989,WH_057,449,27.0,2024-04-18
INV_03250,PRD_4917,WH_024,177,28.0,2024-03-20
INV_03251,PRD_1923,WH_056,36,1.0,2025-10-27
INV_03252,PRD_2348,WH_038,172,23.0,2025-05-07
INV_03253,PRD_1399,WH_056,111,25.0,2025-12-14
INV_03254,PRD_0027,WH_043,10,3.0,2024-06-17
INV_03255,PRD_1225,WH_017,24,21.0,2025-12-10
INV_03256,PRD_2002,WH_001,134,8.0,2024-06-15
INV_03257,PRD_0474,WH_020,407,28.0,2024-02-02
INV_03258,PRD_1677,WH_023,13,9.0,2024-11-25
INV_03259,PRD_2107,WH_016,106,28.0,2025-01-17
INV_03260,PRD_4100,WH_027,0,0.0,2025-02-08
INV_03261,PRD_4449,WH_056,4,,2024-06-06
INV_03262,PRD_0708,WH_027,6,0.0,2024-10-24
INV_03263,PRD_2368,WH_001,69,,2024-10-03
INV_03264,PRD_4498,WH_039,216,27.0,2024-05-21
INV_03265,PRD_3123,WH_052,230,5.0,
INV_03266,PRD_1484,WH_050,30,6.0,2024-04-21
INV_03267,PRD_1969,WH_004,251,23.0,2025-01-14
INV_03268,PRD_1047,WH_051,70,10.0,2025-04-26
INV_03269,PRD_0454,WH_034,595,15.0,2024-08-27
INV_03270,PRD_4022,WH_071,75,11.0,2025-10-12
INV_03271,PRD_2213,WH_011,108,14.0,2025-11-11
INV_03272,PRD_4436,WH_023,0,0.0,2024-02-24
INV_03273,PRD_2319,WH_012,0,0.0,2025-11-09
INV_03274,PRD_3275,WH_036,148,15.0,2024-06-22
INV_03275,PRD_3508,WH_001,0,0.0,2025-02-21
INV_03276,PRD_0845,WH_040,0,0.0,2024-01-20
INV_03277,PRD_3050,WH_049,10,,2025-03-17
INV_03278,PRD_1169,WH_005,258,30.0,2024-01-15
INV_03279,PRD_1807,WH_066,2,,2024-02-20
INV_03280,PRD_3269,WH_060,281,18.0,2025-04-09
INV_03281,PRD_1384,WH_020,98,30.0,2025-05-04
INV_03282,PRD_4277,WH_017,62,12.0,2024-04-02
INV_03283,PRD_2204,WH_027,0,0.0,2025-04-18
INV_03284,PRD_0118,WH_018,0,0.0,2024-11-24
INV_03285,PRD_3987,WH_041,62,,2024-03-23
INV_03286,PRD_1870,WH_060,176,10.0,2025-09-08
INV_03287,PRD_3643,WH_033,279,11.0,2024-12-13
INV_03288,PRD_1555,WH_008,46,19.0,2024-01-12
INV_03289,PRD_3820,WH_075,32,9.0,
INV_03290,PRD_0813,WH_063,176,15.0,2024-04-20
INV_03291,PRD_2856,WH_067,54,8.0,2025-08-27
INV_03292,PRD_0626,WH_015,4,0.0,2025-07-14
INV_03293,PRD_3389,WH_050,30,6.0,2025-02-06
INV_03294,PRD_2113,WH_017,69,18.0,2025-01-17
INV_03295,PRD_4062,WH_007,26,18.0,2025-07-18
INV_03296,PRD_3374,WH_034,377,5.0,2025-05-06
INV_03297,PRD_2308,WH_075,276,,2025-07-09
INV_03298,PRD_0066,WH_059,57,10.0,2024-03-18
INV_03299,PRD_0612,WH_014,162,4.0,2024-04-04
INV_03300,PRD_4975,WH_012,80,9.0,2024-03-13
INV_03301,PRD_0721,WH_013,201,,2024-02-01
INV_03302,PRD_4209,WH_033,194,3.0,2025-11-18
INV_03303,PRD_4906,WH_026,0,0.0,2025-08-11
INV_03304,PRD_2548,WH_079,65,25.0,2025-09-13
INV_03305,PRD_0924,WH_045,26,16.0,2024-02-06
INV_03306,PRD_1435,WH_072,29,25.0,2025-07-02
INV_03307,PRD_0543,WH_021,218,15.0,2024-08-25
INV_03308,PRD_0610,WH_069,91,21.0,2024-07-22
INV_03309,PRD_0022,WH_063,69,,2024-03-02
INV_03310,PRD_1224,WH_073,0,0.0,
INV_03311,PRD_1903,WH_039,22,18.0,
INV_03312,PRD_2029,WH_065,33,27.0,2025-01-25
INV_03313,PRD_1554,WH_040,22,17.0,2024-11-17
INV_03314,PRD_3840,WH_060,185,7.0,2024-07-23
INV_03315,PRD_1423,WH_074,2,1.0,2024-05-17
INV_03316,PRD_2977,WH_037,233,13.0,2025-07-15
INV_03317,PRD_3759,WH_024,119,11.0,2025-12-06
INV_03318,PRD_1870,WH_027,119,28.0,2024-05-01
INV_03319,PRD_3008,WH_052,137,15.0,2025-07-22
INV_03320,PRD_2333,WH_001,163,13.0,2024-09-19
INV_03321,PRD_0127,WH_028,0,0.0,2025-03-27
INV_03322,PRD_1418,WH_053,13,4.0,2025-01-27
INV_03323,PRD_2160,WH_016,133,3.0,2025-11-15
INV_03324,PRD_2528,WH_062,153,15.0,2024-08-19
INV_03325,PRD_3939,WH_036,11,8.0,2024-09-23
INV_03326,PRD_3489,WH_074,68,1.0,2024-05-14
INV_03327,PRD_4170,WH_050,168,14.0,2024-07-21
INV_03328,PRD_1896,WH_003,105,26.0,
INV_03329,PRD_0211,WH_016,174,13.0,2025-05-02
INV_03330,PRD_4195,WH_015,22,,2025-02-04
INV_03331,PRD_0567,WH_062,235,6.0,2025-01-01
INV_03332,PRD_3157,WH_020,0,0.0,2025-11-12
INV_03333,PRD_3496,WH_034,43,5.0,2024-12-21
INV_03334,PRD_3506,WH_005,80,11.0,
INV_03335,PRD_2475,WH_012,96,18.0,2024-04-01
INV_03336,PRD_3188,WH_004,148,7.0,
INV_03337,PRD_1802,WH_063,42,20.0,2025-07-19
INV_03338,PRD_0027,WH_032,205,3.0,2024-12-23
INV_03339,PRD_3366,WH_065,20,5.0,2025-02-12
INV_03340,PRD_2205,WH_052,46,9.0,2024-03-19
INV_03341,PRD_0723,WH_069,4,1.0,2025-01-06
INV_03342,PRD_0832,WH_023,34,27.0,2024-08-22
INV_03343,PRD_3235,WH_038,67,28.0,2024-02-07
INV_03344,PRD_4150,WH_053,90,9.0,2024-06-21
INV_03345,PRD_2499,WH_019,228,0.0,2024-11-10
INV_03346,PRD_4852,WH_048,20,19.0,
INV_03347,PRD_4329,WH_043,0,,2025-07-03
INV_03348,PRD_3884,WH_012,146,15.0,2024-08-20
INV_03349,PRD_1978,WH_035,238,26.0,2024-03-27
INV_03350,PRD_2147,WH_065,121,26.0,2025-02-07
INV_03351,PRD_4512,WH_045,82,25.0,
INV_03352,PRD_4608,WH_012,201,28.0,2024-10-18
INV_03353,PRD_3558,WH_060,73,9.0,2025-09-03
INV_03354,PRD_4840,WH_012,178,24.0,2024-07-06
INV_03355,PRD_0838,WH_048,116,27.0,2024-03-27
INV_03356,PRD_4281,WH_039,86,30.0,2024-03-13
INV_03357,PRD_3217,WH_041,101,21.0,2025-05-11
INV_03358,PRD_1225,WH_070,0,0.0,2024-03-06
INV_03359,PRD_1413,WH_039,24,9.0,2024-12-14
INV_03360,PRD_1609,WH_002,26,26.0,2024-09-26
INV_03361,PRD_1010,WH_017,36,2.0,2024-12-27
INV_03362,PRD_3491,WH_011,195,12.0,2025-08-14
INV_03363,PRD_2475,WH_047,122,6.0,2025-09-04
INV_03364,PRD_4993,WH_057,198,18.0,2025-05-27
INV_03365,PRD_3007,WH_019,115,,2024-03-05
INV_03366,PRD_2392,WH_021,77,14.0,2025-12-24
INV_03367,PRD_0845,WH_041,0,,2024-01-23
INV_03368,PRD_0096,WH_051,21,2.0,2025-03-24
INV_03369,PRD_2462,WH_010,35,17.0,2024-07-22
INV_03370,PRD_3412,WH_064,26,20.0,2025-11-01
INV_03371,PRD_4514,WH_073,103,17.0,2025-12-27
INV_03372,PRD_1756,WH_065,162,16.0,2024-05-03
INV_03373,PRD_4514,WH_067,44,27.0,2024-12-06
INV_03374,PRD_1170,WH_055,166,,2025-06-14
INV_03375,PRD_2531,WH_077,186,25.0,2025-08-22
INV_03376,PRD_0222,WH_007,45,30.0,2025-03-10
INV_03377,PRD_4579,WH_008,0,0.0,2024-02-07
INV_03378,PRD_1753,WH_023,65,30.0,2025-06-21
INV_03379,PRD_3708,WH_051,87,5.0,2025-03-16
INV_03380,PRD_3174,WH_074,47,16.0,2025-10-17
INV_03381,PRD_3119,WH_068,65,20.0,2025-02-20
INV_03382,PRD_0988,WH_021,60,10.0,2024-07-17
INV_03383,PRD_0390,WH_040,413,18.0,2025-10-21
INV_03384,PRD_0493,WH_027,349,24.0,2024-12-25
INV_03385,PRD_0488,WH_017,33,6.0,2025-09-21
INV_03386,PRD_1425,WH_005,105,16.0,2025-05-22
INV_03387,PRD_3277,WH_036,39,,2025-12-07
INV_03388,PRD_2151,WH_018,72,,
INV_03389,PRD_1382,WH_037,5,1.0,2024-08-07
INV_03390,PRD_0576,WH_078,209,22.0,2025-07-15
INV_03391,PRD_3578,WH_038,28,,2025-04-21
INV_03392,PRD_4774,WH_021,0,0.0,2025-09-27
INV_03393,PRD_1839,WH_034,185,8.0,2025-04-07
INV_03394,PRD_1505,WH_008,27,27.0,2024-03-01
INV_03395,PRD_2096,WH_001,166,8.0,2025-07-10
INV_03396,PRD_1201,WH_003,153,12.0,2024-03-13
INV_03397,PRD_4836,WH_031,112,29.0,2025-10-03
INV_03398,PRD_1307,WH_029,73,19.0,2025-03-25
INV_03399,PRD_4111,WH_070,207,21.0,2025-02-27
INV_03400,PRD_3537,WH_024,117,9.0,
INV_03401,PRD_0190,WH_075,46,23.0,2024-04-11
INV_03402,PRD_4092,WH_080,240,23.0,2025-06-17
INV_03403,PRD_0073,WH_070,221,9.0,2025-06-17
INV_03404,PRD_3378,WH_039,51,25.0,
INV_03405,PRD_0237,WH_074,0,0.0,2025-11-21
INV_03406,PRD_0093,WH_076,36,5.0,2025-07-12
INV_03407,PRD_0497,WH_080,374,17.0,2025-09-05
INV_03408,PRD_2538,WH_073,93,28.0,2025-09-14
INV_03409,PRD_4118,WH_035,170,23.0,2025-10-25
INV_03410,PRD_3093,WH_048,156,,2025-12-12
INV_03411,PRD_2964,WH_022,0,0.0,2025-10-19
INV_03412,PRD_4241,WH_072,172,12.0,2024-02-27
INV_03413,PRD_1155,WH_007,61,2.0,2025-07-01
INV_03414,PRD_4942,WH_064,3,0.0,2024-04-19
INV_03415,PRD_4914,WH_001,39,27.0,2025-04-09
INV_03416,PRD_4562,WH_002,0,0.0,2024-06-15
INV_03417,PRD_4828,WH_026,110,,2024-10-10
INV_03418,PRD_4208,WH_021,261,30.0,2025-04-02
INV_03419,PRD_2226,WH_066,27,13.0,2024-03-06
INV_03420,PRD_2507,WH_029,153,14.0,2025-08-20
INV_03421,PRD_1432,WH_020,26,3.0,2024-06-11
INV_03422,PRD_2820,WH_028,98,21.0,2024-09-04
INV_03423,PRD_2446,WH_019,58,14.0,2024-09-23
INV_03424,PRD_2301,WH_044,94,25.0,2025-12-07
INV_03425,PRD_3882,WH_016,89,17.0,2024-09-07
INV_03426,PRD_1113,WH_063,78,25.0,2024-04-15
INV_03427,PRD_0714,WH_067,452,13.0,2025-05-11
INV_03428,PRD_0115,WH_034,82,18.0,
INV_03429,PRD_3470,WH_022,114,6.0,2024-08-24
INV_03430,PRD_3070,WH_048,3,0.0,2025-04-14
INV_03431,PRD_4142,WH_021,209,4.0,2025-04-21
INV_03432,PRD_4460,WH_060,98,6.0,2024-06-25
INV_03433,PRD_3624,WH_020,143,3.0,2025-06-06
INV_03434,PRD_3142,WH_025,61,29.0,2024-03-24
INV_03435,PRD_0092,WH_035,253,15.0,2025-07-18
INV_03436,PRD_2716,WH_023,9,2.0,2025-05-01
INV_03437,PRD_2181,WH_009,217,25.0,2025-12-06
INV_03438,PRD_3915,WH_055,222,,2024-08-12
INV_03439,PRD_1766,WH_033,99,17.0,2024-03-19
INV_03440,PRD_0679,WH_065,321,15.0,2024-07-23
INV_03441,PRD_0083,WH_079,126,15.0,2024-06-19
INV_03442,PRD_2207,WH_073,112,28.0,2025-03-15
INV_03443,PRD_1432,WH_019,17,14.0,
INV_03444,PRD_4797,WH_025,160,4.0,2024-10-13
INV_03445,PRD_2816,WH_069,166,16.0,2024-12-04
INV_03446,PRD_3430,WH_042,43,16.0,2024-11-23
INV_03447,PRD_2342,WH_033,202,14.0,2025-05-26
INV_03448,PRD_4670,WH_046,56,12.0,2025-04-20
INV_03449,PRD_3851,WH_020,138,17.0,2025-04-05
INV_03450,PRD_5000,WH_029,44,1.0,2025-11-21
INV_03451,PRD_2088,WH_061,75,,2024-01-22
INV_03452,PRD_2063,WH_039,126,26.0,
INV_03453,PRD_2806,WH_002,52,22.0,2024-04-19
INV_03454,PRD_3366,WH_044,0,0.0,2025-07-18
INV_03455,PRD_0487,WH_004,17,10.0,
INV_03456,PRD_3641,WH_048,89,16.0,2024-11-05
INV_03457,PRD_0058,WH_076,51,7.0,2024-06-03
INV_03458,PRD_3462,WH_010,22,11.0,
INV_03459,PRD_2842,WH_073,25,9.0,2024-08-15
INV_03460,PRD_3853,WH_052,54,18.0,2025-04-20
INV_03461,PRD_4582,WH_007,169,24.0,2025-10-08
INV_03462,PRD_4676,WH_012,51,5.0,2024-04-16
INV_03463,PRD_2886,WH_073,2,2.0,2025-10-01
INV_03464,PRD_0363,WH_031,22,,2024-08-01
INV_03465,PRD_4683,WH_003,48,21.0,2025-02-24
INV_03466,PRD_4098,WH_077,5,4.0,2024-07-23
INV_03467,PRD_1084,WH_053,118,9.0,
INV_03468,PRD_3485,WH_033,296,29.0,2025-11-07
INV_03469,PRD_1060,WH_008,61,9.0,2025-09-11
INV_03470,PRD_2528,WH_065,121,29.0,2024-03-25
INV_03471,PRD_0085,WH_023,71,14.0,2025-08-17
INV_03472,PRD_3271,WH_036,0,0.0,2025-07-14
INV_03473,PRD_2716,WH_072,50,,2025-12-18
INV_03474,PRD_1336,WH_052,49,0.0,2025-01-18
INV_03475,PRD_2103,WH_005,82,3.0,2025-12-06
INV_03476,PRD_4555,WH_055,0,0.0,2025-08-25
INV_03477,PRD_4382,WH_024,24,19.0,2024-05-16
INV_03478,PRD_0873,WH_004,53,24.0,
INV_03479,PRD_3908,WH_068,116,4.0,2025-11-01
INV_03480,PRD_4388,WH_019,159,0.0,2024-07-15
INV_03481,PRD_0007,WH_059,168,28.0,2025-08-14
INV_03482,PRD_3106,WH_045,23,8.0,2025-08-03
INV_03483,PRD_4304,WH_050,95,30.0,
INV_03484,PRD_0655,WH_057,80,5.0,2025-09-14
INV_03485,PRD_2618,WH_003,65,16.0,2024-10-27
INV_03486,PRD_3945,WH_068,58,28.0,2024-12-19
INV_03487,PRD_1422,WH_068,75,25.0,2025-11-09
INV_03488,PRD_1863,WH_013,32,5.0,2025-08-22
INV_03489,PRD_0903,WH_022,48,26.0,2025-08-08
INV_03490,PRD_1955,WH_001,171,30.0,2024-07-02
INV_03491,PRD_1004,WH_037,209,26.0,
INV_03492,PRD_3285,WH_061,125,17.0,
INV_03493,PRD_0809,WH_025,304,26.0,2025-11-09
INV_03494,PRD_2337,WH_072,235,26.0,2025-02-03
INV_03495,PRD_3865,WH_067,28,10.0,2024-10-24
INV_03496,PRD_3791,WH_069,174,6.0,2025-10-15
INV_03497,PRD_1442,WH_064,36,28.0,
INV_03498,PRD_4652,WH_006,50,4.0,2025-07-19
INV_03499,PRD_1477,WH_031,31,,2024-07-18
INV_03500,PRD_2814,WH_032,146,26.0,2024-07-18
INV_03501,PRD_0588,WH_034,3,0.0,2024-06-12
INV_03502,PRD_2478,WH_017,134,21.0,
INV_03503,PRD_0944,WH_042,152,11.0,2024-07-20
INV_03504,PRD_4142,WH_075,288,16.0,2025-04-19
INV_03505,PRD_0498,WH_023,400,3.0,2024-08-09
INV_03506,PRD_1252,WH_031,65,4.0,2024-01-23
INV_03507,PRD_4236,WH_052,308,6.0,2025-04-27
INV_03508,PRD_3007,WH_004,133,10.0,2024-02-19
INV_03509,PRD_4921,WH_008,77,5.0,2024-07-05
INV_03510,PRD_0352,WH_048,285,6.0,2025-12-08
INV_03511,PRD_3112,WH_038,18,,2024-01-23
INV_03512,PRD_0985,WH_027,11,3.0,2024-09-06
INV_03513,PRD_1779,WH_055,47,22.0,2024-07-08
INV_03514,PRD_1983,WH_003,78,2.0,2024-10-24
INV_03515,PRD_3004,WH_020,12,12.0,2024-03-08
INV_03516,PRD_0292,WH_063,82,30.0,2024-05-07
INV_03517,PRD_4143,WH_069,5,0.0,2024-09-17
INV_03518,PRD_3063,WH_079,46,3.0,2025-10-24
INV_03519,PRD_2886,WH_069,91,23.0,2025-06-14
INV_03520,PRD_0009,WH_078,54,18.0,2025-10-20
INV_03521,PRD_1166,WH_079,11,5.0,2024-07-03
INV_03522,PRD_4893,WH_030,52,21.0,2024-11-15
INV_03523,PRD_2830,WH_029,95,,2024-11-17
INV_03524,PRD_4994,WH_076,21,11.0,2024-10-11
INV_03525,PRD_4611,WH_003,112,,2024-09-26
INV_03526,PRD_3150,WH_022,174,10.0,2024-04-02
INV_03527,PRD_3052,WH_029,131,28.0,2025-05-17
INV_03528,PRD_3584,WH_023,254,11.0,2025-06-12
INV_03529,PRD_4709,WH_078,96,22.0,2024-10-02
INV_03530,PRD_1486,WH_016,43,11.0,2025-10-07
INV_03531,PRD_2470,WH_036,256,0.0,2025-03-20
INV_03532,PRD_3429,WH_042,95,4.0,2025-04-15
INV_03533,PRD_0973,WH_014,204,30.0,2024-12-26
INV_03534,PRD_2175,WH_043,212,17.0,2025-03-24
INV_03535,PRD_3612,WH_008,26,14.0,2025-10-10
INV_03536,PRD_1495,WH_058,150,29.0,2025-08-23
INV_03537,PRD_1662,WH_019,38,1.0,2024-06-27
INV_03538,PRD_4934,WH_006,0,0.0,2025-01-03
INV_03539,PRD_0764,WH_051,266,16.0,2025-09-07
INV_03540,PRD_0887,WH_076,222,24.0,2024-10-27
INV_03541,PRD_2597,WH_028,110,19.0,2025-06-03
INV_03542,PRD_0241,WH_057,254,17.0,2024-08-20
INV_03543,PRD_4309,WH_046,87,2.0,2025-11-08
INV_03544,PRD_3576,WH_077,98,14.0,2024-03-25
INV_03545,PRD_3138,WH_009,127,18.0,2024-08-02
INV_03546,PRD_3698,WH_074,104,16.0,2025-03-11
INV_03547,PRD_2828,WH_080,13,13.0,2024-12-15
INV_03548,PRD_2329,WH_071,172,20.0,2024-08-02
INV_03549,PRD_4945,WH_049,40,,2025-11-05
INV_03550,PRD_2171,WH_064,34,9.0,2024-07-10
INV_03551,PRD_2231,WH_009,80,3.0,2025-06-25
INV_03552,PRD_2910,WH_051,27,14.0,2025-05-22
INV_03553,PRD_4396,WH_062,99,19.0,2024-07-27
INV_03554,PRD_1537,WH_024,166,,2025-01-19
INV_03555,PRD_3610,WH_070,53,28.0,2024-12-19
INV_03556,PRD_3858,WH_016,59,11.0,2024-05-02
INV_03557,PRD_2438,WH_047,36,5.0,2025-09-26
INV_03558,PRD_1655,WH_036,58,9.0,2024-11-02
INV_03559,PRD_4683,WH_002,21,8.0,2025-01-27
INV_03560,PRD_4184,WH_056,73,8.0,2024-08-05
INV_03561,PRD_3657,WH_069,39,25.0,2025-01-09
INV_03562,PRD_1373,WH_027,144,6.0,2024-08-05
INV_03563,PRD_0238,WH_005,89,5.0,2024-04-25
INV_03564,PRD_3343,WH_019,158,3.0,2024-10-02
INV_03565,PRD_2849,WH_028,4,3.0,2025-01-14
INV_03566,PRD_4957,WH_002,18,11.0,2024-07-12
INV_03567,PRD_1711,WH_031,39,27.0,2024-04-13
INV_03568,PRD_1843,WH_055,220,29.0,
INV_03569,PRD_0679,WH_044,119,5.0,2025-12-07
INV_03570,PRD_1263,WH_038,131,8.0,2025-05-27
INV_03571,PRD_2587,WH_021,386,3.0,2024-03-07
INV_03572,PRD_2805,WH_024,312,,2024-07-18
INV_03573,PRD_1314,WH_027,0,0.0,2024-09-09
INV_03574,PRD_4956,WH_041,22,12.0,2024-10-12
INV_03575,PRD_2692,WH_074,65,17.0,2025-05-21
INV_03576,PRD_0668,WH_070,188,29.0,2025-12-17
INV_03577,PRD_1077,WH_002,96,8.0,
INV_03578,PRD_1486,WH_029,27,27.0,2024-01-09
INV_03579,PRD_3408,WH_017,56,20.0,2025-11-04
INV_03580,PRD_2815,WH_004,56,24.0,2024-04-23
INV_03581,PRD_4316,WH_080,0,0.0,2025-11-03
INV_03582,PRD_2148,WH_066,41,2.0,2024-05-08
INV_03583,PRD_0739,WH_027,468,,2024-02-24
INV_03584,PRD_0263,WH_066,4,2.0,2024-11-13
INV_03585,PRD_2916,WH_067,21,4.0,2025-06-15
INV_03586,PRD_4864,WH_015,128,15.0,2025-11-07
INV_03587,PRD_3339,WH_015,258,30.0,2025-10-04
INV_03588,PRD_3923,WH_029,166,10.0,2025-12-02
INV_03589,PRD_4377,WH_033,9,9.0,2024-05-16
INV_03590,PRD_0569,WH_026,147,26.0,2025-03-16
INV_03591,PRD_2442,WH_046,162,16.0,2025-11-21
INV_03592,PRD_2963,WH_021,0,0.0,2024-11-18
INV_03593,PRD_1826,WH_077,150,8.0,2024-10-06
INV_03594,PRD_1105,WH_014,37,22.0,2025-09-09
INV_03595,PRD_4224,WH_062,99,30.0,2025-08-11
INV_03596,PRD_2983,WH_067,98,,2025-11-14
INV_03597,PRD_2983,WH_047,360,26.0,2024-08-05
INV_03598,PRD_4911,WH_039,2,,2024-09-16
INV_03599,PRD_4531,WH_057,122,26.0,2024-10-07
INV_03600,PRD_1986,WH_042,188,18.0,2024-07-12
INV_03601,PRD_3759,WH_013,71,12.0,
INV_03602,PRD_1527,WH_052,57,14.0,2025-10-02
INV_03603,PRD_3199,WH_054,3,2.0,2025-07-21
INV_03604,PRD_2807,WH_042,30,7.0,2025-05-07
INV_03605,PRD_3040,WH_048,86,21.0,2024-08-09
INV_03606,PRD_1127,WH_025,261,13.0,
INV_03607,PRD_1191,WH_031,56,13.0,2024-08-27
INV_03608,PRD_2215,WH_068,67,0.0,2024-05-27
INV_03609,PRD_2140,WH_020,56,7.0,2024-12-09
INV_03610,PRD_0767,WH_068,61,19.0,2025-11-05
INV_03611,PRD_0942,WH_047,285,20.0,2025-11-27
INV_03612,PRD_1631,WH_048,210,,2024-06-21
INV_03613,PRD_2842,WH_017,108,8.0,2024-07-06
INV_03614,PRD_3022,WH_019,274,26.0,2025-07-10
INV_03615,PRD_1559,WH_042,42,0.0,2024-09-05
INV_03616,PRD_0374,WH_018,397,4.0,2024-02-04
INV_03617,PRD_1150,WH_018,116,7.0,2024-04-25
INV_03618,PRD_0036,WH_009,42,,2025-04-08
INV_03619,PRD_3605,WH_005,215,2.0,2025-10-18
INV_03620,PRD_3600,WH_023,12,3.0,2025-10-09
INV_03621,PRD_4032,WH_080,99,0.0,2024-07-15
INV_03622,PRD_4084,WH_063,187,2.0,2025-04-18
INV_03623,PRD_4353,WH_030,63,17.0,2024-10-21
INV_03624,PRD_2887,WH_059,89,17.0,2024-03-06
INV_03625,PRD_0811,WH_076,53,4.0,2025-08-18
INV_03626,PRD_4411,WH_030,94,8.0,2025-04-14
INV_03627,PRD_1032,WH_047,154,29.0,2025-11-22
INV_03628,PRD_4494,WH_010,109,11.0,
INV_03629,PRD_4211,WH_065,88,5.0,2025-07-02
INV_03630,PRD_2751,WH_054,45,22.0,2025-12-01
INV_03631,PRD_3646,WH_039,40,8.0,2024-04-17
INV_03632,PRD_3047,WH_059,258,,2025-04-04
INV_03633,PRD_4237,WH_070,64,1.0,2025-11-13
INV_03634,PRD_2480,WH_025,63,17.0,2025-07-27
INV_03635,PRD_4239,WH_044,143,1.0,2025-02-18
INV_03636,PRD_2744,WH_046,0,0.0,2024-06-22
INV_03637,PRD_4086,WH_005,68,26.0,2024-06-11
INV_03638,PRD_3178,WH_052,131,19.0,2024-09-06
INV_03639,PRD_1173,WH_028,132,2.0,2024-03-18
INV_03640,PRD_0819,WH_062,101,,2024-07-08
INV_03641,PRD_0381,WH_067,293,,2025-10-23
INV_03642,PRD_0381,WH_047,19,0.0,2025-12-26
INV_03643,PRD_2445,WH_015,96,0.0,2024-02-18
INV_03644,PRD_1143,WH_010,98,17.0,2025-04-19
INV_03645,PRD_4213,WH_009,165,4.0,2024-02-13
INV_03646,PRD_3060,WH_027,0,0.0,2024-08-22
INV_03647,PRD_3527,WH_072,113,14.0,2025-08-19
INV_03648,PRD_3084,WH_076,88,10.0,2024-05-22
INV_03649,PRD_2050,WH_030,150,,2024-02-25
INV_03650,PRD_0248,WH_041,66,22.0,2024-05-05
INV_03651,PRD_0474,WH_059,407,8.0,
INV_03652,PRD_2391,WH_051,112,,2025-10-27
INV_03653,PRD_2532,WH_020,57,15.0,2024-08-05
INV_03654,PRD_0221,WH_046,194,8.0,2025-07-12
INV_03655,PRD_0358,WH_034,24,6.0,
INV_03656,PRD_3419,WH_054,55,27.0,2024-04-26
INV_03657,PRD_2162,WH_072,49,4.0,2025-10-06
INV_03658,PRD_0398,WH_072,98,25.0,2025-05-10
INV_03659,PRD_1285,WH_075,0,0.0,2025-03-13
INV_03660,PRD_2154,WH_053,89,14.0,2025-03-20
INV_03661,PRD_1362,WH_014,0,0.0,2025-04-20
INV_03662,PRD_1457,WH_039,82,21.0,2025-05-23
INV_03663,PRD_1690,WH_024,11,6.0,2024-09-07
INV_03664,PRD_3958,WH_064,67,1.0,2024-12-16
INV_03665,PRD_4347,WH_005,63,15.0,2024-03-22
INV_03666,PRD_0582,WH_076,221,,2024-06-08
INV_03667,PRD_3456,WH_011,180,14.0,2025-05-26
INV_03668,PRD_1732,WH_038,179,4.0,2025-12-20
INV_03669,PRD_0251,WH_070,128,3.0,2025-06-15
INV_03670,PRD_1164,WH_012,196,4.0,2025-11-14
INV_03671,PRD_3238,WH_030,359,8.0,2025-10-06
INV_03672,PRD_3662,WH_031,43,8.0,2024-10-20
INV_03673,PRD_0675,WH_070,145,5.0,2025-08-23
INV_03674,PRD_0178,WH_055,79,21.0,2024-07-18
INV_03675,PRD_4870,WH_017,132,6.0,2025-05-15
INV_03676,PRD_1525,WH_019,78,17.0,2024-02-03
INV_03677,PRD_0226,WH_071,212,0.0,2024-10-12
INV_03678,PRD_1776,WH_048,98,7.0,
INV_03679,PRD_0647,WH_012,78,16.0,2024-05-23
INV_03680,PRD_4406,WH_078,34,19.0,
INV_03681,PRD_3260,WH_020,91,7.0,
INV_03682,PRD_3137,WH_020,45,16.0,2025-08-18
INV_03683,PRD_1960,WH_079,75,12.0,2025-10-25
INV_03684,PRD_3455,WH_017,0,0.0,
INV_03685,PRD_0900,WH_024,296,,2024-08-04
INV_03686,PRD_0361,WH_017,163,14.0,2024-05-07
INV_03687,PRD_4394,WH_019,0,0.0,2025-07-08
INV_03688,PRD_2093,WH_078,183,3.0,2024-06-05
INV_03689,PRD_2830,WH_074,88,10.0,2024-04-02
INV_03690,PRD_3241,WH_042,134,24.0,2025-02-09
INV_03691,PRD_1227,WH_039,168,17.0,2025-03-15
INV_03692,PRD_4447,WH_077,61,12.0,2025-04-16
INV_03693,PRD_4971,WH_023,41,20.0,2025-10-19
INV_03694,PRD_3327,WH_043,79,0.0,2024-04-15
INV_03695,PRD_0612,WH_002,0,0.0,2025-10-20
INV_03696,PRD_1993,WH_054,163,7.0,
INV_03697,PRD_0452,WH_057,0,0.0,2025-08-20
INV_03698,PRD_2392,WH_058,5,5.0,2024-11-27
INV_03699,PRD_1775,WH_007,4,0.0,
INV_03700,PRD_0353,WH_021,70,0.0,2025-12-18
INV_03701,PRD_1139,WH_016,7,5.0,2025-06-14
INV_03702,PRD_0949,WH_030,340,22.0,2025-12-14
INV_03703,PRD_3850,WH_033,78,11.0,2024-09-02
INV_03704,PRD_1520,WH_050,46,4.0,2025-07-12
INV_03705,PRD_3284,WH_016,40,27.0,2024-03-15
INV_03706,PRD_4776,WH_062,138,2.0,2025-03-15
INV_03707,PRD_4834,WH_027,3,3.0,2024-07-10
INV_03708,PRD_2914,WH_080,133,10.0,2024-06-19
INV_03709,PRD_3345,WH_025,73,,2025-10-22
INV_03710,PRD_2111,WH_077,0,0.0,2025-08-15
INV_03711,PRD_2369,WH_034,257,6.0,2025-01-04
INV_03712,PRD_4424,WH_061,64,,2024-08-14
INV_03713,PRD_3139,WH_069,131,30.0,2024-01-18
INV_03714,PRD_0469,WH_038,225,,2024-10-13
INV_03715,PRD_4283,WH_009,68,15.0,2025-03-18
INV_03716,PRD_2847,WH_029,99,18.0,2025-03-12
INV_03717,PRD_2677,WH_028,155,24.0,2024-05-17
INV_03718,PRD_2224,WH_055,10,4.0,2024-09-13
INV_03719,PRD_3953,WH_077,10,7.0,2024-02-02
INV_03720,PRD_0986,WH_036,246,3.0,
INV_03721,PRD_3863,WH_007,62,10.0,2024-05-07
INV_03722,PRD_0004,WH_037,153,,2024-04-02
INV_03723,PRD_0962,WH_046,310,21.0,2024-12-23
INV_03724,PRD_4511,WH_027,137,17.0,2024-07-11
INV_03725,PRD_0308,WH_067,94,10.0,
INV_03726,PRD_0671,WH_054,380,4.0,2024-01-01
INV_03727,PRD_1379,WH_029,239,4.0,2024-10-19
INV_03728,PRD_4656,WH_007,62,2.0,2024-11-13
INV_03729,PRD_4872,WH_019,74,22.0,2024-05-23
INV_03730,PRD_4623,WH_028,0,0.0,2024-02-03
INV_03731,PRD_1371,WH_020,20,15.0,2024-12-25
INV_03732,PRD_0737,WH_037,0,0.0,2024-04-25
INV_03733,PRD_4566,WH_012,113,17.0,2025-01-07
INV_03734,PRD_3188,WH_045,109,,2025-08-24
INV_03735,PRD_1694,WH_005,115,13.0,2025-05-20
INV_03736,PRD_4059,WH_022,184,1.0,2024-10-24
INV_03737,PRD_4815,WH_059,42,6.0,2024-06-18
INV_03738,PRD_1857,WH_023,44,10.0,2025-09-16
INV_03739,PRD_4724,WH_071,44,21.0,2024-05-06
INV_03740,PRD_4660,WH_074,0,0.0,2025-11-02
INV_03741,PRD_1443,WH_052,238,13.0,2025-05-19
INV_03742,PRD_0191,WH_077,141,19.0,2025-10-06
INV_03743,PRD_0489,WH_047,0,,2025-03-15
INV_03744,PRD_4230,WH_056,174,16.0,2024-09-02
INV_03745,PRD_2541,WH_042,154,2.0,2024-06-08
INV_03746,PRD_4628,WH_080,4,,2024-08-23
INV_03747,PRD_4060,WH_056,422,26.0,2024-01-06
INV_03748,PRD_4046,WH_076,166,8.0,2025-12-10
INV_03749,PRD_0782,WH_042,68,0.0,
INV_03750,PRD_2580,WH_001,122,8.0,2025-08-15
INV_03751,PRD_3580,WH_021,74,,2025-07-11
INV_03752,PRD_2809,WH_055,61,9.0,2025-11-04
INV_03753,PRD_3184,WH_022,120,7.0,2024-04-15
INV_03754,PRD_1760,WH_040,30,0.0,2025-09-26
INV_03755,PRD_3595,WH_021,217,7.0,
INV_03756,PRD_0749,WH_062,122,30.0,2025-07-17
INV_03757,PRD_1498,WH_006,0,0.0,2024-06-21
INV_03758,PRD_1731,WH_041,93,24.0,2025-03-16
INV_03759,PRD_1323,WH_037,83,17.0,2025-09-15
INV_03760,PRD_0220,WH_025,188,8.0,2024-07-18
INV_03761,PRD_1157,WH_039,18,1.0,2025-07-13
INV_03762,PRD_2040,WH_063,81,16.0,2024-10-22
INV_03763,PRD_1229,WH_031,124,16.0,2025-06-14
INV_03764,PRD_4309,WH_011,14,11.0,
INV_03765,PRD_4068,WH_020,49,24.0,2024-04-18
INV_03766,PRD_0272,WH_068,144,17.0,2025-07-04
INV_03767,PRD_4853,WH_015,45,16.0,2025-06-18
INV_03768,PRD_3331,WH_079,216,6.0,2024-09-02
INV_03769,PRD_1775,WH_051,40,13.0,2025-08-18
INV_03770,PRD_3120,WH_055,52,26.0,2024-07-09
INV_03771,PRD_1275,WH_021,63,1.0,2025-04-13
INV_03772,PRD_1678,WH_028,27,10.0,2024-02-04
INV_03773,PRD_4993,WH_019,168,1.0,2024-07-06
INV_03774,PRD_0528,WH_062,60,1.0,2025-04-12
INV_03775,PRD_3663,WH_027,27,18.0,2025-03-19
INV_03776,PRD_1147,WH_041,145,16.0,2024-07-05
INV_03777,PRD_2560,WH_054,80,24.0,2024-10-19
INV_03778,PRD_2650,WH_001,152,16.0,2025-09-14
INV_03779,PRD_4524,WH_069,5,5.0,2025-08-15
INV_03780,PRD_4620,WH_006,121,18.0,2024-07-12
INV_03781,PRD_2576,WH_025,322,19.0,2024-05-01
INV_03782,PRD_1341,WH_046,73,26.0,
INV_03783,PRD_1115,WH_016,153,26.0,2025-03-03
INV_03784,PRD_1707,WH_035,0,0.0,2025-05-25
INV_03785,PRD_3087,WH_059,248,15.0,2025-04-08
INV_03786,PRD_4720,WH_004,0,0.0,2025-01-04
INV_03787,PRD_3505,WH_071,115,24.0,2024-01-24
INV_03788,PRD_2062,WH_041,122,3.0,2025-08-27
INV_03789,PRD_1053,WH_026,39,2.0,2024-05-14
INV_03790,PRD_3777,WH_075,70,14.0,2025-05-17
INV_03791,PRD_3512,WH_067,152,10.0,2025-07-16
INV_03792,PRD_3275,WH_060,4,4.0,2025-09-18
INV_03793,PRD_4650,WH_073,38,10.0,2024-01-09
INV_03794,PRD_3919,WH_072,3,3.0,2025-04-26
INV_03795,PRD_4500,WH_074,88,21.0,
INV_03796,PRD_0757,WH_061,43,18.0,2025-08-19
INV_03797,PRD_1204,WH_016,122,16.0,2024-04-18
INV_03798,PRD_4489,WH_075,119,20.0,2024-06-18
INV_03799,PRD_3648,WH_040,39,19.0,2025-05-09
INV_03800,PRD_1658,WH_033,15,8.0,
INV_03801,PRD_4848,WH_006,34,25.0,2024-02-13
INV_03802,PRD_4899,WH_035,46,27.0,2024-06-16
INV_03803,PRD_2591,WH_042,4,1.0,2024-03-11
INV_03804,PRD_2106,WH_013,76,4.0,2025-03-08
INV_03805,PRD_1012,WH_052,173,20.0,2025-03-21
INV_03806,PRD_2334,WH_079,48,2.0,2025-10-23
INV_03807,PRD_2013,WH_035,309,,2024-11-06
INV_03808,PRD_1088,WH_068,0,0.0,2024-12-19
INV_03809,PRD_1171,WH_054,148,28.0,2024-07-14
INV_03810,PRD_1085,WH_001,89,23.0,2024-05-05
INV_03811,PRD_2788,WH_060,26,24.0,2025-12-16
INV_03812,PRD_1626,WH_052,22,7.0,2025-05-16
INV_03813,PRD_4953,WH_046,62,1.0,2025-08-03
INV_03814,PRD_1902,WH_014,234,28.0,2024-11-21
INV_03815,PRD_3886,WH_040,27,23.0,2025-01-01
INV_03816,PRD_3488,WH_016,289,7.0,2025-10-02
INV_03817,PRD_1120,WH_036,32,26.0,2025-03-09
INV_03818,PRD_3637,WH_080,3,2.0,2025-07-01
INV_03819,PRD_2661,WH_018,37,24.0,2025-10-26
INV_03820,PRD_0963,WH_077,115,,2024-11-07
INV_03821,PRD_3719,WH_026,39,17.0,2025-08-25
INV_03822,PRD_4897,WH_033,0,0.0,2024-12-13
INV_03823,PRD_0200,WH_078,37,,2024-06-04
INV_03824,PRD_0568,WH_031,0,0.0,
INV_03825,PRD_2730,WH_080,181,11.0,2024-12-07
INV_03826,PRD_4481,WH_018,9,0.0,2024-08-13
INV_03827,PRD_1063,WH_029,61,18.0,2024-01-25
INV_03828,PRD_2051,WH_050,44,20.0,2024-02-23
INV_03829,PRD_2443,WH_019,150,30.0,2025-10-22
INV_03830,PRD_1550,WH_053,49,5.0,2024-09-17
INV_03831,PRD_4341,WH_064,173,,2024-07-18
INV_03832,PRD_1890,WH_043,0,0.0,2024-11-20
INV_03833,PRD_2201,WH_045,411,29.0,2024-08-11
INV_03834,PRD_0119,WH_013,0,0.0,
INV_03835,PRD_3817,WH_068,142,2.0,2024-06-07
INV_03836,PRD_4769,WH_045,153,20.0,2024-04-05
INV_03837,PRD_3483,WH_010,409,8.0,2025-06-10
INV_03838,PRD_3840,WH_062,85,10.0,2024-12-11
INV_03839,PRD_4784,WH_056,148,29.0,2024-11-19
INV_03840,PRD_3981,WH_014,93,,2024-12-16
INV_03841,PRD_1490,WH_059,212,,2024-02-09
INV_03842,PRD_0757,WH_050,0,0.0,2024-07-18
INV_03843,PRD_2373,WH_039,352,17.0,2025-10-08
INV_03844,PRD_1605,WH_064,50,7.0,2025-02-11
INV_03845,PRD_4647,WH_006,189,18.0,2024-10-08
INV_03846,PRD_2684,WH_009,113,0.0,2024-04-03
INV_03847,PRD_0965,WH_058,53,,2025-06-16
INV_03848,PRD_1295,WH_026,0,0.0,2025-01-16
INV_03849,PRD_3122,WH_013,0,0.0,2024-06-19
INV_03850,PRD_3594,WH_049,33,28.0,
INV_03851,PRD_4010,WH_070,6,5.0,
INV_03852,PRD_1152,WH_077,207,13.0,2025-02-16
INV_03853,PRD_2250,WH_026,88,12.0,2024-06-14
INV_03854,PRD_1064,WH_026,17,12.0,2024-09-06
INV_03855,PRD_0253,WH_021,6,0.0,2025-05-25
INV_03856,PRD_2449,WH_013,53,13.0,2025-04-02
INV_03857,PRD_0349,WH_024,358,16.0,2025-03-17
INV_03858,PRD_3583,WH_077,118,21.0,2025-11-07
INV_03859,PRD_4584,WH_027,0,0.0,2024-07-04
INV_03860,PRD_4712,WH_055,14,3.0,
INV_03861,PRD_2709,WH_059,32,24.0,2024-01-25
INV_03862,PRD_0701,WH_046,122,26.0,2025-10-14
INV_03863,PRD_2367,WH_012,107,20.0,2025-09-19
INV_03864,PRD_4128,WH_025,31,11.0,2024-12-23
INV_03865,PRD_0458,WH_027,561,5.0,2025-12-06
INV_03866,PRD_1892,WH_063,126,6.0,2025-12-02
INV_03867,PRD_4780,WH_052,52,8.0,2024-01-13
INV_03868,PRD_0011,WH_044,20,6.0,2024-05-17
INV_03869,PRD_0598,WH_001,59,,2024-01-02
INV_03870,PRD_4796,WH_059,27,,2024-12-12
INV_03871,PRD_3794,WH_007,85,8.0,2025-10-06
INV_03872,PRD_4288,WH_011,143,25.0,2024-08-27
INV_03873,PRD_2262,WH_005,91,2.0,2025-06-06
INV_03874,PRD_0482,WH_011,97,29.0,2024-06-11
INV_03875,PRD_4678,WH_036,0,0.0,
INV_03876,PRD_4062,WH_036,3,1.0,2025-03-21
INV_03877,PRD_1318,WH_030,90,,2024-09-26
INV_03878,PRD_4325,WH_061,66,13.0,2024-06-13
INV_03879,PRD_2839,WH_072,175,23.0,2025-11-13
INV_03880,PRD_2803,WH_038,70,29.0,2025-06-09
INV_03881,PRD_0977,WH_072,152,19.0,2025-10-26
INV_03882,PRD_2522,WH_037,12,1.0,2024-03-10
INV_03883,PRD_1680,WH_058,43,1.0,2025-04-11
INV_03884,PRD_2564,WH_017,233,19.0,2024-07-01
INV_03885,PRD_0195,WH_009,53,11.0,2025-01-03
INV_03886,PRD_4975,WH_064,2,2.0,2025-04-14
INV_03887,PRD_2067,WH_060,98,17.0,2024-05-15
INV_03888,PRD_2533,WH_034,16,7.0,2025-05-26
INV_03889,PRD_1324,WH_067,67,29.0,2024-07-06
INV_03890,PRD_1989,WH_064,331,18.0,2025-06-27
INV_03891,PRD_0359,WH_076,205,0.0,2024-07-01
INV_03892,PRD_0265,WH_038,373,12.0,2025-04-07
INV_03893,PRD_3832,WH_031,19,5.0,2024-11-23
INV_03894,PRD_0286,WH_046,318,21.0,2025-07-09
INV_03895,PRD_0384,WH_019,243,5.0,2024-01-26
INV_03896,PRD_0912,WH_024,545,15.0,2024-07-15
INV_03897,PRD_4804,WH_012,36,9.0,2025-09-03
INV_03898,PRD_0572,WH_067,283,12.0,2025-07-02
INV_03899,PRD_1107,WH_040,26,13.0,2024-07-17
INV_03900,PRD_2432,WH_017,0,0.0,2024-10-27
INV_03901,PRD_3373,WH_019,102,4.0,2025-04-03
INV_03902,PRD_2963,WH_030,213,10.0,2025-07-09
INV_03903,PRD_3084,WH_006,100,2.0,2025-01-09
INV_03904,PRD_4162,WH_064,202,8.0,2025-12-01
INV_03905,PRD_3991,WH_034,236,29.0,
INV_03906,PRD_0535,WH_055,175,8.0,
INV_03907,PRD_4199,WH_071,127,10.0,2025-05-11
INV_03908,PRD_1004,WH_011,112,6.0,2024-10-12
INV_03909,PRD_0917,WH_074,233,19.0,2024-05-01
INV_03910,PRD_4519,WH_053,48,14.0,
INV_03911,PRD_3028,WH_012,47,1.0,2025-12-25
INV_03912,PRD_3753,WH_024,64,3.0,2024-12-12
INV_03913,PRD_3869,WH_052,80,12.0,2025-04-16
INV_03914,PRD_3144,WH_035,44,20.0,2025-01-16
INV_03915,PRD_1375,WH_055,32,10.0,
INV_03916,PRD_4854,WH_051,114,,2024-02-11
INV_03917,PRD_4358,WH_055,32,13.0,2025-04-11
INV_03918,PRD_3185,WH_074,117,3.0,2024-11-13
INV_03919,PRD_2928,WH_060,189,6.0,2025-04-26
INV_03920,PRD_3203,WH_067,4,3.0,2024-04-03
INV_03921,PRD_2524,WH_043,97,18.0,2024-05-13
INV_03922,PRD_1260,WH_076,26,21.0,2025-04-17
INV_03923,PRD_0788,WH_046,42,28.0,
INV_03924,PRD_0695,WH_078,280,13.0,2025-09-20
INV_03925,PRD_4495,WH_027,181,20.0,2024-12-16
INV_03926,PRD_0333,WH_007,184,23.0,2024-01-10
INV_03927,PRD_1927,WH_055,281,2.0,2024-08-15
INV_03928,PRD_2841,WH_080,11,8.0,2025-12-20
INV_03929,PRD_3371,WH_058,16,15.0,2024-01-16
INV_03930,PRD_4590,WH_004,35,13.0,
INV_03931,PRD_4410,WH_063,71,19.0,2024-07-19
INV_03932,PRD_0439,WH_020,98,,2025-09-23
INV_03933,PRD_0324,WH_034,599,25.0,2024-11-06
INV_03934,PRD_0087,WH_054,31,4.0,2024-02-22
INV_03935,PRD_2888,WH_073,167,11.0,2025-12-22
INV_03936,PRD_3728,WH_035,31,3.0,2024-07-15
INV_03937,PRD_4549,WH_001,112,,2024-03-10
INV_03938,PRD_2008,WH_075,133,24.0,2025-05-22
INV_03939,PRD_2013,WH_028,301,,2025-03-26
INV_03940,PRD_0202,WH_012,33,10.0,2024-12-21
INV_03941,PRD_2177,WH_079,68,1.0,2024-04-03
INV_03942,PRD_0976,WH_004,49,17.0,2024-03-04
INV_03943,PRD_3886,WH_026,153,16.0,2025-06-02
INV_03944,PRD_0076,WH_032,134,11.0,2024-11-21
INV_03945,PRD_1869,WH_023,155,27.0,
INV_03946,PRD_3299,WH_077,25,1.0,2025-12-02
INV_03947,PRD_3214,WH_021,6,5.0,2024-12-25
INV_03948,PRD_4395,WH_035,72,16.0,2025-03-24
INV_03949,PRD_2068,WH_067,32,15.0,2025-08-27
INV_03950,PRD_0708,WH_059,169,,2025-01-03
INV_03951,PRD_2537,WH_059,22,14.0,2025-04-03
INV_03952,PRD_1312,WH_014,150,,2024-06-05
INV_03953,PRD_3543,WH_023,84,9.0,2024-07-25
INV_03954,PRD_0516,WH_047,18,16.0,2024-10-22
INV_03955,PRD_3029,WH_029,213,12.0,2025-03-11
INV_03956,PRD_1412,WH_012,53,1.0,2025-11-04
INV_03957,PRD_3386,WH_075,56,,2025-11-05
INV_03958,PRD_1495,WH_054,237,,2025-09-25
INV_03959,PRD_1805,WH_056,38,8.0,2025-10-10
INV_03960,PRD_3802,WH_027,67,20.0,2025-08-01
INV_03961,PRD_3079,WH_037,48,25.0,2024-10-06
INV_03962,PRD_0491,WH_027,167,,
INV_03963,PRD_4925,WH_079,121,7.0,2025-05-24
INV_03964,PRD_0369,WH_004,413,4.0,2024-04-17
INV_03965,PRD_4102,WH_061,134,21.0,2024-11-15
INV_03966,PRD_4323,WH_075,116,6.0,2024-03-24
INV_03967,PRD_4258,WH_038,40,19.0,2025-10-10
INV_03968,PRD_1970,WH_060,197,12.0,2024-03-17
INV_03969,PRD_2404,WH_061,200,1.0,2025-02-11
INV_03970,PRD_2204,WH_059,198,3.0,2025-11-16
INV_03971,PRD_3476,WH_004,180,24.0,2024-08-08
INV_03972,PRD_3966,WH_021,34,,2024-03-10
INV_03973,PRD_3421,WH_018,70,24.0,2025-04-08
INV_03974,PRD_3616,WH_066,191,18.0,2024-11-14
INV_03975,PRD_2706,WH_056,183,15.0,2025-12-22
INV_03976,PRD_2365,WH_031,5,0.0,
INV_03977,PRD_0872,WH_057,127,23.0,2024-05-10
INV_03978,PRD_4582,WH_013,22,6.0,2025-03-27
INV_03979,PRD_0680,WH_038,198,13.0,2024-12-20
INV_03980,PRD_3249,WH_031,106,6.0,2025-02-23
INV_03981,PRD_3660,WH_076,240,3.0,2025-11-18
INV_03982,PRD_1051,WH_042,126,22.0,2025-07-21
INV_03983,PRD_4160,WH_018,62,24.0,2024-02-25
INV_03984,PRD_4828,WH_078,67,16.0,2024-07-03
INV_03985,PRD_3622,WH_038,52,22.0,2024-07-01
INV_03986,PRD_3504,WH_067,136,0.0,2025-02-18
INV_03987,PRD_4718,WH_066,30,17.0,2024-05-08
INV_03988,PRD_2079,WH_004,27,23.0,2025-02-04
INV_03989,PRD_4961,WH_005,81,21.0,2025-07-13
INV_03990,PRD_1742,WH_025,280,8.0,2025-05-01
INV_03991,PRD_4216,WH_067,91,18.0,2025-06-13
INV_03992,PRD_1132,WH_022,314,9.0,2024-11-23
INV_03993,PRD_2720,WH_071,30,24.0,2025-10-25
INV_03994,PRD_3986,WH_009,54,26.0,2024-01-19
INV_03995,PRD_0329,WH_055,164,26.0,2025-06-05
INV_03996,PRD_1466,WH_043,6,,2024-01-01
INV_03997,PRD_4779,WH_014,14,7.0,2024-07-10
INV_03998,PRD_3347,WH_074,221,17.0,2024-04-02
INV_03999,PRD_3760,WH_080,115,5.0,2024-07-23
INV_04000,PRD_1766,WH_041,109,29.0,2025-08-21
INV_04001,PRD_1582,WH_066,23,20.0,2025-10-25
INV_04002,PRD_3516,WH_067,87,16.0,2024-02-16
INV_04003,PRD_3016,WH_060,59,7.0,2024-05-25
INV_04004,PRD_4232,WH_074,153,12.0,2025-08-12
INV_04005,PRD_2044,WH_020,92,24.0,2024-01-24
INV_04006,PRD_1811,WH_078,103,11.0,2024-06-25
INV_04007,PRD_0470,WH_067,100,10.0,2024-06-06
INV_04008,PRD_0265,WH_006,325,17.0,2025-12-09
INV_04009,PRD_4953,WH_011,15,6.0,2024-06-11
INV_04010,PRD_3362,WH_061,131,24.0,2025-12-16
INV_04011,PRD_0683,WH_052,101,19.0,2024-03-12
INV_04012,PRD_0826,WH_006,30,10.0,2025-08-03
INV_04013,PRD_1153,WH_006,0,0.0,
INV_04014,PRD_3400,WH_006,140,,2024-06-11
INV_04015,PRD_3874,WH_025,76,13.0,2024-02-12
INV_04016,PRD_4950,WH_070,76,27.0,2024-05-16
INV_04017,PRD_1135,WH_054,84,19.0,2024-12-27
INV_04018,PRD_0250,WH_066,173,19.0,
INV_04019,PRD_1787,WH_010,178,30.0,
INV_04020,PRD_0660,WH_040,39,9.0,2024-01-07
INV_04021,PRD_1718,WH_007,43,27.0,2024-05-01
INV_04022,PRD_2245,WH_002,444,15.0,2025-04-12
INV_04023,PRD_2164,WH_035,156,16.0,2025-08-20
INV_04024,PRD_4317,WH_043,31,19.0,2025-11-18
INV_04025,PRD_3428,WH_026,70,5.0,2025-08-07
INV_04026,PRD_3471,WH_062,209,18.0,
INV_04027,PRD_1855,WH_010,7,,2025-01-17
INV_04028,PRD_3530,WH_073,158,20.0,2024-01-19
INV_04029,PRD_4015,WH_064,123,25.0,2024-11-01
INV_04030,PRD_0005,WH_065,40,3.0,2024-09-27
INV_04031,PRD_1742,WH_035,178,14.0,2024-02-03
INV_04032,PRD_2654,WH_071,51,25.0,2024-12-17
INV_04033,PRD_4131,WH_016,247,17.0,2025-08-11
INV_04034,PRD_3874,WH_001,21,6.0,2024-10-12
INV_04035,PRD_4417,WH_046,229,18.0,2024-05-21
INV_04036,PRD_0437,WH_042,342,27.0,
INV_04037,PRD_1873,WH_080,54,26.0,2024-07-10
INV_04038,PRD_2694,WH_048,84,,2025-08-18
INV_04039,PRD_0742,WH_021,195,23.0,2024-11-02
INV_04040,PRD_4171,WH_011,114,17.0,2024-07-27
INV_04041,PRD_2925,WH_041,137,2.0,2024-09-07
INV_04042,PRD_0704,WH_042,391,17.0,2024-05-09
INV_04043,PRD_4356,WH_046,127,0.0,2025-04-17
INV_04044,PRD_2616,WH_026,209,22.0,2025-11-15
INV_04045,PRD_4537,WH_031,324,8.0,2024-12-12
INV_04046,PRD_1248,WH_070,23,22.0,2024-01-09
INV_04047,PRD_1243,WH_022,103,15.0,2024-02-10
INV_04048,PRD_1522,WH_060,49,17.0,2024-02-13
INV_04049,PRD_2018,WH_012,24,2.0,
INV_04050,PRD_0419,WH_017,145,9.0,2025-07-22
INV_04051,PRD_4414,WH_043,0,0.0,2025-09-18
INV_04052,PRD_1082,WH_032,67,26.0,2025-04-06
INV_04053,PRD_3936,WH_050,54,11.0,2025-03-08
INV_04054,PRD_3465,WH_022,93,9.0,
INV_04055,PRD_1646,WH_011,14,12.0,2025-10-17
INV_04056,PRD_2143,WH_075,135,28.0,2024-10-27
INV_04057,PRD_1279,WH_063,41,2.0,2024-10-03
INV_04058,PRD_0524,WH_045,77,5.0,2025-10-03
INV_04059,PRD_3385,WH_050,92,9.0,2024-09-22
INV_04060,PRD_3924,WH_013,145,25.0,2024-02-10
INV_04061,PRD_2008,WH_057,25,11.0,2024-03-19
INV_04062,PRD_4007,WH_047,269,,2025-07-02
INV_04063,PRD_2589,WH_009,114,19.0,
INV_04064,PRD_3800,WH_016,14,13.0,2024-04-19
INV_04065,PRD_0567,WH_003,274,,
INV_04066,PRD_2451,WH_044,233,2.0,2024-12-01
INV_04067,PRD_4073,WH_027,294,4.0,
INV_04068,PRD_3264,WH_052,64,24.0,2024-06-05
INV_04069,PRD_1289,WH_056,0,0.0,2025-01-24
INV_04070,PRD_2765,WH_065,98,11.0,2025-07-22
INV_04071,PRD_1168,WH_027,276,13.0,2024-01-17
INV_04072,PRD_2228,WH_028,145,20.0,2025-11-18
INV_04073,PRD_2263,WH_064,534,16.0,2025-12-06
INV_04074,PRD_2371,WH_004,0,0.0,2024-03-23
INV_04075,PRD_2597,WH_054,33,20.0,2024-03-05
INV_04076,PRD_3840,WH_044,98,13.0,2025-06-09
INV_04077,PRD_4260,WH_051,18,9.0,2025-02-20
INV_04078,PRD_2920,WH_074,40,19.0,2024-11-05
INV_04079,PRD_4150,WH_033,181,17.0,
INV_04080,PRD_4137,WH_078,84,1.0,
INV_04081,PRD_4944,WH_026,44,15.0,2025-11-19
INV_04082,PRD_1204,WH_075,209,1.0,
INV_04083,PRD_2746,WH_070,123,23.0,2024-05-14
INV_04084,PRD_3330,WH_004,59,6.0,2024-08-21
INV_04085,PRD_3341,WH_017,103,,2024-03-02
INV_04086,PRD_4133,WH_058,37,25.0,2024-10-05
INV_04087,PRD_0474,WH_079,460,5.0,2025-02-05
INV_04088,PRD_0584,WH_049,167,0.0,2024-03-19
INV_04089,PRD_4297,WH_061,41,2.0,2025-01-06
INV_04090,PRD_3831,WH_028,136,16.0,2025-01-03
INV_04091,PRD_0099,WH_020,369,23.0,2025-04-21
INV_04092,PRD_3890,WH_011,62,14.0,2025-11-27
INV_04093,PRD_0527,WH_027,86,5.0,2025-09-14
INV_04094,PRD_0492,WH_070,31,25.0,2024-11-24
INV_04095,PRD_0786,WH_016,315,17.0,
INV_04096,PRD_3685,WH_067,126,5.0,2025-10-27
INV_04097,PRD_0885,WH_042,87,25.0,2024-08-13
INV_04098,PRD_0855,WH_014,167,4.0,2024-09-11
INV_04099,PRD_4270,WH_078,39,,2025-12-05
INV_04100,PRD_3408,WH_052,178,23.0,2025-07-05
INV_04101,PRD_4822,WH_049,4,1.0,2024-06-21
INV_04102,PRD_4844,WH_049,181,8.0,2024-11-17
INV_04103,PRD_1023,WH_064,39,5.0,2025-08-23
INV_04104,PRD_3318,WH_031,105,3.0,2024-07-07
INV_04105,PRD_4184,WH_043,31,20.0,2024-02-08
INV_04106,PRD_2094,WH_058,31,4.0,2025-12-21
INV_04107,PRD_1659,WH_001,35,19.0,2025-03-05
INV_04108,PRD_3806,WH_003,80,1.0,2024-11-05
INV_04109,PRD_2535,WH_028,248,28.0,2024-08-11
INV_04110,PRD_2072,WH_036,23,9.0,2024-11-11
INV_04111,PRD_0486,WH_061,300,,2024-10-08
INV_04112,PRD_0029,WH_061,166,25.0,2025-12-20
INV_04113,PRD_0348,WH_039,194,,2025-02-22
INV_04114,PRD_2857,WH_066,54,13.0,2025-08-04
INV_04115,PRD_4078,WH_072,104,11.0,2025-04-07
INV_04116,PRD_4592,WH_074,207,11.0,2024-09-10
INV_04117,PRD_1158,WH_076,156,29.0,2025-02-26
INV_04118,PRD_0725,WH_017,85,22.0,2025-04-22
INV_04119,PRD_2696,WH_028,129,28.0,2025-06-22
INV_04120,PRD_2964,WH_048,31,18.0,
INV_04121,PRD_2702,WH_065,106,6.0,2024-06-15
INV_04122,PRD_4482,WH_002,113,8.0,2024-11-03
INV_04123,PRD_2975,WH_070,208,,2025-03-18
INV_04124,PRD_0627,WH_040,107,13.0,2025-08-17
INV_04125,PRD_4416,WH_049,19,4.0,2025-02-17
INV_04126,PRD_3680,WH_076,13,5.0,2025-09-09
INV_04127,PRD_2145,WH_041,136,26.0,2025-06-12
INV_04128,PRD_2937,WH_025,94,21.0,2024-02-07
INV_04129,PRD_4048,WH_008,119,12.0,2024-06-21
INV_04130,PRD_4392,WH_052,89,8.0,2024-10-08
INV_04131,PRD_2008,WH_030,200,17.0,2025-08-06
INV_04132,PRD_4738,WH_076,14,,2024-11-22
INV_04133,PRD_4866,WH_046,112,23.0,2024-02-24
INV_04134,PRD_1193,WH_066,250,29.0,2024-07-01
INV_04135,PRD_1655,WH_026,0,0.0,2025-11-01
INV_04136,PRD_3390,WH_067,16,3.0,2024-12-15
INV_04137,PRD_0476,WH_072,227,3.0,2025-10-11
INV_04138,PRD_3475,WH_010,186,27.0,2025-12-03
INV_04139,PRD_4269,WH_070,38,15.0,2025-06-23
INV_04140,PRD_1520,WH_038,11,0.0,2025-06-10
INV_04141,PRD_0300,WH_030,262,22.0,2024-10-21
INV_04142,PRD_2608,WH_010,10,3.0,2024-09-15
INV_04143,PRD_2038,WH_067,251,1.0,2025-04-24
INV_04144,PRD_2524,WH_010,320,10.0,
INV_04145,PRD_4807,WH_004,0,0.0,2025-06-20
INV_04146,PRD_0400,WH_073,5,,2024-03-12
INV_04147,PRD_4138,WH_002,55,6.0,
INV_04148,PRD_4028,WH_019,92,18.0,2025-10-18
INV_04149,PRD_3467,WH_040,63,6.0,2025-05-01
INV_04150,PRD_3960,WH_017,92,25.0,2024-08-19
INV_04151,PRD_4529,WH_062,202,22.0,2025-10-13
INV_04152,PRD_1497,WH_034,64,29.0,2025-08-13
INV_04153,PRD_1902,WH_002,143,28.0,2024-04-20
INV_04154,PRD_4552,WH_012,96,25.0,
INV_04155,PRD_1513,WH_047,55,18.0,2025-12-04
INV_04156,PRD_4629,WH_053,33,22.0,
INV_04157,PRD_0367,WH_029,37,6.0,2025-08-12
INV_04158,PRD_2644,WH_007,219,,2025-11-09
INV_04159,PRD_3789,WH_056,25,4.0,2024-10-27
INV_04160,PRD_2920,WH_075,10,8.0,2025-07-25
INV_04161,PRD_2727,WH_044,240,17.0,2024-11-10
INV_04162,PRD_1266,WH_055,229,30.0,
INV_04163,PRD_3490,WH_064,209,20.0,2025-07-03
INV_04164,PRD_0438,WH_019,215,28.0,2025-02-23
INV_04165,PRD_0345,WH_073,71,6.0,2024-06-10
INV_04166,PRD_0776,WH_053,210,3.0,2024-11-17
INV_04167,PRD_0350,WH_073,237,5.0,2025-03-20
INV_04168,PRD_3351,WH_011,48,20.0,2025-02-19
INV_04169,PRD_3576,WH_038,75,5.0,2025-01-27
INV_04170,PRD_4291,WH_025,99,22.0,2024-03-22
INV_04171,PRD_2085,WH_022,0,,2024-04-21
INV_04172,PRD_3823,WH_068,246,27.0,2025-09-10
INV_04173,PRD_2324,WH_074,58,29.0,2025-10-04
INV_04174,PRD_0355,WH_058,368,,2024-11-16
INV_04175,PRD_2129,WH_028,183,22.0,
INV_04176,PRD_2470,WH_063,248,12.0,2025-04-27
INV_04177,PRD_3535,WH_018,60,,2025-10-02
INV_04178,PRD_0939,WH_049,9,9.0,2024-03-01
INV_04179,PRD_2364,WH_042,78,17.0,2025-10-22
INV_04180,PRD_1563,WH_044,88,16.0,2024-09-07
INV_04181,PRD_3250,WH_061,141,,2025-03-08
INV_04182,PRD_0545,WH_053,1,0.0,2025-03-27
INV_04183,PRD_4124,WH_035,270,25.0,2024-12-22
INV_04184,PRD_0567,WH_048,26,10.0,2025-09-02
INV_04185,PRD_2890,WH_052,12,8.0,2024-07-10
INV_04186,PRD_0250,WH_006,241,8.0,2024-02-10
INV_04187,PRD_1001,WH_019,181,25.0,2025-04-10
INV_04188,PRD_2220,WH_064,147,21.0,2025-02-05
INV_04189,PRD_2521,WH_057,293,21.0,2024-11-21
INV_04190,PRD_0163,WH_022,149,20.0,2025-05-09
INV_04191,PRD_4436,WH_022,66,3.0,2024-04-17
INV_04192,PRD_3268,WH_003,143,19.0,2025-04-25
INV_04193,PRD_2811,WH_032,20,6.0,2024-07-02
INV_04194,PRD_4675,WH_001,28,10.0,
INV_04195,PRD_4583,WH_037,49,7.0,2025-08-11
INV_04196,PRD_4979,WH_070,162,4.0,2025-10-21
INV_04197,PRD_0491,WH_020,137,16.0,2024-03-19
INV_04198,PRD_4957,WH_010,145,18.0,2024-08-24
INV_04199,PRD_2580,WH_042,27,7.0,2024-11-07
INV_04200,PRD_1324,WH_005,57,,2024-10-04
INV_04201,PRD_0864,WH_057,53,27.0,
INV_04202,PRD_1923,WH_053,25,12.0,2024-11-26
INV_04203,PRD_4949,WH_044,0,0.0,2024-08-20
INV_04204,PRD_3474,WH_070,26,4.0,2025-01-21
INV_04205,PRD_0300,WH_053,39,9.0,2024-12-13
INV_04206,PRD_2710,WH_004,88,,2025-07-18
INV_04207,PRD_0102,WH_080,91,6.0,
INV_04208,PRD_1376,WH_073,0,0.0,2025-10-06
INV_04209,PRD_2769,WH_012,93,19.0,2024-05-17
INV_04210,PRD_1813,WH_017,202,29.0,
INV_04211,PRD_0568,WH_015,0,0.0,2025-09-09
INV_04212,PRD_0812,WH_070,19,,2024-07-04
INV_04213,PRD_0115,WH_075,53,1.0,2025-10-17
INV_04214,PRD_2016,WH_018,113,15.0,2025-11-01
INV_04215,PRD_1290,WH_064,82,19.0,2025-09-10
INV_04216,PRD_0105,WH_060,65,,2024-04-03
INV_04217,PRD_1836,WH_074,57,12.0,2024-09-10
INV_04218,PRD_1721,WH_052,143,,2024-09-01
INV_04219,PRD_4192,WH_079,224,19.0,2025-10-10
INV_04220,PRD_2796,WH_020,100,25.0,2024-01-26
INV_04221,PRD_4392,WH_071,70,14.0,2024-01-06
INV_04222,PRD_0375,WH_027,221,24.0,2025-01-26
INV_04223,PRD_0644,WH_059,121,11.0,2024-01-01
INV_04224,PRD_1976,WH_075,32,22.0,2025-04-20
INV_04225,PRD_2702,WH_044,212,21.0,
INV_04226,PRD_4783,WH_054,0,0.0,2025-01-16
INV_04227,PRD_3455,WH_018,7,6.0,2025-12-22
INV_04228,PRD_4820,WH_008,54,18.0,
INV_04229,PRD_4227,WH_043,157,9.0,2024-03-03
INV_04230,PRD_2462,WH_016,187,,2025-06-17
INV_04231,PRD_3012,WH_016,50,5.0,2025-06-12
INV_04232,PRD_0099,WH_062,126,16.0,2025-11-25
INV_04233,PRD_1101,WH_053,146,30.0,
INV_04234,PRD_3494,WH_014,169,10.0,2025-12-05
INV_04235,PRD_3616,WH_011,29,21.0,2025-10-11
INV_04236,PRD_3952,WH_064,3,2.0,2024-08-21
INV_04237,PRD_4082,WH_029,5,3.0,2025-10-21
INV_04238,PRD_1790,WH_068,43,9.0,2024-08-21
INV_04239,PRD_4153,WH_044,180,27.0,2024-01-23
INV_04240,PRD_0272,WH_076,310,14.0,2025-03-10
INV_04241,PRD_2322,WH_037,109,27.0,2025-05-18
INV_04242,PRD_1831,WH_041,192,5.0,2024-10-15
INV_04243,PRD_4195,WH_029,234,8.0,2024-02-25
INV_04244,PRD_0369,WH_036,165,1.0,2025-10-02
INV_04245,PRD_0143,WH_002,36,1.0,2024-06-10
INV_04246,PRD_2168,WH_036,57,,2024-05-12
INV_04247,PRD_0545,WH_073,0,0.0,2024-11-01
INV_04248,PRD_0148,WH_066,298,5.0,2025-04-16
INV_04249,PRD_0925,WH_009,61,17.0,2025-04-02
INV_04250,PRD_3550,WH_075,29,,
INV_04251,PRD_1970,WH_019,134,24.0,2025-01-05
INV_04252,PRD_3092,WH_077,72,,2025-11-20
INV_04253,PRD_0801,WH_046,68,12.0,2024-08-26
INV_04254,PRD_0150,WH_044,109,,2024-08-18
INV_04255,PRD_2876,WH_065,131,25.0,2024-10-23
INV_04256,PRD_2852,WH_025,93,5.0,2025-08-07
INV_04257,PRD_2201,WH_041,339,17.0,2025-03-04
INV_04258,PRD_0267,WH_062,590,4.0,2025-07-26
INV_04259,PRD_0713,WH_023,67,,2025-07-21
INV_04260,PRD_4773,WH_065,26,9.0,2025-07-16
INV_04261,PRD_4376,WH_070,187,0.0,2024-01-12
INV_04262,PRD_4834,WH_078,0,0.0,2025-05-14
INV_04263,PRD_2469,WH_001,0,,2025-02-09
INV_04264,PRD_2693,WH_012,84,24.0,2025-02-15
INV_04265,PRD_2041,WH_001,119,3.0,2024-09-13
INV_04266,PRD_2919,WH_056,44,2.0,2024-04-16
INV_04267,PRD_1567,WH_040,0,0.0,2024-06-16
INV_04268,PRD_1313,WH_012,72,23.0,2024-05-13
INV_04269,PRD_1160,WH_074,15,,
INV_04270,PRD_1860,WH_080,175,6.0,2025-11-17
INV_04271,PRD_0367,WH_043,0,0.0,2025-09-04
INV_04272,PRD_0439,WH_059,166,,2025-10-07
INV_04273,PRD_1678,WH_024,17,,2024-12-20
INV_04274,PRD_1953,WH_059,186,11.0,2024-04-04
INV_04275,PRD_0662,WH_065,314,14.0,2025-07-06
INV_04276,PRD_2335,WH_029,18,4.0,2025-11-11
INV_04277,PRD_4232,WH_030,35,10.0,2025-09-24
INV_04278,PRD_2615,WH_060,76,2.0,2024-11-17
INV_04279,PRD_3704,WH_012,83,3.0,2025-08-14
INV_04280,PRD_4037,WH_077,203,14.0,2025-03-20
INV_04281,PRD_1731,WH_011,142,25.0,2024-06-13
INV_04282,PRD_1814,WH_025,135,21.0,2025-05-07
INV_04283,PRD_2061,WH_003,82,21.0,2025-06-06
INV_04284,PRD_3627,WH_028,4,2.0,2024-03-19
INV_04285,PRD_2071,WH_041,210,13.0,2024-08-24
INV_04286,PRD_2163,WH_044,138,25.0,2025-12-13
INV_04287,PRD_1784,WH_045,222,15.0,2025-08-24
INV_04288,PRD_0484,WH_068,201,15.0,
INV_04289,PRD_0179,WH_028,63,23.0,2024-10-03
INV_04290,PRD_0301,WH_043,232,19.0,2025-08-02
INV_04291,PRD_1575,WH_042,0,0.0,2024-12-16
INV_04292,PRD_4893,WH_033,128,20.0,
INV_04293,PRD_1071,WH_006,333,17.0,2025-04-08
INV_04294,PRD_4991,WH_029,130,20.0,2025-05-23
INV_04295,PRD_4194,WH_011,287,6.0,2024-09-24
INV_04296,PRD_1515,WH_012,26,,
INV_04297,PRD_4459,WH_029,199,,
INV_04298,PRD_2173,WH_014,369,9.0,2024-08-06
INV_04299,PRD_0843,WH_078,34,15.0,2025-04-02
INV_04300,PRD_3308,WH_053,39,6.0,2024-07-13
INV_04301,PRD_3762,WH_038,217,12.0,2025-07-10
INV_04302,PRD_0854,WH_024,83,15.0,
INV_04303,PRD_4341,WH_028,36,15.0,2024-06-10
INV_04304,PRD_1037,WH_022,224,24.0,2025-04-23
INV_04305,PRD_3770,WH_012,12,9.0,2024-12-25
INV_04306,PRD_3203,WH_049,276,25.0,2024-03-22
INV_04307,PRD_3476,WH_045,0,0.0,
INV_04308,PRD_1712,WH_034,77,,2025-02-08
INV_04309,PRD_1673,WH_034,47,,2024-12-17
INV_04310,PRD_4647,WH_034,71,15.0,2025-10-03
INV_04311,PRD_4509,WH_066,152,7.0,2025-09-24
INV_04312,PRD_1337,WH_072,1,,2025-12-01
INV_04313,PRD_2558,WH_021,278,14.0,2024-06-21
INV_04314,PRD_3257,WH_015,218,0.0,2024-10-25
INV_04315,PRD_0692,WH_074,0,0.0,2025-04-16
INV_04316,PRD_0304,WH_017,0,0.0,
INV_04317,PRD_3815,WH_004,205,26.0,2025-09-11
INV_04318,PRD_2591,WH_036,52,,2024-08-26
INV_04319,PRD_0533,WH_034,4,3.0,2024-04-13
INV_04320,PRD_1958,WH_046,69,,2025-05-10
INV_04321,PRD_2569,WH_029,80,7.0,2025-09-03
INV_04322,PRD_1991,WH_018,76,3.0,
INV_04323,PRD_4447,WH_046,106,30.0,2025-06-13
INV_04324,PRD_1286,WH_071,88,5.0,2024-07-03
INV_04325,PRD_3028,WH_049,6,4.0,2024-10-16
INV_04326,PRD_0274,WH_029,33,14.0,2025-08-07
INV_04327,PRD_2117,WH_058,128,8.0,2024-03-24
INV_04328,PRD_4336,WH_060,108,8.0,2024-12-10
INV_04329,PRD_4076,WH_049,56,13.0,2025-01-15
INV_04330,PRD_2934,WH_078,65,12.0,2025-07-02
INV_04331,PRD_4339,WH_012,120,,2025-06-12
INV_04332,PRD_1862,WH_001,9,3.0,2024-06-12
INV_04333,PRD_0927,WH_055,182,19.0,2025-03-05
INV_04334,PRD_1768,WH_080,12,10.0,2025-04-23
INV_04335,PRD_0271,WH_010,199,,2025-12-02
INV_04336,PRD_1704,WH_072,122,22.0,2025-08-07
INV_04337,PRD_0352,WH_047,188,19.0,2025-05-14
INV_04338,PRD_0617,WH_062,304,4.0,2025-05-03
INV_04339,PRD_1001,WH_004,204,25.0,2025-02-14
INV_04340,PRD_4921,WH_054,0,0.0,2024-04-21
INV_04341,PRD_1200,WH_010,12,3.0,2025-05-26
INV_04342,PRD_0894,WH_045,230,26.0,2024-04-03
INV_04343,PRD_1911,WH_060,30,3.0,2024-01-16
INV_04344,PRD_2406,WH_029,114,2.0,2025-08-06
INV_04345,PRD_4779,WH_002,13,0.0,2024-10-21
INV_04346,PRD_4951,WH_057,83,11.0,2024-08-27
INV_04347,PRD_0347,WH_074,389,15.0,2024-12-04
INV_04348,PRD_4745,WH_067,221,14.0,2024-06-14
INV_04349,PRD_1638,WH_024,101,8.0,2024-02-03
INV_04350,PRD_3314,WH_047,43,30.0,2024-06-27
INV_04351,PRD_0239,WH_050,208,,
INV_04352,PRD_4607,WH_013,5,0.0,2025-08-20
INV_04353,PRD_4025,WH_045,121,7.0,2024-05-05
INV_04354,PRD_3341,WH_009,48,24.0,2024-04-03
INV_04355,PRD_1653,WH_021,69,2.0,2025-04-09
INV_04356,PRD_1026,WH_041,45,25.0,
INV_04357,PRD_3347,WH_053,140,5.0,2024-07-13
INV_04358,PRD_4562,WH_069,84,21.0,
INV_04359,PRD_4633,WH_056,40,29.0,
INV_04360,PRD_4177,WH_021,14,10.0,2025-04-10
INV_04361,PRD_0030,WH_040,16,11.0,2024-07-27
INV_04362,PRD_1470,WH_006,136,,2024-11-06
INV_04363,PRD_0991,WH_065,62,18.0,
INV_04364,PRD_0055,WH_023,300,3.0,2025-06-22
INV_04365,PRD_3760,WH_033,150,27.0,2025-03-17
INV_04366,PRD_0901,WH_069,0,,2025-01-01
INV_04367,PRD_4102,WH_020,0,0.0,2024-05-01
INV_04368,PRD_1964,WH_067,180,22.0,2024-09-20
INV_04369,PRD_1961,WH_032,321,15.0,2025-08-14
INV_04370,PRD_4841,WH_077,103,3.0,2024-01-24
INV_04371,PRD_0349,WH_077,505,13.0,2025-11-02
INV_04372,PRD_2435,WH_036,148,14.0,2024-04-24
INV_04373,PRD_2356,WH_074,359,14.0,2025-05-09
INV_04374,PRD_2807,WH_072,97,,2025-04-26
INV_04375,PRD_3854,WH_053,70,21.0,2024-04-19
INV_04376,PRD_4538,WH_003,0,0.0,2024-02-10
INV_04377,PRD_4610,WH_023,25,18.0,2024-07-15
INV_04378,PRD_4767,WH_037,0,0.0,2024-08-16
INV_04379,PRD_4626,WH_025,17,15.0,2025-01-04
INV_04380,PRD_1058,WH_045,21,16.0,2024-02-22
INV_04381,PRD_1310,WH_053,0,0.0,2025-12-16
INV_04382,PRD_0503,WH_034,182,28.0,2025-08-21
INV_04383,PRD_4199,WH_012,74,30.0,2025-12-14
INV_04384,PRD_0078,WH_056,72,13.0,
INV_04385,PRD_2209,WH_041,145,22.0,2024-12-24
INV_04386,PRD_2865,WH_008,103,8.0,2024-08-20
INV_04387,PRD_3824,WH_031,201,14.0,2024-09-04
INV_04388,PRD_0290,WH_004,95,22.0,2025-12-12
INV_04389,PRD_0013,WH_018,95,18.0,2025-06-24
INV_04390,PRD_3342,WH_028,46,30.0,2025-03-24
INV_04391,PRD_3765,WH_037,111,,2025-04-02
INV_04392,PRD_4065,WH_016,59,25.0,2025-01-23
INV_04393,PRD_2792,WH_014,77,,2025-08-11
INV_04394,PRD_3182,WH_010,255,12.0,2025-07-22
INV_04395,PRD_2275,WH_053,69,19.0,2025-09-11
INV_04396,PRD_1528,WH_079,0,0.0,2024-09-27
INV_04397,PRD_1180,WH_032,28,24.0,2025-02-02
INV_04398,PRD_0317,WH_052,121,8.0,
INV_04399,PRD_3699,WH_006,50,15.0,2025-10-12
INV_04400,PRD_0042,WH_044,0,0.0,2024-01-02
INV_04401,PRD_1013,WH_001,77,26.0,2024-01-15
INV_04402,PRD_1045,WH_035,109,8.0,2024-02-27
INV_04403,PRD_4509,WH_038,341,19.0,2024-03-14
INV_04404,PRD_3750,WH_029,0,0.0,2024-04-27
INV_04405,PRD_4311,WH_029,30,10.0,2025-07-26
INV_04406,PRD_4281,WH_034,61,1.0,2025-09-22
INV_04407,PRD_0831,WH_052,31,30.0,2024-05-21
INV_04408,PRD_2616,WH_062,246,3.0,2025-07-26
INV_04409,PRD_4657,WH_049,113,,2025-06-11
INV_04410,PRD_4724,WH_019,30,30.0,2025-10-24
INV_04411,PRD_1948,WH_009,144,30.0,2024-03-22
INV_04412,PRD_2053,WH_012,160,20.0,
INV_04413,PRD_3102,WH_067,6,4.0,2025-02-11
INV_04414,PRD_2735,WH_017,96,27.0,2025-07-14
INV_04415,PRD_0911,WH_018,51,14.0,2024-02-17
INV_04416,PRD_0771,WH_052,24,2.0,2024-12-10
INV_04417,PRD_3361,WH_055,207,16.0,2024-08-17
INV_04418,PRD_2005,WH_029,155,3.0,
INV_04419,PRD_0678,WH_001,96,17.0,2024-05-06
INV_04420,PRD_0521,WH_038,237,20.0,2024-03-26
INV_04421,PRD_0428,WH_028,55,27.0,2024-02-11
INV_04422,PRD_0321,WH_065,480,11.0,
INV_04423,PRD_0305,WH_020,258,6.0,2024-05-22
INV_04424,PRD_4927,WH_009,23,23.0,2025-08-12
INV_04425,PRD_3618,WH_063,135,24.0,2024-04-22
INV_04426,PRD_3265,WH_001,179,0.0,2024-06-01
INV_04427,PRD_0197,WH_065,25,21.0,2024-11-03
INV_04428,PRD_0374,WH_080,312,1.0,2025-06-07
INV_04429,PRD_4400,WH_076,145,,2024-06-15
INV_04430,PRD_0342,WH_055,46,,2024-11-23
INV_04431,PRD_2347,WH_035,145,12.0,2025-01-02
INV_04432,PRD_3664,WH_011,84,29.0,2024-10-11
INV_04433,PRD_2008,WH_051,88,12.0,2024-12-20
INV_04434,PRD_0694,WH_069,20,6.0,2024-08-07
INV_04435,PRD_3585,WH_044,2,2.0,2024-05-13
INV_04436,PRD_4618,WH_044,7,3.0,2024-11-08
INV_04437,PRD_2721,WH_067,28,6.0,2024-04-08
INV_04438,PRD_1911,WH_026,194,,2025-06-16
INV_04439,PRD_2814,WH_064,318,8.0,2025-09-21
INV_04440,PRD_4451,WH_011,133,18.0,2024-06-12
INV_04441,PRD_0059,WH_016,214,15.0,2025-06-20
INV_04442,PRD_2105,WH_034,238,14.0,2024-05-23
INV_04443,PRD_1701,WH_010,30,13.0,2024-03-12
INV_04444,PRD_2443,WH_023,236,0.0,2025-08-21
INV_04445,PRD_0911,WH_008,188,8.0,2025-01-10
INV_04446,PRD_1082,WH_047,98,9.0,2025-11-09
INV_04447,PRD_0416,WH_072,46,26.0,2025-04-13
INV_04448,PRD_1926,WH_018,164,15.0,2024-01-15
INV_04449,PRD_1994,WH_010,24,14.0,2025-10-06
INV_04450,PRD_2013,WH_024,0,0.0,2025-05-19
INV_04451,PRD_1511,WH_038,59,8.0,2025-07-24
INV_04452,PRD_1551,WH_041,72,25.0,2024-08-23
INV_04453,PRD_4640,WH_019,49,11.0,2025-04-26
INV_04454,PRD_4793,WH_005,69,28.0,2024-12-10
INV_04455,PRD_2923,WH_070,69,20.0,2024-07-25
INV_04456,PRD_0402,WH_007,281,7.0,2024-11-04
INV_04457,PRD_2271,WH_010,218,,2024-07-27
INV_04458,PRD_4970,WH_071,289,12.0,2024-11-18
INV_04459,PRD_2270,WH_040,30,6.0,2025-07-05
INV_04460,PRD_0883,WH_074,193,5.0,2024-02-07
INV_04461,PRD_2235,WH_044,0,0.0,
INV_04462,PRD_3652,WH_016,266,16.0,2024-02-24
INV_04463,PRD_1478,WH_001,172,24.0,2024-11-12
INV_04464,PRD_2794,WH_027,61,16.0,2025-07-24
INV_04465,PRD_3661,WH_027,38,28.0,2025-05-23
INV_04466,PRD_0759,WH_058,190,15.0,2024-02-25
INV_04467,PRD_1100,WH_039,98,17.0,2024-08-06
INV_04468,PRD_1486,WH_054,12,8.0,
INV_04469,PRD_3823,WH_027,40,2.0,2025-02-23
INV_04470,PRD_1085,WH_024,11,1.0,2025-01-27
INV_04471,PRD_1235,WH_021,117,14.0,2024-02-22
INV_04472,PRD_3863,WH_072,18,16.0,2024-04-24
INV_04473,PRD_2407,WH_002,571,15.0,2025-06-06
INV_04474,PRD_3855,WH_025,136,15.0,2025-06-15
INV_04475,PRD_0106,WH_016,205,22.0,2024-01-08
INV_04476,PRD_2326,WH_016,70,4.0,2024-09-08
INV_04477,PRD_1921,WH_012,161,17.0,2024-04-02
INV_04478,PRD_0761,WH_051,24,4.0,2024-06-07
INV_04479,PRD_1095,WH_029,32,28.0,2025-01-12
INV_04480,PRD_3194,WH_036,19,8.0,2025-07-15
INV_04481,PRD_0682,WH_022,44,3.0,2024-06-06
INV_04482,PRD_2914,WH_050,90,27.0,2024-02-05
INV_04483,PRD_2841,WH_023,160,18.0,2024-03-23
INV_04484,PRD_0776,WH_070,98,15.0,2025-06-01
INV_04485,PRD_0311,WH_014,367,21.0,2025-05-12
INV_04486,PRD_4864,WH_052,185,4.0,2025-09-22
INV_04487,PRD_4745,WH_017,289,,2024-10-22
INV_04488,PRD_2341,WH_002,199,,2025-11-09
INV_04489,PRD_4757,WH_058,181,9.0,
INV_04490,PRD_4985,WH_070,0,0.0,2025-05-04
INV_04491,PRD_3691,WH_020,202,20.0,
INV_04492,PRD_2357,WH_043,28,20.0,2024-07-24
INV_04493,PRD_2761,WH_042,198,6.0,2025-06-12
INV_04494,PRD_0185,WH_050,151,2.0,2024-06-11
INV_04495,PRD_3154,WH_053,251,16.0,2025-01-12
INV_04496,PRD_1302,WH_068,13,2.0,2025-01-19
INV_04497,PRD_2867,WH_052,217,25.0,2025-11-16
INV_04498,PRD_2897,WH_062,59,23.0,2024-05-01
INV_04499,PRD_1689,WH_055,100,23.0,
INV_04500,PRD_4726,WH_053,27,,2025-09-12
INV_04501,PRD_3742,WH_075,114,18.0,2025-12-06
INV_04502,PRD_4905,WH_008,30,11.0,2024-10-24
INV_04503,PRD_2167,WH_022,28,4.0,2025-12-25
INV_04504,PRD_2207,WH_028,153,18.0,2025-08-04
INV_04505,PRD_3374,WH_069,205,,2025-08-23
INV_04506,PRD_4469,WH_048,37,10.0,2024-12-24
INV_04507,PRD_1831,WH_066,53,2.0,2025-03-25
INV_04508,PRD_1129,WH_064,147,25.0,2024-02-02
INV_04509,PRD_1068,WH_025,43,10.0,2024-05-17
INV_04510,PRD_0450,WH_041,474,30.0,2025-08-02
INV_04511,PRD_2190,WH_067,54,20.0,
INV_04512,PRD_1035,WH_068,145,21.0,2024-03-13
INV_04513,PRD_4884,WH_048,41,24.0,2024-09-08
INV_04514,PRD_2993,WH_047,127,21.0,2025-12-12
INV_04515,PRD_1393,WH_027,1,0.0,2025-10-12
INV_04516,PRD_3311,WH_074,67,3.0,2024-04-27
INV_04517,PRD_2086,WH_050,76,9.0,
INV_04518,PRD_1861,WH_025,15,5.0,2024-02-26
INV_04519,PRD_2681,WH_046,110,27.0,2025-01-11
INV_04520,PRD_0974,WH_009,5,1.0,2025-03-20
INV_04521,PRD_0828,WH_011,24,19.0,2024-12-19
INV_04522,PRD_2129,WH_007,145,22.0,2025-12-16
INV_04523,PRD_4713,WH_025,22,8.0,2024-07-11
INV_04524,PRD_2043,WH_067,4,2.0,2025-09-06
INV_04525,PRD_4819,WH_067,71,16.0,2024-11-23
INV_04526,PRD_0845,WH_003,51,,2025-04-20
INV_04527,PRD_4387,WH_014,114,23.0,2025-02-16
INV_04528,PRD_2312,WH_029,123,28.0,
INV_04529,PRD_1119,WH_065,224,8.0,2024-04-20
INV_04530,PRD_2255,WH_022,258,10.0,2024-03-19
INV_04531,PRD_4000,WH_046,135,7.0,2024-07-08
INV_04532,PRD_3118,WH_076,26,1.0,2025-06-25
INV_04533,PRD_1687,WH_074,13,3.0,2025-05-24
INV_04534,PRD_2132,WH_046,108,5.0,2025-05-24
INV_04535,PRD_3492,WH_007,0,0.0,2025-02-14
INV_04536,PRD_2006,WH_050,77,29.0,2024-09-03
INV_04537,PRD_2348,WH_071,121,2.0,2025-06-19
INV_04538,PRD_2797,WH_060,119,15.0,2024-08-24
INV_04539,PRD_4778,WH_020,75,18.0,2024-08-20
INV_04540,PRD_0134,WH_072,120,7.0,2024-03-01
INV_04541,PRD_3699,WH_022,0,0.0,2025-08-09
INV_04542,PRD_3767,WH_064,32,11.0,2025-01-08
INV_04543,PRD_1219,WH_005,51,29.0,2024-07-14
INV_04544,PRD_0497,WH_055,160,19.0,2024-08-26
INV_04545,PRD_4260,WH_033,0,0.0,
INV_04546,PRD_3364,WH_013,47,24.0,2024-12-27
INV_04547,PRD_2164,WH_019,446,11.0,
INV_04548,PRD_2159,WH_076,89,17.0,2025-03-18
INV_04549,PRD_1577,WH_040,0,0.0,2025-01-27
INV_04550,PRD_2402,WH_037,125,3.0,2024-07-26
INV_04551,PRD_0471,WH_046,199,27.0,2024-09-08
INV_04552,PRD_4724,WH_024,49,16.0,2024-08-05
INV_04553,PRD_4133,WH_005,1,0.0,2025-07-14
INV_04554,PRD_4322,WH_035,12,4.0,2024-03-27
INV_04555,PRD_0119,WH_037,163,17.0,
INV_04556,PRD_2037,WH_016,30,28.0,2024-06-07
INV_04557,PRD_1084,WH_061,39,12.0,2024-08-25
INV_04558,PRD_0343,WH_002,124,29.0,2024-08-20
INV_04559,PRD_2935,WH_063,143,23.0,2024-01-13
INV_04560,PRD_0590,WH_020,124,23.0,2024-11-12
INV_04561,PRD_3983,WH_055,39,24.0,2024-08-25
INV_04562,PRD_4486,WH_019,0,0.0,2024-12-14
INV_04563,PRD_4578,WH_030,7,3.0,2024-10-03
INV_04564,PRD_3510,WH_043,104,1.0,2024-02-21
INV_04565,PRD_2084,WH_036,241,16.0,2025-04-11
INV_04566,PRD_0762,WH_066,90,25.0,2024-12-26
INV_04567,PRD_4569,WH_075,21,20.0,2025-04-03
INV_04568,PRD_0421,WH_023,56,5.0,2025-01-14
INV_04569,PRD_2737,WH_052,212,17.0,2024-09-27
INV_04570,PRD_1956,WH_056,203,,2025-03-06
INV_04571,PRD_2166,WH_023,140,,2024-10-06
INV_04572,PRD_4952,WH_075,101,16.0,2024-04-07
INV_04573,PRD_0158,WH_036,315,24.0,2025-10-21
INV_04574,PRD_1682,WH_074,116,24.0,2024-12-14
INV_04575,PRD_1076,WH_017,144,22.0,2024-02-09
INV_04576,PRD_0655,WH_068,34,3.0,2025-04-08
INV_04577,PRD_0563,WH_066,177,,2025-12-22
INV_04578,PRD_4204,WH_020,23,13.0,2024-04-04
INV_04579,PRD_3774,WH_010,49,9.0,2025-06-26
INV_04580,PRD_1257,WH_004,0,0.0,2024-03-09
INV_04581,PRD_3783,WH_030,111,,
INV_04582,PRD_1672,WH_021,38,5.0,2024-07-09
INV_04583,PRD_1858,WH_056,203,21.0,2025-04-13
INV_04584,PRD_4225,WH_056,195,20.0,2024-09-01
INV_04585,PRD_2471,WH_075,322,28.0,
INV_04586,PRD_0687,WH_042,173,10.0,2025-04-16
INV_04587,PRD_2421,WH_024,14,14.0,2025-06-21
INV_04588,PRD_2188,WH_003,78,24.0,2024-06-26
INV_04589,PRD_1796,WH_057,159,0.0,
INV_04590,PRD_0174,WH_023,71,13.0,
INV_04591,PRD_0930,WH_080,209,0.0,2024-09-20
INV_04592,PRD_4998,WH_045,220,,2024-05-01
INV_04593,PRD_3155,WH_042,193,19.0,2024-03-06
INV_04594,PRD_4854,WH_072,145,0.0,2025-11-18
INV_04595,PRD_3794,WH_072,29,11.0,2025-12-10
INV_04596,PRD_2707,WH_064,112,19.0,2024-09-11
INV_04597,PRD_4961,WH_061,81,26.0,2025-11-12
INV_04598,PRD_1423,WH_023,17,2.0,2025-05-01
INV_04599,PRD_1066,WH_043,90,5.0,2024-08-04
INV_04600,PRD_2704,WH_079,244,12.0,2025-12-25
INV_04601,PRD_4485,WH_002,30,7.0,2025-10-24
INV_04602,PRD_4950,WH_025,125,20.0,2024-07-14
INV_04603,PRD_1147,WH_014,202,25.0,2025-07-19
INV_04604,PRD_3155,WH_007,205,19.0,2025-03-25
INV_04605,PRD_1583,WH_068,32,,2025-03-21
INV_04606,PRD_2362,WH_013,32,1.0,2024-04-11
INV_04607,PRD_4539,WH_049,339,17.0,2025-11-03
INV_04608,PRD_2092,WH_057,118,5.0,2025-12-21
INV_04609,PRD_4170,WH_003,80,28.0,2025-12-04
INV_04610,PRD_2464,WH_005,219,28.0,
INV_04611,PRD_3189,WH_018,47,,2025-11-10
INV_04612,PRD_3897,WH_021,10,7.0,2025-12-26
INV_04613,PRD_3113,WH_033,43,3.0,2025-09-10
INV_04614,PRD_1882,WH_032,125,4.0,
INV_04615,PRD_2647,WH_066,7,2.0,2025-11-13
INV_04616,PRD_1165,WH_075,41,27.0,2025-12-27
INV_04617,PRD_4010,WH_028,152,30.0,2024-03-05
INV_04618,PRD_3925,WH_028,83,20.0,2024-07-13
INV_04619,PRD_2066,WH_016,257,20.0,2025-09-14
INV_04620,PRD_2616,WH_059,75,28.0,2025-08-12
INV_04621,PRD_1676,WH_043,29,19.0,2025-09-22
INV_04622,PRD_1232,WH_003,98,13.0,2024-11-13
INV_04623,PRD_0703,WH_027,585,27.0,
INV_04624,PRD_4183,WH_069,138,4.0,2024-09-18
INV_04625,PRD_1934,WH_023,23,23.0,2024-08-17
INV_04626,PRD_1848,WH_049,39,22.0,2024-11-11
INV_04627,PRD_1026,WH_020,106,7.0,2025-09-24
INV_04628,PRD_4078,WH_055,142,20.0,2024-12-22
INV_04629,PRD_1823,WH_066,75,18.0,
INV_04630,PRD_0957,WH_031,48,2.0,2024-04-14
INV_04631,PRD_4299,WH_060,39,9.0,2025-01-16
INV_04632,PRD_1402,WH_032,40,29.0,2025-02-16
INV_04633,PRD_4198,WH_025,230,4.0,2024-12-06
INV_04634,PRD_1776,WH_017,34,15.0,2024-07-11
INV_04635,PRD_1438,WH_029,91,10.0,2024-04-19
INV_04636,PRD_3118,WH_038,45,7.0,
INV_04637,PRD_1373,WH_079,71,9.0,2024-05-17
INV_04638,PRD_1359,WH_053,177,3.0,2024-10-12
INV_04639,PRD_3182,WH_067,412,7.0,2025-04-17
INV_04640,PRD_0833,WH_038,213,30.0,2024-11-23
INV_04641,PRD_1998,WH_019,126,2.0,2024-02-21
INV_04642,PRD_1143,WH_071,165,30.0,2025-07-02
INV_04643,PRD_2877,WH_015,68,13.0,
INV_04644,PRD_0108,WH_039,350,15.0,2024-07-11
INV_04645,PRD_0722,WH_043,341,3.0,2025-07-13
INV_04646,PRD_1710,WH_024,79,11.0,2025-10-07
INV_04647,PRD_0699,WH_017,139,25.0,2024-01-07
INV_04648,PRD_4687,WH_039,99,15.0,2024-11-19
INV_04649,PRD_4528,WH_003,73,1.0,2024-07-09
INV_04650,PRD_1840,WH_065,100,30.0,2025-10-10
INV_04651,PRD_1258,WH_038,98,27.0,2025-02-04
INV_04652,PRD_2573,WH_020,162,25.0,2025-04-18
INV_04653,PRD_4666,WH_022,44,10.0,2024-03-19
INV_04654,PRD_3850,WH_006,52,10.0,2024-05-27
INV_04655,PRD_0030,WH_076,348,,2024-06-08
INV_04656,PRD_2617,WH_074,34,7.0,2024-08-20
INV_04657,PRD_0449,WH_046,337,14.0,2025-07-17
INV_04658,PRD_1537,WH_066,46,28.0,2025-01-24
INV_04659,PRD_2899,WH_068,254,,2025-08-15
INV_04660,PRD_3523,WH_055,240,13.0,
INV_04661,PRD_0099,WH_014,104,14.0,2024-06-27
INV_04662,PRD_3929,WH_050,67,6.0,2025-10-05
INV_04663,PRD_4955,WH_068,111,0.0,2024-12-08
INV_04664,PRD_1590,WH_011,48,15.0,2025-08-25
INV_04665,PRD_4547,WH_067,253,12.0,2025-07-01
INV_04666,PRD_3599,WH_053,132,26.0,2025-04-14
INV_04667,PRD_0047,WH_001,166,,2024-11-05
INV_04668,PRD_4733,WH_004,98,,2024-05-22
INV_04669,PRD_0867,WH_014,93,16.0,2024-03-17
INV_04670,PRD_0902,WH_063,105,23.0,2025-11-09
INV_04671,PRD_1319,WH_048,81,5.0,2024-05-13
INV_04672,PRD_2786,WH_006,146,20.0,2024-07-24
INV_04673,PRD_3072,WH_038,149,16.0,2025-06-03
INV_04674,PRD_1666,WH_018,40,12.0,2025-09-11
INV_04675,PRD_4914,WH_077,40,1.0,2025-03-08
INV_04676,PRD_1258,WH_046,79,13.0,2024-01-15
INV_04677,PRD_3554,WH_042,123,0.0,2025-09-23
INV_04678,PRD_1362,WH_010,5,5.0,2024-03-19
INV_04679,PRD_2919,WH_052,7,6.0,2024-02-02
INV_04680,PRD_3055,WH_052,134,,2024-03-21
INV_04681,PRD_0709,WH_072,183,8.0,2024-04-08
INV_04682,PRD_0409,WH_078,571,11.0,2024-12-16
INV_04683,PRD_2656,WH_013,116,,2024-02-19
INV_04684,PRD_4220,WH_054,38,16.0,2024-03-22
INV_04685,PRD_4871,WH_051,101,12.0,2024-03-02
INV_04686,PRD_4337,WH_047,140,8.0,2024-07-14
INV_04687,PRD_4058,WH_018,0,0.0,2024-04-15
INV_04688,PRD_1532,WH_014,53,0.0,2025-07-05
INV_04689,PRD_2018,WH_033,463,3.0,2024-03-06
INV_04690,PRD_0272,WH_059,428,28.0,2025-05-20
INV_04691,PRD_0657,WH_012,89,,2025-04-17
INV_04692,PRD_0808,WH_031,221,17.0,
INV_04693,PRD_1027,WH_068,166,21.0,2024-12-09
INV_04694,PRD_2313,WH_062,0,0.0,2025-12-15
INV_04695,PRD_2231,WH_054,102,29.0,2024-10-03
INV_04696,PRD_3212,WH_054,101,18.0,2025-09-14
INV_04697,PRD_1900,WH_025,30,30.0,2025-12-11
INV_04698,PRD_4186,WH_013,41,18.0,2025-10-08
INV_04699,PRD_4655,WH_073,2,1.0,2025-09-22
INV_04700,PRD_0153,WH_075,88,29.0,2025-12-03
INV_04701,PRD_1838,WH_054,123,3.0,2025-11-09
INV_04702,PRD_2543,WH_073,331,7.0,2024-08-05
INV_04703,PRD_2726,WH_027,78,6.0,2024-05-13
INV_04704,PRD_2926,WH_075,263,29.0,2025-05-23
INV_04705,PRD_2358,WH_017,173,3.0,2025-06-24
INV_04706,PRD_4684,WH_041,139,1.0,2024-09-16
INV_04707,PRD_4766,WH_038,156,15.0,2024-05-27
INV_04708,PRD_3431,WH_057,220,14.0,2024-02-27
INV_04709,PRD_1989,WH_007,200,7.0,2025-10-10
INV_04710,PRD_3642,WH_055,273,28.0,2024-08-16
INV_04711,PRD_0846,WH_044,205,,2025-01-06
INV_04712,PRD_4934,WH_043,94,14.0,2024-07-14
INV_04713,PRD_0385,WH_072,137,3.0,2024-01-26
INV_04714,PRD_2637,WH_008,70,26.0,2025-10-15
INV_04715,PRD_4517,WH_056,18,15.0,2025-03-16
INV_04716,PRD_4212,WH_046,0,0.0,2025-06-26
INV_04717,PRD_1360,WH_010,122,21.0,2024-10-22
INV_04718,PRD_2819,WH_008,60,6.0,2025-08-11
INV_04719,PRD_0889,WH_059,0,0.0,2025-08-09
INV_04720,PRD_4370,WH_056,0,0.0,2024-07-06
INV_04721,PRD_4112,WH_043,124,10.0,2024-11-25
INV_04722,PRD_4299,WH_026,24,,2024-11-24
INV_04723,PRD_4011,WH_017,289,7.0,
INV_04724,PRD_2381,WH_067,64,21.0,2024-11-15
INV_04725,PRD_3435,WH_049,205,9.0,2024-01-16
INV_04726,PRD_3493,WH_066,153,21.0,2025-01-11
INV_04727,PRD_4562,WH_049,187,5.0,2024-06-02
INV_04728,PRD_2916,WH_027,286,19.0,2025-10-26
INV_04729,PRD_0288,WH_005,240,22.0,2025-06-09
INV_04730,PRD_1886,WH_079,97,17.0,2025-11-19
INV_04731,PRD_2874,WH_026,15,13.0,2024-09-14
INV_04732,PRD_0564,WH_069,354,29.0,2024-04-25
INV_04733,PRD_4641,WH_007,127,,
INV_04734,PRD_4763,WH_038,0,0.0,2025-05-14
INV_04735,PRD_4379,WH_063,74,6.0,2024-05-12
INV_04736,PRD_4307,WH_078,57,8.0,2024-10-01
INV_04737,PRD_1607,WH_069,23,0.0,2025-11-20
INV_04738,PRD_0365,WH_032,250,22.0,
INV_04739,PRD_4013,WH_053,114,25.0,2025-10-16
INV_04740,PRD_2724,WH_073,0,0.0,2025-06-20
INV_04741,PRD_4237,WH_042,161,5.0,2025-08-14
INV_04742,PRD_2724,WH_047,0,0.0,2024-02-22
INV_04743,PRD_3026,WH_034,1,0.0,2024-06-08
INV_04744,PRD_4174,WH_079,36,5.0,2025-12-08
INV_04745,PRD_0882,WH_054,99,26.0,2024-03-27
INV_04746,PRD_0502,WH_009,118,18.0,2024-09-12
INV_04747,PRD_2419,WH_019,47,22.0,2024-08-13
INV_04748,PRD_1449,WH_061,53,20.0,2024-02-19
INV_04749,PRD_1888,WH_063,40,13.0,2024-06-25
INV_04750,PRD_0880,WH_033,95,30.0,2025-11-04
INV_04751,PRD_4289,WH_065,88,15.0,2025-07-21
INV_04752,PRD_4633,WH_052,91,22.0,2025-10-27
INV_04753,PRD_2804,WH_044,27,5.0,2025-05-01
INV_04754,PRD_0226,WH_013,249,27.0,2025-11-14
INV_04755,PRD_4268,WH_039,134,23.0,2025-01-09
INV_04756,PRD_0073,WH_004,288,17.0,2025-05-18
INV_04757,PRD_1944,WH_064,296,15.0,2024-06-03
INV_04758,PRD_1298,WH_069,12,7.0,2025-01-09
INV_04759,PRD_2440,WH_047,444,19.0,
INV_04760,PRD_3420,WH_065,42,7.0,2024-09-08
INV_04761,PRD_2868,WH_063,108,19.0,2025-01-23
INV_04762,PRD_0064,WH_066,192,9.0,2025-01-03
INV_04763,PRD_3770,WH_049,197,26.0,2024-01-23
INV_04764,PRD_3923,WH_013,96,30.0,
INV_04765,PRD_4780,WH_004,43,4.0,2024-02-23
INV_04766,PRD_2408,WH_040,26,10.0,2024-12-08
INV_04767,PRD_3017,WH_043,200,0.0,
INV_04768,PRD_3549,WH_062,19,6.0,2024-01-18
INV_04769,PRD_4005,WH_075,8,8.0,2025-07-01
INV_04770,PRD_4064,WH_046,151,14.0,2025-04-10
INV_04771,PRD_3267,WH_063,32,13.0,2024-05-17
INV_04772,PRD_2337,WH_034,269,,2024-04-20
INV_04773,PRD_2277,WH_021,166,13.0,2025-04-03
INV_04774,PRD_2498,WH_024,87,12.0,2024-09-21
INV_04775,PRD_1648,WH_059,69,21.0,2025-11-06
INV_04776,PRD_2024,WH_033,129,26.0,2025-04-25
INV_04777,PRD_1067,WH_059,155,27.0,2024-11-26
INV_04778,PRD_1197,WH_004,275,16.0,2024-06-20
INV_04779,PRD_3749,WH_003,8,6.0,2025-09-01
INV_04780,PRD_4153,WH_002,250,17.0,2024-11-11
INV_04781,PRD_2013,WH_036,81,17.0,2024-06-25
INV_04782,PRD_1076,WH_005,34,3.0,2024-05-14
INV_04783,PRD_0248,WH_003,27,21.0,2025-05-13
INV_04784,PRD_4082,WH_053,71,29.0,2025-11-06
INV_04785,PRD_0086,WH_019,178,,2024-06-17
INV_04786,PRD_4844,WH_060,213,15.0,2024-11-05
INV_04787,PRD_1432,WH_046,0,0.0,2024-08-19
INV_04788,PRD_4681,WH_007,167,26.0,2025-10-08
INV_04789,PRD_2764,WH_009,0,0.0,
INV_04790,PRD_3358,WH_001,68,29.0,2024-01-02
INV_04791,PRD_1695,WH_019,46,30.0,
INV_04792,PRD_1739,WH_036,246,0.0,2024-07-08
INV_04793,PRD_4671,WH_010,9,7.0,2025-05-02
INV_04794,PRD_1350,WH_036,81,29.0,2025-03-27
INV_04795,PRD_1485,WH_021,73,13.0,2025-04-10
INV_04796,PRD_2636,WH_033,43,7.0,2024-10-03
INV_04797,PRD_3569,WH_008,220,12.0,2024-11-14
INV_04798,PRD_3612,WH_014,7,2.0,2024-06-20
INV_04799,PRD_4886,WH_042,49,6.0,2025-06-04
INV_04800,PRD_1967,WH_061,107,6.0,2024-03-05
INV_04801,PRD_0604,WH_012,134,26.0,
INV_04802,PRD_4207,WH_068,106,22.0,2025-11-14
INV_04803,PRD_2277,WH_032,92,18.0,2025-07-10
INV_04804,PRD_2115,WH_039,59,14.0,2024-02-19
INV_04805,PRD_3969,WH_074,138,29.0,2024-08-18
INV_04806,PRD_4396,WH_021,21,7.0,2024-05-14
INV_04807,PRD_3468,WH_055,168,29.0,2025-07-08
INV_04808,PRD_2496,WH_022,34,,2025-05-10
INV_04809,PRD_1061,WH_017,236,13.0,2025-10-01
INV_04810,PRD_0193,WH_007,155,7.0,
INV_04811,PRD_1659,WH_004,17,14.0,2025-01-10
INV_04812,PRD_4824,WH_009,117,18.0,2024-08-19
INV_04813,PRD_1741,WH_037,63,18.0,2025-11-03
INV_04814,PRD_2478,WH_019,137,10.0,2025-06-15
INV_04815,PRD_2699,WH_079,65,21.0,2024-11-08
INV_04816,PRD_4854,WH_040,140,,2024-07-23
INV_04817,PRD_3517,WH_013,90,22.0,2024-03-08
INV_04818,PRD_0304,WH_016,111,,2024-10-05
INV_04819,PRD_0538,WH_002,62,4.0,2024-06-14
INV_04820,PRD_1423,WH_050,70,13.0,2025-04-22
INV_04821,PRD_2701,WH_021,152,21.0,2024-05-18
INV_04822,PRD_3634,WH_054,24,,2024-09-15
INV_04823,PRD_2050,WH_050,117,15.0,2024-11-07
INV_04824,PRD_4829,WH_073,7,0.0,2024-11-06
INV_04825,PRD_3467,WH_022,90,,2025-11-04
INV_04826,PRD_0923,WH_028,0,0.0,2024-06-26
INV_04827,PRD_2151,WH_077,1,0.0,2024-03-05
INV_04828,PRD_2230,WH_025,229,,2024-12-12
INV_04829,PRD_2220,WH_027,170,18.0,2024-05-13
INV_04830,PRD_2317,WH_074,222,,
INV_04831,PRD_0353,WH_018,81,5.0,2024-04-04
INV_04832,PRD_4409,WH_029,55,12.0,2024-01-03
INV_04833,PRD_1675,WH_058,20,17.0,2024-11-15
INV_04834,PRD_1208,WH_067,368,8.0,2025-02-01
INV_04835,PRD_0554,WH_040,171,6.0,2025-08-02
INV_04836,PRD_3566,WH_028,180,24.0,2024-09-07
INV_04837,PRD_2937,WH_054,84,8.0,
INV_04838,PRD_2953,WH_036,47,1.0,2024-01-21
INV_04839,PRD_3512,WH_040,381,,2025-06-19
INV_04840,PRD_0282,WH_076,0,0.0,2025-07-22
INV_04841,PRD_2469,WH_019,225,29.0,2025-02-25
INV_04842,PRD_0413,WH_061,144,1.0,2024-11-11
INV_04843,PRD_1450,WH_047,30,,2024-10-09
INV_04844,PRD_0203,WH_030,163,12.0,2024-10-24
INV_04845,PRD_1781,WH_059,5,2.0,2025-03-10
INV_04846,PRD_2098,WH_069,79,26.0,2025-01-25
INV_04847,PRD_1674,WH_005,131,25.0,2024-01-19
INV_04848,PRD_1506,WH_024,238,15.0,2025-07-26
INV_04849,PRD_0892,WH_024,86,22.0,2024-06-23
INV_04850,PRD_4986,WH_014,30,,2025-05-16
INV_04851,PRD_1541,WH_038,85,5.0,2024-12-04
INV_04852,PRD_3227,WH_022,89,26.0,2025-03-16
INV_04853,PRD_1818,WH_035,225,22.0,2024-09-20
INV_04854,PRD_4611,WH_005,114,5.0,2025-09-10
INV_04855,PRD_0946,WH_032,26,17.0,2024-04-05
INV_04856,PRD_3889,WH_029,103,22.0,2024-06-25
INV_04857,PRD_4914,WH_050,15,3.0,2025-02-16
INV_04858,PRD_4491,WH_032,57,29.0,2024-12-04
INV_04859,PRD_1926,WH_060,248,0.0,2025-05-10
INV_04860,PRD_4790,WH_030,15,,2024-12-10
INV_04861,PRD_3557,WH_053,87,25.0,2024-11-20
INV_04862,PRD_1193,WH_034,160,7.0,2025-05-24
INV_04863,PRD_3047,WH_010,56,6.0,2025-03-08
INV_04864,PRD_2351,WH_045,133,20.0,
INV_04865,PRD_2332,WH_041,8,1.0,2024-08-10
INV_04866,PRD_2622,WH_061,91,15.0,2025-11-14
INV_04867,PRD_3559,WH_069,146,2.0,
INV_04868,PRD_3381,WH_033,101,16.0,2024-10-19
INV_04869,PRD_2543,WH_051,481,27.0,2024-11-15
INV_04870,PRD_0038,WH_066,8,0.0,2025-08-05
INV_04871,PRD_0835,WH_044,290,,
INV_04872,PRD_2228,WH_013,0,0.0,2025-08-16
INV_04873,PRD_0721,WH_034,254,2.0,
INV_04874,PRD_1941,WH_067,258,28.0,2025-05-06
INV_04875,PRD_4765,WH_048,45,4.0,
INV_04876,PRD_3694,WH_024,210,18.0,2025-02-26
INV_04877,PRD_4506,WH_032,165,15.0,2024-08-05
INV_04878,PRD_0604,WH_069,53,21.0,2025-09-23
INV_04879,PRD_0022,WH_025,0,0.0,2024-05-26
INV_04880,PRD_2136,WH_058,257,8.0,2025-07-26
INV_04881,PRD_4244,WH_038,1,1.0,2025-10-25
INV_04882,PRD_4202,WH_071,63,11.0,2025-04-19
INV_04883,PRD_0507,WH_001,129,3.0,2025-02-05
INV_04884,PRD_1639,WH_013,103,,
INV_04885,PRD_2406,WH_053,0,0.0,2025-01-18
INV_04886,PRD_3511,WH_009,28,22.0,2025-03-25
INV_04887,PRD_1305,WH_037,133,3.0,2025-06-26
INV_04888,PRD_3579,WH_059,0,,2025-03-09
INV_04889,PRD_3856,WH_047,83,,2024-02-22
INV_04890,PRD_1436,WH_011,157,30.0,2024-03-05
INV_04891,PRD_3382,WH_041,265,3.0,2025-02-24
INV_04892,PRD_0155,WH_044,84,19.0,2025-09-15
INV_04893,PRD_1986,WH_055,119,3.0,
INV_04894,PRD_0293,WH_042,0,0.0,2024-05-27
INV_04895,PRD_4590,WH_063,93,20.0,
INV_04896,PRD_2362,WH_072,172,14.0,2024-04-04
INV_04897,PRD_1643,WH_001,2,1.0,2024-12-10
INV_04898,PRD_1719,WH_054,19,,2024-05-06
INV_04899,PRD_4159,WH_074,61,,2024-12-26
INV_04900,PRD_0074,WH_043,196,29.0,2024-08-14
INV_04901,PRD_2753,WH_007,56,14.0,2025-10-01
INV_04902,PRD_1509,WH_023,11,6.0,2024-01-25
INV_04903,PRD_3173,WH_042,48,3.0,2024-07-03
INV_04904,PRD_2817,WH_017,214,19.0,2025-02-18
INV_04905,PRD_2494,WH_045,104,29.0,2025-01-06
INV_04906,PRD_2770,WH_027,76,,2025-08-24
INV_04907,PRD_3568,WH_048,145,29.0,2025-05-27
INV_04908,PRD_0948,WH_013,120,22.0,
INV_04909,PRD_4494,WH_028,253,10.0,2025-07-05
INV_04910,PRD_2899,WH_060,53,,2025-05-18
INV_04911,PRD_3333,WH_010,80,25.0,2024-11-17
INV_04912,PRD_2391,WH_020,119,23.0,2025-07-23
INV_04913,PRD_3802,WH_077,33,24.0,2024-05-20
INV_04914,PRD_2644,WH_072,261,20.0,2025-04-18
INV_04915,PRD_4590,WH_037,89,6.0,2025-02-27
INV_04916,PRD_3231,WH_041,67,6.0,2024-01-10
INV_04917,PRD_3126,WH_047,50,,
INV_04918,PRD_0036,WH_078,51,26.0,2025-11-03
INV_04919,PRD_3993,WH_006,0,0.0,2025-09-21
INV_04920,PRD_4415,WH_042,44,5.0,2025-10-11
INV_04921,PRD_4926,WH_011,61,,2024-07-11
INV_04922,PRD_4427,WH_049,40,28.0,2025-11-17
INV_04923,PRD_4432,WH_001,83,,2024-12-18
INV_04924,PRD_0175,WH_047,146,17.0,2025-10-22
INV_04925,PRD_4731,WH_003,80,,2024-08-04
INV_04926,PRD_4203,WH_039,136,9.0,2025-07-19
INV_04927,PRD_1478,WH_042,81,18.0,2025-03-13
INV_04928,PRD_0132,WH_017,322,26.0,2024-06-15
INV_04929,PRD_4148,WH_022,84,,2025-08-23
INV_04930,PRD_3088,WH_007,68,15.0,2025-06-17
INV_04931,PRD_4693,WH_071,221,30.0,2024-05-05
INV_04932,PRD_0760,WH_070,141,6.0,
INV_04933,PRD_1611,WH_032,17,5.0,2025-09-04
INV_04934,PRD_3515,WH_021,120,10.0,2025-05-16
INV_04935,PRD_4062,WH_065,96,15.0,2025-06-15
INV_04936,PRD_3275,WH_003,0,0.0,2024-09-01
INV_04937,PRD_1806,WH_040,11,5.0,2025-08-05
INV_04938,PRD_1033,WH_052,21,,2024-02-07
INV_04939,PRD_3481,WH_013,145,23.0,2025-09-20
INV_04940,PRD_3273,WH_003,204,9.0,
INV_04941,PRD_2042,WH_052,35,0.0,2024-10-22
INV_04942,PRD_1448,WH_016,1,0.0,2025-06-09
INV_04943,PRD_2566,WH_049,294,13.0,2025-01-06
INV_04944,PRD_1377,WH_015,39,20.0,2025-10-24
INV_04945,PRD_3320,WH_076,53,7.0,2025-11-02
INV_04946,PRD_4106,WH_068,54,23.0,2025-08-21
INV_04947,PRD_4993,WH_076,25,24.0,2025-08-25
INV_04948,PRD_3870,WH_002,7,7.0,2025-06-09
INV_04949,PRD_0255,WH_066,378,1.0,2024-02-22
INV_04950,PRD_1779,WH_074,99,26.0,2024-04-21
INV_04951,PRD_2503,WH_012,188,10.0,
INV_04952,PRD_1609,WH_018,53,9.0,
INV_04953,PRD_3577,WH_036,168,12.0,2025-10-14
INV_04954,PRD_2381,WH_070,86,0.0,2025-07-10
INV_04955,PRD_3312,WH_018,29,27.0,2025-12-22
INV_04956,PRD_0278,WH_002,300,5.0,2024-05-10
INV_04957,PRD_2199,WH_004,86,26.0,2025-08-12
INV_04958,PRD_4590,WH_055,22,3.0,2024-04-13
INV_04959,PRD_0164,WH_016,164,13.0,2025-04-13
INV_04960,PRD_0437,WH_050,456,29.0,2025-02-21
INV_04961,PRD_3148,WH_056,216,9.0,
INV_04962,PRD_0778,WH_076,125,19.0,2024-01-02
INV_04963,PRD_3159,WH_072,175,,2024-12-13
INV_04964,PRD_3571,WH_079,17,13.0,2025-10-02
INV_04965,PRD_2281,WH_074,39,16.0,2024-06-18
INV_04966,PRD_0032,WH_066,60,15.0,2025-03-18
INV_04967,PRD_4346,WH_021,58,29.0,2025-05-08
INV_04968,PRD_3781,WH_004,66,14.0,2024-03-26
INV_04969,PRD_2045,WH_042,91,29.0,2024-04-24
INV_04970,PRD_4193,WH_003,55,13.0,2024-09-10
INV_04971,PRD_0624,WH_031,253,14.0,2025-05-19
INV_04972,PRD_1625,WH_032,58,4.0,2024-02-27
INV_04973,PRD_3743,WH_043,13,11.0,2025-01-09
INV_04974,PRD_1122,WH_032,278,20.0,
INV_04975,PRD_4470,WH_032,33,3.0,2024-04-05
INV_04976,PRD_2512,WH_005,0,0.0,2024-04-05
INV_04977,PRD_3282,WH_080,94,16.0,2024-12-15
INV_04978,PRD_2538,WH_024,57,16.0,2025-03-11
INV_04979,PRD_0246,WH_043,0,0.0,2025-05-10
INV_04980,PRD_4229,WH_067,42,,2024-08-03
INV_04981,PRD_4613,WH_049,18,10.0,2025-03-21
INV_04982,PRD_3714,WH_015,170,10.0,2025-01-01
INV_04983,PRD_2987,WH_026,20,2.0,2025-10-05
INV_04984,PRD_0141,WH_010,57,,2024-12-14
INV_04985,PRD_4750,WH_039,117,11.0,2024-09-07
INV_04986,PRD_0196,WH_080,37,27.0,2025-07-14
INV_04987,PRD_3408,WH_054,423,7.0,2024-05-18
INV_04988,PRD_3457,WH_042,3,,2025-02-26
INV_04989,PRD_2604,WH_007,151,7.0,2024-06-09
INV_04990,PRD_4897,WH_044,18,,2025-10-07
INV_04991,PRD_4681,WH_004,89,0.0,2025-02-03
INV_04992,PRD_3682,WH_048,310,14.0,2024-11-08
INV_04993,PRD_4064,WH_015,154,21.0,2024-07-20
INV_04994,PRD_4403,WH_073,102,8.0,2024-11-19
INV_04995,PRD_2882,WH_054,88,,2025-09-15
INV_04996,PRD_2651,WH_056,245,21.0,2024-06-07
INV_04997,PRD_4489,WH_001,100,5.0,2025-12-09
INV_04998,PRD_0976,WH_066,78,5.0,2025-07-16
INV_04999,PRD_1109,WH_039,154,28.0,2024-04-08
INV_05000,PRD_0440,WH_017,82,29.0,2025-06-08
INV_05001,PRD_4898,WH_059,136,13.0,2025-02-13
INV_05002,PRD_1513,WH_025,78,2.0,2025-07-20
INV_05003,PRD_2382,WH_049,123,19.0,2025-06-08
INV_05004,PRD_0326,WH_058,92,27.0,2024-04-26
INV_05005,PRD_4059,WH_010,416,22.0,2025-03-13
INV_05006,PRD_4491,WH_010,59,19.0,2024-11-23
INV_05007,PRD_0567,WH_047,18,,2025-06-27
INV_05008,PRD_0501,WH_065,126,,2025-01-17
INV_05009,PRD_3461,WH_028,37,16.0,2024-09-03
INV_05010,PRD_2416,WH_057,0,0.0,2024-09-05
INV_05011,PRD_1729,WH_003,136,23.0,2025-09-12
INV_05012,PRD_2283,WH_057,154,6.0,2024-07-04
INV_05013,PRD_0023,WH_047,71,,2024-02-18
INV_05014,PRD_4968,WH_030,83,,2025-07-08
INV_05015,PRD_3807,WH_078,0,0.0,2024-11-21
INV_05016,PRD_4902,WH_026,205,28.0,2025-08-10
INV_05017,PRD_2230,WH_057,235,13.0,2025-06-04
INV_05018,PRD_1191,WH_008,92,19.0,2024-05-16
INV_05019,PRD_1062,WH_038,94,27.0,2025-02-26
INV_05020,PRD_4946,WH_048,79,,2024-03-02
INV_05021,PRD_1126,WH_075,121,,2025-04-12
INV_05022,PRD_3926,WH_047,204,28.0,2025-06-06
INV_05023,PRD_0628,WH_070,0,0.0,2025-02-08
INV_05024,PRD_2546,WH_015,118,22.0,
INV_05025,PRD_0531,WH_042,113,16.0,2024-08-16
INV_05026,PRD_1906,WH_066,101,17.0,2024-06-26
INV_05027,PRD_3100,WH_077,238,17.0,2025-10-04
INV_05028,PRD_1680,WH_040,0,0.0,2025-11-22
INV_05029,PRD_3014,WH_001,0,0.0,2025-04-27
INV_05030,PRD_1275,WH_025,116,,2025-10-07
INV_05031,PRD_4893,WH_076,109,16.0,2024-03-22
INV_05032,PRD_0205,WH_034,61,30.0,2025-10-16
INV_05033,PRD_0720,WH_066,51,25.0,2024-09-07
INV_05034,PRD_2014,WH_002,174,11.0,2025-11-10
INV_05035,PRD_0368,WH_021,118,4.0,2025-01-09
INV_05036,PRD_3756,WH_003,15,7.0,2024-02-04
INV_05037,PRD_3731,WH_008,73,28.0,2024-03-16
INV_05038,PRD_3603,WH_020,8,6.0,2025-12-12
INV_05039,PRD_2697,WH_013,4,0.0,2025-03-07
INV_05040,PRD_3815,WH_050,187,23.0,2024-06-01
INV_05041,PRD_0184,WH_062,167,0.0,2025-03-02
INV_05042,PRD_3786,WH_002,97,7.0,2025-07-07
INV_05043,PRD_4970,WH_042,97,18.0,2025-03-11
INV_05044,PRD_3187,WH_029,11,2.0,2025-07-01
INV_05045,PRD_2070,WH_040,122,22.0,2025-11-10
INV_05046,PRD_2435,WH_037,154,1.0,
INV_05047,PRD_3680,WH_003,78,19.0,2024-09-11
INV_05048,PRD_3150,WH_067,287,,2025-12-18
INV_05049,PRD_3057,WH_058,36,28.0,2025-10-08
INV_05050,PRD_4672,WH_063,13,6.0,2025-01-19
INV_05051,PRD_0185,WH_006,70,5.0,2024-04-25
INV_05052,PRD_1747,WH_071,100,16.0,2024-12-22
INV_05053,PRD_0817,WH_073,223,21.0,2025-02-06
INV_05054,PRD_1793,WH_039,151,17.0,2025-07-14
INV_05055,PRD_1981,WH_030,42,21.0,2024-09-26
INV_05056,PRD_4339,WH_018,63,1.0,2024-10-23
INV_05057,PRD_4601,WH_032,74,9.0,2025-09-13
INV_05058,PRD_3826,WH_035,51,5.0,2024-01-27
INV_05059,PRD_0314,WH_020,9,9.0,2025-11-26
INV_05060,PRD_0542,WH_006,159,,2025-03-09
INV_05061,PRD_4691,WH_036,86,18.0,2025-08-19
INV_05062,PRD_3790,WH_014,117,11.0,2025-12-26
INV_05063,PRD_1939,WH_001,47,29.0,2025-01-07
INV_05064,PRD_3698,WH_040,59,6.0,2024-05-25
INV_05065,PRD_0086,WH_078,308,1.0,2024-02-14
INV_05066,PRD_2086,WH_006,107,15.0,
INV_05067,PRD_2438,WH_080,4,2.0,2025-08-11
INV_05068,PRD_0180,WH_039,188,28.0,
INV_05069,PRD_2113,WH_033,30,18.0,2025-12-01
INV_05070,PRD_1112,WH_024,159,8.0,2025-09-22
INV_05071,PRD_2457,WH_036,104,7.0,2024-11-13
INV_05072,PRD_0019,WH_052,362,15.0,2024-09-12
INV_05073,PRD_4953,WH_074,177,7.0,2025-08-08
INV_05074,PRD_0887,WH_075,216,10.0,2025-01-10
INV_05075,PRD_1783,WH_004,19,19.0,2025-04-02
INV_05076,PRD_0739,WH_055,287,5.0,2024-12-05
INV_05077,PRD_2301,WH_070,0,0.0,2025-09-02
INV_05078,PRD_3717,WH_022,116,19.0,2025-06-15
INV_05079,PRD_2849,WH_063,0,0.0,2025-12-18
INV_05080,PRD_4041,WH_024,138,6.0,2025-03-03
INV_05081,PRD_2887,WH_047,200,6.0,
INV_05082,PRD_1507,WH_001,0,0.0,2024-07-19
INV_05083,PRD_2302,WH_069,249,17.0,2025-07-19
INV_05084,PRD_4996,WH_014,23,22.0,2024-02-24
INV_05085,PRD_1721,WH_080,97,3.0,2025-08-11
INV_05086,PRD_1345,WH_030,1,1.0,2024-06-04
INV_05087,PRD_3689,WH_080,38,12.0,2024-06-09
INV_05088,PRD_0057,WH_070,225,,2025-04-08
INV_05089,PRD_0007,WH_017,226,21.0,
INV_05090,PRD_3101,WH_005,78,15.0,2024-11-26
INV_05091,PRD_4652,WH_053,147,,
INV_05092,PRD_0524,WH_015,29,22.0,
INV_05093,PRD_3038,WH_057,0,,2025-01-07
INV_05094,PRD_0307,WH_075,130,21.0,2025-10-24
INV_05095,PRD_0394,WH_042,130,13.0,
INV_05096,PRD_0071,WH_019,461,20.0,2024-03-22
INV_05097,PRD_1346,WH_005,63,0.0,
INV_05098,PRD_1352,WH_064,73,10.0,2024-04-01
INV_05099,PRD_3598,WH_025,27,19.0,2024-05-06
INV_05100,PRD_1360,WH_017,223,10.0,2024-10-14
INV_05101,PRD_2138,WH_002,91,12.0,2024-12-04
INV_05102,PRD_4598,WH_075,52,29.0,2024-02-11
INV_05103,PRD_4657,WH_060,73,,2025-03-09
INV_05104,PRD_3260,WH_032,5,0.0,2024-03-01
INV_05105,PRD_4752,WH_029,150,26.0,
INV_05106,PRD_4299,WH_062,40,11.0,2024-11-02
INV_05107,PRD_0178,WH_074,262,24.0,2024-12-13
INV_05108,PRD_4033,WH_023,133,4.0,2024-05-24
INV_05109,PRD_3743,WH_075,63,25.0,2024-04-07
INV_05110,PRD_4216,WH_027,120,10.0,2025-12-25
INV_05111,PRD_1011,WH_064,73,23.0,2024-10-11
INV_05112,PRD_1400,WH_028,272,25.0,2025-03-17
INV_05113,PRD_0976,WH_046,62,29.0,2025-05-16
INV_05114,PRD_0715,WH_024,320,25.0,2024-11-22
INV_05115,PRD_0162,WH_062,4,0.0,2024-12-27
INV_05116,PRD_4048,WH_078,4,2.0,2024-05-04
INV_05117,PRD_3797,WH_022,124,18.0,2024-12-02
INV_05118,PRD_0246,WH_075,96,17.0,2025-08-08
INV_05119,PRD_3777,WH_061,68,17.0,2025-11-11
INV_05120,PRD_1976,WH_064,1,0.0,2025-11-08
INV_05121,PRD_1746,WH_056,190,13.0,2025-03-08
INV_05122,PRD_1603,WH_070,28,21.0,2025-07-24
INV_05123,PRD_4209,WH_048,91,9.0,2025-08-07
INV_05124,PRD_0370,WH_039,165,,2025-10-07
INV_05125,PRD_3094,WH_021,35,8.0,2025-07-12
INV_05126,PRD_0336,WH_053,532,15.0,2024-11-01
INV_05127,PRD_3681,WH_037,6,4.0,2025-07-08
INV_05128,PRD_1702,WH_029,48,15.0,2024-06-21
INV_05129,PRD_1591,WH_018,133,3.0,2024-08-21
INV_05130,PRD_3124,WH_056,226,16.0,
INV_05131,PRD_0756,WH_005,7,7.0,
INV_05132,PRD_4384,WH_077,72,27.0,2024-04-27
INV_05133,PRD_1097,WH_008,70,9.0,2024-12-26
INV_05134,PRD_0031,WH_080,68,5.0,2024-09-22
INV_05135,PRD_4951,WH_013,260,20.0,2024-03-05
INV_05136,PRD_2126,WH_031,84,25.0,2025-01-06
INV_05137,PRD_1610,WH_022,219,17.0,2024-10-09
INV_05138,PRD_0724,WH_017,158,27.0,2025-11-08
INV_05139,PRD_2772,WH_020,22,0.0,2025-04-04
INV_05140,PRD_0198,WH_027,139,24.0,2025-06-21
INV_05141,PRD_3644,WH_020,84,5.0,2025-09-27
INV_05142,PRD_1399,WH_072,117,14.0,2024-03-26
INV_05143,PRD_3728,WH_077,29,16.0,2025-02-20
INV_05144,PRD_4557,WH_014,66,14.0,2024-12-24
INV_05145,PRD_0275,WH_053,230,5.0,2024-09-01
INV_05146,PRD_1191,WH_025,100,0.0,2025-04-18
INV_05147,PRD_3566,WH_042,162,23.0,2025-09-15
INV_05148,PRD_3306,WH_034,35,20.0,2025-03-01
INV_05149,PRD_1988,WH_039,64,23.0,2024-06-05
INV_05150,PRD_0159,WH_010,29,22.0,2024-11-04
INV_05151,PRD_0392,WH_039,376,11.0,2025-11-23
INV_05152,PRD_0408,WH_049,138,10.0,2025-10-10
INV_05153,PRD_1683,WH_068,0,,2024-12-27
INV_05154,PRD_4846,WH_017,167,25.0,2025-07-17
INV_05155,PRD_2635,WH_049,194,19.0,2025-08-20
INV_05156,PRD_1855,WH_035,158,4.0,2024-07-06
INV_05157,PRD_4927,WH_027,0,0.0,2024-06-19
INV_05158,PRD_2467,WH_016,503,2.0,2024-05-26
INV_05159,PRD_0915,WH_019,128,7.0,2024-09-23
INV_05160,PRD_0941,WH_055,166,0.0,2025-07-04
INV_05161,PRD_2507,WH_060,276,9.0,2025-02-04
INV_05162,PRD_1479,WH_074,63,3.0,2025-04-04
INV_05163,PRD_1459,WH_054,243,29.0,2025-12-10
INV_05164,PRD_3957,WH_001,118,1.0,2025-07-19
INV_05165,PRD_4211,WH_047,70,16.0,2025-03-02
INV_05166,PRD_3883,WH_017,55,6.0,2025-01-15
INV_05167,PRD_1183,WH_016,119,11.0,2024-08-09
INV_05168,PRD_4871,WH_036,42,4.0,2024-02-22
INV_05169,PRD_0082,WH_025,277,,2025-10-08
INV_05170,PRD_2182,WH_050,44,15.0,2025-06-22
INV_05171,PRD_4705,WH_053,82,2.0,2025-05-14
INV_05172,PRD_4849,WH_076,64,19.0,2024-05-16
INV_05173,PRD_4581,WH_029,22,5.0,2025-04-14
INV_05174,PRD_4253,WH_078,20,4.0,2025-11-21
INV_05175,PRD_1706,WH_047,71,,2024-05-15
INV_05176,PRD_3340,WH_055,25,12.0,2025-08-15
INV_05177,PRD_3268,WH_067,141,,2025-03-25
INV_05178,PRD_3246,WH_051,0,0.0,2025-03-10
INV_05179,PRD_3947,WH_071,63,15.0,2024-04-24
INV_05180,PRD_4775,WH_053,33,9.0,
INV_05181,PRD_1650,WH_051,30,28.0,2024-11-27
INV_05182,PRD_3018,WH_052,118,13.0,2024-03-22
INV_05183,PRD_0302,WH_046,365,21.0,2024-03-17
INV_05184,PRD_0683,WH_013,78,7.0,2025-07-18
INV_05185,PRD_4246,WH_057,112,25.0,
INV_05186,PRD_3012,WH_054,120,27.0,2025-12-09
INV_05187,PRD_4210,WH_012,116,9.0,2024-11-17
INV_05188,PRD_1929,WH_043,89,24.0,2025-07-27
INV_05189,PRD_4390,WH_053,59,14.0,2025-05-17
INV_05190,PRD_0394,WH_019,361,25.0,2024-11-20
INV_05191,PRD_1002,WH_057,38,,
INV_05192,PRD_0587,WH_018,95,28.0,2024-11-16
INV_05193,PRD_3702,WH_008,8,1.0,2024-05-10
INV_05194,PRD_0400,WH_028,38,26.0,2025-05-05
INV_05195,PRD_2096,WH_066,214,10.0,
INV_05196,PRD_3027,WH_036,71,,2025-04-15
INV_05197,PRD_2184,WH_061,158,8.0,2024-08-03
INV_05198,PRD_4463,WH_036,92,6.0,2024-12-21
INV_05199,PRD_3882,WH_060,63,,
INV_05200,PRD_1139,WH_068,164,29.0,2024-01-16
INV_05201,PRD_4116,WH_028,87,25.0,2025-11-26
INV_05202,PRD_2977,WH_053,95,30.0,2025-11-05
INV_05203,PRD_1273,WH_068,124,10.0,2024-07-17
INV_05204,PRD_4112,WH_073,84,12.0,2024-07-27
INV_05205,PRD_0378,WH_076,143,17.0,2024-02-10
INV_05206,PRD_3019,WH_063,91,20.0,2025-09-09
INV_05207,PRD_1442,WH_079,49,10.0,2025-07-26
INV_05208,PRD_4650,WH_019,42,27.0,2025-03-26
INV_05209,PRD_4781,WH_007,142,16.0,2025-06-14
INV_05210,PRD_4579,WH_063,26,17.0,2025-04-19
INV_05211,PRD_3042,WH_073,111,30.0,2025-06-20
INV_05212,PRD_1070,WH_061,196,12.0,2025-06-07
INV_05213,PRD_2233,WH_054,33,5.0,2025-08-13
INV_05214,PRD_4898,WH_014,101,17.0,2025-02-04
INV_05215,PRD_2949,WH_056,73,4.0,2024-11-02
INV_05216,PRD_1109,WH_063,24,17.0,2025-12-27
INV_05217,PRD_0651,WH_030,155,3.0,2024-06-02
INV_05218,PRD_4442,WH_056,34,11.0,2025-11-24
INV_05219,PRD_1988,WH_041,0,0.0,2024-01-09
INV_05220,PRD_1114,WH_050,154,26.0,
INV_05221,PRD_2971,WH_079,25,,2025-01-22
INV_05222,PRD_3887,WH_053,147,11.0,2024-07-23
INV_05223,PRD_4778,WH_034,79,19.0,2025-12-27
INV_05224,PRD_1944,WH_061,186,0.0,2025-11-11
INV_05225,PRD_0087,WH_006,24,,
INV_05226,PRD_4229,WH_070,46,5.0,2025-03-06
INV_05227,PRD_2399,WH_065,288,18.0,2024-04-26
INV_05228,PRD_3638,WH_001,44,5.0,2024-06-09
INV_05229,PRD_2929,WH_041,90,4.0,2024-07-05
INV_05230,PRD_2150,WH_068,29,3.0,2025-10-18
INV_05231,PRD_2158,WH_027,84,,2024-04-09
INV_05232,PRD_1476,WH_050,49,2.0,2024-08-11
INV_05233,PRD_3448,WH_004,4,0.0,2025-12-26
INV_05234,PRD_4304,WH_043,79,9.0,2024-10-09
INV_05235,PRD_4000,WH_070,66,21.0,
INV_05236,PRD_0789,WH_009,33,5.0,2025-08-23
INV_05237,PRD_3095,WH_033,92,30.0,2025-12-27
INV_05238,PRD_2397,WH_034,64,0.0,2025-12-27
INV_05239,PRD_2464,WH_061,321,10.0,2024-07-04
INV_05240,PRD_1065,WH_071,129,,2025-06-13
INV_05241,PRD_1109,WH_037,0,0.0,2025-06-04
INV_05242,PRD_0405,WH_067,112,24.0,2025-11-02
INV_05243,PRD_3895,WH_022,11,6.0,2024-10-23
INV_05244,PRD_3694,WH_045,85,0.0,2024-11-20
INV_05245,PRD_1657,WH_067,44,27.0,
INV_05246,PRD_2031,WH_040,22,15.0,2025-12-09
INV_05247,PRD_4908,WH_020,57,13.0,2025-10-27
INV_05248,PRD_2969,WH_075,90,15.0,2024-12-04
INV_05249,PRD_1897,WH_029,368,0.0,2025-09-21
INV_05250,PRD_4269,WH_042,40,10.0,2024-07-18
INV_05251,PRD_4810,WH_059,0,0.0,2025-02-09
INV_05252,PRD_0575,WH_074,174,8.0,2025-07-14
INV_05253,PRD_0192,WH_052,65,1.0,2025-10-24
INV_05254,PRD_1034,WH_028,93,4.0,2024-04-10
INV_05255,PRD_2327,WH_061,47,2.0,2024-10-02
INV_05256,PRD_3101,WH_064,28,15.0,2025-03-05
INV_05257,PRD_2097,WH_017,66,8.0,2024-08-02
INV_05258,PRD_4801,WH_071,383,26.0,2025-04-07
INV_05259,PRD_1649,WH_010,61,20.0,2024-02-02
INV_05260,PRD_1953,WH_046,217,11.0,
INV_05261,PRD_1183,WH_008,90,5.0,
INV_05262,PRD_3777,WH_027,50,30.0,2025-01-07
INV_05263,PRD_0425,WH_051,45,30.0,2024-09-20
INV_05264,PRD_2911,WH_066,201,,2025-06-04
INV_05265,PRD_1816,WH_028,165,27.0,2025-03-24
INV_05266,PRD_4903,WH_009,86,4.0,
INV_05267,PRD_4121,WH_052,150,27.0,2025-07-07
INV_05268,PRD_3398,WH_047,49,,2024-09-27
INV_05269,PRD_4702,WH_028,94,14.0,2025-03-14
INV_05270,PRD_3871,WH_031,79,6.0,2025-10-24
INV_05271,PRD_1594,WH_054,144,15.0,2025-11-18
INV_05272,PRD_3914,WH_030,116,,
INV_05273,PRD_2824,WH_020,180,8.0,2024-02-07
INV_05274,PRD_2896,WH_064,283,22.0,2024-10-15
INV_05275,PRD_1116,WH_075,275,6.0,2025-06-25
INV_05276,PRD_1134,WH_076,138,2.0,2025-04-09
INV_05277,PRD_4889,WH_067,158,29.0,2024-08-26
INV_05278,PRD_4838,WH_004,114,27.0,2024-12-09
INV_05279,PRD_2718,WH_049,260,10.0,2025-02-07
INV_05280,PRD_4725,WH_017,112,24.0,
INV_05281,PRD_4552,WH_060,87,10.0,2025-07-03
INV_05282,PRD_1771,WH_050,358,9.0,2025-12-11
INV_05283,PRD_0918,WH_049,190,14.0,2025-10-12
INV_05284,PRD_3229,WH_056,93,1.0,2024-02-01
INV_05285,PRD_2686,WH_075,234,14.0,2025-06-10
INV_05286,PRD_2388,WH_075,68,,2024-01-25
INV_05287,PRD_1257,WH_050,163,22.0,2024-12-12
INV_05288,PRD_0342,WH_056,0,0.0,2024-07-01
INV_05289,PRD_3053,WH_029,58,5.0,2025-07-22
INV_05290,PRD_2303,WH_004,179,2.0,2025-12-27
INV_05291,PRD_1571,WH_074,0,0.0,2024-06-08
INV_05292,PRD_0622,WH_028,116,24.0,2024-01-23
INV_05293,PRD_4534,WH_030,9,9.0,2025-01-26
INV_05294,PRD_4474,WH_034,0,,2025-03-23
INV_05295,PRD_2801,WH_080,70,29.0,2024-06-27
INV_05296,PRD_4309,WH_067,47,17.0,2024-07-07
INV_05297,PRD_4292,WH_060,0,0.0,2025-07-20
INV_05298,PRD_3264,WH_036,12,5.0,2024-10-06
INV_05299,PRD_3968,WH_071,7,0.0,2025-12-26
INV_05300,PRD_4157,WH_029,55,7.0,2025-03-21
INV_05301,PRD_1076,WH_001,54,6.0,2025-04-03
INV_05302,PRD_0518,WH_053,150,3.0,2024-09-11
INV_05303,PRD_1367,WH_048,0,0.0,2025-03-19
INV_05304,PRD_4785,WH_073,51,10.0,2024-08-01
INV_05305,PRD_4178,WH_072,173,21.0,2024-02-14
INV_05306,PRD_2777,WH_078,197,22.0,2025-01-20
INV_05307,PRD_2623,WH_055,116,1.0,2025-09-04
INV_05308,PRD_3940,WH_011,1,1.0,
INV_05309,PRD_0163,WH_032,92,23.0,2025-09-14
INV_05310,PRD_2984,WH_032,106,15.0,2025-07-16
INV_05311,PRD_3225,WH_021,53,11.0,2025-02-06
INV_05312,PRD_0287,WH_068,20,14.0,2024-06-16
INV_05313,PRD_3063,WH_071,51,2.0,2024-05-12
INV_05314,PRD_3531,WH_036,30,18.0,2025-03-17
INV_05315,PRD_4706,WH_067,41,20.0,
INV_05316,PRD_3199,WH_014,43,29.0,2024-12-16
INV_05317,PRD_1010,WH_023,75,25.0,2024-12-26
INV_05318,PRD_4989,WH_074,82,29.0,2024-02-14
INV_05319,PRD_2004,WH_030,0,0.0,2025-09-09
INV_05320,PRD_3209,WH_015,47,2.0,2025-01-27
INV_05321,PRD_4512,WH_029,94,8.0,2024-05-16
INV_05322,PRD_1976,WH_008,44,26.0,2024-11-15
INV_05323,PRD_2883,WH_060,161,2.0,2024-01-01
INV_05324,PRD_4847,WH_003,107,10.0,2025-02-14
INV_05325,PRD_2982,WH_077,148,0.0,2025-11-10
INV_05326,PRD_1906,WH_011,0,0.0,2024-09-10
INV_05327,PRD_4487,WH_070,37,2.0,2025-05-16
INV_05328,PRD_4358,WH_074,179,25.0,2025-06-01
INV_05329,PRD_0643,WH_069,205,23.0,2024-08-12
INV_05330,PRD_0691,WH_042,107,12.0,
INV_05331,PRD_2968,WH_053,100,,2025-12-02
INV_05332,PRD_3567,WH_002,57,14.0,2025-03-26
INV_05333,PRD_1565,WH_078,52,18.0,2025-08-05
INV_05334,PRD_4257,WH_023,39,,2025-04-21
INV_05335,PRD_2544,WH_021,216,25.0,2025-07-11
INV_05336,PRD_0190,WH_024,21,15.0,2025-01-24
INV_05337,PRD_4508,WH_023,100,26.0,2025-05-26
INV_05338,PRD_1306,WH_003,141,9.0,
INV_05339,PRD_1914,WH_044,68,3.0,2024-09-25
INV_05340,PRD_0031,WH_078,129,28.0,2024-12-14
INV_05341,PRD_0031,WH_065,175,6.0,2024-01-17
INV_05342,PRD_1364,WH_064,162,18.0,2025-04-13
INV_05343,PRD_1935,WH_047,113,1.0,2025-04-23
INV_05344,PRD_1944,WH_060,283,25.0,2025-09-17
INV_05345,PRD_3861,WH_040,67,16.0,
INV_05346,PRD_4540,WH_042,25,13.0,2025-10-12
INV_05347,PRD_3665,WH_054,108,25.0,2025-01-19
INV_05348,PRD_2331,WH_054,380,22.0,2025-01-15
INV_05349,PRD_1011,WH_071,148,29.0,2024-06-20
INV_05350,PRD_1029,WH_032,168,5.0,2025-04-01
INV_05351,PRD_4404,WH_032,241,10.0,2025-07-02
INV_05352,PRD_3227,WH_056,93,5.0,2024-06-21
INV_05353,PRD_3863,WH_022,111,10.0,2025-12-18
INV_05354,PRD_3605,WH_023,139,16.0,2025-07-17
INV_05355,PRD_3783,WH_033,114,25.0,2025-09-18
INV_05356,PRD_0819,WH_069,170,16.0,2025-11-27
INV_05357,PRD_0766,WH_072,99,21.0,2024-07-11
INV_05358,PRD_0458,WH_066,0,0.0,2025-04-16
INV_05359,PRD_4314,WH_028,0,0.0,2025-07-11
INV_05360,PRD_3289,WH_049,345,4.0,2025-07-16
INV_05361,PRD_4776,WH_073,153,,2025-01-19
INV_05362,PRD_1853,WH_010,200,19.0,2024-11-23
INV_05363,PRD_3676,WH_054,73,6.0,2024-02-14
INV_05364,PRD_2301,WH_064,82,15.0,
INV_05365,PRD_4712,WH_075,181,25.0,2025-03-15
INV_05366,PRD_4190,WH_056,0,0.0,2025-12-02
INV_05367,PRD_3522,WH_005,124,2.0,2024-12-13
INV_05368,PRD_2428,WH_062,391,24.0,2024-07-14
INV_05369,PRD_1370,WH_042,180,17.0,2025-01-06
INV_05370,PRD_2786,WH_003,117,20.0,2025-06-02
INV_05371,PRD_1269,WH_020,39,16.0,2024-08-14
INV_05372,PRD_1514,WH_066,60,6.0,2025-10-21
INV_05373,PRD_1217,WH_035,266,18.0,2025-09-21
INV_05374,PRD_4158,WH_034,250,2.0,2024-10-04
INV_05375,PRD_4163,WH_062,59,3.0,2024-09-23
INV_05376,PRD_1341,WH_030,14,14.0,2024-06-06
INV_05377,PRD_1094,WH_023,88,9.0,2024-05-26
INV_05378,PRD_4246,WH_012,3,2.0,
INV_05379,PRD_0635,WH_070,243,29.0,2025-01-04
INV_05380,PRD_2871,WH_038,0,,
INV_05381,PRD_3166,WH_049,148,4.0,2024-01-09
INV_05382,PRD_3671,WH_008,408,29.0,2024-05-04
INV_05383,PRD_0736,WH_062,204,7.0,2024-05-17
INV_05384,PRD_2423,WH_046,98,30.0,2024-08-07
INV_05385,PRD_1410,WH_003,60,24.0,2025-02-04
INV_05386,PRD_0820,WH_038,207,25.0,2024-05-12
INV_05387,PRD_4989,WH_001,23,4.0,2024-04-25
INV_05388,PRD_1625,WH_067,81,5.0,2024-06-22
INV_05389,PRD_3450,WH_036,0,0.0,2024-11-06
INV_05390,PRD_1122,WH_073,82,17.0,2025-01-12
INV_05391,PRD_3935,WH_049,46,20.0,2025-02-10
INV_05392,PRD_0194,WH_022,49,19.0,
INV_05393,PRD_1832,WH_074,5,1.0,2025-11-16
INV_05394,PRD_3942,WH_008,76,25.0,2024-08-06
INV_05395,PRD_2781,WH_030,213,9.0,2024-06-14
INV_05396,PRD_1090,WH_040,76,9.0,2025-04-22
INV_05397,PRD_3873,WH_047,98,10.0,
INV_05398,PRD_4058,WH_020,13,5.0,2025-03-13
INV_05399,PRD_0896,WH_013,334,14.0,2024-10-20
INV_05400,PRD_1923,WH_060,22,14.0,2025-06-02
INV_05401,PRD_2283,WH_019,88,17.0,2024-12-08
INV_05402,PRD_2893,WH_041,70,8.0,2024-06-08
INV_05403,PRD_4164,WH_009,0,0.0,2025-10-11
INV_05404,PRD_3130,WH_058,0,0.0,2025-04-21
INV_05405,PRD_3172,WH_055,149,,2024-09-08
INV_05406,PRD_3968,WH_025,49,13.0,2025-02-21
INV_05407,PRD_4129,WH_063,145,16.0,
INV_05408,PRD_3957,WH_030,62,1.0,2025-11-14
INV_05409,PRD_0684,WH_052,267,20.0,
INV_05410,PRD_4723,WH_046,5,,2025-10-01
INV_05411,PRD_2953,WH_026,32,23.0,2024-11-19
INV_05412,PRD_1803,WH_027,0,0.0,2024-06-04
INV_05413,PRD_0081,WH_004,128,,2025-09-18
INV_05414,PRD_0095,WH_076,84,,2025-01-01
INV_05415,PRD_3849,WH_028,54,19.0,2024-03-03
INV_05416,PRD_3301,WH_061,89,,2025-07-17
INV_05417,PRD_1636,WH_019,65,24.0,2025-11-27
INV_05418,PRD_3598,WH_058,37,29.0,
INV_05419,PRD_4427,WH_035,95,7.0,2024-02-13
INV_05420,PRD_2823,WH_077,7,4.0,2024-11-14
INV_05421,PRD_3839,WH_001,32,7.0,2024-06-19
INV_05422,PRD_4463,WH_077,165,11.0,2024-07-18
INV_05423,PRD_2341,WH_069,188,22.0,2024-09-27
INV_05424,PRD_3868,WH_003,28,0.0,2025-08-23
INV_05425,PRD_2306,WH_028,287,2.0,2024-03-07
INV_05426,PRD_2717,WH_054,83,10.0,2025-02-05
INV_05427,PRD_1202,WH_043,110,27.0,2025-01-04
INV_05428,PRD_3046,WH_056,14,14.0,2025-04-20
INV_05429,PRD_2221,WH_008,78,2.0,
INV_05430,PRD_1359,WH_018,24,0.0,2024-09-05
INV_05431,PRD_1492,WH_018,18,12.0,2025-04-03
INV_05432,PRD_1773,WH_019,147,5.0,2024-12-11
INV_05433,PRD_0551,WH_028,9,3.0,2025-03-07
INV_05434,PRD_1672,WH_049,21,9.0,2024-05-25
INV_05435,PRD_4824,WH_028,238,3.0,2024-10-05
INV_05436,PRD_5000,WH_076,34,27.0,2024-01-17
INV_05437,PRD_4938,WH_056,62,23.0,
INV_05438,PRD_1971,WH_036,30,26.0,2024-09-20
INV_05439,PRD_3246,WH_049,0,0.0,2024-03-05
INV_05440,PRD_4023,WH_070,159,12.0,2025-12-09
INV_05441,PRD_4974,WH_072,15,4.0,2024-01-05
INV_05442,PRD_4122,WH_065,0,0.0,2024-09-24
INV_05443,PRD_2087,WH_046,191,20.0,2024-02-09
INV_05444,PRD_3851,WH_017,206,26.0,2024-04-23
INV_05445,PRD_1897,WH_021,217,5.0,2025-05-27
INV_05446,PRD_4191,WH_059,43,20.0,2025-07-14
INV_05447,PRD_0748,WH_078,308,17.0,2025-09-02
INV_05448,PRD_2944,WH_068,76,10.0,2025-10-11
INV_05449,PRD_1922,WH_035,109,0.0,2024-06-25
INV_05450,PRD_3187,WH_057,25,24.0,2025-09-19
INV_05451,PRD_1400,WH_007,116,19.0,2025-08-16
INV_05452,PRD_0199,WH_027,45,22.0,
INV_05453,PRD_2566,WH_035,110,17.0,2024-12-15
INV_05454,PRD_2062,WH_021,55,28.0,2024-09-23
INV_05455,PRD_3106,WH_052,53,0.0,2024-06-07
INV_05456,PRD_2293,WH_029,167,,
INV_05457,PRD_2861,WH_028,13,3.0,2025-09-25
INV_05458,PRD_3455,WH_036,16,,2024-01-02
INV_05459,PRD_0585,WH_053,136,30.0,2024-09-16
INV_05460,PRD_3733,WH_026,29,24.0,2024-10-20
INV_05461,PRD_3288,WH_063,0,0.0,2024-08-13
INV_05462,PRD_1789,WH_051,161,3.0,2024-08-25
INV_05463,PRD_3101,WH_018,45,4.0,2025-01-06
INV_05464,PRD_2723,WH_034,125,9.0,2025-02-01
INV_05465,PRD_0503,WH_053,398,26.0,2024-09-12
INV_05466,PRD_3139,WH_059,77,5.0,2024-09-01
INV_05467,PRD_0380,WH_015,256,4.0,2025-01-02
INV_05468,PRD_1858,WH_030,184,1.0,2024-05-10
INV_05469,PRD_1494,WH_058,20,5.0,2024-02-09
INV_05470,PRD_0380,WH_010,507,,2025-09-27
INV_05471,PRD_3959,WH_056,157,4.0,2024-02-27
INV_05472,PRD_4673,WH_080,89,1.0,
INV_05473,PRD_1818,WH_080,136,3.0,2024-09-12
INV_05474,PRD_1768,WH_055,230,29.0,2024-06-15
INV_05475,PRD_3206,WH_060,0,0.0,2024-03-04
INV_05476,PRD_2398,WH_047,317,26.0,2024-07-26
INV_05477,PRD_0698,WH_061,106,,
INV_05478,PRD_3066,WH_063,46,14.0,2025-08-21
INV_05479,PRD_2682,WH_078,146,27.0,2025-10-14
INV_05480,PRD_3597,WH_002,0,0.0,2024-03-04
INV_05481,PRD_3175,WH_076,105,13.0,2024-09-24
INV_05482,PRD_2604,WH_013,96,15.0,2025-02-07
INV_05483,PRD_2813,WH_037,194,27.0,2024-06-20
INV_05484,PRD_0618,WH_060,270,21.0,2025-03-02
INV_05485,PRD_2383,WH_016,108,25.0,2025-07-15
INV_05486,PRD_4332,WH_053,108,13.0,2024-01-05
INV_05487,PRD_2086,WH_014,23,13.0,2024-12-20
INV_05488,PRD_3150,WH_009,73,7.0,2025-01-10
INV_05489,PRD_4184,WH_035,1,0.0,2025-01-05
INV_05490,PRD_4459,WH_013,192,5.0,2024-08-24
INV_05491,PRD_0991,WH_032,392,27.0,2025-07-25
INV_05492,PRD_3568,WH_010,150,26.0,2024-12-23
INV_05493,PRD_2897,WH_031,64,24.0,
INV_05494,PRD_1291,WH_060,57,10.0,2024-04-01
INV_05495,PRD_0647,WH_059,320,23.0,2025-04-19
INV_05496,PRD_3076,WH_041,6,2.0,
INV_05497,PRD_3541,WH_001,64,13.0,2024-07-21
INV_05498,PRD_1722,WH_060,1,0.0,
INV_05499,PRD_0097,WH_051,203,17.0,2025-12-13
INV_05500,PRD_3430,WH_034,36,30.0,2024-12-24
INV_05501,PRD_0541,WH_029,291,4.0,2024-04-03
INV_05502,PRD_0811,WH_012,34,29.0,2025-09-06
INV_05503,PRD_2278,WH_009,4,0.0,2025-07-18
INV_05504,PRD_1914,WH_014,164,21.0,
INV_05505,PRD_2459,WH_012,24,18.0,2025-07-13
INV_05506,PRD_4325,WH_055,3,3.0,2024-04-19
INV_05507,PRD_2478,WH_077,322,22.0,2025-09-10
INV_05508,PRD_1374,WH_034,179,24.0,2025-08-11
INV_05509,PRD_0900,WH_017,171,25.0,2024-10-11
INV_05510,PRD_0939,WH_078,56,14.0,2024-07-26
INV_05511,PRD_4712,WH_057,57,27.0,2025-08-17
INV_05512,PRD_4713,WH_013,137,3.0,2025-11-27
INV_05513,PRD_3135,WH_068,83,2.0,2024-07-02
INV_05514,PRD_4561,WH_006,342,23.0,
INV_05515,PRD_4308,WH_070,158,28.0,2025-03-22
INV_05516,PRD_0680,WH_057,248,15.0,2025-03-11
INV_05517,PRD_4374,WH_078,73,22.0,2025-05-20
INV_05518,PRD_4255,WH_022,43,10.0,
INV_05519,PRD_3763,WH_020,54,27.0,2025-12-10
INV_05520,PRD_4498,WH_069,0,0.0,
INV_05521,PRD_2385,WH_034,0,0.0,2024-05-23
INV_05522,PRD_3712,WH_071,110,5.0,2024-03-20
INV_05523,PRD_0296,WH_017,100,16.0,2025-11-14
INV_05524,PRD_1091,WH_004,31,,2024-12-26
INV_05525,PRD_3121,WH_047,32,23.0,2024-10-13
INV_05526,PRD_1834,WH_072,73,19.0,2024-04-22
INV_05527,PRD_1850,WH_008,34,25.0,2024-04-22
INV_05528,PRD_2113,WH_039,22,6.0,2024-01-14
INV_05529,PRD_2738,WH_076,97,8.0,
INV_05530,PRD_2460,WH_023,128,2.0,2024-11-05
INV_05531,PRD_2379,WH_053,71,22.0,2024-12-23
INV_05532,PRD_3514,WH_035,0,0.0,2025-07-19
INV_05533,PRD_2041,WH_072,238,21.0,
INV_05534,PRD_3696,WH_032,153,25.0,2024-08-14
INV_05535,PRD_4281,WH_012,94,,2024-04-15
INV_05536,PRD_2401,WH_061,23,,2024-12-19
INV_05537,PRD_1144,WH_040,85,10.0,2025-06-08
INV_05538,PRD_0614,WH_031,71,15.0,2025-06-09
INV_05539,PRD_3921,WH_060,100,5.0,2024-01-03
INV_05540,PRD_2760,WH_009,74,,2025-05-16
INV_05541,PRD_4317,WH_028,118,28.0,2024-09-14
INV_05542,PRD_0969,WH_022,59,28.0,2025-06-15
INV_05543,PRD_0582,WH_012,73,25.0,
INV_05544,PRD_2045,WH_033,16,12.0,2025-01-24
INV_05545,PRD_4485,WH_069,22,8.0,2025-09-18
INV_05546,PRD_3767,WH_080,4,2.0,2025-01-18
INV_05547,PRD_1686,WH_035,17,9.0,2025-05-25
INV_05548,PRD_3723,WH_028,89,7.0,2024-09-16
INV_05549,PRD_2758,WH_032,205,24.0,2024-04-16
INV_05550,PRD_3328,WH_001,93,,2025-07-18
INV_05551,PRD_2224,WH_053,215,27.0,2024-06-06
INV_05552,PRD_4882,WH_008,19,,2025-07-27
INV_05553,PRD_3122,WH_003,110,27.0,
INV_05554,PRD_2022,WH_049,305,1.0,2025-12-26
INV_05555,PRD_4017,WH_016,124,29.0,2024-02-18
INV_05556,PRD_2621,WH_040,14,7.0,2024-05-12
INV_05557,PRD_0844,WH_003,86,5.0,2025-07-07
INV_05558,PRD_4916,WH_012,163,6.0,2025-11-16
INV_05559,PRD_0676,WH_043,345,6.0,2025-01-13
INV_05560,PRD_0304,WH_042,33,23.0,2025-07-22
INV_05561,PRD_2851,WH_039,27,16.0,2025-06-25
INV_05562,PRD_4534,WH_007,36,27.0,2024-04-17
INV_05563,PRD_3064,WH_030,58,15.0,2024-11-20
INV_05564,PRD_2742,WH_024,0,0.0,2024-09-21
INV_05565,PRD_2057,WH_078,62,12.0,2024-12-19
INV_05566,PRD_4516,WH_025,135,10.0,2025-01-04
INV_05567,PRD_4827,WH_016,39,3.0,2025-06-17
INV_05568,PRD_4101,WH_058,0,,2024-09-26
INV_05569,PRD_0544,WH_003,6,1.0,
INV_05570,PRD_3612,WH_038,25,1.0,2025-07-01
INV_05571,PRD_4288,WH_051,7,2.0,
INV_05572,PRD_2648,WH_045,15,,2024-03-24
INV_05573,PRD_0725,WH_004,240,,2025-04-21
INV_05574,PRD_1507,WH_042,227,,2024-10-11
INV_05575,PRD_4201,WH_034,4,3.0,2025-09-04
INV_05576,PRD_2479,WH_070,111,19.0,
INV_05577,PRD_4929,WH_034,68,12.0,2025-04-21
INV_05578,PRD_2644,WH_046,173,7.0,2025-04-05
INV_05579,PRD_3286,WH_046,0,0.0,2024-06-23
INV_05580,PRD_4460,WH_012,69,29.0,2025-11-03
INV_05581,PRD_4782,WH_031,99,,2024-10-12
INV_05582,PRD_4736,WH_047,129,23.0,2025-03-21
INV_05583,PRD_1574,WH_080,247,25.0,2024-10-05
INV_05584,PRD_0775,WH_077,8,4.0,2024-04-25
INV_05585,PRD_1780,WH_015,83,16.0,2024-01-22
INV_05586,PRD_3918,WH_009,169,,2024-11-18
INV_05587,PRD_1207,WH_057,53,12.0,2025-08-16
INV_05588,PRD_4839,WH_065,53,22.0,2025-07-14
INV_05589,PRD_2160,WH_062,31,1.0,2025-10-04
INV_05590,PRD_0591,WH_049,595,23.0,2025-10-25
INV_05591,PRD_3674,WH_052,286,10.0,
INV_05592,PRD_1940,WH_080,162,25.0,2025-01-16
INV_05593,PRD_1619,WH_044,129,29.0,2025-08-17
INV_05594,PRD_4807,WH_015,24,8.0,
INV_05595,PRD_1793,WH_062,31,6.0,2025-05-05
INV_05596,PRD_2162,WH_043,100,5.0,2024-04-17
INV_05597,PRD_2621,WH_060,91,23.0,2025-12-13
INV_05598,PRD_4035,WH_010,4,4.0,2024-03-24
INV_05599,PRD_0654,WH_002,71,13.0,2024-05-09
INV_05600,PRD_4987,WH_002,97,30.0,2025-02-27
INV_05601,PRD_1015,WH_069,61,4.0,
INV_05602,PRD_2630,WH_028,105,2.0,2024-11-07
INV_05603,PRD_2149,WH_056,347,3.0,2024-09-15
INV_05604,PRD_3438,WH_080,21,6.0,
INV_05605,PRD_1929,WH_053,0,0.0,2024-09-01
INV_05606,PRD_0726,WH_008,86,20.0,2024-02-17
INV_05607,PRD_2074,WH_070,75,9.0,2025-11-09
INV_05608,PRD_0953,WH_001,51,10.0,2025-02-24
INV_05609,PRD_1534,WH_004,165,14.0,2024-02-07
INV_05610,PRD_1249,WH_043,187,29.0,2024-11-25
INV_05611,PRD_2228,WH_031,112,16.0,2024-02-16
INV_05612,PRD_0971,WH_016,231,29.0,2025-01-14
INV_05613,PRD_3655,WH_059,0,,2025-07-09
INV_05614,PRD_2812,WH_068,204,8.0,2025-01-22
INV_05615,PRD_0249,WH_050,198,6.0,2025-05-05
INV_05616,PRD_4604,WH_074,215,26.0,2024-10-24
INV_05617,PRD_1087,WH_026,70,11.0,2024-09-27
INV_05618,PRD_1068,WH_045,54,13.0,2025-12-08
INV_05619,PRD_3025,WH_014,159,7.0,2025-01-04
INV_05620,PRD_3146,WH_052,235,25.0,2024-06-22
INV_05621,PRD_2558,WH_068,332,27.0,2024-12-27
INV_05622,PRD_1582,WH_057,22,9.0,2024-07-20
INV_05623,PRD_4335,WH_007,30,21.0,2024-02-20
INV_05624,PRD_3937,WH_038,36,22.0,2025-01-21
INV_05625,PRD_2741,WH_064,30,26.0,2025-02-16
INV_05626,PRD_2452,WH_031,415,8.0,2024-08-16
INV_05627,PRD_3875,WH_039,85,9.0,2024-02-12
INV_05628,PRD_2605,WH_073,67,10.0,2025-08-11
INV_05629,PRD_4156,WH_015,53,6.0,2025-06-10
INV_05630,PRD_1198,WH_024,77,,2024-04-15
INV_05631,PRD_3915,WH_054,64,29.0,
INV_05632,PRD_2584,WH_059,93,24.0,2025-04-18
INV_05633,PRD_4695,WH_042,34,,2024-03-06
INV_05634,PRD_4595,WH_028,107,0.0,
INV_05635,PRD_3015,WH_043,27,26.0,2024-04-08
INV_05636,PRD_2538,WH_079,19,5.0,2024-06-09
INV_05637,PRD_0491,WH_032,36,15.0,2024-10-01
INV_05638,PRD_1635,WH_074,32,16.0,2025-04-22
INV_05639,PRD_2022,WH_064,180,14.0,2025-02-25
INV_05640,PRD_1409,WH_076,160,2.0,2024-01-08
INV_05641,PRD_0204,WH_062,104,26.0,2025-05-23
INV_05642,PRD_2309,WH_058,241,24.0,2024-08-01
INV_05643,PRD_1529,WH_078,64,11.0,2025-02-03
INV_05644,PRD_4076,WH_065,230,,2024-06-07
INV_05645,PRD_0677,WH_042,205,22.0,2025-02-07
INV_05646,PRD_0168,WH_066,103,5.0,2025-08-21
INV_05647,PRD_3183,WH_032,5,1.0,2024-04-17
INV_05648,PRD_1207,WH_030,40,20.0,2024-08-17
INV_05649,PRD_1811,WH_017,242,0.0,2024-06-10
INV_05650,PRD_4503,WH_075,65,11.0,2024-05-05
INV_05651,PRD_0965,WH_065,88,18.0,2025-09-01
INV_05652,PRD_4185,WH_061,145,16.0,2025-02-24
INV_05653,PRD_2172,WH_053,238,13.0,
INV_05654,PRD_3500,WH_016,140,5.0,2025-03-09
INV_05655,PRD_4996,WH_063,33,30.0,
INV_05656,PRD_3453,WH_074,208,20.0,
INV_05657,PRD_4119,WH_044,247,7.0,2024-12-10
INV_05658,PRD_3139,WH_014,73,25.0,2025-03-18
INV_05659,PRD_1824,WH_074,24,12.0,2025-07-07
INV_05660,PRD_4741,WH_067,16,9.0,
INV_05661,PRD_0041,WH_019,141,14.0,
INV_05662,PRD_3710,WH_072,259,8.0,2025-12-27
INV_05663,PRD_4782,WH_066,35,30.0,
INV_05664,PRD_3616,WH_030,6,2.0,2025-08-09
INV_05665,PRD_4764,WH_056,18,5.0,2025-03-23
INV_05666,PRD_0175,WH_008,140,3.0,2025-05-10
INV_05667,PRD_3807,WH_002,37,,2024-08-18
INV_05668,PRD_0020,WH_031,80,13.0,2024-04-22
INV_05669,PRD_3115,WH_038,11,4.0,2024-08-04
INV_05670,PRD_3721,WH_006,111,5.0,2024-08-25
INV_05671,PRD_4848,WH_070,93,7.0,2025-04-20
INV_05672,PRD_1475,WH_060,0,0.0,2025-11-15
INV_05673,PRD_3329,WH_046,104,2.0,2024-02-02
INV_05674,PRD_4071,WH_034,72,,2025-09-05
INV_05675,PRD_3752,WH_001,47,11.0,2025-01-24
INV_05676,PRD_2517,WH_018,95,,2024-01-03
INV_05677,PRD_3911,WH_053,21,16.0,2024-06-13
INV_05678,PRD_4793,WH_024,4,,2024-03-15
INV_05679,PRD_3897,WH_033,12,1.0,2025-10-08
INV_05680,PRD_4702,WH_019,31,25.0,2024-04-18
INV_05681,PRD_1528,WH_070,53,24.0,2025-04-11
INV_05682,PRD_4314,WH_042,60,29.0,2025-06-04
INV_05683,PRD_4161,WH_069,76,16.0,2024-09-03
INV_05684,PRD_2346,WH_038,9,3.0,2025-03-09
INV_05685,PRD_0522,WH_019,55,22.0,2025-06-27
INV_05686,PRD_0949,WH_044,225,23.0,2024-06-06
INV_05687,PRD_2104,WH_074,0,0.0,2025-08-10
INV_05688,PRD_2291,WH_049,22,17.0,2025-04-20
INV_05689,PRD_4823,WH_060,0,0.0,2024-08-05
INV_05690,PRD_0986,WH_016,24,18.0,2025-04-27
INV_05691,PRD_2880,WH_013,48,15.0,2024-05-27
INV_05692,PRD_2523,WH_079,1,1.0,2025-08-14
INV_05693,PRD_3279,WH_025,2,,2024-03-13
INV_05694,PRD_0945,WH_072,162,12.0,
INV_05695,PRD_2766,WH_067,62,5.0,2024-05-26
INV_05696,PRD_1450,WH_025,48,14.0,2024-07-22
INV_05697,PRD_3296,WH_069,66,20.0,2025-09-26
INV_05698,PRD_3081,WH_029,6,3.0,2024-04-20
INV_05699,PRD_1402,WH_052,0,0.0,2025-04-27
INV_05700,PRD_3429,WH_056,130,24.0,2025-02-02
INV_05701,PRD_4978,WH_022,193,15.0,2025-12-11
INV_05702,PRD_1926,WH_045,144,18.0,
INV_05703,PRD_4117,WH_011,64,28.0,2025-04-02
INV_05704,PRD_0697,WH_002,107,9.0,
INV_05705,PRD_1651,WH_049,47,6.0,2025-07-04
INV_05706,PRD_4753,WH_053,104,15.0,2025-01-21
INV_05707,PRD_4021,WH_033,152,13.0,2025-04-08
INV_05708,PRD_4436,WH_012,17,17.0,2024-10-26
INV_05709,PRD_2950,WH_063,229,1.0,2024-01-06
INV_05710,PRD_2162,WH_075,111,28.0,2024-12-26
INV_05711,PRD_2229,WH_025,138,14.0,2025-05-19
INV_05712,PRD_0389,WH_035,92,25.0,2025-06-20
INV_05713,PRD_0232,WH_057,506,28.0,2024-11-02
INV_05714,PRD_3840,WH_070,2,0.0,2024-06-11
INV_05715,PRD_2465,WH_066,5,1.0,2025-10-27
INV_05716,PRD_2797,WH_003,236,21.0,
INV_05717,PRD_0363,WH_054,180,10.0,2025-11-08
INV_05718,PRD_0052,WH_062,65,22.0,2025-09-14
INV_05719,PRD_3982,WH_001,109,23.0,2025-06-27
INV_05720,PRD_4657,WH_078,33,27.0,2024-04-19
INV_05721,PRD_3773,WH_056,20,19.0,2024-09-19
INV_05722,PRD_4248,WH_019,63,12.0,2024-11-01
INV_05723,PRD_3375,WH_055,53,27.0,2025-05-25
INV_05724,PRD_1526,WH_023,20,20.0,2024-06-10
INV_05725,PRD_4540,WH_065,346,8.0,2024-06-01
INV_05726,PRD_3626,WH_011,88,29.0,2025-09-27
INV_05727,PRD_4383,WH_055,0,0.0,2024-07-26
INV_05728,PRD_4603,WH_054,71,11.0,2024-08-26
INV_05729,PRD_3089,WH_003,56,,
INV_05730,PRD_0440,WH_025,117,23.0,2025-12-16
INV_05731,PRD_1494,WH_051,48,11.0,2025-11-21
INV_05732,PRD_1143,WH_013,57,17.0,
INV_05733,PRD_2694,WH_001,128,18.0,2025-05-18
INV_05734,PRD_2764,WH_076,0,0.0,2024-07-12
INV_05735,PRD_4337,WH_028,52,1.0,
INV_05736,PRD_0168,WH_038,121,6.0,2025-12-24
INV_05737,PRD_0637,WH_034,109,0.0,
INV_05738,PRD_4206,WH_061,64,14.0,
INV_05739,PRD_3905,WH_074,12,7.0,
INV_05740,PRD_4128,WH_038,15,6.0,2024-07-15
INV_05741,PRD_2989,WH_072,149,27.0,2025-12-11
INV_05742,PRD_2554,WH_016,55,12.0,2025-08-07
INV_05743,PRD_4171,WH_051,96,22.0,2025-03-22
INV_05744,PRD_1553,WH_005,16,15.0,2024-07-13
INV_05745,PRD_2081,WH_009,61,20.0,2024-02-07
INV_05746,PRD_2150,WH_076,39,17.0,
INV_05747,PRD_2379,WH_017,22,3.0,
INV_05748,PRD_4744,WH_001,16,7.0,2024-09-08
INV_05749,PRD_3014,WH_004,145,11.0,2025-12-24
INV_05750,PRD_0188,WH_020,42,20.0,2024-11-10
INV_05751,PRD_0942,WH_077,69,24.0,2025-01-22
INV_05752,PRD_3104,WH_006,59,15.0,2025-10-10
INV_05753,PRD_0577,WH_017,64,29.0,2024-01-26
INV_05754,PRD_2998,WH_064,71,4.0,2024-11-12
INV_05755,PRD_3116,WH_024,146,17.0,2025-11-05
INV_05756,PRD_0250,WH_058,491,1.0,2025-07-01
INV_05757,PRD_1902,WH_018,86,19.0,2025-10-11
INV_05758,PRD_3469,WH_071,21,12.0,2025-04-11
INV_05759,PRD_3021,WH_001,0,0.0,2025-11-01
INV_05760,PRD_0730,WH_073,410,17.0,2025-12-26
INV_05761,PRD_3107,WH_009,5,,
INV_05762,PRD_3933,WH_004,143,6.0,2025-11-11
INV_05763,PRD_0760,WH_028,288,27.0,
INV_05764,PRD_4452,WH_072,78,30.0,2025-10-10
INV_05765,PRD_3047,WH_052,149,29.0,2025-08-03
INV_05766,PRD_2745,WH_072,34,30.0,
INV_05767,PRD_0440,WH_001,113,6.0,2024-12-26
INV_05768,PRD_3563,WH_077,81,2.0,2024-01-08
INV_05769,PRD_4267,WH_042,147,,2024-04-01
INV_05770,PRD_1448,WH_051,0,0.0,2025-12-23
INV_05771,PRD_1206,WH_038,153,23.0,2024-08-01
INV_05772,PRD_0227,WH_080,62,4.0,2024-09-25
INV_05773,PRD_1440,WH_026,114,14.0,2024-11-01
INV_05774,PRD_1603,WH_001,9,0.0,
INV_05775,PRD_2692,WH_065,179,4.0,2025-06-02
INV_05776,PRD_3425,WH_008,81,25.0,2024-01-10
INV_05777,PRD_4639,WH_039,198,27.0,2025-05-14
INV_05778,PRD_3981,WH_018,94,11.0,2025-06-22
INV_05779,PRD_0783,WH_018,247,,
INV_05780,PRD_0665,WH_062,122,1.0,2025-06-16
INV_05781,PRD_4631,WH_059,19,14.0,2024-04-10
INV_05782,PRD_0963,WH_021,247,24.0,2025-02-22
INV_05783,PRD_2534,WH_056,165,,2024-05-12
INV_05784,PRD_3571,WH_010,219,21.0,
INV_05785,PRD_0725,WH_059,250,0.0,2025-04-13
INV_05786,PRD_4735,WH_018,14,9.0,2024-05-11
INV_05787,PRD_4546,WH_067,0,0.0,2025-08-01
INV_05788,PRD_2865,WH_072,47,,2024-02-13
INV_05789,PRD_2837,WH_077,197,23.0,
INV_05790,PRD_4271,WH_026,34,12.0,2025-06-16
INV_05791,PRD_0409,WH_021,260,9.0,
INV_05792,PRD_1196,WH_013,25,15.0,2025-09-01
INV_05793,PRD_0088,WH_058,38,17.0,
INV_05794,PRD_0695,WH_005,420,1.0,2024-04-04
INV_05795,PRD_0605,WH_056,138,16.0,2025-05-08
INV_05796,PRD_0871,WH_009,0,0.0,2024-06-02
INV_05797,PRD_3266,WH_042,182,25.0,2024-09-23
INV_05798,PRD_3916,WH_010,37,15.0,2025-11-14
INV_05799,PRD_3812,WH_057,37,5.0,2024-05-23
INV_05800,PRD_1346,WH_028,0,0.0,2025-11-19
INV_05801,PRD_1640,WH_008,0,,2024-04-04
INV_05802,PRD_2480,WH_015,122,23.0,2025-11-01
INV_05803,PRD_4844,WH_034,81,,2025-06-23
INV_05804,PRD_4616,WH_007,123,8.0,2024-05-21
INV_05805,PRD_3431,WH_068,103,29.0,2024-02-20
INV_05806,PRD_3361,WH_071,0,0.0,2024-04-08
INV_05807,PRD_1349,WH_080,0,0.0,2025-03-02
INV_05808,PRD_2975,WH_036,41,,2024-04-09
INV_05809,PRD_2809,WH_019,182,0.0,2025-11-03
INV_05810,PRD_2322,WH_032,427,8.0,2025-12-21
INV_05811,PRD_0783,WH_008,433,12.0,2025-02-19
INV_05812,PRD_1376,WH_024,83,8.0,2025-08-20
INV_05813,PRD_0694,WH_020,210,5.0,2024-05-12
INV_05814,PRD_2006,WH_003,106,3.0,2024-10-03
INV_05815,PRD_1624,WH_032,78,6.0,2025-08-11
INV_05816,PRD_0969,WH_014,71,18.0,2025-06-16
INV_05817,PRD_4629,WH_024,27,,2025-05-07
INV_05818,PRD_0763,WH_080,95,8.0,2024-01-23
INV_05819,PRD_0415,WH_080,99,3.0,2025-01-10
INV_05820,PRD_4571,WH_069,111,9.0,2024-01-15
INV_05821,PRD_3801,WH_061,85,2.0,2025-04-17
INV_05822,PRD_2298,WH_030,62,5.0,2024-12-23
INV_05823,PRD_0026,WH_042,307,6.0,2024-06-23
INV_05824,PRD_0815,WH_049,32,,2024-10-05
INV_05825,PRD_0307,WH_005,221,25.0,2025-06-23
INV_05826,PRD_4206,WH_039,11,1.0,2025-08-21
INV_05827,PRD_3738,WH_057,24,14.0,2024-02-07
INV_05828,PRD_1160,WH_039,231,20.0,2024-08-09
INV_05829,PRD_1014,WH_020,106,29.0,2025-10-02
INV_05830,PRD_0671,WH_002,142,10.0,2024-11-05
INV_05831,PRD_0085,WH_058,295,22.0,2024-04-23
INV_05832,PRD_0331,WH_025,0,0.0,2025-02-01
INV_05833,PRD_0306,WH_032,288,27.0,2024-06-13
INV_05834,PRD_0460,WH_020,100,30.0,2025-08-21
INV_05835,PRD_2240,WH_076,253,23.0,
INV_05836,PRD_1760,WH_058,57,25.0,2025-06-01
INV_05837,PRD_3669,WH_002,151,0.0,2025-12-05
INV_05838,PRD_1757,WH_052,224,29.0,2024-10-05
INV_05839,PRD_2785,WH_026,103,2.0,2025-02-05
INV_05840,PRD_3110,WH_033,116,1.0,2025-05-26
INV_05841,PRD_1834,WH_041,121,23.0,2024-09-24
INV_05842,PRD_4035,WH_067,124,3.0,2025-02-09
INV_05843,PRD_1699,WH_043,43,,2024-03-06
INV_05844,PRD_2488,WH_032,155,22.0,2024-05-17
INV_05845,PRD_4842,WH_068,261,23.0,2024-08-09
INV_05846,PRD_0367,WH_040,58,21.0,2025-07-10
INV_05847,PRD_3264,WH_041,31,2.0,2024-03-04
INV_05848,PRD_3292,WH_055,0,0.0,2024-01-14
INV_05849,PRD_0171,WH_058,131,30.0,2025-12-05
INV_05850,PRD_0459,WH_033,333,21.0,2024-02-12
INV_05851,PRD_1779,WH_049,58,8.0,2025-07-01
INV_05852,PRD_0048,WH_006,56,6.0,2024-02-10
INV_05853,PRD_3768,WH_052,109,10.0,
INV_05854,PRD_3013,WH_039,243,,2024-02-01
INV_05855,PRD_4540,WH_044,10,10.0,2025-12-13
INV_05856,PRD_0596,WH_054,113,1.0,2025-05-12
INV_05857,PRD_4154,WH_056,144,28.0,2024-12-22
INV_05858,PRD_3827,WH_003,93,14.0,2024-07-07
INV_05859,PRD_0936,WH_056,105,2.0,2024-12-14
INV_05860,PRD_3144,WH_032,126,25.0,2024-09-01
INV_05861,PRD_2322,WH_075,98,29.0,
INV_05862,PRD_1889,WH_045,90,13.0,2025-02-05
INV_05863,PRD_1032,WH_079,52,3.0,2024-06-16
INV_05864,PRD_4034,WH_061,215,3.0,2025-04-01
INV_05865,PRD_3920,WH_080,131,19.0,2025-06-09
INV_05866,PRD_1220,WH_053,108,22.0,2025-01-24
INV_05867,PRD_0642,WH_045,272,8.0,
INV_05868,PRD_2628,WH_003,413,24.0,2024-06-25
INV_05869,PRD_1957,WH_071,0,0.0,2025-03-03
INV_05870,PRD_4600,WH_066,157,1.0,2025-06-25
INV_05871,PRD_1731,WH_067,256,7.0,2024-11-07
INV_05872,PRD_0786,WH_060,260,16.0,2024-03-01
INV_05873,PRD_1396,WH_017,62,29.0,2024-05-15
INV_05874,PRD_4987,WH_029,0,0.0,2024-10-16
INV_05875,PRD_3333,WH_018,28,22.0,2025-02-15
INV_05876,PRD_1128,WH_039,43,18.0,2025-07-02
INV_05877,PRD_0052,WH_065,29,17.0,2024-11-01
INV_05878,PRD_0559,WH_008,209,18.0,
INV_05879,PRD_4248,WH_004,31,2.0,2024-05-23
INV_05880,PRD_3936,WH_032,47,13.0,2024-07-27
INV_05881,PRD_3358,WH_045,176,2.0,2025-08-01
INV_05882,PRD_0751,WH_005,202,20.0,2025-08-14
INV_05883,PRD_1581,WH_033,30,2.0,2025-04-17
INV_05884,PRD_3052,WH_065,178,13.0,2024-10-05
INV_05885,PRD_4194,WH_073,31,28.0,2025-01-17
INV_05886,PRD_1689,WH_071,3,,
INV_05887,PRD_4462,WH_011,138,11.0,2025-02-20
INV_05888,PRD_0415,WH_004,165,,
INV_05889,PRD_2721,WH_019,63,1.0,2024-05-18
INV_05890,PRD_0601,WH_064,54,25.0,2024-02-10
INV_05891,PRD_1018,WH_023,42,22.0,2025-02-16
INV_05892,PRD_2562,WH_040,87,29.0,2025-12-04
INV_05893,PRD_1798,WH_062,93,21.0,2024-10-22
INV_05894,PRD_4977,WH_017,11,0.0,2024-01-11
INV_05895,PRD_4238,WH_056,179,9.0,2025-02-25
INV_05896,PRD_1385,WH_047,6,5.0,2024-10-03
INV_05897,PRD_4950,WH_072,41,11.0,2025-06-10
INV_05898,PRD_3335,WH_006,6,5.0,2025-12-25
INV_05899,PRD_1626,WH_038,5,2.0,2024-12-09
INV_05900,PRD_0566,WH_071,110,15.0,2024-02-17
INV_05901,PRD_0899,WH_061,35,25.0,2024-03-06
INV_05902,PRD_0831,WH_077,279,3.0,2025-09-15
INV_05903,PRD_1206,WH_006,231,29.0,2024-12-12
INV_05904,PRD_0241,WH_034,276,16.0,2024-04-05
INV_05905,PRD_3258,WH_042,139,,
INV_05906,PRD_0824,WH_068,46,13.0,2025-01-26
INV_05907,PRD_4451,WH_058,103,21.0,2025-03-21
INV_05908,PRD_2576,WH_011,319,18.0,2025-07-26
INV_05909,PRD_3229,WH_021,6,1.0,2024-02-06
INV_05910,PRD_3287,WH_040,100,24.0,2025-09-16
INV_05911,PRD_3629,WH_022,64,29.0,
INV_05912,PRD_0632,WH_026,56,16.0,2024-06-01
INV_05913,PRD_3738,WH_030,33,12.0,2024-10-18
INV_05914,PRD_2702,WH_070,6,4.0,2024-05-26
INV_05915,PRD_2341,WH_064,0,0.0,2024-12-22
INV_05916,PRD_3622,WH_051,58,10.0,2025-08-05
INV_05917,PRD_0296,WH_064,8,4.0,2025-06-24
INV_05918,PRD_3060,WH_017,55,2.0,2024-10-07
INV_05919,PRD_0214,WH_017,0,0.0,2024-03-24
INV_05920,PRD_2035,WH_055,26,1.0,
INV_05921,PRD_0668,WH_063,170,10.0,
INV_05922,PRD_4230,WH_027,168,21.0,2024-06-18
INV_05923,PRD_3883,WH_001,54,12.0,2024-01-04
INV_05924,PRD_3346,WH_045,397,26.0,2025-02-15
INV_05925,PRD_4234,WH_036,227,16.0,2024-05-11
INV_05926,PRD_1762,WH_008,4,1.0,2024-01-18
INV_05927,PRD_2935,WH_052,204,24.0,
INV_05928,PRD_1128,WH_060,5,5.0,2024-08-23
INV_05929,PRD_1047,WH_043,219,29.0,
INV_05930,PRD_0434,WH_053,297,22.0,2024-06-24
INV_05931,PRD_1420,WH_034,0,0.0,
INV_05932,PRD_4406,WH_018,24,21.0,
INV_05933,PRD_1269,WH_045,207,24.0,2025-03-04
INV_05934,PRD_3539,WH_057,0,0.0,
INV_05935,PRD_2426,WH_037,54,5.0,2025-12-01
INV_05936,PRD_2763,WH_029,248,7.0,2025-02-24
INV_05937,PRD_1463,WH_051,203,,2025-01-21
INV_05938,PRD_4975,WH_031,104,17.0,2024-03-15
INV_05939,PRD_4575,WH_024,98,2.0,2024-10-09
INV_05940,PRD_2201,WH_074,10,0.0,2024-02-25
INV_05941,PRD_1327,WH_037,93,24.0,2025-10-26
INV_05942,PRD_2247,WH_011,264,7.0,
INV_05943,PRD_1086,WH_061,135,7.0,2024-06-20
INV_05944,PRD_3955,WH_079,88,27.0,2024-12-19
INV_05945,PRD_2562,WH_060,572,0.0,2024-03-04
INV_05946,PRD_0683,WH_037,60,,2025-09-19
INV_05947,PRD_4306,WH_076,23,15.0,2024-04-09
INV_05948,PRD_3184,WH_052,252,,2024-08-26
INV_05949,PRD_3718,WH_061,13,0.0,2025-10-27
INV_05950,PRD_4575,WH_062,53,26.0,2024-11-14
INV_05951,PRD_4334,WH_030,153,15.0,2025-06-02
INV_05952,PRD_0477,WH_008,26,4.0,2024-07-17
INV_05953,PRD_3925,WH_039,37,,2024-11-18
INV_05954,PRD_4437,WH_031,91,11.0,2024-10-04
INV_05955,PRD_1302,WH_003,25,,2024-02-18
INV_05956,PRD_0915,WH_079,116,17.0,2025-06-02
INV_05957,PRD_3204,WH_004,201,7.0,2025-04-18
INV_05958,PRD_4923,WH_024,20,10.0,2025-11-16
INV_05959,PRD_0932,WH_062,164,6.0,
INV_05960,PRD_3026,WH_069,69,19.0,2025-08-16
INV_05961,PRD_2473,WH_041,237,,2024-07-12
INV_05962,PRD_0892,WH_066,12,3.0,2024-07-06
INV_05963,PRD_0633,WH_054,157,26.0,2024-05-24
INV_05964,PRD_3003,WH_010,23,13.0,2025-09-17
INV_05965,PRD_0891,WH_015,208,21.0,2024-04-08
INV_05966,PRD_0664,WH_048,370,0.0,2024-12-05
INV_05967,PRD_2147,WH_057,126,3.0,2025-01-26
INV_05968,PRD_1513,WH_059,22,,2024-03-11
INV_05969,PRD_3822,WH_075,248,10.0,2024-06-04
INV_05970,PRD_1834,WH_063,0,0.0,2025-10-10
INV_05971,PRD_2225,WH_064,182,21.0,2024-02-15
INV_05972,PRD_0430,WH_029,301,22.0,2025-03-03
INV_05973,PRD_4815,WH_071,1,0.0,2025-11-06
INV_05974,PRD_3192,WH_013,11,0.0,2025-07-22
INV_05975,PRD_3490,WH_050,54,18.0,2024-10-21
INV_05976,PRD_4214,WH_036,20,15.0,2025-06-19
INV_05977,PRD_2746,WH_072,249,1.0,2024-09-18
INV_05978,PRD_0316,WH_065,119,27.0,2025-11-14
INV_05979,PRD_2511,WH_061,135,26.0,
INV_05980,PRD_2822,WH_052,71,28.0,2024-02-11
INV_05981,PRD_2233,WH_050,97,17.0,2025-05-25
INV_05982,PRD_3774,WH_027,4,4.0,2024-07-24
INV_05983,PRD_4870,WH_041,56,,2024-03-15
INV_05984,PRD_0342,WH_075,186,,2025-12-27
INV_05985,PRD_4957,WH_080,169,12.0,
INV_05986,PRD_3541,WH_042,143,19.0,2025-11-23
INV_05987,PRD_2433,WH_064,239,11.0,2024-06-13
INV_05988,PRD_2223,WH_080,208,21.0,2025-02-18
INV_05989,PRD_4424,WH_067,169,18.0,2024-08-23
INV_05990,PRD_3839,WH_019,63,30.0,2025-08-11
INV_05991,PRD_4164,WH_061,38,22.0,2025-07-24
INV_05992,PRD_1413,WH_049,58,0.0,2025-08-16
INV_05993,PRD_4359,WH_028,82,,2025-10-07
INV_05994,PRD_0429,WH_035,183,,2024-08-04
INV_05995,PRD_4008,WH_056,16,10.0,
INV_05996,PRD_3055,WH_045,118,2.0,2024-10-11
INV_05997,PRD_2630,WH_051,408,30.0,2024-10-06
INV_05998,PRD_4971,WH_030,127,5.0,2024-06-03
INV_05999,PRD_0011,WH_008,13,9.0,2025-04-05
INV_06000,PRD_1653,WH_026,21,18.0,
INV_06001,PRD_0405,WH_008,77,6.0,
INV_06002,PRD_0403,WH_024,17,17.0,2024-06-06
INV_06003,PRD_2995,WH_072,134,27.0,2025-03-10
INV_06004,PRD_1140,WH_076,123,9.0,2025-05-12
INV_06005,PRD_0638,WH_011,196,3.0,2024-10-10
INV_06006,PRD_3338,WH_024,297,5.0,2025-09-14
INV_06007,PRD_1128,WH_026,72,7.0,2024-01-19
INV_06008,PRD_0139,WH_015,168,2.0,
INV_06009,PRD_1591,WH_024,29,18.0,2025-12-15
INV_06010,PRD_1806,WH_034,93,5.0,2024-12-19
INV_06011,PRD_2479,WH_029,258,22.0,2025-10-18
INV_06012,PRD_2727,WH_009,82,12.0,2025-12-24
INV_06013,PRD_2327,WH_078,33,6.0,2024-09-16
INV_06014,PRD_2105,WH_049,92,22.0,2024-01-26
INV_06015,PRD_1983,WH_080,106,17.0,2025-11-13
INV_06016,PRD_0481,WH_031,150,0.0,2025-11-24
INV_06017,PRD_3703,WH_028,36,30.0,2024-10-06
INV_06018,PRD_0123,WH_021,82,28.0,2024-10-01
INV_06019,PRD_1153,WH_005,0,0.0,2024-11-07
INV_06020,PRD_2702,WH_005,51,28.0,2024-02-10
INV_06021,PRD_3133,WH_049,168,29.0,2024-01-26
INV_06022,PRD_3647,WH_054,424,5.0,2025-09-10
INV_06023,PRD_1890,WH_078,71,3.0,2025-04-03
INV_06024,PRD_0454,WH_062,236,8.0,2024-05-23
INV_06025,PRD_2573,WH_046,239,20.0,2024-10-20
INV_06026,PRD_0927,WH_057,214,4.0,2025-02-19
INV_06027,PRD_0266,WH_066,250,6.0,2024-07-10
INV_06028,PRD_2931,WH_029,9,6.0,2025-06-13
INV_06029,PRD_0996,WH_051,0,0.0,2024-04-08
INV_06030,PRD_1679,WH_024,17,5.0,2025-09-08
INV_06031,PRD_1663,WH_010,18,12.0,2025-02-09
INV_06032,PRD_0271,WH_019,34,3.0,
INV_06033,PRD_1883,WH_051,126,,2024-10-23
INV_06034,PRD_3860,WH_064,150,,2024-03-24
INV_06035,PRD_1039,WH_057,53,16.0,2024-05-03
INV_06036,PRD_1933,WH_028,0,0.0,2025-08-18
INV_06037,PRD_2565,WH_065,30,2.0,2024-02-27
INV_06038,PRD_4192,WH_071,142,27.0,2024-09-07
INV_06039,PRD_0877,WH_025,0,0.0,2025-03-02
INV_06040,PRD_0205,WH_030,26,8.0,2024-09-10
INV_06041,PRD_2116,WH_013,51,16.0,2024-07-18
INV_06042,PRD_4425,WH_052,6,2.0,2024-08-27
INV_06043,PRD_4133,WH_044,54,23.0,2024-08-01
INV_06044,PRD_0194,WH_002,2,1.0,2025-04-20
INV_06045,PRD_0407,WH_060,184,0.0,2025-09-23
INV_06046,PRD_1605,WH_038,54,12.0,2024-02-26
INV_06047,PRD_4414,WH_080,23,4.0,2024-02-26
INV_06048,PRD_3202,WH_062,21,8.0,2024-01-20
INV_06049,PRD_2102,WH_024,0,0.0,2025-11-22
INV_06050,PRD_2113,WH_006,5,3.0,2024-05-09
INV_06051,PRD_2783,WH_068,314,26.0,2024-08-24
INV_06052,PRD_1833,WH_023,206,28.0,2025-03-10
INV_06053,PRD_3263,WH_026,125,,2025-12-08
INV_06054,PRD_3995,WH_040,94,13.0,2024-04-09
INV_06055,PRD_1098,WH_073,95,,2025-09-16
INV_06056,PRD_0966,WH_017,0,0.0,2025-06-01
INV_06057,PRD_1184,WH_019,97,8.0,2024-08-13
INV_06058,PRD_0095,WH_014,77,,2025-09-09
INV_06059,PRD_1183,WH_080,69,22.0,2025-07-10
INV_06060,PRD_2690,WH_054,233,25.0,2024-01-02
INV_06061,PRD_0989,WH_002,26,1.0,2025-11-12
INV_06062,PRD_3295,WH_006,206,14.0,2024-03-02
INV_06063,PRD_1080,WH_024,7,3.0,2024-11-22
INV_06064,PRD_2028,WH_056,123,6.0,2024-03-11
INV_06065,PRD_3341,WH_077,0,0.0,2024-08-07
INV_06066,PRD_0712,WH_041,157,5.0,2024-03-03
INV_06067,PRD_3722,WH_021,50,10.0,2025-11-24
INV_06068,PRD_0472,WH_057,468,2.0,2024-08-04
INV_06069,PRD_4210,WH_025,9,5.0,2025-04-20
INV_06070,PRD_2085,WH_005,230,20.0,2024-07-14
INV_06071,PRD_3535,WH_031,12,6.0,2024-10-07
INV_06072,PRD_4219,WH_034,54,28.0,2024-02-08
INV_06073,PRD_2917,WH_068,26,,2024-05-08
INV_06074,PRD_2518,WH_043,167,12.0,2024-07-20
INV_06075,PRD_3053,WH_051,20,18.0,2024-08-22
INV_06076,PRD_4515,WH_029,137,9.0,2025-10-10
INV_06077,PRD_1492,WH_042,140,26.0,2024-04-19
INV_06078,PRD_2167,WH_069,21,16.0,2025-10-06
INV_06079,PRD_4507,WH_050,87,30.0,2025-09-21
INV_06080,PRD_3507,WH_059,12,11.0,2025-10-02
INV_06081,PRD_2546,WH_043,165,3.0,2025-12-06
INV_06082,PRD_1809,WH_054,119,22.0,2025-07-14
INV_06083,PRD_3284,WH_022,116,9.0,2025-05-04
INV_06084,PRD_2620,WH_046,250,25.0,2025-11-14
INV_06085,PRD_1485,WH_025,72,1.0,2025-10-16
INV_06086,PRD_1786,WH_050,201,2.0,2024-08-23
INV_06087,PRD_1151,WH_010,113,16.0,2025-05-19
INV_06088,PRD_4051,WH_026,15,3.0,2025-10-10
INV_06089,PRD_4351,WH_072,23,,2025-09-15
INV_06090,PRD_3259,WH_070,68,,2025-01-03
INV_06091,PRD_3386,WH_059,47,6.0,
INV_06092,PRD_2740,WH_059,78,4.0,2025-12-26
INV_06093,PRD_1819,WH_033,19,8.0,2024-04-12
INV_06094,PRD_3093,WH_013,33,21.0,2024-11-26
INV_06095,PRD_3410,WH_010,50,5.0,2024-12-25
INV_06096,PRD_0521,WH_058,5,2.0,
INV_06097,PRD_2290,WH_003,344,22.0,2024-04-20
INV_06098,PRD_1825,WH_031,7,2.0,2025-10-04
INV_06099,PRD_4339,WH_065,0,0.0,2025-08-14
INV_06100,PRD_4922,WH_020,96,6.0,2024-12-14
INV_06101,PRD_0699,WH_004,236,29.0,2024-12-16
INV_06102,PRD_2672,WH_052,45,15.0,2024-05-06
INV_06103,PRD_2949,WH_030,265,20.0,2024-11-27
INV_06104,PRD_2799,WH_056,166,17.0,2025-07-09
INV_06105,PRD_1045,WH_037,306,2.0,2024-11-20
INV_06106,PRD_2409,WH_065,87,21.0,2025-05-04
INV_06107,PRD_1300,WH_065,275,23.0,2025-04-03
INV_06108,PRD_2468,WH_003,247,1.0,2025-08-04
INV_06109,PRD_4413,WH_073,114,27.0,2024-02-11
INV_06110,PRD_4371,WH_029,5,3.0,2024-04-09
INV_06111,PRD_3672,WH_003,98,26.0,2024-10-07
INV_06112,PRD_0366,WH_030,269,27.0,2025-02-21
INV_06113,PRD_0336,WH_035,244,12.0,2024-02-04
INV_06114,PRD_4696,WH_019,240,7.0,2025-02-16
INV_06115,PRD_3041,WH_035,69,3.0,2025-02-21
INV_06116,PRD_4171,WH_064,11,3.0,2024-08-04
INV_06117,PRD_0086,WH_038,136,23.0,2025-05-17
INV_06118,PRD_4996,WH_015,48,,2025-01-19
INV_06119,PRD_2150,WH_022,98,0.0,2024-10-13
INV_06120,PRD_0755,WH_043,109,11.0,2025-03-19
INV_06121,PRD_2659,WH_066,0,0.0,
INV_06122,PRD_2004,WH_036,0,,2025-09-12
INV_06123,PRD_3067,WH_079,333,25.0,2024-10-11
INV_06124,PRD_2437,WH_043,235,12.0,2024-12-02
INV_06125,PRD_3767,WH_023,6,4.0,2024-11-07
INV_06126,PRD_2235,WH_070,181,25.0,2024-04-08
INV_06127,PRD_3087,WH_001,60,,
INV_06128,PRD_2298,WH_051,59,,2024-01-05
INV_06129,PRD_2216,WH_058,73,,2024-06-04
INV_06130,PRD_4984,WH_010,39,1.0,2024-10-14
INV_06131,PRD_4465,WH_068,8,2.0,2024-11-02
INV_06132,PRD_1299,WH_050,95,30.0,2024-03-10
INV_06133,PRD_4009,WH_072,205,26.0,2024-11-09
INV_06134,PRD_1989,WH_046,127,,2025-06-11
INV_06135,PRD_1707,WH_047,116,30.0,2025-07-17
INV_06136,PRD_3304,WH_076,63,13.0,2025-03-11
INV_06137,PRD_3961,WH_025,72,13.0,2025-07-27
INV_06138,PRD_0869,WH_074,0,0.0,2024-11-17
INV_06139,PRD_0684,WH_007,297,21.0,2024-08-08
INV_06140,PRD_0963,WH_053,123,6.0,2024-06-09
INV_06141,PRD_4680,WH_068,131,1.0,2024-02-22
INV_06142,PRD_3203,WH_079,137,17.0,2025-08-23
INV_06143,PRD_4015,WH_055,139,24.0,2024-02-16
INV_06144,PRD_3507,WH_044,38,14.0,
INV_06145,PRD_3189,WH_079,85,19.0,2025-12-06
INV_06146,PRD_2546,WH_021,182,5.0,2024-10-03
INV_06147,PRD_2858,WH_054,119,11.0,2025-02-07
INV_06148,PRD_4779,WH_035,0,0.0,2024-01-07
INV_06149,PRD_1087,WH_022,69,14.0,2025-12-16
INV_06150,PRD_0715,WH_037,117,17.0,2025-12-11
INV_06151,PRD_1265,WH_025,28,15.0,2024-06-06
INV_06152,PRD_3575,WH_055,0,0.0,2025-08-13
INV_06153,PRD_3441,WH_023,28,16.0,2025-12-18
INV_06154,PRD_3251,WH_069,135,7.0,
INV_06155,PRD_0110,WH_074,53,1.0,2024-04-12
INV_06156,PRD_4348,WH_079,78,20.0,2025-10-15
INV_06157,PRD_1390,WH_071,30,8.0,2024-11-02
INV_06158,PRD_1218,WH_025,196,8.0,2025-07-12
INV_06159,PRD_0066,WH_007,150,18.0,2025-08-16
INV_06160,PRD_3317,WH_075,58,7.0,2025-03-06
INV_06161,PRD_0422,WH_011,2,1.0,2025-08-27
INV_06162,PRD_1477,WH_045,10,4.0,2024-11-20
INV_06163,PRD_3293,WH_049,195,25.0,
INV_06164,PRD_3921,WH_078,118,15.0,2024-08-19
INV_06165,PRD_2709,WH_025,161,17.0,2024-11-13
INV_06166,PRD_0591,WH_061,229,26.0,2024-06-27
INV_06167,PRD_2296,WH_026,39,24.0,2025-01-14
INV_06168,PRD_0011,WH_035,39,6.0,2024-09-01
INV_06169,PRD_0272,WH_073,0,0.0,2025-12-04
INV_06170,PRD_0053,WH_050,187,9.0,2025-09-07
INV_06171,PRD_0708,WH_071,94,18.0,2024-10-14
INV_06172,PRD_2107,WH_079,309,,
INV_06173,PRD_0173,WH_057,104,22.0,
INV_06174,PRD_2192,WH_054,293,,2024-08-08
INV_06175,PRD_0697,WH_021,65,2.0,2024-06-06
INV_06176,PRD_3304,WH_066,58,17.0,2025-07-17
INV_06177,PRD_1260,WH_005,38,20.0,2024-06-23
INV_06178,PRD_3956,WH_038,68,28.0,2025-03-14
INV_06179,PRD_2413,WH_039,100,18.0,2024-01-16
INV_06180,PRD_4403,WH_027,0,0.0,2024-05-22
INV_06181,PRD_0406,WH_080,170,3.0,2024-05-25
INV_06182,PRD_3522,WH_027,75,,2025-12-15
INV_06183,PRD_2965,WH_061,60,18.0,2024-11-06
INV_06184,PRD_3814,WH_007,0,0.0,2025-02-08
INV_06185,PRD_2571,WH_013,166,21.0,2025-06-10
INV_06186,PRD_1250,WH_038,3,0.0,2024-04-13
INV_06187,PRD_2944,WH_004,113,15.0,2025-11-21
INV_06188,PRD_1055,WH_018,95,12.0,
INV_06189,PRD_1352,WH_062,64,28.0,2025-03-06
INV_06190,PRD_0192,WH_054,69,16.0,2024-05-05
INV_06191,PRD_0676,WH_017,142,3.0,2025-04-13
INV_06192,PRD_4232,WH_022,84,,2024-04-10
INV_06193,PRD_3483,WH_077,333,19.0,2025-07-20
INV_06194,PRD_0329,WH_004,263,12.0,2024-02-05
INV_06195,PRD_1790,WH_043,71,5.0,2024-07-02
INV_06196,PRD_0730,WH_009,196,13.0,2025-12-18
INV_06197,PRD_4596,WH_007,210,19.0,2025-09-08
INV_06198,PRD_1554,WH_052,0,0.0,2024-01-13
INV_06199,PRD_2736,WH_070,195,8.0,2025-10-01
INV_06200,PRD_2113,WH_022,86,11.0,2024-09-14
INV_06201,PRD_0912,WH_016,89,,2025-03-16
INV_06202,PRD_2613,WH_039,0,0.0,2024-03-23
INV_06203,PRD_1535,WH_029,8,,2025-05-14
INV_06204,PRD_4958,WH_073,25,,2024-06-14
INV_06205,PRD_0869,WH_001,59,1.0,2025-05-27
INV_06206,PRD_4625,WH_071,126,4.0,2024-10-21
INV_06207,PRD_0164,WH_013,192,1.0,2024-03-15
INV_06208,PRD_3954,WH_008,19,1.0,
INV_06209,PRD_3169,WH_067,59,15.0,2024-08-09
INV_06210,PRD_2487,WH_016,224,21.0,2024-03-06
INV_06211,PRD_3049,WH_074,164,20.0,2024-08-13
INV_06212,PRD_3878,WH_042,236,0.0,
INV_06213,PRD_2778,WH_032,84,2.0,2024-12-11
INV_06214,PRD_2572,WH_050,228,,2025-07-27
INV_06215,PRD_0181,WH_074,9,6.0,2024-01-06
INV_06216,PRD_0479,WH_026,587,0.0,
INV_06217,PRD_0443,WH_045,21,3.0,2024-10-04
INV_06218,PRD_3922,WH_069,45,26.0,2025-10-13
INV_06219,PRD_1865,WH_013,144,18.0,
INV_06220,PRD_0783,WH_027,307,0.0,2025-04-05
INV_06221,PRD_3113,WH_079,49,14.0,2025-05-02
INV_06222,PRD_0409,WH_073,295,3.0,2025-06-22
INV_06223,PRD_0515,WH_042,312,1.0,2025-09-12
INV_06224,PRD_4923,WH_013,57,15.0,
INV_06225,PRD_0687,WH_011,168,14.0,2024-12-22
INV_06226,PRD_4438,WH_027,133,9.0,2024-07-27
INV_06227,PRD_4125,WH_039,76,30.0,
INV_06228,PRD_1888,WH_071,132,13.0,2025-01-22
INV_06229,PRD_1128,WH_020,47,10.0,2025-02-11
INV_06230,PRD_4324,WH_066,46,18.0,2024-04-14
INV_06231,PRD_4669,WH_058,63,16.0,2024-10-26
INV_06232,PRD_4858,WH_057,61,3.0,2024-01-20
INV_06233,PRD_0246,WH_008,84,19.0,2025-10-23
INV_06234,PRD_3376,WH_061,56,11.0,2025-03-21
INV_06235,PRD_2114,WH_021,7,,2024-10-07
INV_06236,PRD_3170,WH_018,78,19.0,2025-12-08
INV_06237,PRD_4510,WH_018,181,6.0,2024-01-15
INV_06238,PRD_3261,WH_018,144,11.0,
INV_06239,PRD_3092,WH_074,66,9.0,2025-10-01
INV_06240,PRD_0839,WH_080,286,19.0,2025-11-02
INV_06241,PRD_2119,WH_004,65,10.0,2024-02-27
INV_06242,PRD_2234,WH_079,105,0.0,
INV_06243,PRD_3130,WH_018,91,1.0,
INV_06244,PRD_2617,WH_060,24,17.0,2025-04-15
INV_06245,PRD_2053,WH_059,34,26.0,2024-12-14
INV_06246,PRD_2049,WH_059,84,3.0,2024-04-05
INV_06247,PRD_1821,WH_049,377,11.0,2025-08-04
INV_06248,PRD_2445,WH_039,148,26.0,2024-02-20
INV_06249,PRD_0179,WH_011,31,13.0,
INV_06250,PRD_4423,WH_036,0,0.0,2025-03-10
INV_06251,PRD_4190,WH_030,79,25.0,2024-01-18
INV_06252,PRD_4496,WH_076,181,19.0,2025-02-10
INV_06253,PRD_3320,WH_029,42,30.0,2025-03-17
INV_06254,PRD_4267,WH_013,228,6.0,2024-03-08
INV_06255,PRD_2173,WH_029,127,23.0,2025-03-17
INV_06256,PRD_0504,WH_002,213,19.0,2024-09-19
INV_06257,PRD_1728,WH_016,71,20.0,
INV_06258,PRD_4694,WH_080,87,26.0,2025-04-12
INV_06259,PRD_4066,WH_047,78,2.0,2024-05-25
INV_06260,PRD_2573,WH_015,239,25.0,2025-04-04
INV_06261,PRD_0438,WH_056,43,28.0,2024-10-26
INV_06262,PRD_0338,WH_013,127,10.0,2024-11-14
INV_06263,PRD_4859,WH_028,108,11.0,2024-09-09
INV_06264,PRD_2254,WH_057,35,,2024-05-12
INV_06265,PRD_4414,WH_078,27,3.0,
INV_06266,PRD_3171,WH_013,8,0.0,2025-12-03
INV_06267,PRD_2296,WH_037,14,2.0,2024-06-04
INV_06268,PRD_1914,WH_038,35,,2025-12-11
INV_06269,PRD_0156,WH_011,36,16.0,2024-05-03
INV_06270,PRD_4323,WH_045,144,9.0,2024-03-21
INV_06271,PRD_2369,WH_020,4,0.0,2025-06-12
INV_06272,PRD_3639,WH_054,71,29.0,2025-02-17
INV_06273,PRD_2064,WH_072,1,,2024-05-16
INV_06274,PRD_2566,WH_022,254,,2025-05-25
INV_06275,PRD_1834,WH_006,61,2.0,2025-02-24
INV_06276,PRD_0656,WH_059,0,0.0,2024-02-04
INV_06277,PRD_2827,WH_021,7,0.0,2025-01-08
INV_06278,PRD_0712,WH_076,0,0.0,
INV_06279,PRD_4550,WH_004,49,16.0,2024-12-04
INV_06280,PRD_2589,WH_055,105,20.0,2024-10-19
INV_06281,PRD_4005,WH_027,16,12.0,2025-05-12
INV_06282,PRD_3069,WH_030,291,26.0,2024-05-04
INV_06283,PRD_0587,WH_059,183,15.0,
INV_06284,PRD_1489,WH_012,0,0.0,2024-09-11
INV_06285,PRD_4912,WH_052,18,16.0,2025-06-11
INV_06286,PRD_4558,WH_027,74,5.0,2025-03-14
INV_06287,PRD_3189,WH_002,163,9.0,2024-07-04
INV_06288,PRD_2609,WH_025,264,20.0,2025-11-12
INV_06289,PRD_4948,WH_019,12,5.0,2024-09-12
INV_06290,PRD_1146,WH_078,170,,2024-10-06
INV_06291,PRD_3436,WH_014,27,6.0,2024-09-27
INV_06292,PRD_2116,WH_023,145,29.0,2024-02-01
INV_06293,PRD_2160,WH_003,249,25.0,2025-12-09
INV_06294,PRD_2301,WH_019,23,10.0,2024-04-10
INV_06295,PRD_2372,WH_021,206,18.0,2024-07-21
INV_06296,PRD_1584,WH_035,66,2.0,2024-06-10
INV_06297,PRD_2344,WH_020,111,,2025-06-11
INV_06298,PRD_3829,WH_014,62,30.0,2024-06-04
INV_06299,PRD_4361,WH_077,82,24.0,2025-08-18
INV_06300,PRD_4970,WH_037,308,25.0,2025-06-15
INV_06301,PRD_0842,WH_048,287,5.0,2024-12-10
INV_06302,PRD_0066,WH_080,118,4.0,2025-07-08
INV_06303,PRD_3187,WH_033,23,,2025-11-27
INV_06304,PRD_0550,WH_033,179,4.0,2024-02-10
INV_06305,PRD_2066,WH_050,184,17.0,2025-07-25
INV_06306,PRD_2457,WH_044,138,25.0,
INV_06307,PRD_0887,WH_068,56,,2025-12-23
INV_06308,PRD_1941,WH_019,201,23.0,2024-03-16
INV_06309,PRD_4091,WH_039,34,5.0,2025-01-12
INV_06310,PRD_3922,WH_051,9,6.0,2025-07-21
INV_06311,PRD_2460,WH_006,161,,2024-02-18
INV_06312,PRD_1306,WH_067,65,1.0,2024-01-25
INV_06313,PRD_1264,WH_051,27,7.0,2025-02-19
INV_06314,PRD_2154,WH_031,53,21.0,2024-08-22
INV_06315,PRD_2705,WH_051,8,1.0,2024-08-11
INV_06316,PRD_0628,WH_080,223,25.0,2025-12-04
INV_06317,PRD_4103,WH_072,39,11.0,2024-10-07
INV_06318,PRD_4950,WH_063,7,5.0,2024-03-14
INV_06319,PRD_4286,WH_051,14,6.0,2024-06-10
INV_06320,PRD_3289,WH_007,82,12.0,2025-09-26
INV_06321,PRD_3056,WH_057,223,24.0,2024-03-19
INV_06322,PRD_1378,WH_009,30,8.0,2024-10-01
INV_06323,PRD_0244,WH_057,205,1.0,2024-01-27
INV_06324,PRD_0290,WH_056,18,0.0,
INV_06325,PRD_3907,WH_062,127,12.0,2024-10-06
INV_06326,PRD_3487,WH_019,0,0.0,2024-10-14
INV_06327,PRD_3055,WH_050,0,0.0,2024-11-05
INV_06328,PRD_0547,WH_033,155,,
INV_06329,PRD_2265,WH_012,66,11.0,2024-12-23
INV_06330,PRD_3578,WH_027,65,1.0,2024-07-07
INV_06331,PRD_4350,WH_012,0,0.0,2025-12-24
INV_06332,PRD_4804,WH_048,21,6.0,2025-08-14
INV_06333,PRD_4973,WH_033,53,2.0,2025-10-06
INV_06334,PRD_4071,WH_043,212,6.0,2025-06-16
INV_06335,PRD_2786,WH_067,147,23.0,
INV_06336,PRD_2724,WH_004,231,2.0,2025-02-15
INV_06337,PRD_4739,WH_002,146,5.0,2024-02-02
INV_06338,PRD_2868,WH_001,230,4.0,2025-12-18
INV_06339,PRD_2709,WH_028,189,8.0,2025-07-26
INV_06340,PRD_3715,WH_031,18,10.0,2025-04-21
INV_06341,PRD_2811,WH_078,9,8.0,2025-08-11
INV_06342,PRD_2966,WH_037,43,,2024-04-03
INV_06343,PRD_4755,WH_053,30,17.0,2024-09-24
INV_06344,PRD_2938,WH_039,86,13.0,2024-12-22
INV_06345,PRD_2503,WH_042,88,14.0,2024-10-04
INV_06346,PRD_3199,WH_010,72,6.0,2024-10-07
INV_06347,PRD_4279,WH_057,47,,2025-02-20
INV_06348,PRD_4276,WH_078,77,19.0,2025-05-17
INV_06349,PRD_2127,WH_059,251,7.0,2025-08-05
INV_06350,PRD_1823,WH_030,63,19.0,2025-07-05
INV_06351,PRD_2185,WH_035,215,9.0,2024-08-04
INV_06352,PRD_2902,WH_025,0,0.0,2025-02-12
INV_06353,PRD_2842,WH_006,227,14.0,2025-05-26
INV_06354,PRD_1376,WH_077,53,13.0,2025-11-07
INV_06355,PRD_0157,WH_013,117,14.0,2024-11-07
INV_06356,PRD_4987,WH_058,32,25.0,
INV_06357,PRD_1754,WH_002,142,25.0,2024-12-26
INV_06358,PRD_0445,WH_019,34,25.0,2025-05-24
INV_06359,PRD_2352,WH_002,159,1.0,2025-08-14
INV_06360,PRD_3324,WH_050,197,20.0,2025-06-10
INV_06361,PRD_4601,WH_001,69,1.0,2024-04-11
INV_06362,PRD_2917,WH_041,138,13.0,2025-04-13
INV_06363,PRD_2254,WH_058,65,20.0,2025-04-10
INV_06364,PRD_2981,WH_065,126,12.0,2025-02-20
INV_06365,PRD_0058,WH_061,73,7.0,2025-09-02
INV_06366,PRD_4912,WH_008,8,,2024-10-06
INV_06367,PRD_4765,WH_029,1,1.0,2024-11-04
INV_06368,PRD_3113,WH_002,63,18.0,2025-03-23
INV_06369,PRD_0323,WH_062,149,15.0,2025-12-12
INV_06370,PRD_1435,WH_033,77,1.0,2025-12-20
INV_06371,PRD_2714,WH_071,119,,2025-08-23
INV_06372,PRD_2595,WH_057,60,6.0,2024-05-08
INV_06373,PRD_4677,WH_029,22,22.0,
INV_06374,PRD_4724,WH_034,50,24.0,2024-01-07
INV_06375,PRD_1455,WH_050,29,10.0,2025-04-02
INV_06376,PRD_0443,WH_072,281,,2025-01-10
INV_06377,PRD_0171,WH_049,37,2.0,
INV_06378,PRD_0940,WH_039,0,0.0,2024-02-23
INV_06379,PRD_3112,WH_039,17,11.0,2024-04-09
INV_06380,PRD_4633,WH_061,23,3.0,2025-02-16
INV_06381,PRD_4309,WH_040,62,20.0,2025-10-26
INV_06382,PRD_2150,WH_014,51,11.0,2025-12-11
INV_06383,PRD_0104,WH_014,346,19.0,2024-06-13
INV_06384,PRD_2572,WH_026,170,26.0,2024-02-01
INV_06385,PRD_2733,WH_065,158,16.0,2024-04-06
INV_06386,PRD_2786,WH_069,97,3.0,2024-07-22
INV_06387,PRD_4641,WH_022,128,10.0,2025-07-03
INV_06388,PRD_1242,WH_055,115,5.0,2024-12-07
INV_06389,PRD_0100,WH_001,61,21.0,2024-06-16
INV_06390,PRD_3882,WH_003,79,30.0,2025-01-08
INV_06391,PRD_2913,WH_057,25,,
INV_06392,PRD_1334,WH_080,92,7.0,2024-08-18
INV_06393,PRD_1036,WH_067,84,24.0,2024-01-18
INV_06394,PRD_4918,WH_002,18,8.0,2025-05-11
INV_06395,PRD_3754,WH_007,4,1.0,2025-04-23
INV_06396,PRD_0557,WH_061,57,15.0,
INV_06397,PRD_3433,WH_002,1,1.0,2025-08-02
INV_06398,PRD_1210,WH_077,0,0.0,2024-08-20
INV_06399,PRD_3131,WH_037,16,1.0,2024-02-22
INV_06400,PRD_1622,WH_020,43,13.0,2025-10-03
INV_06401,PRD_0581,WH_041,9,4.0,2025-07-12
INV_06402,PRD_2203,WH_066,190,17.0,2024-11-24
INV_06403,PRD_0988,WH_031,115,10.0,2025-02-20
INV_06404,PRD_2999,WH_028,0,0.0,2024-08-05
INV_06405,PRD_0977,WH_017,161,11.0,2025-12-09
INV_06406,PRD_3240,WH_045,41,,2024-06-01
INV_06407,PRD_2562,WH_006,0,,2024-11-23
INV_06408,PRD_3683,WH_031,57,17.0,
INV_06409,PRD_4199,WH_014,25,11.0,2024-02-03
INV_06410,PRD_4375,WH_003,249,16.0,2025-05-19
INV_06411,PRD_3283,WH_017,86,30.0,2025-06-10
INV_06412,PRD_2742,WH_048,101,7.0,2024-05-12
INV_06413,PRD_2508,WH_051,42,21.0,2025-12-22
INV_06414,PRD_4762,WH_054,12,7.0,2024-05-21
INV_06415,PRD_2253,WH_069,17,0.0,2025-10-26
INV_06416,PRD_2656,WH_003,79,10.0,2025-06-15
INV_06417,PRD_3202,WH_045,23,7.0,2024-07-06
INV_06418,PRD_2092,WH_062,131,11.0,2024-05-16
INV_06419,PRD_2378,WH_063,0,0.0,2024-06-08
INV_06420,PRD_4125,WH_063,80,,
INV_06421,PRD_3564,WH_038,20,13.0,2024-12-06
INV_06422,PRD_4183,WH_013,146,6.0,2025-05-19
INV_06423,PRD_4271,WH_044,21,6.0,2024-12-25
INV_06424,PRD_4506,WH_027,178,,2025-08-21
INV_06425,PRD_2474,WH_039,0,0.0,2025-07-20
INV_06426,PRD_0811,WH_035,54,4.0,2025-04-03
INV_06427,PRD_0889,WH_070,53,28.0,2024-01-13
INV_06428,PRD_2430,WH_071,69,11.0,
INV_06429,PRD_0017,WH_018,299,17.0,2025-05-18
INV_06430,PRD_3984,WH_016,84,16.0,2025-01-10
INV_06431,PRD_4656,WH_074,59,13.0,2024-12-26
INV_06432,PRD_0163,WH_018,33,6.0,2025-07-13
INV_06433,PRD_4612,WH_024,50,4.0,2025-05-24
INV_06434,PRD_2793,WH_077,123,27.0,2025-12-08
INV_06435,PRD_2159,WH_073,126,3.0,
INV_06436,PRD_0444,WH_041,208,13.0,2025-04-01
INV_06437,PRD_4441,WH_034,117,10.0,2024-08-20
INV_06438,PRD_3314,WH_023,51,30.0,2025-05-13
INV_06439,PRD_1483,WH_067,235,5.0,2025-04-07
INV_06440,PRD_0464,WH_005,149,0.0,
INV_06441,PRD_2131,WH_078,103,8.0,2024-12-20
INV_06442,PRD_4285,WH_026,68,25.0,2024-05-21
INV_06443,PRD_1660,WH_048,27,8.0,2024-03-16
INV_06444,PRD_4068,WH_025,0,0.0,2024-04-12
INV_06445,PRD_0990,WH_015,170,14.0,2024-10-05
INV_06446,PRD_2322,WH_070,216,11.0,
INV_06447,PRD_1941,WH_004,152,24.0,2024-03-24
INV_06448,PRD_1530,WH_014,62,5.0,2024-04-15
INV_06449,PRD_2872,WH_005,0,0.0,2025-04-07
INV_06450,PRD_0970,WH_032,146,17.0,2024-05-22
INV_06451,PRD_2493,WH_007,99,,2024-08-12
INV_06452,PRD_4098,WH_013,90,,2024-08-11
INV_06453,PRD_4684,WH_075,146,9.0,2025-06-03
INV_06454,PRD_4475,WH_052,20,11.0,2024-03-20
INV_06455,PRD_4143,WH_011,202,11.0,2025-08-16
INV_06456,PRD_4624,WH_043,186,21.0,2025-03-09
INV_06457,PRD_4217,WH_066,56,19.0,2025-06-04
INV_06458,PRD_2479,WH_030,207,,2025-10-18
INV_06459,PRD_1255,WH_068,70,9.0,
INV_06460,PRD_2321,WH_006,327,26.0,2025-03-21
INV_06461,PRD_4785,WH_027,57,22.0,2025-07-22
INV_06462,PRD_0922,WH_067,79,11.0,2024-08-27
INV_06463,PRD_4116,WH_050,13,0.0,2024-03-19
INV_06464,PRD_2331,WH_066,218,29.0,2024-07-15
INV_06465,PRD_4680,WH_026,82,5.0,2025-04-22
INV_06466,PRD_3984,WH_029,59,19.0,2024-08-21
INV_06467,PRD_0050,WH_045,113,1.0,2024-04-18
INV_06468,PRD_1924,WH_074,12,2.0,2024-06-04
INV_06469,PRD_3686,WH_059,0,0.0,2024-08-27
INV_06470,PRD_3204,WH_077,157,21.0,2024-08-13
INV_06471,PRD_2927,WH_028,104,30.0,2025-07-07
INV_06472,PRD_2455,WH_076,277,,
INV_06473,PRD_4577,WH_018,0,0.0,2025-11-16
INV_06474,PRD_2517,WH_080,175,7.0,2024-03-02
INV_06475,PRD_1235,WH_004,123,10.0,2024-08-17
INV_06476,PRD_4230,WH_065,171,8.0,2024-08-26
INV_06477,PRD_0311,WH_008,115,19.0,2025-09-15
INV_06478,PRD_1326,WH_030,178,20.0,2025-05-12
INV_06479,PRD_3682,WH_052,134,,2025-10-12
INV_06480,PRD_0457,WH_031,223,26.0,2025-12-20
INV_06481,PRD_0390,WH_035,98,12.0,2024-01-20
INV_06482,PRD_4088,WH_019,91,18.0,2024-10-05
INV_06483,PRD_4369,WH_024,115,,2024-03-21
INV_06484,PRD_1708,WH_021,31,26.0,2024-06-10
INV_06485,PRD_2772,WH_046,38,12.0,2024-06-08
INV_06486,PRD_0445,WH_024,0,0.0,2025-08-07
INV_06487,PRD_3060,WH_008,59,10.0,2024-04-03
INV_06488,PRD_0689,WH_058,21,20.0,2025-07-11
INV_06489,PRD_0116,WH_076,81,24.0,2025-09-09
INV_06490,PRD_3417,WH_028,290,28.0,2025-03-15
INV_06491,PRD_0159,WH_060,110,23.0,2025-03-21
INV_06492,PRD_2835,WH_029,87,22.0,2024-03-16
INV_06493,PRD_3780,WH_028,132,17.0,2025-07-23
INV_06494,PRD_2774,WH_072,182,,2024-06-16
INV_06495,PRD_4654,WH_014,59,5.0,2025-09-13
INV_06496,PRD_3126,WH_024,2,0.0,2025-07-05
INV_06497,PRD_1056,WH_002,392,0.0,2025-05-06
INV_06498,PRD_4207,WH_063,240,20.0,2024-11-15
INV_06499,PRD_1282,WH_055,325,14.0,2024-01-12
INV_06500,PRD_0317,WH_038,222,19.0,2024-02-27
INV_06501,PRD_0464,WH_049,78,,2024-12-26
INV_06502,PRD_4438,WH_019,168,0.0,2024-04-21
INV_06503,PRD_2966,WH_038,101,29.0,2024-11-19
INV_06504,PRD_4215,WH_052,37,16.0,2024-08-04
INV_06505,PRD_0697,WH_053,272,,
INV_06506,PRD_2604,WH_006,72,15.0,2025-10-16
INV_06507,PRD_0094,WH_056,208,18.0,2025-10-24
INV_06508,PRD_4827,WH_004,18,18.0,2024-12-15
INV_06509,PRD_0805,WH_069,168,10.0,2024-01-04
INV_06510,PRD_3400,WH_068,107,,2025-10-27
INV_06511,PRD_2091,WH_072,27,12.0,2024-11-07
INV_06512,PRD_2514,WH_011,44,23.0,
INV_06513,PRD_0766,WH_014,42,0.0,2025-08-13
INV_06514,PRD_4363,WH_074,54,26.0,2024-09-21
INV_06515,PRD_3071,WH_041,71,22.0,2025-07-09
INV_06516,PRD_1774,WH_017,0,0.0,2025-04-12
INV_06517,PRD_2278,WH_019,256,10.0,2024-03-21
INV_06518,PRD_2872,WH_049,43,6.0,2025-08-27
INV_06519,PRD_0379,WH_007,211,5.0,2025-04-14
INV_06520,PRD_3757,WH_056,63,9.0,2025-06-18
INV_06521,PRD_1788,WH_060,56,9.0,2024-04-04
INV_06522,PRD_1587,WH_032,40,27.0,2025-08-19
INV_06523,PRD_4597,WH_029,88,6.0,2024-02-03
INV_06524,PRD_0316,WH_003,256,,2025-09-10
INV_06525,PRD_1076,WH_023,215,5.0,2024-01-24
INV_06526,PRD_1445,WH_008,30,9.0,2025-07-22
INV_06527,PRD_3038,WH_026,36,1.0,2024-08-20
INV_06528,PRD_2062,WH_052,87,23.0,2024-02-23
INV_06529,PRD_3562,WH_024,230,26.0,2024-02-05
INV_06530,PRD_2728,WH_017,41,15.0,2025-05-03
INV_06531,PRD_3146,WH_024,238,9.0,2024-08-13
INV_06532,PRD_2908,WH_029,239,9.0,2024-07-02
INV_06533,PRD_1360,WH_024,68,27.0,2025-11-18
INV_06534,PRD_4089,WH_058,11,0.0,2024-04-12
INV_06535,PRD_4688,WH_078,311,27.0,
INV_06536,PRD_3461,WH_063,258,21.0,2025-03-08
INV_06537,PRD_4387,WH_071,138,8.0,2024-04-22
INV_06538,PRD_0580,WH_028,376,5.0,2025-02-11
INV_06539,PRD_4653,WH_027,209,16.0,
INV_06540,PRD_0619,WH_035,120,7.0,2024-03-03
INV_06541,PRD_4240,WH_045,164,,2025-10-26
INV_06542,PRD_1655,WH_005,74,10.0,2025-03-11
INV_06543,PRD_3908,WH_052,80,30.0,2025-02-03
INV_06544,PRD_4091,WH_037,217,3.0,2024-12-20
INV_06545,PRD_4707,WH_042,72,20.0,2024-02-11
INV_06546,PRD_1837,WH_022,199,20.0,2024-07-06
INV_06547,PRD_0190,WH_046,19,13.0,
INV_06548,PRD_0841,WH_044,188,21.0,2025-10-24
INV_06549,PRD_0752,WH_071,59,,2024-04-13
INV_06550,PRD_3393,WH_018,56,25.0,2024-09-03
INV_06551,PRD_3482,WH_039,118,18.0,2025-02-09
INV_06552,PRD_4978,WH_031,92,12.0,2025-12-21
INV_06553,PRD_4483,WH_009,13,11.0,
INV_06554,PRD_3207,WH_004,34,6.0,2024-10-27
INV_06555,PRD_3190,WH_060,65,8.0,2025-05-10
INV_06556,PRD_3023,WH_058,144,27.0,2024-11-16
INV_06557,PRD_0030,WH_073,348,18.0,2024-09-14
INV_06558,PRD_4845,WH_069,100,18.0,2024-10-08
INV_06559,PRD_1048,WH_026,27,14.0,2025-12-04
INV_06560,PRD_4892,WH_049,61,5.0,2024-12-24
INV_06561,PRD_1440,WH_014,71,8.0,2025-01-21
INV_06562,PRD_2634,WH_034,52,2.0,2024-06-14
INV_06563,PRD_2700,WH_079,108,27.0,2024-04-22
INV_06564,PRD_1040,WH_078,81,10.0,2024-08-04
INV_06565,PRD_0964,WH_051,62,,
INV_06566,PRD_0955,WH_072,0,0.0,2024-07-13
INV_06567,PRD_2356,WH_065,98,,2025-01-01
INV_06568,PRD_1617,WH_065,13,0.0,2025-07-26
INV_06569,PRD_3263,WH_065,58,9.0,2024-01-25
INV_06570,PRD_4040,WH_035,99,21.0,
INV_06571,PRD_0334,WH_020,30,22.0,
INV_06572,PRD_1361,WH_005,21,8.0,
INV_06573,PRD_1614,WH_010,140,6.0,2025-04-05
INV_06574,PRD_2435,WH_021,61,30.0,2025-10-13
INV_06575,PRD_2151,WH_016,0,0.0,2025-11-15
INV_06576,PRD_3628,WH_004,160,17.0,2024-02-25
INV_06577,PRD_0169,WH_003,0,0.0,2025-12-12
INV_06578,PRD_4207,WH_055,37,6.0,2025-08-13
INV_06579,PRD_2136,WH_006,41,5.0,2024-07-18
INV_06580,PRD_3633,WH_006,128,,2025-04-16
INV_06581,PRD_0379,WH_019,318,2.0,2024-09-20
INV_06582,PRD_3696,WH_052,299,25.0,2025-11-16
INV_06583,PRD_4037,WH_058,210,18.0,
INV_06584,PRD_2609,WH_058,0,0.0,2024-10-22
INV_06585,PRD_2787,WH_013,0,0.0,2025-04-14
INV_06586,PRD_0383,WH_014,0,0.0,2025-06-12
INV_06587,PRD_4403,WH_004,104,17.0,2025-06-07
INV_06588,PRD_4008,WH_032,0,0.0,2024-05-22
INV_06589,PRD_4467,WH_030,27,17.0,2025-12-23
INV_06590,PRD_2600,WH_045,17,16.0,2024-06-21
INV_06591,PRD_3997,WH_068,410,18.0,2025-10-10
INV_06592,PRD_1690,WH_012,39,6.0,2024-06-20
INV_06593,PRD_3442,WH_009,111,27.0,2024-09-23
INV_06594,PRD_4335,WH_039,31,23.0,2024-05-27
INV_06595,PRD_4193,WH_052,360,5.0,2024-12-23
INV_06596,PRD_4093,WH_010,57,22.0,2025-03-22
INV_06597,PRD_2493,WH_080,178,10.0,2025-07-06
INV_06598,PRD_1180,WH_059,212,13.0,2025-03-17
INV_06599,PRD_3429,WH_058,468,0.0,
INV_06600,PRD_0633,WH_079,0,,
INV_06601,PRD_4824,WH_079,61,17.0,2025-09-25
INV_06602,PRD_2202,WH_015,103,7.0,2025-07-24
INV_06603,PRD_1227,WH_008,191,16.0,2024-10-19
INV_06604,PRD_0464,WH_064,57,8.0,2025-01-24
INV_06605,PRD_0020,WH_056,86,21.0,2025-01-19
INV_06606,PRD_3268,WH_019,9,8.0,2025-03-08
INV_06607,PRD_4520,WH_005,214,16.0,2025-05-24
INV_06608,PRD_1891,WH_077,0,0.0,2024-02-12
INV_06609,PRD_2463,WH_003,103,5.0,2024-12-08
INV_06610,PRD_0967,WH_066,92,28.0,2024-03-21
INV_06611,PRD_3717,WH_073,117,8.0,2025-12-16
INV_06612,PRD_1019,WH_072,80,7.0,2024-03-01
INV_06613,PRD_1365,WH_071,112,25.0,2024-01-11
INV_06614,PRD_0805,WH_051,66,,2024-07-02
INV_06615,PRD_4447,WH_064,152,,2025-12-01
INV_06616,PRD_3346,WH_066,69,18.0,2024-11-10
INV_06617,PRD_4465,WH_076,158,17.0,2024-08-16
INV_06618,PRD_3926,WH_004,119,18.0,2024-08-25
INV_06619,PRD_1393,WH_067,20,19.0,2025-06-22
INV_06620,PRD_3443,WH_058,77,8.0,2024-05-26
INV_06621,PRD_2151,WH_029,74,5.0,2024-04-26
INV_06622,PRD_1960,WH_036,0,0.0,2025-09-19
INV_06623,PRD_1902,WH_004,200,25.0,2024-07-08
INV_06624,PRD_3044,WH_012,254,5.0,2024-09-07
INV_06625,PRD_2487,WH_057,335,19.0,2024-04-01
INV_06626,PRD_0589,WH_057,0,0.0,2024-02-16
INV_06627,PRD_2083,WH_048,35,13.0,
INV_06628,PRD_1174,WH_064,295,,
INV_06629,PRD_3148,WH_033,0,0.0,2024-01-19
INV_06630,PRD_0409,WH_049,178,6.0,2024-10-12
INV_06631,PRD_0160,WH_003,51,11.0,2024-01-09
INV_06632,PRD_2590,WH_013,17,11.0,2025-02-09
INV_06633,PRD_3489,WH_021,30,27.0,2024-09-04
INV_06634,PRD_0034,WH_061,61,11.0,2025-03-22
INV_06635,PRD_4314,WH_050,56,,2025-08-21
INV_06636,PRD_3936,WH_005,240,7.0,2024-06-25
INV_06637,PRD_3749,WH_001,26,25.0,2024-01-23
INV_06638,PRD_4492,WH_029,97,25.0,2025-04-19
INV_06639,PRD_3909,WH_034,96,11.0,2024-08-17
INV_06640,PRD_1198,WH_031,48,5.0,2025-08-22
INV_06641,PRD_0994,WH_033,111,24.0,2025-07-22
INV_06642,PRD_0178,WH_040,58,21.0,2024-12-05
INV_06643,PRD_0276,WH_036,298,3.0,2024-09-25
INV_06644,PRD_1898,WH_035,67,19.0,2024-01-20
INV_06645,PRD_2967,WH_065,45,30.0,2024-02-18
INV_06646,PRD_2535,WH_003,157,15.0,2024-08-12
INV_06647,PRD_4593,WH_065,36,21.0,2025-08-16
INV_06648,PRD_4454,WH_015,69,16.0,2025-05-22
INV_06649,PRD_1640,WH_062,47,24.0,2025-08-07
INV_06650,PRD_1568,WH_026,33,1.0,2025-12-17
INV_06651,PRD_4427,WH_077,60,15.0,2024-07-08
INV_06652,PRD_3421,WH_017,182,8.0,2025-07-09
INV_06653,PRD_0973,WH_013,0,,2025-05-26
INV_06654,PRD_2429,WH_010,279,2.0,2025-10-27
INV_06655,PRD_3086,WH_030,169,3.0,2025-02-11
INV_06656,PRD_1759,WH_076,51,18.0,
INV_06657,PRD_2290,WH_032,254,15.0,2025-10-06
INV_06658,PRD_2714,WH_028,167,26.0,2025-10-22
INV_06659,PRD_2043,WH_077,77,,2024-12-26
INV_06660,PRD_0693,WH_061,160,12.0,2025-11-14
INV_06661,PRD_3860,WH_027,281,11.0,2025-04-22
INV_06662,PRD_0094,WH_002,103,22.0,2025-08-19
INV_06663,PRD_0151,WH_040,213,21.0,2025-10-22
INV_06664,PRD_0846,WH_064,138,6.0,2024-04-06
INV_06665,PRD_3911,WH_035,22,2.0,2024-09-08
INV_06666,PRD_2887,WH_054,76,21.0,2025-02-15
INV_06667,PRD_1790,WH_073,79,30.0,2025-11-17
INV_06668,PRD_1790,WH_067,37,28.0,2024-06-01
INV_06669,PRD_4868,WH_072,45,14.0,2024-06-02
INV_06670,PRD_3347,WH_079,42,19.0,2025-03-25
INV_06671,PRD_3474,WH_066,35,,2025-06-09
INV_06672,PRD_4851,WH_055,0,0.0,2025-09-18
INV_06673,PRD_2493,WH_024,41,23.0,2024-02-09
INV_06674,PRD_0542,WH_053,139,12.0,2025-09-19
INV_06675,PRD_3795,WH_067,20,,2024-05-07
INV_06676,PRD_0264,WH_031,321,22.0,
INV_06677,PRD_2453,WH_028,8,,2025-04-24
INV_06678,PRD_4764,WH_012,37,9.0,
INV_06679,PRD_4426,WH_037,121,24.0,2025-12-04
INV_06680,PRD_3829,WH_002,170,,2025-09-13
INV_06681,PRD_3023,WH_067,94,14.0,2024-06-14
INV_06682,PRD_0018,WH_055,26,0.0,2024-03-13
INV_06683,PRD_2466,WH_068,278,28.0,2025-04-11
INV_06684,PRD_1608,WH_029,14,8.0,2024-03-07
INV_06685,PRD_0966,WH_071,113,11.0,2025-07-24
INV_06686,PRD_2122,WH_037,78,29.0,2024-01-26
INV_06687,PRD_3766,WH_031,235,16.0,2025-10-04
INV_06688,PRD_2076,WH_070,55,14.0,2025-01-13
INV_06689,PRD_4902,WH_032,160,25.0,2024-12-27
INV_06690,PRD_0349,WH_058,145,,
INV_06691,PRD_4378,WH_069,64,15.0,2025-05-19
INV_06692,PRD_2272,WH_029,67,13.0,2024-07-09
INV_06693,PRD_4869,WH_053,86,27.0,2024-05-04
INV_06694,PRD_0109,WH_026,162,29.0,2024-04-15
INV_06695,PRD_3476,WH_057,347,13.0,2024-02-25
INV_06696,PRD_2618,WH_079,185,7.0,2024-04-18
INV_06697,PRD_1050,WH_018,126,19.0,2024-07-06
INV_06698,PRD_2797,WH_047,230,26.0,2024-08-21
INV_06699,PRD_1414,WH_043,211,10.0,2024-12-16
INV_06700,PRD_2969,WH_040,96,26.0,2024-02-03
INV_06701,PRD_2356,WH_044,212,19.0,2025-04-23
INV_06702,PRD_0538,WH_061,268,12.0,2025-10-17
INV_06703,PRD_0069,WH_048,29,26.0,2025-06-18
INV_06704,PRD_3462,WH_011,19,11.0,2025-10-07
INV_06705,PRD_4150,WH_067,97,26.0,2025-06-07
INV_06706,PRD_2608,WH_050,97,15.0,2025-10-01
INV_06707,PRD_2463,WH_002,260,16.0,2024-04-11
INV_06708,PRD_3416,WH_056,70,1.0,2024-12-06
INV_06709,PRD_4851,WH_066,97,3.0,2025-11-05
INV_06710,PRD_3312,WH_048,49,,2024-11-27
INV_06711,PRD_1946,WH_014,0,0.0,2025-11-26
INV_06712,PRD_3470,WH_065,179,21.0,2024-06-26
INV_06713,PRD_0878,WH_080,208,15.0,2024-02-03
INV_06714,PRD_4538,WH_042,121,,2025-09-13
INV_06715,PRD_3816,WH_033,89,8.0,
INV_06716,PRD_2958,WH_059,71,10.0,2024-09-21
INV_06717,PRD_2107,WH_043,260,16.0,2025-11-01
INV_06718,PRD_3534,WH_057,138,0.0,
INV_06719,PRD_2084,WH_043,258,22.0,2025-10-16
INV_06720,PRD_4872,WH_058,56,8.0,2024-06-15
INV_06721,PRD_1424,WH_032,9,2.0,2024-05-13
INV_06722,PRD_0222,WH_051,77,22.0,2024-04-14
INV_06723,PRD_2109,WH_027,281,,2024-11-02
INV_06724,PRD_0562,WH_020,456,4.0,
INV_06725,PRD_0265,WH_040,48,13.0,2025-10-02
INV_06726,PRD_3497,WH_031,21,,2024-09-12
INV_06727,PRD_1349,WH_041,31,14.0,2024-06-02
INV_06728,PRD_1731,WH_068,206,16.0,2024-11-02
INV_06729,PRD_2710,WH_074,37,25.0,2024-12-26
INV_06730,PRD_3998,WH_050,45,29.0,
INV_06731,PRD_1858,WH_060,145,10.0,2024-01-07
INV_06732,PRD_1915,WH_009,27,12.0,2024-06-22
INV_06733,PRD_0236,WH_050,106,28.0,2024-04-05
INV_06734,PRD_4712,WH_061,119,20.0,2025-01-09
INV_06735,PRD_2264,WH_066,268,21.0,2024-11-23
INV_06736,PRD_1550,WH_032,114,25.0,2025-07-05
INV_06737,PRD_1998,WH_056,114,25.0,2025-11-27
INV_06738,PRD_1430,WH_031,0,0.0,2025-02-26
INV_06739,PRD_1223,WH_076,89,17.0,
INV_06740,PRD_3838,WH_039,21,20.0,2024-06-03
INV_06741,PRD_4869,WH_012,60,9.0,2024-05-11
INV_06742,PRD_3706,WH_078,127,9.0,2025-12-13
INV_06743,PRD_0337,WH_031,72,5.0,2024-02-18
INV_06744,PRD_4965,WH_035,28,21.0,2025-01-19
INV_06745,PRD_1774,WH_005,17,,2024-01-16
INV_06746,PRD_3632,WH_053,23,10.0,2025-11-13
INV_06747,PRD_4887,WH_029,45,29.0,2025-02-14
INV_06748,PRD_0864,WH_003,16,14.0,2025-04-07
INV_06749,PRD_4628,WH_012,32,29.0,2025-01-08
INV_06750,PRD_0627,WH_009,133,,2025-11-10
INV_06751,PRD_4819,WH_079,61,13.0,2025-05-17
INV_06752,PRD_1523,WH_073,36,7.0,2025-02-22
INV_06753,PRD_0159,WH_042,0,0.0,2024-08-26
INV_06754,PRD_3289,WH_059,146,,2025-07-03
INV_06755,PRD_2443,WH_030,145,30.0,
INV_06756,PRD_2432,WH_015,67,8.0,2025-10-10
INV_06757,PRD_1422,WH_025,133,9.0,2024-08-14
INV_06758,PRD_0552,WH_040,11,9.0,2024-05-10
INV_06759,PRD_1293,WH_016,43,21.0,2024-01-20
INV_06760,PRD_2640,WH_031,256,4.0,2024-07-04
INV_06761,PRD_1219,WH_063,47,23.0,2025-01-26
INV_06762,PRD_0936,WH_058,128,,2024-01-09
INV_06763,PRD_3241,WH_058,249,8.0,2024-07-02
INV_06764,PRD_2100,WH_032,75,16.0,2024-11-07
INV_06765,PRD_3215,WH_006,139,23.0,
INV_06766,PRD_0617,WH_008,256,9.0,2025-04-08
INV_06767,PRD_2496,WH_009,22,1.0,2024-10-10
INV_06768,PRD_0824,WH_065,0,0.0,2025-09-18
INV_06769,PRD_1628,WH_069,135,1.0,2025-05-21
INV_06770,PRD_0739,WH_057,473,5.0,2025-08-25
INV_06771,PRD_3205,WH_007,78,18.0,2024-11-03
INV_06772,PRD_2641,WH_045,128,27.0,2024-05-23
INV_06773,PRD_1526,WH_044,124,8.0,2024-06-12
INV_06774,PRD_3356,WH_034,137,5.0,2025-08-03
INV_06775,PRD_3058,WH_011,331,20.0,2024-10-11
INV_06776,PRD_3166,WH_059,194,4.0,2025-07-19
INV_06777,PRD_1138,WH_007,54,6.0,2025-08-21
INV_06778,PRD_2698,WH_044,158,20.0,2025-11-01
INV_06779,PRD_0904,WH_037,133,28.0,
INV_06780,PRD_4260,WH_032,0,0.0,
INV_06781,PRD_2646,WH_071,206,2.0,2025-02-09
INV_06782,PRD_2640,WH_037,188,10.0,2024-05-10
INV_06783,PRD_0548,WH_045,94,,2025-06-23
INV_06784,PRD_4707,WH_024,164,11.0,2024-08-04
INV_06785,PRD_1678,WH_043,53,,2024-02-16
INV_06786,PRD_1827,WH_075,284,1.0,2024-01-22
INV_06787,PRD_2357,WH_059,24,2.0,2024-10-02
INV_06788,PRD_2913,WH_019,90,29.0,2024-09-01
INV_06789,PRD_4901,WH_010,148,25.0,2025-09-08
INV_06790,PRD_0191,WH_033,214,0.0,2024-01-15
INV_06791,PRD_2801,WH_011,37,22.0,2024-10-03
INV_06792,PRD_4428,WH_052,23,19.0,2025-06-27
INV_06793,PRD_4982,WH_056,208,,2025-08-27
INV_06794,PRD_3383,WH_013,148,27.0,2024-08-27
INV_06795,PRD_0019,WH_040,67,29.0,2025-11-21
INV_06796,PRD_1449,WH_015,81,5.0,
INV_06797,PRD_4012,WH_059,118,2.0,2024-01-11
INV_06798,PRD_4927,WH_046,15,4.0,2025-02-15
INV_06799,PRD_3390,WH_055,47,10.0,2025-09-14
INV_06800,PRD_2497,WH_070,35,27.0,2025-06-16
INV_06801,PRD_0101,WH_052,197,21.0,2025-12-05
INV_06802,PRD_0444,WH_046,26,12.0,2025-12-03
INV_06803,PRD_4095,WH_076,85,22.0,2024-04-05
INV_06804,PRD_2806,WH_048,106,,2025-02-11
INV_06805,PRD_2214,WH_053,178,17.0,2025-10-13
INV_06806,PRD_3150,WH_078,129,7.0,2024-01-09
INV_06807,PRD_0836,WH_075,148,26.0,2025-08-25
INV_06808,PRD_2255,WH_008,247,26.0,2024-11-25
INV_06809,PRD_2358,WH_079,85,,2025-06-27
INV_06810,PRD_1652,WH_051,26,10.0,2024-10-17
INV_06811,PRD_3990,WH_018,148,22.0,2024-12-04
INV_06812,PRD_1115,WH_002,71,20.0,2025-08-27
INV_06813,PRD_0149,WH_025,136,19.0,2025-11-21
INV_06814,PRD_4802,WH_029,0,0.0,
INV_06815,PRD_0781,WH_046,186,11.0,2024-11-05
INV_06816,PRD_2926,WH_065,333,13.0,2025-01-23
INV_06817,PRD_4823,WH_079,66,24.0,2024-04-01
INV_06818,PRD_3664,WH_023,139,3.0,2025-05-07
INV_06819,PRD_3808,WH_048,135,,2025-02-23
INV_06820,PRD_2129,WH_002,207,17.0,
INV_06821,PRD_4084,WH_026,124,27.0,2025-08-24
INV_06822,PRD_4403,WH_059,3,,2025-09-24
INV_06823,PRD_4027,WH_070,113,,2025-12-07
INV_06824,PRD_2305,WH_028,62,12.0,2024-12-07
INV_06825,PRD_4799,WH_069,62,1.0,2025-05-27
INV_06826,PRD_3311,WH_044,53,27.0,2025-07-21
INV_06827,PRD_0205,WH_033,67,,2024-10-01
INV_06828,PRD_4989,WH_050,31,30.0,2024-02-25
INV_06829,PRD_0793,WH_054,185,0.0,2024-10-24
INV_06830,PRD_1001,WH_043,198,12.0,2024-09-23
INV_06831,PRD_4337,WH_077,112,22.0,2024-02-02
INV_06832,PRD_4684,WH_073,124,13.0,2024-07-25
INV_06833,PRD_3737,WH_062,98,13.0,2024-09-16
INV_06834,PRD_2002,WH_058,109,7.0,2025-05-08
INV_06835,PRD_1376,WH_037,34,,2025-09-10
INV_06836,PRD_4573,WH_068,163,15.0,
INV_06837,PRD_1172,WH_007,103,25.0,2025-03-13
INV_06838,PRD_4612,WH_045,39,18.0,2024-04-25
INV_06839,PRD_4148,WH_005,212,11.0,2025-08-24
INV_06840,PRD_1868,WH_021,242,0.0,2025-11-02
INV_06841,PRD_4734,WH_002,31,22.0,
INV_06842,PRD_3516,WH_032,17,4.0,2024-04-24
INV_06843,PRD_0925,WH_011,193,30.0,2025-04-15
INV_06844,PRD_0108,WH_073,234,3.0,2024-06-17
INV_06845,PRD_1055,WH_007,153,7.0,2024-04-12
INV_06846,PRD_0881,WH_007,181,30.0,2024-01-11
INV_06847,PRD_4897,WH_049,10,4.0,2024-12-09
INV_06848,PRD_2309,WH_039,60,24.0,
INV_06849,PRD_0069,WH_031,235,22.0,2025-07-12
INV_06850,PRD_1222,WH_058,298,3.0,2024-06-18
INV_06851,PRD_4710,WH_061,43,8.0,2024-04-02
INV_06852,PRD_1310,WH_002,127,,2024-02-10
INV_06853,PRD_3541,WH_079,210,18.0,2025-10-03
INV_06854,PRD_4150,WH_017,145,10.0,
INV_06855,PRD_3664,WH_072,58,14.0,2024-01-16
INV_06856,PRD_1612,WH_046,49,14.0,2025-02-17
INV_06857,PRD_1609,WH_031,16,9.0,2025-10-12
INV_06858,PRD_4827,WH_036,0,0.0,2025-12-03
INV_06859,PRD_4387,WH_057,48,18.0,
INV_06860,PRD_0221,WH_020,171,12.0,2024-08-03
INV_06861,PRD_2715,WH_060,176,28.0,2024-11-09
INV_06862,PRD_2670,WH_043,6,1.0,2025-10-05
INV_06863,PRD_1001,WH_074,217,22.0,2025-01-17
INV_06864,PRD_2864,WH_016,177,8.0,2024-04-09
INV_06865,PRD_3906,WH_007,52,,2025-09-04
INV_06866,PRD_0430,WH_054,317,0.0,2025-09-25
INV_06867,PRD_3771,WH_001,90,5.0,
INV_06868,PRD_0935,WH_011,65,19.0,2025-01-21
INV_06869,PRD_0161,WH_044,204,3.0,2025-01-08
INV_06870,PRD_0256,WH_047,147,23.0,2025-01-09
INV_06871,PRD_1058,WH_058,88,24.0,2025-01-23
INV_06872,PRD_0294,WH_059,233,8.0,2024-08-11
INV_06873,PRD_1042,WH_030,112,11.0,2025-01-11
INV_06874,PRD_1361,WH_033,23,,2025-05-04
INV_06875,PRD_0994,WH_072,127,20.0,2025-10-03
INV_06876,PRD_4715,WH_021,43,3.0,2025-05-22
INV_06877,PRD_3344,WH_059,168,1.0,2024-08-24
INV_06878,PRD_4443,WH_015,41,4.0,2025-05-15
INV_06879,PRD_2440,WH_023,366,12.0,2024-02-25
INV_06880,PRD_4953,WH_037,84,5.0,2025-04-21
INV_06881,PRD_2028,WH_057,189,15.0,2024-11-26
INV_06882,PRD_3727,WH_030,52,26.0,2025-06-04
INV_06883,PRD_3608,WH_005,0,0.0,2025-11-04
INV_06884,PRD_3921,WH_048,85,2.0,2025-06-25
INV_06885,PRD_3037,WH_057,37,5.0,
INV_06886,PRD_0943,WH_037,81,12.0,2025-12-10
INV_06887,PRD_2669,WH_049,65,10.0,2025-06-06
INV_06888,PRD_4457,WH_015,0,0.0,2025-04-26
INV_06889,PRD_0340,WH_056,238,,2025-07-14
INV_06890,PRD_2592,WH_004,50,26.0,2024-07-19
INV_06891,PRD_1094,WH_003,0,0.0,
INV_06892,PRD_4019,WH_055,85,13.0,2024-09-22
INV_06893,PRD_0827,WH_048,0,,2024-07-20
INV_06894,PRD_4810,WH_017,0,0.0,2025-02-11
INV_06895,PRD_2000,WH_072,20,2.0,
INV_06896,PRD_2759,WH_002,140,29.0,2025-05-18
INV_06897,PRD_0733,WH_065,424,9.0,2025-04-23
INV_06898,PRD_0770,WH_010,70,,2025-10-06
INV_06899,PRD_0553,WH_040,0,0.0,2024-03-21
INV_06900,PRD_4040,WH_026,15,9.0,2024-03-08
INV_06901,PRD_0601,WH_080,110,22.0,2025-05-26
INV_06902,PRD_3495,WH_055,406,,2025-02-15
INV_06903,PRD_3425,WH_013,25,0.0,2025-04-09
INV_06904,PRD_3018,WH_039,89,6.0,
INV_06905,PRD_2986,WH_032,26,22.0,2025-03-24
INV_06906,PRD_0643,WH_062,320,10.0,2024-08-13
INV_06907,PRD_0108,WH_069,124,,2025-02-15
INV_06908,PRD_1528,WH_019,120,23.0,2024-05-18
INV_06909,PRD_1039,WH_036,219,12.0,2024-02-25
INV_06910,PRD_3889,WH_020,80,16.0,
INV_06911,PRD_0334,WH_078,22,19.0,2024-02-10
INV_06912,PRD_3999,WH_053,47,2.0,2024-06-20
INV_06913,PRD_0546,WH_008,95,26.0,2024-05-26
INV_06914,PRD_0415,WH_037,545,,2024-08-18
INV_06915,PRD_4380,WH_044,42,27.0,2025-06-11
INV_06916,PRD_3036,WH_043,27,5.0,2024-06-21
INV_06917,PRD_4585,WH_069,155,17.0,2024-01-03
INV_06918,PRD_0978,WH_015,52,23.0,2024-07-14
INV_06919,PRD_1968,WH_073,94,29.0,2025-03-22
INV_06920,PRD_2270,WH_070,127,6.0,2024-04-06
INV_06921,PRD_3175,WH_043,18,18.0,2024-03-20
INV_06922,PRD_3756,WH_001,1,1.0,2024-06-27
INV_06923,PRD_0175,WH_045,295,19.0,2025-05-26
INV_06924,PRD_2487,WH_069,267,3.0,
INV_06925,PRD_2240,WH_048,251,15.0,2025-02-17
INV_06926,PRD_0022,WH_006,152,15.0,2025-11-24
INV_06927,PRD_3227,WH_064,150,20.0,2025-11-12
INV_06928,PRD_0248,WH_027,5,1.0,2025-08-18
INV_06929,PRD_2814,WH_011,140,5.0,2024-09-15
INV_06930,PRD_1031,WH_067,44,7.0,2025-04-07
INV_06931,PRD_0962,WH_020,52,,2025-02-18
INV_06932,PRD_4758,WH_018,19,3.0,
INV_06933,PRD_1734,WH_048,13,9.0,
INV_06934,PRD_2820,WH_012,95,26.0,2025-09-07
INV_06935,PRD_4946,WH_057,32,,2025-07-27
INV_06936,PRD_0521,WH_018,127,,2024-01-02
INV_06937,PRD_3497,WH_046,138,4.0,
INV_06938,PRD_2749,WH_033,113,27.0,2024-03-27
INV_06939,PRD_0139,WH_029,141,25.0,2024-04-06
INV_06940,PRD_0283,WH_062,147,23.0,2024-09-09
INV_06941,PRD_4576,WH_047,49,,2025-05-20
INV_06942,PRD_0914,WH_043,80,25.0,2024-12-09
INV_06943,PRD_4269,WH_015,60,20.0,2024-03-09
INV_06944,PRD_2062,WH_028,89,,2025-03-07
INV_06945,PRD_2041,WH_056,32,,2025-08-04
INV_06946,PRD_4747,WH_044,55,14.0,2025-05-12
INV_06947,PRD_3545,WH_066,121,25.0,2025-03-19
INV_06948,PRD_3264,WH_056,24,6.0,2024-01-01
INV_06949,PRD_1983,WH_048,59,21.0,2025-06-14
INV_06950,PRD_1892,WH_060,47,0.0,2025-04-02
INV_06951,PRD_2015,WH_063,44,12.0,2025-08-22
INV_06952,PRD_1776,WH_041,107,1.0,2025-05-25
INV_06953,PRD_1098,WH_001,121,19.0,2024-05-24
INV_06954,PRD_3213,WH_034,138,12.0,2024-12-06
INV_06955,PRD_0874,WH_015,298,10.0,2024-01-04
INV_06956,PRD_2368,WH_073,67,,2024-07-24
INV_06957,PRD_2108,WH_050,71,25.0,2024-05-17
INV_06958,PRD_0715,WH_034,182,21.0,2024-08-13
INV_06959,PRD_2407,WH_004,240,1.0,2024-09-11
INV_06960,PRD_3080,WH_048,74,21.0,2024-09-08
INV_06961,PRD_2237,WH_018,156,7.0,2024-07-05
INV_06962,PRD_2394,WH_073,59,,2025-04-25
INV_06963,PRD_1219,WH_038,54,16.0,2025-12-09
INV_06964,PRD_3732,WH_047,0,0.0,2024-12-02
INV_06965,PRD_4022,WH_058,4,,2024-04-05
INV_06966,PRD_1524,WH_072,49,19.0,2024-02-03
INV_06967,PRD_0785,WH_051,78,12.0,
INV_06968,PRD_4100,WH_054,26,0.0,
INV_06969,PRD_0345,WH_046,109,28.0,2025-07-15
INV_06970,PRD_3393,WH_060,4,2.0,2024-06-01
INV_06971,PRD_4056,WH_007,53,11.0,2025-03-21
INV_06972,PRD_3950,WH_014,154,,2024-08-14
INV_06973,PRD_2102,WH_026,111,12.0,2024-10-02
INV_06974,PRD_2530,WH_009,192,1.0,2025-11-24
INV_06975,PRD_3050,WH_074,26,2.0,2025-02-19
INV_06976,PRD_0074,WH_024,442,0.0,2024-03-20
INV_06977,PRD_2286,WH_011,65,7.0,2024-01-01
INV_06978,PRD_4414,WH_048,38,16.0,2025-05-01
INV_06979,PRD_1877,WH_078,13,7.0,2025-05-22
INV_06980,PRD_1275,WH_046,192,12.0,2025-12-25
INV_06981,PRD_3328,WH_050,74,16.0,
INV_06982,PRD_3195,WH_026,29,,2025-11-24
INV_06983,PRD_3646,WH_027,159,16.0,2024-02-26
INV_06984,PRD_1191,WH_066,52,8.0,2024-01-07
INV_06985,PRD_0809,WH_057,469,1.0,
INV_06986,PRD_3982,WH_077,88,24.0,2025-04-24
INV_06987,PRD_3987,WH_054,54,15.0,2024-06-17
INV_06988,PRD_2812,WH_079,91,,2025-01-25
INV_06989,PRD_0217,WH_078,12,10.0,
INV_06990,PRD_2652,WH_035,224,8.0,2025-04-15
INV_06991,PRD_3699,WH_035,78,28.0,2025-02-04
INV_06992,PRD_3052,WH_021,75,18.0,2025-08-05
INV_06993,PRD_4221,WH_018,24,,2024-08-23
INV_06994,PRD_1203,WH_060,265,12.0,2025-01-19
INV_06995,PRD_3409,WH_013,116,1.0,2025-03-15
INV_06996,PRD_1042,WH_012,204,6.0,2025-05-14
INV_06997,PRD_1188,WH_077,22,19.0,2025-06-25
INV_06998,PRD_0655,WH_067,62,21.0,2024-12-17
INV_06999,PRD_4910,WH_012,96,4.0,2024-10-12
INV_07000,PRD_3104,WH_021,2,0.0,2024-05-26
INV_07001,PRD_0153,WH_036,28,14.0,2025-07-13
INV_07002,PRD_1293,WH_025,53,10.0,2024-02-09
INV_07003,PRD_1622,WH_014,91,23.0,2025-04-24
INV_07004,PRD_1272,WH_058,9,1.0,2025-11-22
INV_07005,PRD_0989,WH_069,38,25.0,2025-10-07
INV_07006,PRD_2546,WH_009,46,26.0,2024-04-08
INV_07007,PRD_3030,WH_036,56,4.0,2025-03-10
INV_07008,PRD_4372,WH_020,58,1.0,2024-10-22
INV_07009,PRD_1688,WH_024,128,14.0,
INV_07010,PRD_3402,WH_010,0,0.0,2025-04-19
INV_07011,PRD_0006,WH_060,0,0.0,2024-08-03
INV_07012,PRD_4241,WH_041,149,0.0,2024-02-01
INV_07013,PRD_3990,WH_035,162,22.0,2025-04-05
INV_07014,PRD_2048,WH_079,123,10.0,
INV_07015,PRD_1287,WH_055,65,16.0,2025-01-14
INV_07016,PRD_1619,WH_047,74,27.0,2024-09-24
INV_07017,PRD_2061,WH_078,38,19.0,2024-09-03
INV_07018,PRD_4451,WH_061,107,6.0,2024-09-22
INV_07019,PRD_0336,WH_059,99,21.0,2025-12-10
INV_07020,PRD_2371,WH_012,129,16.0,2024-03-01
INV_07021,PRD_1239,WH_066,1,,
INV_07022,PRD_4623,WH_057,96,1.0,2025-04-10
INV_07023,PRD_0703,WH_056,28,27.0,2024-07-08
INV_07024,PRD_1663,WH_008,20,15.0,
INV_07025,PRD_1066,WH_036,0,0.0,2024-04-09
INV_07026,PRD_0619,WH_042,0,0.0,2024-03-26
INV_07027,PRD_0391,WH_036,0,0.0,2025-08-01
INV_07028,PRD_4808,WH_032,18,,
INV_07029,PRD_4503,WH_061,79,29.0,2025-08-02
INV_07030,PRD_3199,WH_009,95,6.0,2024-11-02
INV_07031,PRD_1085,WH_021,22,17.0,2025-02-27
INV_07032,PRD_0063,WH_024,0,0.0,2025-04-14
INV_07033,PRD_4875,WH_006,73,19.0,2025-11-08
INV_07034,PRD_3838,WH_076,43,11.0,2025-11-08
INV_07035,PRD_1163,WH_076,58,29.0,2025-12-21
INV_07036,PRD_0755,WH_009,119,10.0,2024-02-27
INV_07037,PRD_0709,WH_053,78,15.0,2024-03-18
INV_07038,PRD_1155,WH_009,56,27.0,2025-04-13
INV_07039,PRD_0759,WH_048,20,3.0,2025-06-02
INV_07040,PRD_0823,WH_037,415,30.0,2025-07-07
INV_07041,PRD_0286,WH_066,369,9.0,2025-09-23
INV_07042,PRD_0113,WH_041,48,1.0,2025-05-09
INV_07043,PRD_4609,WH_073,212,16.0,2025-05-19
INV_07044,PRD_0958,WH_032,17,2.0,2024-11-15
INV_07045,PRD_1429,WH_012,144,14.0,2025-10-12
INV_07046,PRD_0824,WH_014,0,0.0,2025-12-24
INV_07047,PRD_0389,WH_079,88,22.0,2025-06-15
INV_07048,PRD_2588,WH_045,149,10.0,2024-10-01
INV_07049,PRD_0840,WH_034,228,,2025-01-15
INV_07050,PRD_4574,WH_028,36,0.0,2025-03-24
INV_07051,PRD_1756,WH_077,0,0.0,2025-10-21
INV_07052,PRD_3949,WH_027,22,21.0,2025-11-08
INV_07053,PRD_3903,WH_066,169,29.0,2025-06-24
INV_07054,PRD_1152,WH_023,243,14.0,2025-11-22
INV_07055,PRD_2563,WH_041,130,8.0,2025-07-05
INV_07056,PRD_3619,WH_038,205,6.0,2024-08-05
INV_07057,PRD_3365,WH_028,91,6.0,2025-08-07
INV_07058,PRD_4866,WH_027,22,11.0,2025-05-21
INV_07059,PRD_1536,WH_023,4,4.0,2025-11-03
INV_07060,PRD_2019,WH_038,0,0.0,2024-03-08
INV_07061,PRD_1279,WH_050,0,,2024-05-27
INV_07062,PRD_0094,WH_043,88,9.0,2025-01-11
INV_07063,PRD_2417,WH_047,0,0.0,2025-09-16
INV_07064,PRD_3063,WH_026,42,4.0,2024-01-15
INV_07065,PRD_2050,WH_073,158,,2025-06-07
INV_07066,PRD_1012,WH_029,281,7.0,2024-06-27
INV_07067,PRD_2297,WH_025,34,29.0,2025-10-02
INV_07068,PRD_1673,WH_062,80,18.0,2025-06-22
INV_07069,PRD_1977,WH_032,218,2.0,2025-09-10
INV_07070,PRD_1541,WH_009,109,12.0,
INV_07071,PRD_3710,WH_056,87,16.0,2025-02-07
INV_07072,PRD_2336,WH_006,246,,2025-03-24
INV_07073,PRD_0368,WH_062,0,0.0,2025-09-11
INV_07074,PRD_2951,WH_076,73,10.0,2025-12-09
INV_07075,PRD_3850,WH_008,140,17.0,2024-05-22
INV_07076,PRD_1182,WH_026,66,15.0,2025-02-16
INV_07077,PRD_2846,WH_013,133,,2025-01-19
INV_07078,PRD_0175,WH_077,213,19.0,2024-02-12
INV_07079,PRD_2453,WH_019,56,25.0,2024-11-18
INV_07080,PRD_2296,WH_034,25,11.0,2024-01-09
INV_07081,PRD_4105,WH_050,118,,2025-07-03
INV_07082,PRD_1596,WH_042,57,21.0,2025-08-12
INV_07083,PRD_4293,WH_005,85,,2024-05-13
INV_07084,PRD_3430,WH_009,0,0.0,2025-04-06
INV_07085,PRD_3464,WH_037,170,,2024-11-22
INV_07086,PRD_2903,WH_005,187,29.0,2025-11-03
INV_07087,PRD_0476,WH_064,61,7.0,2025-11-16
INV_07088,PRD_0889,WH_001,40,6.0,2024-08-27
INV_07089,PRD_0310,WH_018,477,19.0,2025-06-24
INV_07090,PRD_3291,WH_049,48,4.0,2024-06-06
INV_07091,PRD_4611,WH_031,2,2.0,2024-09-15
INV_07092,PRD_2374,WH_046,160,13.0,2024-12-13
INV_07093,PRD_4988,WH_053,137,4.0,2024-05-26
INV_07094,PRD_2893,WH_021,50,30.0,2024-09-09
INV_07095,PRD_0909,WH_005,4,3.0,2024-01-14
INV_07096,PRD_1667,WH_042,59,4.0,2024-05-17
INV_07097,PRD_0398,WH_050,161,9.0,2025-02-01
INV_07098,PRD_4957,WH_055,172,30.0,2025-12-12
INV_07099,PRD_0387,WH_078,20,5.0,
INV_07100,PRD_1649,WH_004,61,,2025-06-03
INV_07101,PRD_0011,WH_013,55,21.0,2025-07-04
INV_07102,PRD_3137,WH_004,14,2.0,2024-08-16
INV_07103,PRD_0238,WH_016,44,11.0,2025-09-25
INV_07104,PRD_4333,WH_075,10,,2024-10-17
INV_07105,PRD_2397,WH_018,104,13.0,
INV_07106,PRD_1600,WH_006,40,16.0,2025-05-20
INV_07107,PRD_4488,WH_063,64,20.0,2024-05-24
INV_07108,PRD_3201,WH_015,38,2.0,2025-09-08
INV_07109,PRD_4842,WH_077,81,12.0,2025-11-03
INV_07110,PRD_4560,WH_006,115,6.0,2025-01-17
INV_07111,PRD_3487,WH_079,45,19.0,2024-01-24
INV_07112,PRD_3312,WH_032,61,26.0,2024-06-11
INV_07113,PRD_3810,WH_014,195,5.0,2024-01-19
INV_07114,PRD_0503,WH_062,371,21.0,2025-01-20
INV_07115,PRD_3866,WH_017,44,,2024-08-26
INV_07116,PRD_0040,WH_001,122,7.0,2024-08-22
INV_07117,PRD_3350,WH_061,56,12.0,2025-07-16
INV_07118,PRD_1206,WH_021,129,7.0,2025-09-11
INV_07119,PRD_4867,WH_052,177,18.0,2025-04-12
INV_07120,PRD_2504,WH_041,0,,2025-01-14
INV_07121,PRD_0425,WH_014,50,0.0,2025-01-22
INV_07122,PRD_1802,WH_059,44,1.0,2024-07-22
INV_07123,PRD_3258,WH_037,359,,2024-10-12
INV_07124,PRD_3149,WH_063,57,21.0,2025-07-19
INV_07125,PRD_3437,WH_023,321,,
INV_07126,PRD_3607,WH_053,33,15.0,2024-08-08
INV_07127,PRD_2921,WH_040,19,19.0,2025-08-08
INV_07128,PRD_0948,WH_043,55,5.0,2025-10-09
INV_07129,PRD_4037,WH_049,160,0.0,2024-12-03
INV_07130,PRD_2614,WH_017,257,18.0,2025-06-09
INV_07131,PRD_0238,WH_052,78,21.0,
INV_07132,PRD_4632,WH_061,171,25.0,2025-02-05
INV_07133,PRD_2057,WH_069,91,11.0,2025-02-04
INV_07134,PRD_0907,WH_006,43,28.0,2025-01-19
INV_07135,PRD_3036,WH_010,41,17.0,2025-02-06
INV_07136,PRD_1945,WH_042,3,3.0,2025-03-02
INV_07137,PRD_4898,WH_052,171,22.0,2024-02-18
INV_07138,PRD_3958,WH_008,93,21.0,2025-04-04
INV_07139,PRD_3277,WH_060,109,2.0,2025-04-12
INV_07140,PRD_4346,WH_022,32,6.0,2024-01-12
INV_07141,PRD_0598,WH_075,92,14.0,2024-06-22
INV_07142,PRD_0951,WH_015,244,25.0,
INV_07143,PRD_2187,WH_047,387,2.0,
INV_07144,PRD_3700,WH_037,118,14.0,2025-06-26
INV_07145,PRD_3828,WH_036,67,18.0,2025-11-13
INV_07146,PRD_3446,WH_034,200,19.0,2024-01-24
INV_07147,PRD_0289,WH_050,94,,2025-01-22
INV_07148,PRD_3736,WH_002,59,11.0,2024-10-23
INV_07149,PRD_0567,WH_077,225,27.0,2025-08-15
INV_07150,PRD_1886,WH_007,84,17.0,2024-10-16
INV_07151,PRD_4449,WH_032,50,3.0,2024-11-19
INV_07152,PRD_2919,WH_044,99,9.0,2025-12-21
INV_07153,PRD_2132,WH_068,203,19.0,2024-12-04
INV_07154,PRD_0873,WH_018,149,19.0,2025-05-18
INV_07155,PRD_2685,WH_047,7,5.0,2025-05-09
INV_07156,PRD_1585,WH_038,158,21.0,2024-01-25
INV_07157,PRD_1017,WH_058,105,4.0,2024-09-17
INV_07158,PRD_4307,WH_001,52,17.0,2024-12-05
INV_07159,PRD_3425,WH_072,61,21.0,2024-01-20
INV_07160,PRD_2086,WH_049,51,3.0,2025-05-24
INV_07161,PRD_3726,WH_021,34,6.0,2025-06-22
INV_07162,PRD_4262,WH_008,101,30.0,2025-02-10
INV_07163,PRD_4847,WH_068,106,16.0,2024-07-02
INV_07164,PRD_3334,WH_070,6,1.0,2024-12-05
INV_07165,PRD_4064,WH_033,211,9.0,2025-11-20
INV_07166,PRD_3796,WH_064,86,0.0,2025-11-15
INV_07167,PRD_1477,WH_011,65,7.0,2025-02-24
INV_07168,PRD_0975,WH_045,51,24.0,2024-11-01
INV_07169,PRD_1060,WH_058,70,22.0,2025-11-24
INV_07170,PRD_0465,WH_025,6,1.0,2025-10-22
INV_07171,PRD_3014,WH_015,138,,2025-11-09
INV_07172,PRD_3616,WH_076,39,,2024-12-25
INV_07173,PRD_2415,WH_023,43,5.0,2024-08-25
INV_07174,PRD_2311,WH_032,92,13.0,2025-02-02
INV_07175,PRD_4976,WH_048,26,13.0,
INV_07176,PRD_0235,WH_002,18,8.0,2025-01-21
INV_07177,PRD_1284,WH_059,0,0.0,
INV_07178,PRD_4054,WH_012,161,3.0,
INV_07179,PRD_2791,WH_032,0,0.0,2024-08-10
INV_07180,PRD_3181,WH_013,10,3.0,2024-11-21
INV_07181,PRD_4678,WH_018,120,18.0,2025-01-26
INV_07182,PRD_4747,WH_034,75,29.0,2024-03-23
INV_07183,PRD_3061,WH_015,260,,2024-12-12
INV_07184,PRD_3172,WH_058,62,,2025-11-05
INV_07185,PRD_4535,WH_004,0,0.0,2025-12-26
INV_07186,PRD_3541,WH_031,67,13.0,2025-01-19
INV_07187,PRD_0860,WH_057,160,27.0,2025-05-20
INV_07188,PRD_4180,WH_003,80,24.0,2024-11-05
INV_07189,PRD_4693,WH_022,89,20.0,2025-06-02
INV_07190,PRD_0065,WH_072,218,12.0,2024-11-15
INV_07191,PRD_1935,WH_013,0,0.0,2025-12-05
INV_07192,PRD_2293,WH_027,196,4.0,2024-10-02
INV_07193,PRD_2468,WH_017,513,0.0,2025-07-01
INV_07194,PRD_4172,WH_021,45,14.0,2024-06-06
INV_07195,PRD_2119,WH_063,40,6.0,2025-05-22
INV_07196,PRD_4847,WH_035,162,6.0,2025-03-12
INV_07197,PRD_4539,WH_015,61,14.0,2025-09-21
INV_07198,PRD_0985,WH_024,105,11.0,2024-08-15
INV_07199,PRD_2387,WH_051,7,2.0,2024-01-11
INV_07200,PRD_2123,WH_032,45,1.0,2024-11-01
INV_07201,PRD_4789,WH_046,62,,2024-08-02
INV_07202,PRD_3550,WH_031,71,26.0,2024-02-13
INV_07203,PRD_3751,WH_026,0,0.0,2024-05-01
INV_07204,PRD_3608,WH_018,211,29.0,2024-02-17
INV_07205,PRD_4254,WH_061,112,10.0,2025-04-01
INV_07206,PRD_0612,WH_055,233,30.0,2024-02-09
INV_07207,PRD_1605,WH_029,0,0.0,2025-05-20
INV_07208,PRD_3042,WH_014,145,24.0,2024-10-08
INV_07209,PRD_4018,WH_012,20,,2024-09-05
INV_07210,PRD_2894,WH_054,215,19.0,2025-02-22
INV_07211,PRD_0398,WH_041,161,23.0,2024-07-13
INV_07212,PRD_4546,WH_019,29,26.0,2024-07-04
INV_07213,PRD_3027,WH_029,35,7.0,2024-07-07
INV_07214,PRD_1203,WH_076,289,25.0,2024-11-20
INV_07215,PRD_1912,WH_041,62,9.0,2024-01-07
INV_07216,PRD_3942,WH_063,65,11.0,2025-06-11
INV_07217,PRD_1641,WH_024,63,4.0,2025-02-06
INV_07218,PRD_4635,WH_061,0,0.0,2025-02-11
INV_07219,PRD_1692,WH_044,5,,2025-03-18
INV_07220,PRD_0469,WH_022,0,0.0,2025-08-17
INV_07221,PRD_4481,WH_001,22,18.0,2024-01-02
INV_07222,PRD_1831,WH_068,131,10.0,2024-07-01
INV_07223,PRD_3662,WH_006,65,9.0,2024-02-16
INV_07224,PRD_1950,WH_022,2,1.0,2024-04-07
INV_07225,PRD_2705,WH_040,137,27.0,2024-10-03
INV_07226,PRD_4978,WH_073,0,0.0,2025-05-05
INV_07227,PRD_2047,WH_005,195,,2024-10-17
INV_07228,PRD_4978,WH_047,165,,
INV_07229,PRD_4334,WH_041,14,8.0,
INV_07230,PRD_4177,WH_048,59,17.0,2025-10-04
INV_07231,PRD_0249,WH_029,0,0.0,2024-01-27
INV_07232,PRD_0333,WH_051,281,18.0,2025-12-23
INV_07233,PRD_1034,WH_078,90,23.0,2025-03-24
INV_07234,PRD_3638,WH_006,26,,2024-12-10
INV_07235,PRD_4146,WH_069,142,23.0,2025-12-07
INV_07236,PRD_4827,WH_050,21,16.0,2024-06-12
INV_07237,PRD_1602,WH_021,42,22.0,2024-11-06
INV_07238,PRD_0833,WH_023,31,28.0,2025-12-12
INV_07239,PRD_2219,WH_034,348,3.0,
INV_07240,PRD_2003,WH_053,188,4.0,2024-12-23
INV_07241,PRD_4684,WH_009,134,,2024-11-08
INV_07242,PRD_4758,WH_028,40,21.0,2024-05-15
INV_07243,PRD_2170,WH_080,215,14.0,2024-08-15
INV_07244,PRD_3642,WH_036,385,22.0,2025-05-24
INV_07245,PRD_0934,WH_044,42,22.0,
INV_07246,PRD_4044,WH_031,165,7.0,
INV_07247,PRD_3174,WH_017,20,1.0,2025-03-23
INV_07248,PRD_0751,WH_065,0,0.0,2025-05-16
INV_07249,PRD_3838,WH_006,29,6.0,2025-04-06
INV_07250,PRD_4558,WH_034,45,,2025-11-02
INV_07251,PRD_1218,WH_045,28,22.0,2025-09-23
INV_07252,PRD_0937,WH_074,162,2.0,2025-05-09
INV_07253,PRD_1615,WH_006,84,2.0,2025-02-04
INV_07254,PRD_4410,WH_076,83,,2024-03-14
INV_07255,PRD_4765,WH_054,5,,2025-11-11
INV_07256,PRD_3779,WH_016,66,18.0,2024-07-02
INV_07257,PRD_2918,WH_001,203,23.0,2025-10-24
INV_07258,PRD_1964,WH_006,0,,2024-10-12
INV_07259,PRD_4020,WH_038,109,26.0,2024-02-25
INV_07260,PRD_3432,WH_043,122,28.0,2025-09-09
INV_07261,PRD_0698,WH_043,55,19.0,
INV_07262,PRD_1688,WH_013,68,12.0,2024-12-26
INV_07263,PRD_2775,WH_062,241,20.0,2024-05-04
INV_07264,PRD_1540,WH_074,65,27.0,2025-11-23
INV_07265,PRD_1694,WH_016,122,17.0,2025-04-27
INV_07266,PRD_2568,WH_051,207,9.0,
INV_07267,PRD_1947,WH_030,160,3.0,2024-04-12
INV_07268,PRD_0456,WH_035,460,23.0,2025-08-17
INV_07269,PRD_4920,WH_045,58,24.0,2024-04-24
INV_07270,PRD_4989,WH_038,71,9.0,2025-08-10
INV_07271,PRD_2218,WH_069,69,22.0,2024-02-14
INV_07272,PRD_3601,WH_004,73,1.0,2025-06-04
INV_07273,PRD_3948,WH_036,82,4.0,
INV_07274,PRD_1040,WH_048,22,15.0,2024-11-24
INV_07275,PRD_2405,WH_076,253,20.0,2024-10-27
INV_07276,PRD_0256,WH_009,230,,2024-11-08
INV_07277,PRD_1664,WH_031,16,5.0,
INV_07278,PRD_3674,WH_040,226,3.0,2024-03-17
INV_07279,PRD_4298,WH_042,1,1.0,2025-01-02
INV_07280,PRD_2330,WH_032,35,3.0,2024-11-25
INV_07281,PRD_2074,WH_033,30,20.0,2024-06-01
INV_07282,PRD_4993,WH_049,172,5.0,2024-11-16
INV_07283,PRD_0236,WH_062,22,13.0,2024-05-26
INV_07284,PRD_4222,WH_002,94,9.0,2024-09-26
INV_07285,PRD_1998,WH_074,74,6.0,2024-03-11
INV_07286,PRD_0645,WH_009,73,9.0,2024-04-25
INV_07287,PRD_4043,WH_060,78,24.0,2025-10-18
INV_07288,PRD_0941,WH_080,116,13.0,
INV_07289,PRD_4332,WH_022,28,19.0,2025-11-02
INV_07290,PRD_3262,WH_010,68,6.0,2024-05-24
INV_07291,PRD_2425,WH_039,129,16.0,2024-12-04
INV_07292,PRD_0687,WH_043,222,20.0,2024-04-25
INV_07293,PRD_3481,WH_075,402,29.0,2025-10-03
INV_07294,PRD_2735,WH_015,206,20.0,2025-05-08
INV_07295,PRD_0546,WH_027,68,30.0,2025-03-21
INV_07296,PRD_3295,WH_021,82,28.0,2024-06-03
INV_07297,PRD_0049,WH_067,32,25.0,2025-11-04
INV_07298,PRD_4372,WH_065,70,14.0,2025-06-18
INV_07299,PRD_3581,WH_029,0,,2025-12-24
INV_07300,PRD_4865,WH_020,198,11.0,2025-10-11
INV_07301,PRD_3081,WH_061,104,1.0,2025-07-01
INV_07302,PRD_2681,WH_050,143,,2025-02-21
INV_07303,PRD_4960,WH_023,57,,2025-09-12
INV_07304,PRD_0178,WH_022,202,2.0,2024-04-17
INV_07305,PRD_3983,WH_072,38,26.0,2025-12-20
INV_07306,PRD_1677,WH_024,26,22.0,2024-08-25
INV_07307,PRD_1556,WH_031,59,30.0,2024-05-22
INV_07308,PRD_2196,WH_067,238,9.0,2025-09-16
INV_07309,PRD_0707,WH_012,232,29.0,2025-06-23
INV_07310,PRD_2117,WH_032,6,0.0,
INV_07311,PRD_4997,WH_056,41,6.0,2024-07-13
INV_07312,PRD_4512,WH_076,12,5.0,2025-02-23
INV_07313,PRD_3397,WH_030,134,24.0,2024-06-03
INV_07314,PRD_4871,WH_043,69,8.0,2025-12-23
INV_07315,PRD_0091,WH_007,0,0.0,2024-04-21
INV_07316,PRD_0672,WH_029,23,4.0,2025-01-21
INV_07317,PRD_1340,WH_039,5,3.0,2024-06-15
INV_07318,PRD_0284,WH_025,0,0.0,2025-10-05
INV_07319,PRD_0919,WH_007,238,23.0,2024-12-21
INV_07320,PRD_0855,WH_045,0,0.0,2024-03-08
INV_07321,PRD_0878,WH_077,375,,2025-03-19
INV_07322,PRD_4877,WH_035,176,7.0,2025-05-17
INV_07323,PRD_0785,WH_064,0,0.0,2024-03-12
INV_07324,PRD_4721,WH_049,0,0.0,2025-06-02
INV_07325,PRD_3929,WH_049,138,30.0,
INV_07326,PRD_2555,WH_058,333,7.0,2025-11-01
INV_07327,PRD_0764,WH_029,109,15.0,2025-07-17
INV_07328,PRD_2521,WH_075,161,18.0,2024-12-23
INV_07329,PRD_2580,WH_053,146,5.0,2025-01-16
INV_07330,PRD_2285,WH_038,16,6.0,
INV_07331,PRD_1854,WH_044,0,0.0,2025-09-04
INV_07332,PRD_4282,WH_069,91,25.0,2025-06-26
INV_07333,PRD_0336,WH_077,321,2.0,2024-01-11
INV_07334,PRD_1994,WH_055,134,,2025-09-04
INV_07335,PRD_0723,WH_071,55,15.0,2025-11-07
INV_07336,PRD_2329,WH_073,199,5.0,2025-04-05
INV_07337,PRD_2254,WH_068,115,5.0,
INV_07338,PRD_1169,WH_030,195,,
INV_07339,PRD_4771,WH_079,46,18.0,2025-07-11
INV_07340,PRD_4692,WH_076,114,12.0,2025-08-23
INV_07341,PRD_2532,WH_013,96,23.0,2025-08-11
INV_07342,PRD_2943,WH_052,214,11.0,2024-10-22
INV_07343,PRD_0154,WH_030,113,23.0,
INV_07344,PRD_1377,WH_068,105,9.0,2025-06-27
INV_07345,PRD_0270,WH_038,250,0.0,2025-01-01
INV_07346,PRD_1177,WH_078,195,14.0,
INV_07347,PRD_4425,WH_045,26,12.0,2025-11-12
INV_07348,PRD_4754,WH_016,59,10.0,2025-02-12
INV_07349,PRD_1148,WH_005,58,14.0,2024-08-18
INV_07350,PRD_1213,WH_036,42,29.0,2024-05-27
INV_07351,PRD_1761,WH_068,69,11.0,2025-04-12
INV_07352,PRD_4001,WH_064,30,9.0,2025-04-15
INV_07353,PRD_4880,WH_058,266,8.0,2024-07-20
INV_07354,PRD_3449,WH_024,65,23.0,2025-04-13
INV_07355,PRD_2137,WH_080,59,3.0,2024-05-26
INV_07356,PRD_0922,WH_001,21,0.0,2025-02-08
INV_07357,PRD_4885,WH_024,182,3.0,2025-03-20
INV_07358,PRD_0966,WH_019,275,,2024-05-07
INV_07359,PRD_2537,WH_045,30,6.0,
INV_07360,PRD_2662,WH_041,88,,2024-04-17
INV_07361,PRD_1019,WH_062,108,10.0,2025-02-25
INV_07362,PRD_0883,WH_048,200,3.0,2024-07-10
INV_07363,PRD_4372,WH_059,55,22.0,2025-08-23
INV_07364,PRD_1888,WH_036,120,19.0,2024-12-07
INV_07365,PRD_0592,WH_042,131,,2025-10-07
INV_07366,PRD_3329,WH_053,150,25.0,2024-07-23
INV_07367,PRD_2788,WH_051,18,11.0,2025-09-01
INV_07368,PRD_2549,WH_080,82,,2024-04-07
INV_07369,PRD_1790,WH_018,45,27.0,2024-09-13
INV_07370,PRD_4618,WH_080,23,4.0,2024-02-14
INV_07371,PRD_0542,WH_033,91,7.0,2025-02-08
INV_07372,PRD_4293,WH_052,93,,2025-05-12
INV_07373,PRD_1835,WH_036,86,26.0,
INV_07374,PRD_3783,WH_055,155,15.0,2024-04-26
INV_07375,PRD_3542,WH_039,163,19.0,
INV_07376,PRD_1776,WH_006,8,3.0,2024-02-25
INV_07377,PRD_1117,WH_066,36,28.0,2025-10-11
INV_07378,PRD_1493,WH_025,111,21.0,2025-09-21
INV_07379,PRD_4635,WH_027,111,8.0,2024-12-15
INV_07380,PRD_4356,WH_062,119,3.0,2024-02-18
INV_07381,PRD_0738,WH_020,42,10.0,2024-01-10
INV_07382,PRD_4679,WH_058,0,0.0,2025-03-27
INV_07383,PRD_4171,WH_059,0,0.0,
INV_07384,PRD_2988,WH_056,0,,2024-01-03
INV_07385,PRD_0525,WH_066,160,17.0,2024-12-06
INV_07386,PRD_4757,WH_043,161,5.0,2025-11-11
INV_07387,PRD_0328,WH_024,287,12.0,2024-02-03
INV_07388,PRD_3222,WH_040,73,3.0,2025-05-01
INV_07389,PRD_4807,WH_054,33,16.0,2025-07-27
INV_07390,PRD_3777,WH_047,3,1.0,2025-08-05
INV_07391,PRD_3571,WH_007,129,25.0,2025-12-19
INV_07392,PRD_4347,WH_074,74,17.0,2025-05-07
INV_07393,PRD_0604,WH_063,199,29.0,2024-06-11
INV_07394,PRD_1102,WH_017,66,21.0,
INV_07395,PRD_2900,WH_049,107,30.0,2025-07-17
INV_07396,PRD_4356,WH_006,118,5.0,2024-01-02
INV_07397,PRD_3361,WH_039,0,0.0,2024-04-13
INV_07398,PRD_3966,WH_015,117,19.0,2025-07-27
INV_07399,PRD_1805,WH_048,105,5.0,2025-12-26
INV_07400,PRD_2427,WH_019,141,28.0,2024-07-18
INV_07401,PRD_4968,WH_079,49,3.0,2025-12-08
INV_07402,PRD_1809,WH_006,77,0.0,2025-10-07
INV_07403,PRD_3290,WH_001,104,13.0,2024-03-05
INV_07404,PRD_4996,WH_028,37,2.0,2024-08-09
INV_07405,PRD_3279,WH_063,92,24.0,2025-01-09
INV_07406,PRD_1523,WH_052,15,2.0,2024-04-05
INV_07407,PRD_4015,WH_052,107,13.0,2025-10-25
INV_07408,PRD_2830,WH_047,105,8.0,2025-07-15
INV_07409,PRD_2568,WH_024,226,24.0,2025-11-18
INV_07410,PRD_0084,WH_014,7,6.0,2025-09-05
INV_07411,PRD_2575,WH_058,88,13.0,
INV_07412,PRD_0662,WH_004,121,0.0,2025-12-13
INV_07413,PRD_2510,WH_020,400,,2024-05-14
INV_07414,PRD_3964,WH_062,47,13.0,2025-07-22
INV_07415,PRD_4288,WH_014,53,10.0,
INV_07416,PRD_0501,WH_025,0,,2024-12-21
INV_07417,PRD_0671,WH_018,290,11.0,2024-04-18
INV_07418,PRD_2262,WH_052,287,15.0,2024-12-26
INV_07419,PRD_2132,WH_060,125,23.0,2025-11-17
INV_07420,PRD_0819,WH_023,62,20.0,2024-12-19
INV_07421,PRD_4343,WH_058,34,0.0,2024-04-11
INV_07422,PRD_2436,WH_068,0,0.0,2025-02-21
INV_07423,PRD_4301,WH_001,27,9.0,2025-02-01
INV_07424,PRD_4864,WH_003,209,9.0,2025-10-10
INV_07425,PRD_3372,WH_040,0,,
INV_07426,PRD_3769,WH_074,148,2.0,2025-01-24
INV_07427,PRD_3266,WH_011,113,10.0,2025-12-01
INV_07428,PRD_0037,WH_009,130,15.0,2025-03-17
INV_07429,PRD_0766,WH_075,74,10.0,2025-12-01
INV_07430,PRD_0178,WH_044,0,0.0,2024-07-06
INV_07431,PRD_2096,WH_005,178,11.0,2025-02-10
INV_07432,PRD_2868,WH_045,0,0.0,2024-12-15
INV_07433,PRD_2324,WH_043,56,,2024-12-13
INV_07434,PRD_3956,WH_071,179,4.0,2025-10-19
INV_07435,PRD_1579,WH_021,125,,2025-04-23
INV_07436,PRD_4721,WH_064,10,9.0,2025-01-22
INV_07437,PRD_1465,WH_068,75,16.0,
INV_07438,PRD_4375,WH_069,148,26.0,2025-07-05
INV_07439,PRD_4170,WH_044,217,3.0,2025-06-03
INV_07440,PRD_0336,WH_079,394,,2025-08-27
INV_07441,PRD_0544,WH_035,215,16.0,2024-03-03
INV_07442,PRD_4951,WH_032,47,20.0,2025-01-19
INV_07443,PRD_3135,WH_046,76,5.0,2025-04-16
INV_07444,PRD_0236,WH_022,146,6.0,2025-03-22
INV_07445,PRD_4274,WH_035,41,5.0,2025-01-02
INV_07446,PRD_3064,WH_065,10,10.0,2025-11-06
INV_07447,PRD_2162,WH_076,410,15.0,2025-02-20
INV_07448,PRD_0713,WH_018,36,28.0,2025-08-06
INV_07449,PRD_3585,WH_004,250,30.0,
INV_07450,PRD_4182,WH_057,165,16.0,2024-08-03
INV_07451,PRD_1949,WH_072,196,22.0,2025-06-23
INV_07452,PRD_0195,WH_008,45,18.0,2024-02-07
INV_07453,PRD_4503,WH_020,143,13.0,2025-03-02
INV_07454,PRD_3831,WH_030,13,8.0,2025-10-03
INV_07455,PRD_3396,WH_033,0,0.0,2024-01-02
INV_07456,PRD_2057,WH_005,96,9.0,
INV_07457,PRD_2748,WH_016,132,,2025-05-08
INV_07458,PRD_0828,WH_076,77,17.0,2025-04-08
INV_07459,PRD_3702,WH_011,136,,2025-03-08
INV_07460,PRD_2858,WH_062,332,,2025-01-14
INV_07461,PRD_4137,WH_013,0,0.0,2025-06-08
INV_07462,PRD_2541,WH_064,57,,2025-02-01
INV_07463,PRD_3048,WH_042,7,4.0,2025-12-19
INV_07464,PRD_2339,WH_052,72,6.0,2025-09-17
INV_07465,PRD_3039,WH_063,61,18.0,2024-03-24
INV_07466,PRD_3296,WH_059,87,,2025-01-26
INV_07467,PRD_4701,WH_026,53,10.0,2024-10-09
INV_07468,PRD_0623,WH_030,250,18.0,
INV_07469,PRD_4319,WH_072,111,28.0,2025-02-12
INV_07470,PRD_0515,WH_037,450,27.0,2025-05-12
INV_07471,PRD_4382,WH_061,27,25.0,2024-07-23
INV_07472,PRD_4003,WH_036,8,5.0,2024-08-02
INV_07473,PRD_4789,WH_015,73,,
INV_07474,PRD_0996,WH_062,117,26.0,2024-10-07
INV_07475,PRD_2673,WH_011,89,16.0,2024-08-10
INV_07476,PRD_3571,WH_051,97,15.0,
INV_07477,PRD_0990,WH_071,124,6.0,2024-12-23
INV_07478,PRD_3972,WH_074,12,9.0,2024-05-01
INV_07479,PRD_3958,WH_057,0,0.0,2024-08-12
INV_07480,PRD_1385,WH_024,37,30.0,2024-02-01
INV_07481,PRD_3609,WH_059,208,7.0,
INV_07482,PRD_0025,WH_004,55,4.0,2024-06-12
INV_07483,PRD_4439,WH_025,0,0.0,2025-12-16
INV_07484,PRD_4439,WH_068,157,14.0,2025-12-14
INV_07485,PRD_4255,WH_009,28,13.0,2024-04-05
INV_07486,PRD_4453,WH_056,34,24.0,2025-06-03
INV_07487,PRD_0627,WH_027,132,11.0,2025-02-18
INV_07488,PRD_1712,WH_014,0,0.0,2024-07-05
INV_07489,PRD_3297,WH_006,98,25.0,
INV_07490,PRD_3131,WH_002,117,10.0,2024-09-08
INV_07491,PRD_3854,WH_015,0,0.0,2025-04-11
INV_07492,PRD_1350,WH_069,59,7.0,2024-01-18
INV_07493,PRD_2477,WH_052,245,4.0,2024-09-26
INV_07494,PRD_3332,WH_024,33,26.0,2025-08-09
INV_07495,PRD_0130,WH_048,7,1.0,
INV_07496,PRD_3017,WH_079,124,7.0,2025-02-04
INV_07497,PRD_1757,WH_050,216,20.0,2024-04-19
INV_07498,PRD_4538,WH_077,102,4.0,
INV_07499,PRD_3121,WH_045,6,4.0,2024-11-20
INV_07500,PRD_1129,WH_070,179,14.0,2025-06-16
INV_07501,PRD_1293,WH_042,35,9.0,2024-11-09
INV_07502,PRD_1910,WH_030,110,15.0,2024-03-20
INV_07503,PRD_1854,WH_014,112,24.0,2025-05-18
INV_07504,PRD_3489,WH_009,26,,2024-10-04
INV_07505,PRD_0962,WH_014,82,30.0,2025-04-13
INV_07506,PRD_3897,WH_048,46,16.0,2024-11-02
INV_07507,PRD_4039,WH_048,96,25.0,2024-09-13
INV_07508,PRD_0651,WH_034,174,2.0,2024-07-19
INV_07509,PRD_2929,WH_017,16,15.0,2025-03-26
INV_07510,PRD_0846,WH_042,366,22.0,2024-09-19
INV_07511,PRD_2632,WH_057,337,0.0,2025-12-24
INV_07512,PRD_3537,WH_060,202,17.0,
INV_07513,PRD_3126,WH_063,84,,2025-08-02
INV_07514,PRD_3565,WH_024,0,0.0,2024-04-01
INV_07515,PRD_1620,WH_061,99,14.0,2025-02-11
INV_07516,PRD_1704,WH_008,52,28.0,2024-01-18
INV_07517,PRD_4657,WH_070,0,0.0,2024-01-12
INV_07518,PRD_4308,WH_079,5,,2025-07-18
INV_07519,PRD_3681,WH_049,227,14.0,2025-06-11
INV_07520,PRD_4429,WH_049,82,9.0,2024-08-03
INV_07521,PRD_4119,WH_009,10,3.0,2025-07-17
INV_07522,PRD_1751,WH_012,98,24.0,2024-12-22
INV_07523,PRD_0226,WH_069,200,1.0,2025-07-22
INV_07524,PRD_4914,WH_049,81,29.0,2024-08-03
INV_07525,PRD_0836,WH_005,3,0.0,2024-10-04
INV_07526,PRD_2686,WH_044,230,27.0,
INV_07527,PRD_2544,WH_078,135,30.0,2024-02-09
INV_07528,PRD_4414,WH_011,23,21.0,2024-11-22
INV_07529,PRD_2916,WH_052,146,,2025-06-24
INV_07530,PRD_3050,WH_007,13,2.0,2025-10-07
INV_07531,PRD_4209,WH_054,145,16.0,
INV_07532,PRD_1709,WH_055,230,6.0,
INV_07533,PRD_1390,WH_077,13,6.0,2024-07-17
INV_07534,PRD_1257,WH_012,284,30.0,2024-07-04
INV_07535,PRD_0688,WH_049,367,30.0,2025-08-04
INV_07536,PRD_0990,WH_074,285,19.0,2025-08-21
INV_07537,PRD_2460,WH_074,236,14.0,2025-07-19
INV_07538,PRD_0261,WH_063,38,8.0,2024-05-09
INV_07539,PRD_1703,WH_020,141,24.0,2024-04-15
INV_07540,PRD_4099,WH_044,106,13.0,2024-12-13
INV_07541,PRD_3930,WH_072,44,23.0,2025-08-14
INV_07542,PRD_1998,WH_057,74,6.0,2024-11-11
INV_07543,PRD_0273,WH_044,318,2.0,2024-06-05
INV_07544,PRD_0029,WH_027,321,8.0,2025-03-13
INV_07545,PRD_2993,WH_015,149,18.0,2025-02-01
INV_07546,PRD_2459,WH_014,23,23.0,2025-06-02
INV_07547,PRD_4479,WH_071,8,4.0,2025-04-14
INV_07548,PRD_3614,WH_037,0,0.0,2024-12-13
INV_07549,PRD_3194,WH_049,47,19.0,
INV_07550,PRD_2364,WH_051,134,5.0,2024-12-24
INV_07551,PRD_1311,WH_077,28,8.0,2025-02-16
INV_07552,PRD_1145,WH_017,128,21.0,2024-07-27
INV_07553,PRD_0228,WH_064,58,0.0,2025-11-21
INV_07554,PRD_3809,WH_063,157,26.0,2024-05-03
INV_07555,PRD_0756,WH_038,62,13.0,2024-06-07
INV_07556,PRD_0940,WH_056,66,1.0,2024-05-05
INV_07557,PRD_1790,WH_001,28,18.0,2024-01-03
INV_07558,PRD_2280,WH_062,226,,2024-05-08
INV_07559,PRD_4819,WH_010,51,19.0,2025-12-21
INV_07560,PRD_4414,WH_015,16,5.0,2025-02-10
INV_07561,PRD_4919,WH_076,10,8.0,2024-03-02
INV_07562,PRD_3617,WH_001,53,7.0,2024-10-02
INV_07563,PRD_3066,WH_007,176,5.0,2025-03-11
INV_07564,PRD_1504,WH_045,9,3.0,
INV_07565,PRD_4687,WH_018,0,0.0,
INV_07566,PRD_2165,WH_020,5,3.0,
INV_07567,PRD_1792,WH_064,91,27.0,2025-12-23
INV_07568,PRD_0152,WH_056,4,3.0,2024-02-23
INV_07569,PRD_4087,WH_012,44,8.0,2025-07-06
INV_07570,PRD_2328,WH_023,329,12.0,2024-05-19
INV_07571,PRD_3799,WH_012,17,3.0,2024-12-25
INV_07572,PRD_3796,WH_035,11,4.0,2025-06-12
INV_07573,PRD_4973,WH_044,63,4.0,2025-08-20
INV_07574,PRD_2485,WH_065,370,27.0,2024-09-26
INV_07575,PRD_3625,WH_070,51,8.0,2025-04-17
INV_07576,PRD_1377,WH_039,207,1.0,2025-08-06
INV_07577,PRD_0132,WH_038,223,,2024-07-12
INV_07578,PRD_4967,WH_040,23,1.0,2024-08-06
INV_07579,PRD_2827,WH_068,2,1.0,2024-11-24
INV_07580,PRD_4223,WH_027,0,0.0,2025-09-22
INV_07581,PRD_4255,WH_064,0,0.0,2025-03-25
INV_07582,PRD_3483,WH_056,138,20.0,2025-04-19
INV_07583,PRD_4614,WH_043,10,4.0,2025-03-02
INV_07584,PRD_4361,WH_017,137,5.0,2025-08-14
INV_07585,PRD_2322,WH_042,249,5.0,
INV_07586,PRD_2693,WH_047,69,1.0,2025-08-25
INV_07587,PRD_3449,WH_059,34,21.0,2024-10-24
INV_07588,PRD_4241,WH_065,265,30.0,2024-02-27
INV_07589,PRD_0475,WH_074,0,0.0,
INV_07590,PRD_2672,WH_077,31,4.0,2024-12-11
INV_07591,PRD_2152,WH_037,67,11.0,
INV_07592,PRD_2789,WH_021,0,0.0,2025-06-11
INV_07593,PRD_0301,WH_046,66,7.0,2025-11-27
INV_07594,PRD_1382,WH_079,219,18.0,2025-07-09
INV_07595,PRD_2290,WH_064,294,25.0,2025-09-15
INV_07596,PRD_0449,WH_041,176,17.0,
INV_07597,PRD_0175,WH_055,254,,2025-11-23
INV_07598,PRD_4150,WH_001,13,,2024-02-08
INV_07599,PRD_4687,WH_008,117,2.0,2025-07-23
INV_07600,PRD_4567,WH_012,255,3.0,2024-07-08
INV_07601,PRD_3253,WH_073,76,18.0,2025-12-25
INV_07602,PRD_2477,WH_071,256,13.0,2024-12-21
INV_07603,PRD_2317,WH_003,243,,2025-03-07
INV_07604,PRD_2082,WH_025,99,20.0,2024-08-11
INV_07605,PRD_0614,WH_007,101,24.0,2024-04-26
INV_07606,PRD_3542,WH_063,91,10.0,2025-09-01
INV_07607,PRD_2206,WH_061,10,8.0,2025-04-23
INV_07608,PRD_1506,WH_057,39,1.0,2025-06-19
INV_07609,PRD_4726,WH_015,62,5.0,2024-06-17
INV_07610,PRD_2791,WH_073,80,23.0,2024-02-20
INV_07611,PRD_4165,WH_071,0,0.0,2024-06-18
INV_07612,PRD_1480,WH_069,149,22.0,2025-08-15
INV_07613,PRD_0732,WH_067,135,15.0,
INV_07614,PRD_2634,WH_058,36,20.0,2025-07-04
INV_07615,PRD_4966,WH_015,340,24.0,2024-03-26
INV_07616,PRD_0478,WH_028,69,29.0,2025-01-13
INV_07617,PRD_4283,WH_028,90,20.0,2025-08-04
INV_07618,PRD_0250,WH_078,285,27.0,2025-09-19
INV_07619,PRD_3559,WH_046,24,13.0,2025-11-15
INV_07620,PRD_2789,WH_032,109,2.0,2025-04-16
INV_07621,PRD_1443,WH_012,150,6.0,2025-08-27
INV_07622,PRD_0268,WH_045,14,1.0,2024-08-20
INV_07623,PRD_4639,WH_075,144,12.0,2024-03-07
INV_07624,PRD_2010,WH_045,181,26.0,2025-02-07
INV_07625,PRD_2482,WH_058,97,30.0,2025-04-15
INV_07626,PRD_0051,WH_063,257,,2024-01-16
INV_07627,PRD_0933,WH_053,97,23.0,2024-11-03
INV_07628,PRD_2513,WH_029,119,29.0,2025-03-02
INV_07629,PRD_3851,WH_050,99,13.0,2025-07-21
INV_07630,PRD_3720,WH_044,157,,2024-06-24
INV_07631,PRD_2949,WH_076,131,19.0,2024-08-10
INV_07632,PRD_3510,WH_063,6,3.0,2025-12-03
INV_07633,PRD_0706,WH_046,83,,2024-05-19
INV_07634,PRD_0450,WH_061,0,0.0,2024-08-18
INV_07635,PRD_1214,WH_024,252,23.0,2025-03-10
INV_07636,PRD_0713,WH_001,58,9.0,2025-02-04
INV_07637,PRD_1134,WH_049,125,2.0,2024-08-24
INV_07638,PRD_3669,WH_035,0,0.0,2024-12-22
INV_07639,PRD_2885,WH_054,216,16.0,2024-09-01
INV_07640,PRD_1823,WH_060,80,18.0,2024-01-15
INV_07641,PRD_1691,WH_045,80,3.0,2024-08-01
INV_07642,PRD_0709,WH_064,199,4.0,
INV_07643,PRD_0644,WH_036,86,21.0,2024-01-03
INV_07644,PRD_3300,WH_019,0,0.0,2025-01-04
INV_07645,PRD_1453,WH_063,60,,2025-05-14
INV_07646,PRD_2822,WH_050,101,25.0,2024-06-27
INV_07647,PRD_2941,WH_057,0,0.0,
INV_07648,PRD_4280,WH_014,101,8.0,2025-10-18
INV_07649,PRD_3636,WH_042,7,4.0,2025-05-25
INV_07650,PRD_1596,WH_036,15,9.0,2024-09-08
INV_07651,PRD_1577,WH_001,105,20.0,2024-05-05
INV_07652,PRD_0064,WH_061,98,0.0,2024-05-19
INV_07653,PRD_1987,WH_065,176,24.0,2025-03-01
INV_07654,PRD_3521,WH_058,0,0.0,2025-12-13
INV_07655,PRD_0393,WH_011,95,13.0,2024-10-20
INV_07656,PRD_2238,WH_070,58,13.0,2025-05-03
INV_07657,PRD_4649,WH_035,45,19.0,2025-12-23
INV_07658,PRD_4890,WH_056,34,0.0,2025-08-17
INV_07659,PRD_3026,WH_078,44,13.0,2025-03-04
INV_07660,PRD_4794,WH_032,19,12.0,2024-08-14
INV_07661,PRD_4895,WH_047,81,9.0,
INV_07662,PRD_3858,WH_051,79,7.0,2025-06-17
INV_07663,PRD_0847,WH_044,103,22.0,2024-06-14
INV_07664,PRD_3804,WH_001,30,2.0,2025-04-25
INV_07665,PRD_3495,WH_034,15,12.0,2025-12-18
INV_07666,PRD_3989,WH_001,0,0.0,2025-09-05
INV_07667,PRD_1079,WH_060,0,0.0,2024-08-13
INV_07668,PRD_0515,WH_046,41,16.0,2025-05-09
INV_07669,PRD_4894,WH_023,172,1.0,2024-01-08
INV_07670,PRD_1978,WH_036,0,0.0,2024-06-02
INV_07671,PRD_0360,WH_009,532,20.0,2024-02-27
INV_07672,PRD_3867,WH_018,26,13.0,2024-07-23
INV_07673,PRD_4708,WH_036,47,30.0,2025-05-26
INV_07674,PRD_0229,WH_043,6,,2024-11-02
INV_07675,PRD_2321,WH_043,295,12.0,2024-09-02
INV_07676,PRD_1061,WH_011,113,16.0,2024-08-08
INV_07677,PRD_1035,WH_008,138,24.0,2024-03-24
INV_07678,PRD_0563,WH_026,0,,2024-01-27
INV_07679,PRD_3890,WH_014,104,30.0,2024-06-15
INV_07680,PRD_1554,WH_077,17,10.0,2024-01-25
INV_07681,PRD_4780,WH_053,77,24.0,
INV_07682,PRD_2422,WH_011,343,7.0,2025-11-13
INV_07683,PRD_4977,WH_036,21,2.0,2025-01-22
INV_07684,PRD_4448,WH_038,108,4.0,2024-09-26
INV_07685,PRD_4405,WH_059,48,6.0,2025-11-18
INV_07686,PRD_4784,WH_021,139,,2024-05-06
INV_07687,PRD_2176,WH_034,97,3.0,2024-11-17
INV_07688,PRD_2355,WH_043,130,11.0,2025-07-07
INV_07689,PRD_0741,WH_047,297,25.0,2025-02-10
INV_07690,PRD_0905,WH_036,20,1.0,2024-07-10
INV_07691,PRD_1024,WH_010,0,0.0,2025-09-18
INV_07692,PRD_3761,WH_003,20,7.0,2024-05-20
INV_07693,PRD_0503,WH_077,121,11.0,2025-10-20
INV_07694,PRD_1326,WH_050,176,24.0,2024-09-04
INV_07695,PRD_0155,WH_042,180,9.0,2025-04-10
INV_07696,PRD_4670,WH_048,100,15.0,2024-12-20
INV_07697,PRD_2206,WH_040,105,1.0,2025-11-20
INV_07698,PRD_0429,WH_031,444,30.0,2024-03-17
INV_07699,PRD_1969,WH_020,285,7.0,
INV_07700,PRD_2682,WH_052,278,0.0,2024-11-25
INV_07701,PRD_0644,WH_045,76,13.0,2024-12-22
INV_07702,PRD_2570,WH_062,136,28.0,
INV_07703,PRD_3786,WH_078,98,6.0,2024-02-02
INV_07704,PRD_0042,WH_013,229,,2025-11-02
INV_07705,PRD_4355,WH_030,20,4.0,
INV_07706,PRD_3894,WH_037,0,0.0,2024-11-08
INV_07707,PRD_4879,WH_026,171,13.0,2024-05-04
INV_07708,PRD_3635,WH_039,244,6.0,2025-11-01
INV_07709,PRD_1929,WH_014,63,,2025-11-01
INV_07710,PRD_4040,WH_014,29,15.0,2024-06-06
INV_07711,PRD_3818,WH_058,48,22.0,2025-05-08
INV_07712,PRD_3157,WH_026,150,5.0,2024-10-18
INV_07713,PRD_1078,WH_076,284,12.0,2024-04-06
INV_07714,PRD_1425,WH_007,110,3.0,2024-02-13
INV_07715,PRD_2335,WH_043,116,6.0,
INV_07716,PRD_2763,WH_041,40,26.0,2025-10-12
INV_07717,PRD_4784,WH_032,66,10.0,
INV_07718,PRD_3014,WH_056,86,22.0,2025-08-08
INV_07719,PRD_1230,WH_003,107,3.0,2024-10-18
INV_07720,PRD_1510,WH_056,36,18.0,
INV_07721,PRD_1396,WH_045,57,12.0,2024-09-25
INV_07722,PRD_2890,WH_032,88,1.0,2025-04-02
INV_07723,PRD_0072,WH_061,137,25.0,2024-02-22
INV_07724,PRD_3222,WH_076,151,11.0,2024-05-03
INV_07725,PRD_1595,WH_024,97,25.0,2025-12-16
INV_07726,PRD_1427,WH_044,112,11.0,2025-05-04
INV_07727,PRD_4737,WH_026,20,8.0,2025-08-01
INV_07728,PRD_1771,WH_051,5,0.0,2024-11-13
INV_07729,PRD_2839,WH_020,162,21.0,2024-10-06
INV_07730,PRD_4598,WH_079,150,3.0,2024-03-22
INV_07731,PRD_0939,WH_052,33,4.0,2024-02-17
INV_07732,PRD_0028,WH_032,368,0.0,2024-05-17
INV_07733,PRD_1945,WH_033,57,20.0,2024-11-22
INV_07734,PRD_3870,WH_013,165,6.0,
INV_07735,PRD_4239,WH_055,37,11.0,2024-12-13
INV_07736,PRD_4212,WH_026,110,10.0,2024-05-17
INV_07737,PRD_2360,WH_071,137,1.0,2024-07-25
INV_07738,PRD_4039,WH_055,65,3.0,2025-11-03
INV_07739,PRD_3743,WH_079,24,11.0,2024-05-21
INV_07740,PRD_4817,WH_078,97,10.0,2025-05-20
INV_07741,PRD_1281,WH_048,27,16.0,2025-01-01
INV_07742,PRD_3810,WH_031,8,2.0,2024-10-02
INV_07743,PRD_1303,WH_023,25,3.0,2025-04-12
INV_07744,PRD_3098,WH_066,1,0.0,2024-06-04
INV_07745,PRD_3193,WH_035,192,15.0,2024-03-11
INV_07746,PRD_4916,WH_077,57,,2024-08-23
INV_07747,PRD_1084,WH_001,41,1.0,2024-04-02
INV_07748,PRD_4333,WH_070,119,17.0,2025-06-07
INV_07749,PRD_3939,WH_065,168,30.0,2024-06-25
INV_07750,PRD_3276,WH_004,146,,2025-08-17
INV_07751,PRD_2471,WH_038,246,9.0,2025-10-15
INV_07752,PRD_3088,WH_032,88,30.0,2024-11-02
INV_07753,PRD_1971,WH_075,0,0.0,2024-12-13
INV_07754,PRD_0635,WH_063,310,,2024-07-13
INV_07755,PRD_0992,WH_019,0,0.0,2024-02-08
INV_07756,PRD_3288,WH_054,62,,
INV_07757,PRD_4709,WH_076,76,8.0,2025-01-07
INV_07758,PRD_0666,WH_079,146,,
INV_07759,PRD_2075,WH_004,62,11.0,2025-05-11
INV_07760,PRD_0660,WH_080,51,3.0,
INV_07761,PRD_0101,WH_004,199,7.0,2025-07-23
INV_07762,PRD_2457,WH_067,439,22.0,2025-02-03
INV_07763,PRD_0927,WH_038,153,21.0,2025-01-16
INV_07764,PRD_2271,WH_015,118,24.0,2024-03-16
INV_07765,PRD_1256,WH_067,165,3.0,2024-10-11
INV_07766,PRD_1310,WH_073,15,10.0,2024-02-11
INV_07767,PRD_4032,WH_039,260,26.0,2024-04-17
INV_07768,PRD_2569,WH_043,98,11.0,2025-09-09
INV_07769,PRD_2105,WH_077,199,19.0,2025-10-23
INV_07770,PRD_1127,WH_009,161,,
INV_07771,PRD_1688,WH_050,228,21.0,2024-11-03
INV_07772,PRD_4871,WH_053,12,4.0,2024-04-24
INV_07773,PRD_3694,WH_058,200,8.0,2025-11-27
INV_07774,PRD_4651,WH_042,32,15.0,2025-08-10
INV_07775,PRD_3703,WH_038,434,0.0,2024-09-17
INV_07776,PRD_2720,WH_012,26,16.0,2025-02-13
INV_07777,PRD_4399,WH_030,159,23.0,2024-08-10
INV_07778,PRD_2863,WH_053,46,6.0,2024-09-16
INV_07779,PRD_2890,WH_075,32,24.0,2024-11-08
INV_07780,PRD_1453,WH_066,136,30.0,2024-08-06
INV_07781,PRD_4191,WH_074,131,25.0,2024-04-09
INV_07782,PRD_2390,WH_052,0,0.0,2024-04-27
INV_07783,PRD_0481,WH_028,373,24.0,2025-03-09
INV_07784,PRD_1177,WH_034,37,3.0,2025-09-15
INV_07785,PRD_1527,WH_070,53,16.0,2025-07-06
INV_07786,PRD_0653,WH_005,118,,2025-06-10
INV_07787,PRD_1610,WH_040,219,19.0,2025-09-13
INV_07788,PRD_1193,WH_022,101,0.0,2024-03-09
INV_07789,PRD_0095,WH_009,0,0.0,2024-01-16
INV_07790,PRD_4116,WH_003,68,4.0,2025-04-23
INV_07791,PRD_4412,WH_003,53,18.0,2024-06-23
INV_07792,PRD_3703,WH_046,74,14.0,2025-05-07
INV_07793,PRD_2708,WH_026,129,27.0,2024-08-16
INV_07794,PRD_3893,WH_061,100,,
INV_07795,PRD_3194,WH_033,89,,
INV_07796,PRD_3091,WH_067,27,3.0,2024-08-17
INV_07797,PRD_1526,WH_021,83,17.0,2025-06-19
INV_07798,PRD_4487,WH_055,70,10.0,2025-08-13
INV_07799,PRD_3564,WH_074,37,22.0,2025-11-04
INV_07800,PRD_1488,WH_060,18,,
INV_07801,PRD_4791,WH_063,4,3.0,2025-09-09
INV_07802,PRD_1251,WH_049,14,10.0,2025-08-27
INV_07803,PRD_1433,WH_069,194,23.0,2024-11-04
INV_07804,PRD_4291,WH_058,72,16.0,2024-03-13
INV_07805,PRD_4107,WH_047,100,25.0,2024-08-20
INV_07806,PRD_2152,WH_046,44,19.0,2025-06-09
INV_07807,PRD_0724,WH_038,500,11.0,2025-01-16
INV_07808,PRD_1988,WH_009,65,11.0,2025-10-02
INV_07809,PRD_3312,WH_070,54,26.0,2024-05-13
INV_07810,PRD_2123,WH_017,193,23.0,2025-02-24
INV_07811,PRD_3478,WH_016,175,17.0,2025-05-03
INV_07812,PRD_0560,WH_019,344,7.0,2025-06-25
INV_07813,PRD_2120,WH_043,202,1.0,2024-08-01
INV_07814,PRD_3353,WH_070,71,,2024-01-23
INV_07815,PRD_0413,WH_052,0,0.0,2024-08-20
INV_07816,PRD_4329,WH_052,251,17.0,2024-07-24
INV_07817,PRD_2447,WH_078,77,24.0,2025-06-03
INV_07818,PRD_3319,WH_008,46,,2024-10-09
INV_07819,PRD_2010,WH_072,115,6.0,
INV_07820,PRD_2929,WH_009,54,19.0,2024-03-20
INV_07821,PRD_3529,WH_008,515,20.0,2025-06-20
INV_07822,PRD_0114,WH_025,177,28.0,
INV_07823,PRD_0975,WH_063,49,28.0,2025-12-08
INV_07824,PRD_4060,WH_015,166,30.0,2024-08-18
INV_07825,PRD_4208,WH_052,231,25.0,
INV_07826,PRD_3473,WH_079,285,17.0,2025-04-02
INV_07827,PRD_3305,WH_040,128,24.0,2024-09-15
INV_07828,PRD_1302,WH_001,15,2.0,2024-01-13
INV_07829,PRD_2044,WH_045,151,17.0,2025-03-14
INV_07830,PRD_3905,WH_062,0,0.0,2025-12-11
INV_07831,PRD_2702,WH_077,114,0.0,2024-10-18
INV_07832,PRD_2920,WH_047,0,0.0,2025-04-27
INV_07833,PRD_4014,WH_076,1,0.0,2024-06-05
INV_07834,PRD_0482,WH_002,247,21.0,2025-08-05
INV_07835,PRD_4651,WH_020,26,2.0,2024-11-12
INV_07836,PRD_2568,WH_045,376,8.0,2024-07-17
INV_07837,PRD_2937,WH_012,72,27.0,2025-03-18
INV_07838,PRD_4125,WH_029,119,0.0,2024-07-10
INV_07839,PRD_1950,WH_003,161,,2024-08-06
INV_07840,PRD_2450,WH_072,252,15.0,2025-08-25
INV_07841,PRD_3698,WH_064,313,10.0,2025-06-03
INV_07842,PRD_4023,WH_037,257,7.0,2024-08-19
INV_07843,PRD_3926,WH_038,91,20.0,2024-04-03
INV_07844,PRD_2351,WH_005,161,24.0,2025-12-25
INV_07845,PRD_0822,WH_073,0,0.0,2024-06-12
INV_07846,PRD_3304,WH_057,62,,2025-02-20
INV_07847,PRD_0834,WH_004,98,4.0,2024-11-09
INV_07848,PRD_4110,WH_056,272,11.0,2024-10-01
INV_07849,PRD_2162,WH_022,196,3.0,2024-06-18
INV_07850,PRD_4089,WH_027,92,11.0,2025-08-22
INV_07851,PRD_0001,WH_044,374,18.0,2025-07-15
INV_07852,PRD_4466,WH_052,69,25.0,2024-05-06
INV_07853,PRD_3876,WH_068,52,18.0,2024-06-27
INV_07854,PRD_0387,WH_048,34,24.0,2025-09-23
INV_07855,PRD_3929,WH_035,0,0.0,2025-11-09
INV_07856,PRD_0586,WH_058,130,15.0,
INV_07857,PRD_2072,WH_040,17,9.0,2025-11-03
INV_07858,PRD_1172,WH_039,62,1.0,2025-08-19
INV_07859,PRD_1967,WH_008,214,17.0,2024-08-23
INV_07860,PRD_0828,WH_065,21,7.0,2024-10-19
INV_07861,PRD_2868,WH_040,207,28.0,2024-03-25
INV_07862,PRD_1826,WH_059,202,3.0,2024-11-06
INV_07863,PRD_0226,WH_005,100,9.0,2024-02-14
INV_07864,PRD_2406,WH_032,238,28.0,
INV_07865,PRD_0658,WH_034,31,0.0,2025-01-09
INV_07866,PRD_2729,WH_071,128,2.0,2025-01-17
INV_07867,PRD_1404,WH_067,17,5.0,2024-07-27
INV_07868,PRD_0089,WH_060,194,3.0,2024-04-11
INV_07869,PRD_1825,WH_028,42,25.0,2025-10-08
INV_07870,PRD_3506,WH_054,2,1.0,2024-01-23
INV_07871,PRD_1439,WH_069,25,21.0,
INV_07872,PRD_1602,WH_051,76,1.0,2025-07-02
INV_07873,PRD_4699,WH_004,97,6.0,2025-08-20
INV_07874,PRD_1115,WH_017,84,22.0,2024-07-25
INV_07875,PRD_0758,WH_065,61,29.0,2024-02-11
INV_07876,PRD_4236,WH_049,188,29.0,2024-08-13
INV_07877,PRD_4876,WH_076,0,0.0,2025-08-18
INV_07878,PRD_1071,WH_044,112,18.0,2024-04-25
INV_07879,PRD_4948,WH_011,9,4.0,2024-09-17
INV_07880,PRD_1958,WH_022,14,,
INV_07881,PRD_3145,WH_054,66,27.0,2024-07-05
INV_07882,PRD_3935,WH_032,87,7.0,2024-01-25
INV_07883,PRD_2419,WH_012,131,26.0,2025-06-12
INV_07884,PRD_3845,WH_053,43,7.0,2025-12-04
INV_07885,PRD_3092,WH_027,37,24.0,2024-01-24
INV_07886,PRD_2756,WH_047,0,0.0,2024-05-05
INV_07887,PRD_1237,WH_031,93,8.0,2024-02-03
INV_07888,PRD_1250,WH_058,73,9.0,2024-09-08
INV_07889,PRD_4764,WH_027,48,20.0,2025-02-25
INV_07890,PRD_0466,WH_057,189,13.0,2024-06-25
INV_07891,PRD_1887,WH_043,27,12.0,2025-05-09
INV_07892,PRD_2788,WH_036,38,,2024-05-19
INV_07893,PRD_3531,WH_058,39,13.0,2024-08-20
INV_07894,PRD_1161,WH_078,32,7.0,2025-04-01
INV_07895,PRD_1356,WH_080,55,19.0,2024-10-15
INV_07896,PRD_3032,WH_052,40,30.0,2025-10-06
INV_07897,PRD_2813,WH_049,114,14.0,2024-10-21
INV_07898,PRD_4811,WH_016,129,3.0,2025-06-15
INV_07899,PRD_1619,WH_025,111,17.0,2024-12-08
INV_07900,PRD_2813,WH_009,123,21.0,2025-04-18
INV_07901,PRD_2625,WH_037,6,5.0,
INV_07902,PRD_3279,WH_015,111,23.0,2024-03-16
INV_07903,PRD_3623,WH_033,249,20.0,2024-11-08
INV_07904,PRD_3414,WH_071,124,25.0,2025-07-04
INV_07905,PRD_3702,WH_034,34,27.0,2024-03-22
INV_07906,PRD_3232,WH_022,425,28.0,2024-12-03
INV_07907,PRD_0056,WH_040,166,2.0,2024-03-07
INV_07908,PRD_0220,WH_049,420,13.0,
INV_07909,PRD_0765,WH_003,324,7.0,2025-12-15
INV_07910,PRD_2123,WH_070,266,17.0,2025-07-12
INV_07911,PRD_0267,WH_036,299,29.0,2024-11-15
INV_07912,PRD_2984,WH_077,168,8.0,2025-08-03
INV_07913,PRD_2004,WH_002,70,12.0,2025-01-02
INV_07914,PRD_3359,WH_059,0,0.0,2024-04-13
INV_07915,PRD_1159,WH_055,78,20.0,2024-01-11
INV_07916,PRD_2181,WH_024,50,8.0,2025-07-13
INV_07917,PRD_1552,WH_012,63,24.0,2025-10-05
INV_07918,PRD_1497,WH_063,55,9.0,2024-05-20
INV_07919,PRD_4457,WH_071,73,20.0,2024-05-05
INV_07920,PRD_0873,WH_020,49,20.0,2024-01-13
INV_07921,PRD_1325,WH_066,205,19.0,2024-06-15
INV_07922,PRD_3479,WH_023,0,0.0,2024-05-16
INV_07923,PRD_1494,WH_003,36,28.0,2025-05-26
INV_07924,PRD_2500,WH_058,329,15.0,2025-11-25
INV_07925,PRD_3214,WH_056,68,2.0,2025-11-16
INV_07926,PRD_2843,WH_048,21,11.0,2024-09-24
INV_07927,PRD_0676,WH_013,347,21.0,2024-07-07
INV_07928,PRD_0191,WH_078,241,23.0,2025-07-10
INV_07929,PRD_1079,WH_042,63,26.0,2025-02-16
INV_07930,PRD_1685,WH_026,90,23.0,
INV_07931,PRD_0024,WH_074,338,21.0,2024-03-21
INV_07932,PRD_1719,WH_047,120,,2025-09-19
INV_07933,PRD_2785,WH_073,270,9.0,2025-12-12
INV_07934,PRD_2750,WH_058,50,19.0,2025-06-07
INV_07935,PRD_4609,WH_025,344,28.0,2024-02-07
INV_07936,PRD_3512,WH_025,178,22.0,2025-12-18
INV_07937,PRD_1868,WH_033,79,6.0,2025-12-01
INV_07938,PRD_1968,WH_061,11,9.0,2024-09-02
INV_07939,PRD_3764,WH_026,0,0.0,
INV_07940,PRD_3129,WH_040,177,10.0,2025-06-05
INV_07941,PRD_2979,WH_020,249,22.0,2025-03-10
INV_07942,PRD_2622,WH_071,60,27.0,
INV_07943,PRD_1337,WH_041,41,22.0,2025-11-21
INV_07944,PRD_0444,WH_016,217,13.0,
INV_07945,PRD_2491,WH_051,248,6.0,2025-12-13
INV_07946,PRD_3859,WH_001,25,14.0,2025-02-26
INV_07947,PRD_4058,WH_052,14,13.0,
INV_07948,PRD_3861,WH_005,53,,2024-08-16
INV_07949,PRD_1688,WH_026,38,10.0,2024-03-26
INV_07950,PRD_4050,WH_072,71,,
INV_07951,PRD_1356,WH_024,83,23.0,2024-04-23
INV_07952,PRD_0652,WH_048,49,26.0,2025-08-25
INV_07953,PRD_3187,WH_056,27,0.0,2024-10-07
INV_07954,PRD_2451,WH_041,79,0.0,2025-05-27
INV_07955,PRD_3356,WH_067,127,28.0,2024-08-18
INV_07956,PRD_2711,WH_015,60,6.0,
INV_07957,PRD_1665,WH_058,45,6.0,2025-10-25
INV_07958,PRD_1272,WH_023,21,14.0,2025-08-22
INV_07959,PRD_2733,WH_073,323,9.0,2024-09-25
INV_07960,PRD_0024,WH_025,101,16.0,2025-06-05
INV_07961,PRD_3365,WH_036,117,12.0,2025-01-10
INV_07962,PRD_4733,WH_054,20,0.0,2024-04-23
INV_07963,PRD_1490,WH_076,120,13.0,2024-06-20
INV_07964,PRD_0649,WH_022,2,0.0,2024-08-25
INV_07965,PRD_3781,WH_012,181,29.0,2025-03-05
INV_07966,PRD_0355,WH_005,562,27.0,2025-08-03
INV_07967,PRD_4054,WH_018,128,30.0,2024-06-21
INV_07968,PRD_4187,WH_012,94,22.0,
INV_07969,PRD_0437,WH_018,284,21.0,2025-09-10
INV_07970,PRD_2587,WH_052,301,29.0,2024-08-22
INV_07971,PRD_3405,WH_051,38,,2024-03-06
INV_07972,PRD_2067,WH_036,212,6.0,2025-05-13
INV_07973,PRD_4509,WH_078,122,18.0,
INV_07974,PRD_4690,WH_005,338,10.0,2024-06-12
INV_07975,PRD_2867,WH_074,92,5.0,2024-04-26
INV_07976,PRD_4928,WH_022,30,11.0,2024-08-13
INV_07977,PRD_4414,WH_017,21,10.0,
INV_07978,PRD_0427,WH_076,19,16.0,2024-09-20
INV_07979,PRD_0122,WH_019,157,22.0,2025-08-11
INV_07980,PRD_4094,WH_062,160,,2024-08-02
INV_07981,PRD_4750,WH_008,171,8.0,
INV_07982,PRD_1914,WH_058,80,30.0,2024-11-09
INV_07983,PRD_4394,WH_027,17,,2025-04-10
INV_07984,PRD_4369,WH_015,45,30.0,2025-10-17
INV_07985,PRD_1234,WH_017,37,4.0,2024-11-19
INV_07986,PRD_3209,WH_039,37,18.0,2025-03-03
INV_07987,PRD_3253,WH_005,67,8.0,2024-01-24
INV_07988,PRD_1420,WH_001,41,16.0,2024-08-22
INV_07989,PRD_0936,WH_040,92,26.0,2025-07-24
INV_07990,PRD_0464,WH_044,0,0.0,
INV_07991,PRD_0506,WH_059,202,14.0,
INV_07992,PRD_2413,WH_032,67,8.0,2024-12-09
INV_07993,PRD_0105,WH_054,98,26.0,2024-09-21
INV_07994,PRD_1624,WH_078,11,5.0,2024-07-19
INV_07995,PRD_4991,WH_010,0,0.0,2025-04-21
INV_07996,PRD_2963,WH_052,72,23.0,2024-07-13
INV_07997,PRD_0054,WH_041,71,27.0,
INV_07998,PRD_2236,WH_068,256,,2024-11-06
INV_07999,PRD_0387,WH_031,16,4.0,2024-06-14
INV_08000,PRD_4774,WH_025,119,30.0,2025-12-12
